sample,t,vx,vy,vz
0,0.0,0.0,0.0,0.0
1,0.01660156,0.0,0.0,0.0
2,0.03320313,0.0,0.0,0.0
3,0.0501709,0.0,0.0,0.0
4,0.06665039,0.0,0.0,0.0
5,0.08337402,0.0,0.0,0.0
6,0.1000977,0.0,0.0,0.0
7,0.1166992,0.0,0.0,0.0
8,0.1333008,0.0,0.0,0.0
9,0.1499023,0.0,0.0,0.0
10,0.166626,0.0,0.0,0.0
11,0.1832275,0.0,0.0,0.0
12,0.2001953,0.0,0.0,0.0
13,0.2166748,0.0,0.0,0.0
14,0.2331543,0.0,0.0,0.0
15,0.25,0.0,0.0,0.0
16,0.2666016,0.0,0.0,0.0
17,0.2833252,0.0,0.0,0.0
18,0.2999268,0.0,0.0,0.0
19,0.3166504,0.0,0.0,0.0
20,0.333374,0.0,0.0,0.0
21,0.3498535,0.0,0.0,0.0
22,0.3665771,0.0,0.0,0.0
23,0.3833008,0.0,0.0,0.0
24,0.4002686,0.0,0.0,0.0
25,0.4165039,0.0,0.0,0.0
26,0.4332275,0.0,0.0,0.0
27,0.4499512,0.0,0.0,0.0
28,0.4682617,0.0,0.0,0.0
29,0.4831543,0.0,0.0,0.0
30,0.5003662,0.0,0.0,0.0
31,0.5166016,0.0,0.0,0.0
32,0.5332031,0.0,0.0,0.0
33,0.5500488,0.0,0.0,0.0
34,0.5666504,0.0,0.0,0.0
35,0.5831299,0.0,0.0,0.0
36,0.5999756,0.0,0.0,0.0
37,0.6168213,0.0,0.0,0.0
38,0.6333008,0.0,0.0,0.0
39,0.6499023,0.0,0.0,0.0
40,0.6665039,0.0,0.0,0.0
41,0.6832275,0.0,0.0,0.0
42,0.7000732,0.0,0.0,0.0
43,0.7165527,0.0,0.0,0.0
44,0.7351074,0.0,0.0,0.0
45,0.7498779,0.0,0.0,0.0
46,0.7664795,0.0,0.0,0.0
47,0.7832031,0.0,0.0,0.0
48,0.7999268,0.0,0.0,0.0
49,0.8164063,0.0,0.0,0.0
50,0.8331299,0.0,0.0,0.0
51,0.8499756,0.0,0.0,0.0
52,0.8665771,0.0,0.0,0.0
53,0.8833008,0.0,0.0,0.0
54,0.9000244,0.0,0.0,0.0
55,0.9165039,0.0,0.0,0.0
56,0.9332275,0.0,0.0,0.0
57,0.9499512,0.0,0.0,0.0
58,0.9664307,0.0,0.0,0.0
59,0.9831543,0.0,0.0,0.0
60,0.9996338,0.0,0.0,0.0
61,1.016479,0.0,0.0,0.0
62,1.033081,0.0,0.0,0.0
63,1.049805,0.0,0.0,0.0
64,1.066406,0.0,0.0,0.0
65,1.08313,0.0,0.0,0.0
66,1.099854,0.0,0.0,0.0
67,1.116577,0.0,0.0,0.0
68,1.133179,0.0,0.0,0.0
69,1.149902,0.0,0.0,0.0
70,1.166504,0.0,0.0,0.0
71,1.183105,0.0,0.0,0.0
72,1.199829,0.0,0.0,0.0
73,1.216431,0.0,0.0,0.0
74,1.233154,0.0,0.0,0.0
75,1.249878,0.0,0.0,0.0
76,1.266846,0.0,0.0,0.0
77,1.283447,0.0,0.0,0.0
78,1.299805,0.0,0.0,0.0
79,1.316406,0.0,0.0,0.0
80,1.33313,0.0,0.0,0.0
81,1.349854,0.0,0.0,0.0
82,1.366577,0.0,0.0,0.0
83,1.383301,0.0,0.0,0.0
84,1.400024,0.0,0.0,0.0
85,1.417236,0.0,0.0,0.0
86,1.432983,0.0,0.0,0.0
87,1.449707,0.0,0.0,0.0
88,1.466431,0.0,0.0,0.0
89,1.483032,0.0,0.0,0.0
90,1.499756,0.0,0.0,0.0
91,1.516357,0.0,0.0,0.0
92,1.533081,0.0,0.0,0.0
93,1.549683,0.0,0.0,0.0
94,1.566406,0.0,0.0,0.0
95,1.58313,-5.851882,67.84792,86.70094
96,1.599731,0.1753515,71.05818,105.1631
97,1.616333,-0.03391735,76.30866,86.96819
98,1.633057,-0.03304012,94.65649,80.37817
99,1.650146,-0.0253018,91.48879,61.53189
100,1.66626,-0.0253018,91.48879,61.53189
101,1.683105,-8.727745,66.28118,34.79779
102,1.699707,-0.08730086,52.8489,39.71249
103,1.716309,-0.04890753,39.67852,39.45776
104,1.733032,-0.07540007,30.77362,61.12128
105,1.749756,-0.05889375,39.59543,47.74147
106,1.766357,-0.05889375,39.59543,47.74147
107,1.782959,-0.06059548,56.38517,49.12096
108,1.799683,-0.04987239,64.8484,40.42842
109,1.816406,-0.04538424,71.1182,36.79016
110,1.833008,-0.04204608,76.87376,34.08412
111,1.849731,-0.02915158,76.17612,23.63136
112,1.866455,-0.02915158,76.17612,23.63136
113,1.883057,-0.04621647,71.71205,37.4648
114,1.899658,-0.05492077,67.67561,44.52082
115,1.916382,-0.05897635,70.01452,47.80843
116,1.933105,-0.06992622,73.3624,56.6848
117,1.949585,-0.05827808,83.95143,47.24239
118,1.966309,-0.05827808,83.95143,47.24239
119,1.983032,-0.2748503,100.3572,47.21242
120,1.999634,-2.886898,101.1971,44.91963
121,2.016357,-10.22604,108.6499,51.21148
122,2.033447,-2.275604,107.8372,54.15798
123,2.049683,-0.9921063,116.8221,49.51811
124,2.066406,-0.9921063,116.8221,49.51811
125,2.083008,-3.296714,117.5231,62.04155
126,2.099731,-0.3657601,124.9098,77.90718
127,2.116333,-0.3448655,135.7412,76.23027
128,2.132935,-0.3864751,140.3138,85.44242
129,2.149536,-0.3638543,150.2563,80.44144
130,2.16626,-0.3638543,150.2563,80.44144
131,2.182983,-0.3846447,161.7959,85.03783
132,2.199707,-0.4390756,162.2657,97.0715
133,2.216309,-0.4483958,166.9616,99.13203
134,2.233276,-0.4573813,175.4037,101.1186
135,2.249634,-0.5063583,180.906,111.9465
136,2.266357,-0.5063583,180.906,111.9465
137,2.282959,-0.4603293,191.58,101.7703
138,2.299683,-0.3206425,199.5382,101.4339
139,2.316284,-0.4124492,201.6166,100.4466
140,2.332886,-0.4230247,209.0634,102.876
141,2.349609,-0.389356,209.9049,94.68748
142,2.366211,-0.389356,209.9049,94.68748
143,2.382935,-0.4074591,203.7662,99.08997
144,2.399658,0.3540666,199.8498,108.521
145,2.41626,-0.3564869,183.4251,97.5723
146,2.432983,6.895822,170.8058,106.9074
147,2.449707,7.064941,150.8981,108.5849
148,2.466309,7.064941,150.8981,108.5849
149,2.48291,18.21277,125.7397,105.5632
150,2.499634,21.25588,111.6615,98.84293
151,2.516235,27.13812,85.25205,78.00977
152,2.532959,22.43315,66.56332,66.6021
153,2.549438,21.38058,54.70615,59.04669
154,2.566406,21.38058,54.70615,59.04669
155,2.582886,27.75599,52.08176,51.35576
156,2.599609,23.54294,47.57244,45.42268
157,2.616333,14.63623,50.90598,56.96986
158,2.632935,5.930802,48.41059,56.88464
159,2.649536,9.92011,49.22912,44.88049
160,2.66626,9.92011,49.22912,44.88049
161,2.682983,1.443324,24.67913,22.90063
162,2.699585,0.4215077,19.15996,16.94772
163,2.716309,4.793485,16.6503,14.53487
164,2.733032,5.117692,2.431199,11.72503
165,2.749634,4.894087,-0.9472541,2.518959
166,2.766235,4.894087,-0.9472541,2.518959
167,2.782959,-0.07180788,-9.964392,-7.81992
168,2.799561,0.1824141,-21.43071,-10.22064
169,2.816284,-0.9103741,-34.56525,-9.991975
170,2.832886,-6.336177,-59.77685,14.99408
171,2.849609,0.7649769,-81.74572,30.24884
172,2.866211,0.7649769,-81.74572,30.24884
173,2.882813,23.01314,-40.10501,57.93316
174,2.899536,17.42994,-19.38174,53.6965
175,2.916138,26.56105,-2.735338,56.20115
176,2.932861,23.76168,-3.416371,66.10779
177,2.950195,23.85659,6.009386,58.74385
178,2.966309,23.85659,6.009386,58.74385
179,2.98291,2.052273,29.49877,53.99529
180,2.999512,1.68399,48.85875,44.49118
181,3.016113,1.790181,55.17073,47.29877
182,3.032837,6.496844,54.88029,45.97186
183,3.049561,12.75024,58.2153,47.60687
184,3.066162,12.75024,58.2153,47.60687
185,3.082886,25.69763,99.4135,76.97542
186,3.100098,32.39176,102.032,76.00349
187,3.116089,31.00963,79.70451,57.45431
188,3.133057,27.96733,76.35609,76.7961
189,3.149536,27.4113,63.31099,46.19712
190,3.16626,27.4113,63.31099,46.19712
191,3.182861,41.40574,90.32697,59.77903
192,3.199585,23.61634,75.92374,48.63605
193,3.216187,38.00179,74.02055,36.50203
194,3.232788,46.51231,102.4684,36.24519
195,3.249634,43.1323,81.74376,11.93856
196,3.266235,43.1323,81.74376,11.93856
197,3.282837,33.31165,71.67454,8.653185
198,3.299561,35.4598,84.72438,12.31174
199,3.31604,18.33151,86.98856,7.659578
200,3.332764,28.45139,99.66038,3.317104
201,3.349487,18.3058,110.6627,-6.21764
202,3.365967,18.3058,110.6627,-6.21764
203,3.382813,15.36456,123.5536,-17.07246
204,3.399536,11.57147,121.7281,-23.32928
205,3.416138,7.97869,115.0249,-18.31181
206,3.432861,1.748199,138.0079,-20.15016
207,3.449463,-2.545573,149.8757,-27.78798
208,3.466064,-2.545573,149.8757,-27.78798
209,3.483398,-12.23883,178.7377,-59.30297
210,3.49939,-5.948981,181.2245,-62.84266
211,3.516113,-6.942686,186.2371,-72.58855
212,3.532837,-5.693048,178.4251,-60.80095
213,3.549561,2.765056,180.6588,-40.10958
214,3.566162,2.765056,180.6588,-40.10958
215,3.582886,-3.322676,186.2916,-35.33804
216,3.599365,-4.602559,158.2235,-48.9483
217,3.616211,-12.35145,140.8281,-62.41478
218,3.632935,-22.41463,132.5047,-64.71223
219,3.649414,-33.32875,149.219,-62.36318
220,3.666016,-33.32875,149.219,-62.36318
221,3.682739,-18.20969,138.0612,-33.87683
222,3.699463,-9.247282,134.3693,-13.11681
223,3.716064,-2.435143,149.1002,-3.363066
224,3.732788,-1.299134,141.25,15.671
225,3.74939,-4.400094,114.0647,12.377
226,3.766113,-4.400094,114.0647,12.377
227,3.782715,2.267068,84.91563,27.51065
228,3.799438,2.518322,78.95361,30.55267
229,3.816284,2.259618,63.06713,27.414
230,3.832764,19.13385,52.29607,25.22422
231,3.849243,7.221608,52.1281,8.906545
232,3.866089,7.221608,52.1281,8.906545
233,3.88269,2.897039,33.44393,1.171354
234,3.899292,7.084128,25.82673,3.757893
235,3.916138,2.669744,23.10401,1.860615
236,3.932617,1.185178,20.0612,3.018922
237,3.949463,0.03355058,12.10759,0.3392658
238,3.966064,0.03355058,12.10759,0.3392658
239,3.982788,-16.70981,22.70189,0.1491254
240,3.99939,-1.195034,36.16748,-12.20283
241,4.016357,-1.43337,38.89534,-12.72325
242,4.032837,-0.6292881,42.74481,-7.271879
243,4.049561,-1.564621,54.1745,-18.16064
244,4.06604,-1.564621,54.1745,-18.16064
245,4.082642,-3.146105,58.72025,-36.51774
246,4.099487,-22.63422,65.23067,-61.48878
247,4.115967,-6.96074,64.02356,-60.37601
248,4.13269,-4.212416,60.44555,-49.51624
249,4.149414,-5.237208,64.74561,-61.67794
250,4.166016,-5.237208,64.74561,-61.67794
251,4.182617,-6.707817,81.79972,-93.43977
252,4.199341,-7.992027,69.87199,-93.7308
253,4.216064,1.484812,55.27166,-82.72913
254,4.232666,12.27224,48.71655,-80.58374
255,4.249756,11.09053,46.69662,-67.2509
256,4.266113,11.09053,46.69662,-67.2509
257,4.282715,19.4014,30.88568,-74.13615
258,4.299316,1.315825,19.93515,-81.98515
259,4.31604,2.639719,20.50913,-72.79224
260,4.332764,6.262447,12.41697,-66.17703
261,4.349487,7.778016,7.034823,-56.55591
262,4.365967,7.778016,7.034823,-56.55591
263,4.382568,16.79599,3.299996,-29.82046
264,4.399414,0.1964259,3.651348,-32.51075
265,4.416016,-4.697551,5.298056,-49.19852
266,4.432617,-5.135948,4.981075,-48.83911
267,4.449341,-6.754343,3.556892,-36.83906
268,4.466064,-6.754343,3.556892,-36.83906
269,4.482666,-1.548646,-1.59927,-14.76417
270,4.499268,-0.2846463,0.2211747,-2.715362
271,4.515991,-0.7463102,0.619902,-7.119516
272,4.532593,-1.46395,1.198881,-13.96552
273,4.549316,-2.256567,1.803512,-21.52679
274,4.565918,-2.256567,1.803512,-21.52679
275,4.582642,-4.845994,3.415069,-46.22894
276,4.599365,-4.003955,2.585445,-38.19621
277,4.616089,-3.235205,8.945415,-30.86263
278,4.63269,6.794501,17.44169,-7.763108
279,4.649536,5.446714,24.79168,4.611348
280,4.665894,5.446714,24.79168,4.611348
281,4.682617,17.1388,24.71908,3.612977
282,4.699219,12.79943,16.1686,-2.874669
283,4.716064,9.323542,20.91134,-18.81264
284,4.732788,2.878644,15.23133,-21.30266
285,4.74939,-3.215258,10.58183,-28.59369
286,4.765869,-3.215258,10.58183,-28.59369
287,4.782837,-1.540389,4.64473,-13.48801
288,4.799316,-1.666825,2.346146,-14.67705
289,4.81604,-0.8391244,14.19827,-7.388988
290,4.83252,-2.591507,16.81671,-22.81976
291,4.849365,-3.010446,6.690824,-26.50877
292,4.865967,-3.010446,6.690824,-26.50877
293,4.882568,-2.965035,0.9904577,-26.1089
294,4.899292,-1.585705,0.3031517,-9.17323
295,4.915894,0.3920484,-0.1158705,3.494122
296,4.932983,5.713552,-1.233135,33.22973
297,4.949341,13.57998,-1.956867,44.95058
298,4.965942,13.57998,-1.956867,44.95058
299,4.982788,7.750622,-23.55204,67.3526
300,4.99939,10.89149,-33.63248,94.86087
301,5.015991,-0.2855327,-46.62975,100.4855
302,5.032715,-6.565944,-60.48378,133.7588
303,5.049194,-4.014187,-72.47392,141.3795
304,5.065918,-4.014187,-72.47392,141.3795
305,5.08252,4.402677,-111.7051,165.9028
306,5.099365,1.276497,-135.6685,193.8057
307,5.115967,9.410133,-126.4835,162.5313
308,5.132813,2.575291,-134.9541,174.6484
309,5.149292,-7.627919,-154.9371,199.5403
310,5.166138,-7.627919,-154.9371,199.5403
311,5.182495,-6.407945,-132.5555,175.7559
312,5.199341,3.399741,-136.1597,188.7426
313,5.215942,-6.881993,-135.4691,191.0772
314,5.232544,-7.884851,-147.1827,190.3693
315,5.249268,0.9202078,-145.9159,194.1617
316,5.265869,0.9202078,-145.9159,194.1617
317,5.282593,-13.2526,-113.3891,160.482
318,5.299194,-8.740143,-116.6254,180.7626
319,5.316162,-17.96487,-94.97776,163.7388
320,5.332642,-12.00913,-107.6422,177.3245
321,5.349365,11.13786,-96.91804,150.0065
322,5.365845,11.13786,-96.91804,150.0065
323,5.382568,9.682098,-76.32568,127.0303
324,5.39917,21.73827,-68.36392,116.3413
325,5.415894,19.46495,-81.13687,109.8886
326,5.432617,19.16868,-81.2045,102.9938
327,5.449341,7.596844,-78.6575,96.68378
328,5.465942,7.596844,-78.6575,96.68378
329,5.482544,8.407148,-95.37736,107.9591
330,5.499146,-6.632885,-103.151,112.6984
331,5.515869,4.983099,-104.1466,109.0491
332,5.532471,2.478029,-112.6684,113.2803
333,5.549194,-8.833735,-110.3338,107.421
334,5.565918,-8.833735,-110.3338,107.421
335,5.58252,6.341429,-101.5385,90.34176
336,5.599121,5.745454,-100.9184,86.40498
337,5.615845,6.391835,-104.7377,86.27449
338,5.632568,5.937093,-100.4997,80.06778
339,5.649292,5.489287,-96.013,74.02824
340,5.666016,5.489287,-96.013,74.02824
341,5.682495,5.282006,-98.38841,71.23286
342,5.699219,3.404895,-92.1451,64.71929
343,5.716064,5.381648,-107.65,73.09587
344,5.732666,3.289777,-82.87952,54.8136
345,5.749146,2.953627,-70.49805,45.50093
346,5.765869,2.953627,-70.49805,45.50093
347,5.782471,2.258207,-61.31976,31.1898
348,5.799194,3.332817,-68.67665,32.94538
349,5.815796,11.87009,-59.20302,27.26117
350,5.832642,10.0851,-54.07307,30.66027
351,5.849365,2.359722,-55.74889,30.77684
352,5.865845,2.359722,-55.74889,30.77684
353,5.882446,1.758208,-42.47163,23.57959
354,5.89917,1.500876,-44.68609,20.12849
355,5.915771,1.262431,-46.24268,16.93068
356,5.932495,1.578091,-66.76816,21.16404
357,5.949219,0.9994264,-47.88491,13.40347
358,5.96582,0.9994264,-47.88491,13.40347
359,5.982422,1.353531,-59.97298,18.15243
360,5.999268,1.426659,-56.40333,19.13317
361,6.015869,1.497445,-67.56902,20.08248
362,6.032715,1.590711,-64.02036,21.33328
363,6.049194,1.525962,-62.66045,20.46492
364,6.065796,1.525962,-62.66045,20.46492
365,6.082764,1.627609,-62.13929,21.82814
366,6.099121,2.019799,-89.94768,27.08786
367,6.115967,1.66847,-80.51692,22.37613
368,6.132446,1.61617,-91.68993,27.30065
369,6.14917,-7.556121,-109.1616,26.90924
370,6.165771,-7.556121,-109.1616,26.90924
371,6.182739,-11.70001,-95.68617,15.01046
372,6.199219,-4.784194,-113.1264,14.52482
373,6.21582,-2.090931,-110.8603,12.11159
374,6.233154,0.4483226,-88.02383,6.735201
375,6.249023,-9.201147,-86.49743,5.829917
376,6.265747,-9.201147,-86.49743,5.829917
377,6.282593,0.2033657,-82.62472,2.961903
378,6.299072,0.3712685,-82.52464,5.3981
379,6.315796,0.6171536,-74.1536,8.973079
380,6.33252,0.620812,-78.63429,9.026269
381,6.349243,-4.72242,-65.62787,4.821415
382,6.365845,-4.72242,-65.62787,4.821415
383,6.382813,-0.3550896,-73.90401,-4.603767
384,6.399048,-5.619788,-81.2674,-8.22272
385,6.415894,-0.4909534,-79.61693,-6.940944
386,6.432373,-0.9468201,-71.59132,-14.01511
387,6.449219,-1.188233,-91.02391,-17.59326
388,6.465698,-1.188233,-91.02391,-17.59326
389,6.4823,-1.064329,-84.79468,-15.75873
390,6.499023,-0.3945584,-90.80904,-11.61975
391,6.515869,2.172203,-95.85218,-5.244487
392,6.532593,0.006845559,-88.87351,-0.1229719
393,6.549072,0.3627973,-104.9629,5.304203
394,6.565796,0.3627973,-104.9629,5.304203
395,6.582397,-4.661094,-82.29185,9.063681
396,6.599243,-9.713394,-73.08208,10.01477
397,6.615723,-13.73839,-70.80992,9.473042
398,6.632446,-3.796511,-67.32856,4.322524
399,6.649292,-25.01233,-71.84666,4.515108
400,6.665649,-25.01233,-71.84666,4.515108
401,6.682373,0.2569492,-52.78946,3.994169
402,6.699097,0.01457024,-56.84235,0.2254636
403,6.71582,-2.745768,-52.94149,-1.263616
404,6.732422,-0.1697196,-50.01241,-2.46052
405,6.749146,-0.88671,-44.32853,-4.730778
406,6.765747,-0.88671,-44.32853,-4.730778
407,6.782349,-0.1662263,-30.79814,-2.486069
408,6.799072,-0.1497431,-28.19509,-2.359981
409,6.815674,-0.05106121,-16.08797,-0.8052446
410,6.832397,-0.04567318,-25.0675,-0.7202902
411,6.849121,-0.3065302,-25.93197,-4.834144
412,6.865723,-0.3065302,-25.93197,-4.834144
413,6.882446,-0.4885724,-22.86099,-7.705045
414,6.899048,-0.7430223,-35.53289,-11.71786
415,6.915771,-0.2873694,-42.62115,-15.66161
416,6.932373,-1.096372,-54.00528,-17.27099
417,6.949219,-1.162003,-47.66924,-18.20742
418,6.965698,-1.162003,-47.66924,-18.20742
419,6.982422,-1.501487,-58.49288,-23.52607
420,6.998901,-1.640883,-64.23178,-25.71019
421,7.015747,-1.111587,-51.4074,-20.48527
422,7.032349,11.83944,-70.85807,-21.09975
423,7.049316,6.405177,-74.21992,-23.63339
424,7.06604,6.405177,-74.21992,-23.63339
425,7.082397,14.99231,-69.14891,-17.63784
426,7.099121,16.33901,-74.64956,-19.85923
427,7.115723,1.810227,-58.69661,-13.26815
428,7.132324,2.426522,-61.92931,-16.53971
429,7.149048,1.490371,-57.54433,-15.12053
430,7.165649,1.490371,-57.54433,-15.12053
431,7.182373,0.3914754,-42.18911,-14.3655
432,7.199463,0.2626083,-52.44918,-22.88519
433,7.215942,-1.460401,-60.52008,-20.91747
434,7.232422,-1.245626,-41.13126,-17.48403
435,7.249023,-0.8344757,-35.33101,-11.7107
436,7.265747,-0.8344757,-35.33101,-11.7107
437,7.282349,-0.3707269,-20.1546,-5.202626
438,7.29895,-0.5001324,-19.76706,-7.01865
439,7.315674,-0.7242488,-20.14348,-10.1638
440,7.332397,-0.6880386,-27.91882,-9.655646
441,7.348999,-0.7408849,-31.52785,-10.39727
442,7.365723,-0.7408849,-31.52785,-10.39727
443,7.382324,0.5425903,-18.03485,-6.263424
444,7.399048,-0.5465502,-18.6346,-7.740549
445,7.415649,-0.2539924,-8.86274,-3.54482
446,7.432495,4.038922,-21.02386,-11.18424
447,7.448975,-1.136532,-30.37049,-16.53356
448,7.465576,-1.136532,-30.37049,-16.53356
449,7.482422,-1.534157,-41.15641,-21.28285
450,7.499023,-1.582638,-45.16636,-21.95539
451,7.515991,-0.8634285,-35.75969,-11.97804
452,7.532349,-0.6332706,-22.85228,-8.785142
453,7.549438,-0.4148335,-17.09197,-5.754841
454,7.565674,-0.4148335,-17.09197,-5.754841
455,7.582397,0.9737839,-15.87757,-4.263286
456,7.599243,-0.5071995,-13.98275,-7.14282
457,7.615601,-0.4834282,-10.81048,-6.669078
458,7.632446,-0.04133734,-0.9222733,-0.5701929
459,7.649048,-0.0004720631,-0.01053208,-0.006511429
460,7.665771,-0.0004720631,-0.01053208,-0.006511429
461,7.682373,-1.71538e-08,-3.82688e-07,-2.366119e-07
462,7.698975,-0.09121322,6.671464,-1.258155
463,7.715576,0.009942679,0.2601543,0.1371449
464,7.7323,-0.00667687,0.4954448,-0.09209779
465,7.749023,0.4657126,15.02738,6.423834
466,7.765625,0.4657126,15.02738,6.423834
467,7.782349,0.2408255,15.18925,3.321841
468,7.79895,0.7337281,20.49179,10.12072
469,7.816406,3.37168,33.71004,10.02165
470,7.832275,1.38532,31.29882,18.78156
471,7.848999,16.53063,49.2421,27.84874
472,7.865601,16.53063,49.2421,27.84874
473,7.882324,5.091212,81.22587,41.2123
474,7.899048,19.99502,88.25962,36.85816
475,7.915649,2.384429,76.41536,30.24759
476,7.932251,2.540229,96.31282,33.49421
477,7.948853,2.053577,75.35235,27.09008
478,7.965942,2.053577,75.35235,27.09008
479,7.9823,-21.42133,105.2582,41.32035
480,7.998901,1.929405,75.37798,28.45164
481,8.015625,1.078134,78.7478,21.75175
482,8.032227,-1.936159,66.65401,22.23753
483,8.048828,-3.441273,69.81201,20.96117
484,8.065796,-3.441273,69.81201,20.96117
485,8.082275,0.8741099,58.40942,14.56033
486,8.098877,-0.1755063,59.25167,16.12829
487,8.115601,0.8939079,41.25196,12.37208
488,8.132324,0.3098363,31.00607,4.250004
489,8.148926,-0.7196817,18.77728,-2.733795
490,8.165527,-0.7196817,18.77728,-2.733795
491,8.182129,4.664326,-8.743525,-4.159607
492,8.198853,-0.543996,-18.12419,-7.759392
493,8.215576,-0.5340675,-17.00291,-7.326722
494,8.232178,-0.6161472,-22.22434,-8.450684
495,8.248901,0.03336253,-35.13502,-13.18558
496,8.265503,0.03336253,-35.13502,-13.18558
497,8.282104,-1.195477,-52.89681,-21.60937
498,8.29895,-1.518515,-59.53985,-20.62593
499,8.315552,-1.211599,-58.1838,-16.43138
500,8.332275,-0.8292846,-35.34337,-11.2464
501,8.348999,12.30349,-22.9881,-8.920865
502,8.365479,12.30349,-22.9881,-8.920865
503,8.382202,6.52626,-7.650102,-1.765999
504,8.398926,24.76774,-15.85462,-8.65666
505,8.415527,26.38716,-13.4707,-8.595307
506,8.432251,9.11145,-9.62809,-5.432336
507,8.448975,-0.3951112,-11.95491,-5.873508
508,8.465454,-0.3951112,-11.95491,-5.873508
509,8.482178,0.02506992,-3.057641,0.3253689
510,8.499512,0.0001511227,-0.0184316,0.001961339
511,8.515503,1.304981,-0.0001111066,-0.1010716
512,8.532227,0.01082729,-9.218396e-07,-0.0008385804
513,8.54895,1.33532,-11.83259,-5.977972
514,8.565552,1.33532,-11.83259,-5.977972
515,8.582153,4.666219,-2.610236,-1.667091
516,8.598877,8.96688,-8.694834,-5.052738
517,8.615601,0.7663522,-15.9142,-8.035192
518,8.632202,2.40283,-7.619285,-4.022866
519,8.649536,3.466752,-8.156787,-4.398373
520,8.665527,3.466752,-8.156787,-4.398373
521,8.682373,12.05614,-18.54928,-10.46173
522,8.698853,-0.4892115,-14.18172,-7.234898
523,8.715698,0.01649566,-22.6634,-11.71002
524,8.732178,-1.016258,-23.84211,-12.31989
525,8.748901,16.7471,-33.33302,-18.9175
526,8.765503,16.7471,-33.33302,-18.9175
527,8.782227,18.04213,-29.49603,-17.41239
528,8.79895,16.46307,-32.84068,-19.28311
529,8.815552,25.0996,-28.80868,-18.02385
530,8.832153,3.871459,-24.46742,-13.93589
531,8.848877,-1.278988,-26.96232,-15.04568
532,8.865479,-1.278988,-26.96232,-15.04568
533,8.88208,-1.202325,-23.93965,-13.61155
534,8.898804,15.55208,-27.41337,-17.24324
535,8.915771,-1.629849,-32.9346,-19.14112
536,8.932129,-1.894997,-36.12579,-21.28442
537,8.948853,-2.366608,-44.31921,-26.57522
538,8.965454,-2.366608,-44.31921,-26.57522
539,8.982056,-1.754878,-31.97225,-19.70594
540,8.998779,-0.2818023,-28.73212,-18.00409
541,9.015381,15.81801,-19.23947,-12.49173
542,9.032837,0.6082361,-21.13944,-13.50931
543,9.04895,-0.9861868,-25.812,-16.47879
544,9.06543,-0.9861868,-25.812,-16.47879
545,9.082031,-1.279928,-21.74898,-14.07089
546,9.098755,-0.3299313,-5.576605,-3.620718
547,9.115479,-0.001988841,-0.03361604,-0.02182586
548,9.13208,-1.650171e-05,-0.0002789087,-0.0001810868
549,9.14917,-9.947308e-08,-1.681275e-06,-1.0916e-06
550,9.165405,-9.947308e-08,-1.681275e-06,-1.0916e-06
551,9.182373,0.0,0.0,0.0
552,9.198853,-0.1388898,-2.343313,-1.524152
553,9.215454,-0.2513631,-4.233393,-2.758414
554,9.232056,-0.001100878,-0.01854071,-0.01208084
555,9.248901,-4.821442e-06,-8.120148e-05,-5.290965e-05
556,9.265381,-4.821442e-06,-8.120148e-05,-5.290965e-05
557,9.282227,-0.6438819,-10.81521,-7.065846
558,9.298706,-1.079812,-18.05716,-11.84966
559,9.31543,-1.595972,-26.50023,-17.51392
560,9.332153,-1.70929,-20.618,-13.66918
561,9.348755,-0.8934613,-15.16018,-9.806607
562,9.365479,-0.8934613,-15.16018,-9.806607
563,9.38208,8.59503,-16.25515,-4.958857
564,9.398804,-0.6357856,-11.70839,-7.80029
565,9.415405,11.97198,-21.56265,-13.59643
566,9.432129,10.97499,-22.39796,-16.47842
567,9.44873,1.870989,-25.46169,-17.90423
568,9.465332,1.870989,-25.46169,-17.90423
569,9.482056,0.3638757,-15.10742,-10.70234
570,9.498657,8.648497,-3.119975,-3.025904
571,9.515381,10.07755,-0.5333024,-1.338415
572,9.532104,9.811309,-1.072847,-1.704627
573,9.548706,2.435791,-0.006467173,-0.239691
574,9.566284,2.435791,-0.006467173,-0.239691
575,9.582153,8.971711,-0.02376186,-0.8939971
576,9.598755,0.07443734,-0.0001971497,-0.0074174
577,9.615601,0.2721996,-8.634431e-07,-0.02672489
578,9.632202,2.343924,-5.204876e-09,-0.2310973
579,9.648682,0.01412929,0.0,-0.001393065
580,9.665405,0.01412929,0.0,-0.001393065
581,9.682129,3.730221e-07,0.0,-3.67778e-08
582,9.698975,0.0,0.0,0.0
583,9.715454,-0.1593425,7.479491,-1.616145
584,9.732056,-0.00314169,0.1474701,-0.03186487
585,9.748779,-3.587715e-05,0.001684063,-0.0003638871
586,9.765381,-3.587715e-05,0.001684063,-0.0003638871
587,9.781982,-1.303681e-09,6.119441e-08,-1.32227e-08
588,9.799438,0.0,0.0,0.0
589,9.81543,0.0,0.0,0.0
590,9.832031,0.1024593,1.477531,1.039203
591,9.848755,0.3693888,8.653028,3.746558
592,9.865356,0.3693888,8.653028,3.746558
593,9.881958,0.9189523,28.50403,9.320555
594,9.898682,1.776283,49.31138,18.01611
595,9.915283,-21.05381,66.13025,23.01872
596,9.932007,-24.16954,69.57909,14.02541
597,9.949097,-26.21094,86.81559,16.71959
598,9.965332,-26.21094,86.81559,16.71959
599,9.981934,-11.71941,97.95906,14.22647
600,9.998657,-20.11512,102.5753,21.00227
601,10.01538,-9.154344,98.539,26.50758
602,10.03198,-19.66467,99.15762,24.23837
603,10.04871,-0.8728909,85.52482,21.22328
604,10.06543,-0.8728909,85.52482,21.22328
605,10.08203,0.06767194,67.79052,17.0213
606,10.09875,1.887272,83.33602,22.36155
607,10.11536,1.530476,67.84667,18.02524
608,10.13196,1.293618,46.52459,15.23515
609,10.14856,0.7726436,43.21834,9.055372
610,10.16528,0.7726436,43.21834,9.055372
611,10.18188,0.03946641,40.99936,0.4625458
612,10.19873,-0.04941459,35.08169,-0.5791383
613,10.21533,0.1428564,33.25639,1.674275
614,10.23193,-0.5905009,23.68436,-6.920662
615,10.24866,23.35821,12.22461,-5.925265
616,10.26526,23.35821,12.22461,-5.925265
617,10.28198,14.00468,1.053824,-1.57531
618,10.29883,5.566895,0.004615361,-0.4903935
619,10.31531,26.63147,-0.1866446,-2.470353
620,10.33228,12.90899,-6.775509,-4.750992
621,10.34875,19.21444,-5.743778,-4.235496
622,10.36536,19.21444,-5.743778,-4.235496
623,10.38196,13.88495,-27.95017,-13.23545
624,10.39868,4.617106,-45.23814,-11.3625
625,10.41516,4.010532,-47.26451,-9.195917
626,10.43201,16.632,-35.46798,-6.672451
627,10.4491,-0.4314472,-28.32487,-5.322172
628,10.46521,-0.4314472,-28.32487,-5.322172
629,10.48218,-0.7658719,-22.30201,-8.57768
630,10.49854,0.1369202,-37.34278,-17.73472
631,10.51526,-2.307338,-54.1092,-24.09264
632,10.53186,-1.739019,-41.41262,-18.09595
633,10.54871,-1.148882,-41.91014,-11.95463
634,10.56531,-1.148882,-41.91014,-11.95463
635,10.58191,-1.030267,-31.6935,-10.72038
636,10.59851,-0.5774816,-41.76593,-13.16058
637,10.61548,-0.7508423,-30.15952,-14.66365
638,10.63208,-0.5755996,-27.87827,-5.979745
639,10.64868,-0.8099096,-36.69658,-8.355482
640,10.66528,-0.8099096,-36.69658,-8.355482
641,10.68188,-0.3306417,-12.99473,-3.41101
642,10.69885,-0.3626522,-7.079093,-3.741242
643,10.71533,-0.9848369,-16.2207,-10.15991
644,10.73206,-1.533577,-25.06698,-15.82089
645,10.74866,-1.564778,-28.9959,-16.14278
646,10.76514,-1.564778,-28.9959,-16.14278
647,10.7821,-0.240014,-6.525268,-2.476065
648,10.79858,14.68921,0.2943377,1.280006
649,10.81531,7.638747,16.2758,9.762528
650,10.83191,6.163488,15.1594,9.127974
651,10.84851,17.32425,10.37677,4.906868
652,10.86523,17.32425,10.37677,4.906868
653,10.88196,0.7838098,12.11148,7.598193
654,10.89856,0.5574543,8.891182,5.559388
655,10.91528,0.7315158,11.72234,7.296532
656,10.93225,0.5758402,8.694599,5.743743
657,10.94873,1.073901,9.948801,10.71167
658,10.96521,1.073901,9.948801,10.71167
659,10.98181,0.704016,-10.4221,7.022239
660,10.99854,1.317785,-2.530259,13.14431
661,11.01514,-2.170628,-10.5534,12.28984
662,11.03186,1.303795,-9.544546,13.26418
663,11.04858,1.414249,-7.284053,14.16607
664,11.06555,1.414249,-7.284053,14.16607
665,11.08203,0.805684,1.476352,8.06976
666,11.09863,1.054533,9.555629,10.56224
667,11.11523,25.00861,19.24747,12.718
668,11.13184,1.501058,18.28545,13.9345
669,11.14893,2.37378,26.6891,19.81417
670,11.16516,2.37378,26.6891,19.81417
671,11.18188,4.715938,49.64614,27.96353
672,11.19849,3.263197,57.4822,31.9955
673,11.21521,3.442068,62.10247,33.91061
674,11.23181,2.486059,45.69033,24.49286
675,11.24878,0.3954622,55.85232,29.61979
676,11.26526,0.3954622,55.85232,29.61979
677,11.28186,3.796664,74.75426,37.56215
678,11.29858,4.049378,80.66172,40.05879
679,11.31506,3.463596,72.14484,34.26387
680,11.33191,3.574229,76.86148,35.35831
681,11.34851,3.13299,69.51789,30.99333
682,11.36511,3.13299,69.51789,30.99333
683,11.38196,3.486694,109.3309,34.49237
684,11.39844,0.8862299,131.0371,27.88268
685,11.41516,1.353732,137.7371,27.60221
686,11.43188,-24.20787,118.3861,27.73799
687,11.44849,-28.49677,122.3362,27.1018
688,11.46521,-28.49677,122.3362,27.1018
689,11.48181,-6.736784,100.5176,14.79259
690,11.49841,-7.838753,109.9615,14.45052
691,11.51501,-21.31836,102.6243,14.61184
692,11.53174,-7.255112,72.63435,9.189689
693,11.54858,-18.85232,91.39743,14.56711
694,11.56519,-18.85232,91.39743,14.56711
695,11.58179,-7.333265,68.32415,3.422044
696,11.59851,-20.23492,77.74582,-3.965478
697,11.61511,-4.628631,54.27929,-8.931865
698,11.63196,-8.280138,56.32085,-8.081563
699,11.64844,-2.421523,39.32616,-5.363482
700,11.66516,-2.421523,39.32616,-5.363482
701,11.68188,-0.5493101,26.8538,-5.141927
702,11.69849,-0.5680627,21.59265,-6.615032
703,11.71497,-0.2221045,7.469627,-2.59044
704,11.73181,-0.09739899,0.07734413,-1.135999
705,11.74841,-0.07919572,-3.465567,-0.9236887
706,11.76526,-0.07919572,-3.465567,-0.9236887
707,11.78186,-0.1655132,-11.38871,-1.930441
708,11.79858,-0.4289865,-24.35323,-5.003427
709,11.81531,1.591623,-55.21363,-11.84311
710,11.83179,16.41155,-88.08134,-18.85413
711,11.84839,12.98624,-91.41274,-17.15139
712,11.86523,12.98624,-91.41274,-17.15139
713,11.88184,-0.4920146,-117.041,-5.670822
714,11.89832,-0.07411723,-154.1818,-0.8522234
715,11.91577,11.89295,-132.9729,-6.178356
716,11.93176,4.010698,-143.3459,-10.57777
717,11.94836,-1.536322,-165.8062,-17.96219
718,11.96545,-1.536322,-165.8062,-17.96219
719,11.98169,-2.228515,-157.6105,-25.37885
720,11.99854,-1.854002,-147.1062,-21.11379
721,12.01538,-2.296386,-146.2176,-26.15176
722,12.03174,11.56409,-124.0027,-27.00058
723,12.04846,0.418916,-113.5677,-26.67867
724,12.06506,0.418916,-113.5677,-26.67867
725,12.08179,-2.919113,-105.0285,-33.58814
726,12.09839,14.03031,-120.0402,-40.08746
727,12.11511,-3.71925,-119.8892,-43.61384
728,12.13171,-1.586427,-77.19454,-28.9324
729,12.14832,-3.166791,-94.46121,-35.12056
730,12.16516,-3.166791,-94.46121,-35.12056
731,12.18164,-3.061895,-73.89117,-33.90924
732,12.19836,-2.584833,-68.64342,-28.62597
733,12.21509,-2.174851,-83.60825,-32.06963
734,12.23169,1.21041,-50.13597,-25.47697
735,12.24841,-2.349491,-50.32303,-26.10378
736,12.26501,-2.349491,-50.32303,-26.10378
737,12.28186,-3.26072,-69.6763,-35.78258
738,12.29834,-2.581848,-69.53023,-28.33274
739,12.31494,-2.97302,-66.45603,-22.17755
740,12.33167,-1.243739,-44.76559,-13.62311
741,12.34827,-0.895712,-28.5665,-9.873309
742,12.36523,-0.895712,-28.5665,-9.873309
743,12.38171,0.007820827,-6.179087,0.08621664
744,12.39868,0.2285066,-0.3613003,-0.2429961
745,12.41504,0.007508144,-0.3799689,0.07034598
746,12.43176,6.229429e-05,-0.003152562,0.0005836533
747,12.44836,7.113819e-07,-3.60013e-05,6.665143e-06
748,12.46497,7.113819e-07,-3.60013e-05,6.665143e-06
749,12.48169,0.05122486,0.8255041,0.5621325
750,12.49829,0.3800813,6.130486,4.170946
751,12.51501,0.003953204,0.06376284,0.04338177
752,12.53174,1.731358e-05,0.0002792578,0.0001899962
753,12.54834,-0.1268536,-2.044285,-1.392069
754,12.56494,-0.1268536,-2.044285,-1.392069
755,12.58167,-0.5861056,-9.404091,-6.43182
756,12.59875,-0.1927286,-3.08964,-2.11497
757,12.61499,4.725772,-0.01353149,-0.4419399
758,12.63184,3.399913,-8.156846e-05,-0.3126961
759,12.64832,1.855536,-4.916985e-07,-0.171396
760,12.66516,1.855536,-4.916985e-07,-0.171396
761,12.68164,0.3619291,0.9869698,-0.222416
762,12.69824,1.37521,7.723845,5.191762
763,12.71521,-0.02298849,11.47972,-0.2871677
764,12.73181,17.74788,16.0504,7.066207
765,12.74841,0.9455886,29.84442,8.960556
766,12.76501,0.9455886,29.84442,8.960556
767,12.78174,0.5181102,10.63832,5.372014
768,12.79822,16.49055,3.783094,-0.9082441
769,12.81543,-0.06963222,10.53143,-1.787469
770,12.83167,-0.09372138,10.15426,-1.00004
771,12.84839,0.108695,24.2516,1.145762
772,12.86499,0.108695,24.2516,1.145762
773,12.88159,-0.02041613,51.93567,-0.2152267
774,12.89832,-0.4530869,59.61271,-4.776438
775,12.91504,-2.707645,51.42036,-9.004798
776,12.93152,-1.016442,47.97109,-10.67633
777,12.94824,-0.9115175,41.61065,-9.651046
778,12.96594,-0.9115175,41.61065,-9.651046
779,12.98157,-1.326753,18.20568,-14.04806
780,12.99829,-1.584168,13.8329,-14.87645
781,13.01489,-1.826886,6.328527,-19.41262
782,13.03149,-5.467844,-14.84136,-31.52891
783,13.04822,-5.925887,-19.852,-36.27087
784,13.06494,-5.925887,-19.852,-36.27087
785,13.08167,-26.25415,-23.63279,-33.33674
786,13.09827,-3.208118,-26.95712,-33.52194
787,13.11487,-3.211709,-30.71158,-29.91561
788,13.13159,-2.820657,-35.74334,-30.92134
789,13.14819,-2.193236,-35.69156,-29.385
790,13.16577,-2.193236,-35.69156,-29.385
791,13.18176,-3.041823,-43.34181,-33.22994
792,13.19824,-2.846447,-40.05871,-31.09493
793,13.21497,-4.059642,-32.01558,-24.98502
794,13.23157,-2.316079,-31.88886,-25.29851
795,13.24829,-7.208088,-36.55499,-28.90649
796,13.26489,-7.208088,-36.55499,-28.90649
797,13.28149,-3.825146,-44.34364,-34.92218
798,13.2981,-9.108375,-48.0916,-29.53728
799,13.31494,-4.638544,-38.37874,-32.18467
800,13.33154,-3.056887,-35.417,-28.65448
801,13.34888,-1.625872,-24.64963,-18.36202
802,13.36487,-1.625872,-24.64963,-18.36202
803,13.38147,-3.195209,-35.83694,-31.313
804,13.39807,-3.100581,-40.89441,-35.23054
805,13.41504,-2.709891,-34.30581,-30.86019
806,13.43164,-2.280987,-28.5624,-25.97639
807,13.44812,-1.431408,-17.79248,-16.3012
808,13.46497,-1.431408,-17.79248,-16.3012
809,13.48157,23.65903,0.02680405,-12.89878
810,13.49841,10.73811,6.077169,-6.18741
811,13.51489,20.14068,2.790787,-5.051477
812,13.53162,24.59695,3.50099,-10.54665
813,13.54822,25.8041,-7.944347,-13.48627
814,13.56482,25.8041,-7.944347,-13.48627
815,13.58154,13.41205,-5.311251,-18.27532
816,13.59814,5.553824,1.349662,-8.196544
817,13.61499,22.23941,7.970008,-4.590928
818,13.63159,0.8601953,17.96859,-5.19817
819,13.64819,7.358348,14.64227,-13.22087
820,13.66492,7.358348,14.64227,-13.22087
821,13.68152,-1.791493,11.43652,-18.02296
822,13.69824,-0.7832416,23.15836,-7.87777
823,13.71484,0.6712842,36.30323,-2.263287
824,13.73145,25.36583,68.51711,0.7035425
825,13.74817,18.7245,75.41351,2.185135
826,13.76489,18.7245,75.41351,2.185135
827,13.78162,2.2879,72.14704,-14.17403
828,13.79822,1.779988,54.56047,-17.84564
829,13.81494,2.901993,48.42993,-16.88088
830,13.83154,4.96185,51.60279,-19.25609
831,13.84839,4.71428,45.45261,-18.03421
832,13.86487,4.71428,45.45261,-18.03421
833,13.88232,10.33519,36.61843,-18.9284
834,13.89819,1.691644,38.55626,-29.17503
835,13.91492,12.85108,22.86135,-24.41061
836,13.93152,-0.183854,15.4353,-31.53521
837,13.94824,2.348637,4.483225,-32.50437
838,13.96484,2.348637,4.483225,-32.50437
839,13.98157,-4.370982,-8.877411,-46.85464
840,13.99817,7.733312,-14.18464,-40.98561
841,14.01489,8.379075,-25.6562,-54.42667
842,14.03137,16.1686,-27.34452,-54.10838
843,14.0481,18.5853,-20.06051,-55.30228
844,14.06494,18.5853,-20.06051,-55.30228
845,14.08142,-2.22016,-16.00628,-49.66689
846,14.09827,-2.437425,-11.14815,-43.6278
847,14.11487,2.515875,-15.56101,-49.44242
848,14.13147,-2.915002,-12.08477,-50.28259
849,14.14807,-1.530655,-12.90597,-48.727
850,14.16504,-1.530655,-12.90597,-48.727
851,14.18152,2.005745,-14.32592,-50.85571
852,14.19812,14.22113,-6.705523,-50.65055
853,14.21497,6.975909,-10.25807,-54.07063
854,14.23145,-3.537078,-10.65167,-53.83182
855,14.24805,-6.047031,-9.642306,-60.84459
856,14.26477,-6.047031,-9.642306,-60.84459
857,14.28149,2.971311,-12.4095,-75.64753
858,14.2981,-0.6602444,5.733162,-67.31419
859,14.31494,-2.025698,13.90557,-59.41116
860,14.33154,3.602962,29.44999,-56.78918
861,14.34827,-2.248036,40.237,-51.63399
862,14.36487,-2.248036,40.237,-51.63399
863,14.38147,-2.253639,35.13681,-42.96603
864,14.39807,8.56467,29.53743,-55.41276
865,14.41528,-8.233304,17.56317,-68.43736
866,14.4314,-5.456857,0.7100236,-69.77599
867,14.44812,-11.07015,-13.77537,-83.29078
868,14.46484,-11.07015,-13.77537,-83.29078
869,14.48145,-6.92379,-11.44589,-66.17863
870,14.49805,-5.739152,-10.19727,-65.2696
871,14.51501,7.181332,-11.48124,-55.11067
872,14.53149,-7.027398,-12.14066,-57.96495
873,14.5481,2.499162,-21.78323,-54.44696
874,14.56482,2.499162,-21.78323,-54.44696
875,14.58154,3.127954,-17.61574,-50.32236
876,14.59814,-0.5456167,-22.45656,-49.02653
877,14.61499,3.119903,-21.00447,-44.49109
878,14.63147,10.50949,-26.71611,-49.5067
879,14.64807,1.745524,-27.621,-49.56313
880,14.66492,1.745524,-27.621,-49.56313
881,14.6814,-0.1302112,-27.29511,-53.32657
882,14.69812,-1.111187,-23.47651,-49.53791
883,14.71484,6.769637,-22.93553,-51.0561
884,14.73145,-0.8208892,-21.03273,-50.6191
885,14.74817,10.39028,-10.88931,-58.7559
886,14.76489,10.39028,-10.88931,-58.7559
887,14.78137,-3.287728,-9.774368,-40.72807
888,14.7981,7.28604,-5.926523,-48.67967
889,14.8147,5.809906,-5.566822,-38.62602
890,14.83154,21.02311,-4.400864,-29.96678
891,14.84802,15.00356,12.83036,-29.53179
892,14.86536,15.00356,12.83036,-29.53179
893,14.88135,17.53195,6.79167,-11.71806
894,14.89807,16.05863,8.614292,-8.860508
895,14.91467,14.10503,6.3951,-6.346463
896,14.9314,21.63239,0.09117872,-3.756785
897,14.94812,15.45659,-0.08272534,-2.618889
898,14.96484,15.45659,-0.08272534,-2.618889
899,14.98145,16.22539,-8.18,-8.832085
900,14.99829,13.84192,-13.61188,-4.641199
901,15.01477,8.149933,-16.67938,-3.399102
902,15.03149,12.72605,-15.09657,-5.73518
903,15.0481,8.717995,-8.868114,-11.04407
904,15.06482,8.717995,-8.868114,-11.04407
905,15.0813,-0.4461371,-3.560459,-7.727118
906,15.09814,-0.4763446,-3.516857,-7.725317
907,15.11475,1.493648,-0.4761719,-1.330993
908,15.13135,5.451894,-3.133435,-7.989911
909,15.14807,6.324154,-1.202487,-3.851936
910,15.16492,6.324154,-1.202487,-3.851936
911,15.1814,17.03282,-2.898094,-9.694981
912,15.19788,12.93862,-0.4408627,-3.430689
913,15.21472,6.185218,-3.83551,-9.821319
914,15.23132,16.04286,-0.02312063,-3.137059
915,15.24792,15.35213,-0.1149055,-3.237756
916,15.26477,15.35213,-0.1149055,-3.237756
917,15.28149,11.05905,-8.435069,-12.5095
918,15.2981,-0.1645065,-8.953892,-13.97362
919,15.3147,-2.414898,-9.530768,-12.40873
920,15.3313,2.448121,-0.6051074,-0.8661305
921,15.3479,4.818753,-0.1825629,-1.01732
922,15.36475,4.818753,-0.1825629,-1.01732
923,15.38135,15.66901,-0.03141437,-3.226003
924,15.39819,18.46522,-5.268152,-15.95477
925,15.41455,9.597879,-9.180124,-18.57622
926,15.43152,23.52851,-17.91331,-20.26479
927,15.44812,26.26941,-16.65797,-13.54872
928,15.46472,26.26941,-16.65797,-13.54872
929,15.48132,43.58871,-16.81876,-8.430316
930,15.49792,36.6039,-19.27665,-18.00916
931,15.51477,33.97836,-19.48402,-25.14688
932,15.53125,24.26911,-26.61612,-11.3322
933,15.5481,29.16586,-35.50653,-20.84239
934,15.56458,29.16586,-35.50653,-20.84239
935,15.58118,24.61391,-41.52959,-20.51733
936,15.59802,23.71562,-39.36493,-23.21406
937,15.61475,19.05126,-37.93138,-7.006559
938,15.63135,20.98982,-39.81615,-15.74013
939,15.64807,8.006965,-31.50461,-9.212059
940,15.66492,8.006965,-31.50461,-9.212059
941,15.68127,8.24849,-19.45278,-11.73594
942,15.698,-2.034632,-11.9598,-8.908092
943,15.7146,-1.584802,-17.78917,-6.308489
944,15.73132,-3.280674,-14.80767,-13.04896
945,15.74792,-0.9428834,-1.530219,-3.750336
946,15.76453,-0.9428834,-1.530219,-3.750336
947,15.78125,-3.016169,-4.61902,-11.99687
948,15.79797,-0.5676585,4.141875,-2.257872
949,15.8147,-2.126515,-3.195321,-8.458253
950,15.8313,-0.09603186,0.6533881,-0.3819685
951,15.8479,-1.688831,2.632526,-6.717358
952,15.86462,-1.688831,2.632526,-6.717358
953,15.88123,-4.18295,-6.326177,-16.63776
954,15.89807,-4.594434,-6.905064,-18.27444
955,15.91492,-3.198948,-4.78352,-12.72387
956,15.93127,-10.3507,-3.802067,-8.208326
957,15.94824,-3.937787,-5.58846,-14.97616
958,15.9646,-3.937787,-5.58846,-14.97616
959,15.98132,-5.345507,-5.968812,-21.29886
960,15.99792,-5.882537,-8.539547,-23.43865
961,16.01453,-6.23678,-8.976295,-24.85011
962,16.03137,-1.525807,-6.507644,-18.97079
963,16.04797,-2.68077,-3.827532,-10.76972
964,16.06458,-2.68077,-3.827532,-10.76972
965,16.08167,-1.198749,9.179471,-4.76805
966,16.09802,0.8762557,10.81669,3.485323
967,16.11462,-0.3804491,3.137666,-1.513243
968,16.13135,0.01387754,0.3312427,0.05519817
969,16.14795,0.8131203,1.158228,3.234201
970,16.16455,0.8131203,1.158228,3.234201
971,16.18127,5.571462,7.984802,22.16059
972,16.19812,6.29895,9.122016,25.05419
973,16.21448,9.422603,13.84076,37.47858
974,16.2312,8.382092,17.53816,33.33993
975,16.24792,7.875522,11.91813,31.32504
976,16.26465,7.875522,11.91813,31.32504
977,16.28125,5.742804,4.041669,23.42654
978,16.29797,6.634296,7.651877,26.43729
979,16.31458,8.753193,11.88884,34.87666
980,16.33118,9.882551,13.01188,39.3765
981,16.34802,10.85432,5.441946,43.24846
982,16.3645,10.85432,5.441946,43.24846
983,16.38135,9.603682,-4.033366,38.26535
984,16.39795,10.09079,-3.544359,40.2062
985,16.41455,11.23883,-3.691693,47.07348
986,16.43127,9.521531,-10.23006,38.02269
987,16.44788,11.58053,-12.63689,46.22278
988,16.46448,11.58053,-12.63689,46.22278
989,16.4812,9.249654,-6.295618,36.91904
990,16.4978,2.656934,-12.80668,48.55825
991,16.51453,8.571067,-14.43771,51.80552
992,16.53113,-7.959821,-3.908119,44.95197
993,16.54785,-4.185964,-2.857237,48.88745
994,16.56458,-4.185964,-2.857237,48.88745
995,16.58105,6.088178,22.32719,51.36135
996,16.59778,11.88116,31.39535,64.58821
997,16.61511,11.49277,29.26373,56.40901
998,16.6311,14.59206,33.71115,62.75845
999,16.64819,15.35813,35.10623,63.6362
1000,16.66455,15.35813,35.10623,63.6362
1001,16.68127,13.45024,33.40864,55.722
1002,16.69763,9.950298,34.87789,57.30626
1003,16.71448,13.91975,35.51735,57.84171
1004,16.73108,1.199869,36.06298,61.821
1005,16.74792,4.413405,30.80835,49.05939
1006,16.76477,4.413405,30.80835,49.05939
1007,16.78101,-2.092646,36.51328,50.84431
1008,16.79773,6.029898,27.33082,41.12994
1009,16.81445,8.005701,28.49637,33.65939
1010,16.8313,8.393539,35.37725,37.67195
1011,16.84778,9.908863,34.59333,41.66141
1012,16.86438,9.908863,34.59333,41.66141
1013,16.88123,13.99244,46.48011,50.19453
1014,16.89783,11.65858,49.31589,48.87887
1015,16.91443,14.0415,57.55623,58.91426
1016,16.93103,13.59824,65.8078,57.0546
1017,16.948,12.17415,57.25437,51.07951
1018,16.96448,12.17415,57.25437,51.07951
1019,16.98108,4.648319,46.02622,51.70895
1020,16.99817,12.05956,49.45894,50.88592
1021,17.01477,9.462693,36.33794,44.56249
1022,17.03137,7.643063,41.88501,51.31777
1023,17.04797,-0.1371756,39.04599,48.73141
1024,17.06458,-0.1371756,39.04599,48.73141
1025,17.08105,-1.623331,22.59201,30.12845
1026,17.0979,4.459869,34.11912,39.88647
1027,17.1145,-1.212557,26.34301,32.28099
1028,17.13098,-8.996434,7.452213,30.56553
1029,17.14771,2.056115,5.433326,18.64844
1030,17.16431,2.056115,5.433326,18.64844
1031,17.18103,-1.188545,-17.83635,13.66366
1032,17.19775,-9.169508,-26.292,7.796256
1033,17.21436,-1.825288,-41.69517,-7.417062
1034,17.23108,-6.606927,-37.49183,-15.28812
1035,17.2478,-21.59019,-39.20918,-23.93592
1036,17.2644,-21.59019,-39.20918,-23.93592
1037,17.28101,-10.90598,-38.79982,-34.42056
1038,17.29797,-11.76869,-56.54635,-51.76978
1039,17.31433,-20.02815,-72.79758,-75.39175
1040,17.33105,-15.53038,-62.20941,-68.46953
1041,17.34778,-18.79296,-80.09758,-78.25581
1042,17.36438,-18.79296,-80.09758,-78.25581
1043,17.3811,-19.01902,-80.61504,-83.50823
1044,17.39783,-18.49621,-67.56014,-81.92178
1045,17.41443,-6.757084,-43.12546,-63.01767
1046,17.43103,-16.19869,-48.99799,-71.75565
1047,17.44775,-16.58391,-48.75164,-73.31535
1048,17.46436,-16.58391,-48.75164,-73.31535
1049,17.4812,-13.13326,-36.83948,-58.05978
1050,17.49817,5.87174,-32.1012,-57.14476
1051,17.5144,-12.47095,-38.25973,-67.40349
1052,17.53137,-3.208985,-30.5682,-59.0695
1053,17.54773,-10.84927,-24.98698,-52.44078
1054,17.56445,-10.84927,-24.98698,-52.44078
1055,17.58105,-17.52233,-42.59376,-76.77274
1056,17.59766,-15.73228,-37.25155,-68.50554
1057,17.61426,-13.04592,-24.68017,-56.80468
1058,17.63098,-13.82257,-25.11507,-60.18634
1059,17.64771,-13.27755,-24.87462,-57.81321
1060,17.66431,-13.27755,-24.87462,-57.81321
1061,17.68115,-10.53442,-11.41845,-49.99056
1062,17.69775,-6.654125,-12.49811,-58.97895
1063,17.71472,-0.3609958,-7.809536,-51.58843
1064,17.73108,-8.245722,-5.775728,-42.46381
1065,17.74805,-9.137812,-8.038154,-55.72491
1066,17.76428,-9.137812,-8.038154,-55.72491
1067,17.78137,-14.60584,-25.52012,-63.29573
1068,17.79773,-11.78576,-20.8932,-52.5979
1069,17.81433,-13.75498,-22.7327,-59.34951
1070,17.83118,-7.003829,-14.26662,-57.23213
1071,17.84766,-7.475334,-16.43846,-45.48128
1072,17.8645,-7.475334,-16.43846,-45.48128
1073,17.8811,0.3476652,-16.15063,-44.6287
1074,17.89758,-8.580351,-17.41562,-46.93445
1075,17.91431,3.097684,-22.37364,-65.22124
1076,17.9314,-1.117906,-17.23385,-50.51781
1077,17.94763,-11.54405,-17.14529,-48.83289
1078,17.96436,-11.54405,-17.14529,-48.83289
1079,17.98108,-3.635441,-13.27087,-40.77003
1080,17.99756,-11.73108,-16.11337,-48.75404
1081,18.0144,-9.912203,-13.27155,-41.06579
1082,18.03101,-13.35176,-17.44413,-55.31399
1083,18.04761,-12.82658,-16.34458,-53.13825
1084,18.06494,-12.82658,-16.34458,-53.13825
1085,18.08105,-9.636966,-11.75325,-39.92426
1086,18.09766,-11.37438,-13.13038,-47.12206
1087,18.1145,-5.121718,-9.431733,-34.14989
1088,18.13086,-6.178029,-1.011011,-38.52802
1089,18.14771,-6.524662,-12.02662,-45.64598
1090,18.16431,-6.524662,-12.02662,-45.64598
1091,18.18079,-11.34644,-11.94667,-46.60768
1092,18.19788,-8.85188,-9.073653,-36.34411
1093,18.21448,-11.26439,-11.25944,-46.24929
1094,18.23096,-8.512754,-8.874313,-37.40215
1095,18.24768,-6.104363,-5.522663,-29.67252
1096,18.26416,-6.104363,-5.522663,-29.67252
1097,18.28101,-1.168817,15.10056,-27.2836
1098,18.29761,-5.29613,11.83521,-21.7766
1099,18.31421,-4.748356,6.455163,-19.36017
1100,18.33093,-3.627567,-2.506019,-14.78823
1101,18.34778,4.67953,-2.055966,-13.61698
1102,18.36426,4.67953,-2.055966,-13.61698
1103,18.38098,-3.024417,-2.636105,-12.31486
1104,18.39758,-0.1829918,-0.159093,-0.7447092
1105,18.41418,-0.3265775,-0.282748,-1.328972
1106,18.43103,-3.210907,-2.762828,-13.06643
1107,18.44751,-3.636824,-5.666471,-14.79965
1108,18.46423,-3.636824,-5.666471,-14.79965
1109,18.48096,-2.98347,-8.050916,-12.1409
1110,18.4978,0.02890235,-12.08147,0.1176149
1111,18.51428,-0.08046897,-1.47425,-0.3274595
1112,18.53088,0.6132462,-6.118906,2.495537
1113,18.54822,0.8278023,-7.055013,3.368649
1114,18.56421,0.8278023,-7.055013,3.368649
1115,18.58093,2.027187,-17.34773,8.249412
1116,18.59814,-1.479379,-21.77162,-6.020168
1117,18.61414,-2.021058,-26.18552,-8.224472
1118,18.63086,-1.925811,-31.67803,-7.836873
1119,18.64758,-0.8103359,-31.75658,-3.297572
1120,18.66418,-0.8103359,-31.75658,-3.297572
1121,18.68091,-0.06357042,-42.97795,-0.2586928
1122,18.69763,-1.35534,-51.65031,-5.515406
1123,18.71411,-1.317775,-56.70894,-5.362541
1124,18.73108,-0.7814143,-51.08728,-3.179879
1125,18.74817,3.752017,-45.23982,15.26842
1126,18.76416,3.752017,-45.23982,15.26842
1127,18.78088,3.327518,-14.58303,13.54096
1128,18.79761,-4.096294,-10.72354,14.65421
1129,18.81421,5.9676,-16.13367,24.51709
1130,18.83093,5.86982,-14.05598,23.93061
1131,18.84753,5.507168,-12.80606,22.45065
1132,18.86414,5.507168,-12.80606,22.45065
1133,18.88086,8.867357,4.466195,38.15837
1134,18.89758,10.41319,8.907041,45.22714
1135,18.91418,3.611842,6.277076,31.86898
1136,18.93079,8.415417,7.226367,34.62696
1137,18.94763,6.674926,5.839973,27.40651
1138,18.96436,6.674926,5.839973,27.40651
1139,18.98083,1.564839,1.402823,6.424912
1140,18.99768,2.917452,-2.319065,11.97847
1141,19.01416,1.028766,-10.5045,4.223905
1142,19.03088,1.112263,-11.59221,4.566725
1143,19.04749,-0.3785917,-13.82036,-1.554421
1144,19.06433,-0.3785917,-13.82036,-1.554421
1145,19.08081,-1.446941,-8.957531,-5.940846
1146,19.09753,12.22023,-15.81834,-11.76804
1147,19.11414,5.030409,-17.17389,-12.72105
1148,19.1311,5.418635,-10.45897,-15.46763
1149,19.14758,3.848766,-19.99268,-17.2003
1150,19.16418,3.848766,-19.99268,-17.2003
1151,19.18079,5.591722,-31.76758,-4.157672
1152,19.19751,21.37629,-33.00274,3.412035
1153,19.21423,12.60601,-29.49839,7.893823
1154,19.23071,9.527088,-26.24517,6.242773
1155,19.24744,4.164061,-17.7825,5.735333
1156,19.26416,4.164061,-17.7825,5.735333
1157,19.28101,1.53612,-31.00463,5.701204
1158,19.29773,0.4172344,-39.11556,1.64588
1159,19.31421,-0.1842715,-26.69145,-0.7278917
1160,19.33093,1.070922,-12.73048,4.230175
1161,19.34753,0.02142455,-0.2509344,0.08462765
1162,19.36414,0.02142455,-0.2509344,0.08462765
1163,19.38074,5.195364,1.789389,8.437049
1164,19.39758,15.03393,3.170068,13.30605
1165,19.41418,19.51701,16.14373,6.814376
1166,19.43079,16.70413,14.56613,17.2545
1167,19.44739,17.5084,11.13758,18.79361
1168,19.46411,17.5084,11.13758,18.79361
1169,19.48071,5.511718,8.828106,15.14733
1170,19.49744,5.020983,8.458694,13.05046
1171,19.51404,8.617046,14.87687,24.39091
1172,19.53088,4.138417,16.23924,15.92133
1173,19.54761,4.185,19.51257,16.13945
1174,19.56409,4.185,19.51257,16.13945
1175,19.58081,4.955659,21.83861,19.11189
1176,19.59753,4.735762,25.46583,18.26383
1177,19.61414,12.19615,28.31303,12.24059
1178,19.63074,9.67577,33.39378,24.38776
1179,19.64746,6.402663,42.23715,18.25786
1180,19.66443,6.402663,42.23715,18.25786
1181,19.68066,6.874785,50.3258,26.31304
1182,19.69739,5.195947,55.44134,19.90364
1183,19.71411,4.903972,59.86124,18.78532
1184,19.73071,4.577813,59.50457,17.53593
1185,19.74731,4.0588,57.36397,15.57398
1186,19.76404,4.0588,57.36397,15.57398
1187,19.78076,2.778304,46.57543,10.69664
1188,19.79736,3.589353,56.24623,13.84262
1189,19.81396,6.315433,49.78691,24.35596
1190,19.83069,3.934264,43.96135,15.17279
1191,19.84741,4.475142,35.87471,17.25873
1192,19.86401,4.475142,35.87471,17.25873
1193,19.88074,4.085958,19.88679,15.75781
1194,19.89746,6.713307,16.61841,25.89039
1195,19.91406,8.223814,12.78768,31.71577
1196,19.93066,9.695146,13.98728,37.39008
1197,19.94739,9.272405,12.15241,35.75975
1198,19.96399,9.272405,12.15241,35.75975
1199,19.98071,8.551543,11.44018,32.97969
1200,19.99744,8.085064,11.18198,31.75673
1201,20.01404,8.695135,13.12075,38.4229
1202,20.03076,-1.740218,13.48498,39.95023
1203,20.04773,8.890656,12.86139,34.74504
1204,20.06409,8.890656,12.86139,34.74504
1205,20.08057,7.961242,11.78204,30.85979
1206,20.09729,9.188852,13.03598,35.61831
1207,20.11414,8.902002,-1.39787,34.5064
1208,20.1311,1.777088,2.407497,20.65526
1209,20.14734,0.5443168,-7.056473,20.59352
1210,20.16406,0.5443168,-7.056473,20.59352
1211,20.18079,-9.896335,-19.39691,15.31676
1212,20.19739,-10.69331,-12.74177,27.9875
1213,20.21399,2.078629,-6.654579,18.64676
1214,20.23071,6.61035,-2.193108,26.1569
1215,20.24744,2.049798,3.724777,21.85998
1216,20.26416,2.049798,3.724777,21.85998
1217,20.28076,-2.548388,7.369845,29.35893
1218,20.29736,-2.982263,14.99836,38.39266
1219,20.31396,-1.314611,18.25657,45.34197
1220,20.33057,-3.37402,14.97005,37.20777
1221,20.34729,8.796472,15.69905,35.41674
1222,20.36389,8.796472,15.69905,35.41674
1223,20.38074,-2.515438,14.22056,33.82423
1224,20.39734,2.059195,16.36851,37.23483
1225,20.41394,-8.714091,13.30061,32.46212
1226,20.43054,-6.580998,15.16797,35.76826
1227,20.44727,2.756024,20.97609,33.955
1228,20.46387,2.756024,20.97609,33.955
1229,20.48059,8.659147,17.50074,35.98095
1230,20.49731,8.082269,18.46299,37.7113
1231,20.51392,9.701839,21.2876,42.67944
1232,20.53064,7.389192,23.74595,47.61069
1233,20.54724,0.08361207,23.80416,48.72385
1234,20.56396,0.08361207,23.80416,48.72385
1235,20.58093,9.670916,21.76471,40.8417
1236,20.59729,10.58546,24.03381,44.41768
1237,20.61401,9.528858,21.95494,39.98063
1238,20.63049,9.561151,22.35437,40.11606
1239,20.64734,11.6687,27.76146,48.9588
1240,20.66406,11.6687,27.76146,48.9588
1241,20.68066,10.11269,25.94421,44.17639
1242,20.69739,8.766918,31.25632,52.93537
1243,20.71411,6.101501,30.07852,50.51307
1244,20.73059,-1.499723,26.16842,44.79705
1245,20.74731,4.232471,29.38147,48.0352
1246,20.76404,4.232471,29.38147,48.0352
1247,20.78064,-7.005592,34.03091,56.48446
1248,20.79724,-12.40318,36.03896,59.99316
1249,20.81384,-15.21462,31.61241,52.86174
1250,20.83057,-5.063409,25.26042,41.34157
1251,20.84729,-8.989604,19.37392,41.23727
1252,20.86389,-8.989604,19.37392,41.23727
1253,20.88062,-17.61328,0.4998496,39.87774
1254,20.89734,-24.41992,-4.342706,33.25614
1255,20.91382,-32.33414,-16.93384,16.23193
1256,20.93066,-27.94975,-10.60938,10.64299
1257,20.94727,-34.59286,-24.84274,6.187598
1258,20.96472,-34.59286,-24.84274,6.187598
1259,20.98071,-20.32664,-33.98698,-5.71199
1260,20.99731,-14.71528,-42.66162,-10.35875
1261,21.01392,-19.22009,-47.96112,-20.94513
1262,21.03064,-28.26397,-59.11078,-35.93036
1263,21.04724,-12.24784,-66.08073,-52.66398
1264,21.06396,-12.24784,-66.08073,-52.66398
1265,21.08093,-13.69689,-72.62851,-64.73173
1266,21.09729,-13.95786,-55.06681,-68.29015
1267,21.11389,-13.15675,-41.19743,-66.20361
1268,21.13049,-12.69055,-37.22704,-63.86891
1269,21.14722,-20.80704,-51.65872,-90.89379
1270,21.16394,-20.80704,-51.65872,-90.89379
1271,21.18054,-19.85324,-53.09426,-100.1321
1272,21.19727,-32.22541,-59.22073,-114.4629
1273,21.21399,-20.62382,-54.7645,-103.8464
1274,21.23047,-19.18703,-60.58064,-95.8586
1275,21.24744,-13.80034,-41.42498,-82.95632
1276,21.26392,-13.80034,-41.42498,-82.95632
1277,21.28052,-6.854255,-20.69007,-82.71287
1278,21.29724,-16.04059,-34.70962,-84.13095
1279,21.31396,-18.23087,-36.53062,-92.41918
1280,21.33057,-14.47446,-27.93977,-72.39021
1281,21.34717,-16.70861,-33.0714,-83.55191
1282,21.36389,-16.70861,-33.0714,-83.55191
1283,21.38049,-2.528788,-18.97503,-55.53616
1284,21.39722,-1.776174,-17.92399,-55.65482
1285,21.41406,-4.013086,-10.78369,-64.55256
1286,21.43054,-12.54041,-20.93775,-65.25726
1287,21.44714,-13.16374,-33.84766,-65.59329
1288,21.46387,-13.16374,-33.84766,-65.59329
1289,21.48047,1.947612,-16.21553,-58.04405
1290,21.49744,13.81521,-13.33812,-51.73879
1291,21.51404,15.01704,-12.01806,-48.2681
1292,21.53052,19.08637,-10.99366,-47.41241
1293,21.54724,21.91872,-13.35451,-58.47676
1294,21.56384,21.91872,-13.35451,-58.47676
1295,21.58044,32.85793,-8.415712,-46.31693
1296,21.59729,31.25332,-3.157269,-28.33341
1297,21.61377,38.17265,0.7738697,-25.14835
1298,21.63049,30.63168,11.14158,-29.75752
1299,21.64734,29.03257,-1.028364,-22.41754
1300,21.66418,29.03257,-1.028364,-22.41754
1301,21.68042,18.76808,-8.088284,-41.76045
1302,21.69714,29.23552,-3.636864,-24.4352
1303,21.71387,22.98781,-4.530258,-27.41346
1304,21.73047,6.103372,-3.874491,-20.18945
1305,21.74719,6.681186,-4.154829,-22.032
1306,21.76392,6.681186,-4.154829,-22.032
1307,21.78052,-9.359883,-7.729481,-36.78732
1308,21.79712,-10.16042,-8.813399,-38.16829
1309,21.81384,-6.753879,-14.76661,-25.35913
1310,21.83057,-3.458076,-15.42876,-12.98413
1311,21.84717,-4.335647,-3.237253,-16.27917
1312,21.86401,-4.335647,-3.237253,-16.27917
1313,21.88049,-6.34218,-4.487101,-23.81316
1314,21.89722,-4.468946,-3.11794,-16.77967
1315,21.91382,-12.01921,-4.615224,-23.90826
1316,21.93042,-6.532194,-4.378079,-24.47423
1317,21.94714,-8.83523,-4.862481,-27.41253
1318,21.96387,-8.83523,-4.862481,-27.41253
1319,21.98047,-7.454758,-15.31193,-28.08288
1320,21.99731,-6.004676,-10.3068,-22.62071
1321,22.01392,-7.370769,-16.40185,-27.76703
1322,22.03064,-6.445313,-10.08525,-24.28067
1323,22.04712,-6.86007,-4.211624,-25.84314
1324,22.06384,-6.86007,-4.211624,-25.84314
1325,22.08044,-6.780214,-3.701885,-25.50529
1326,22.09729,-6.560932,-3.486032,-24.67535
1327,22.11377,-9.829551,-5.048191,-36.9684
1328,22.13049,-7.773261,-3.879318,-29.23481
1329,22.14709,-6.62336,-3.220077,-24.9101
1330,22.16382,-6.62336,-3.220077,-24.9101
1331,22.18066,-4.639934,-2.158713,-17.45054
1332,22.19714,-6.355586,-1.048249,-23.90301
1333,22.21375,-3.651533,-1.60563,-13.73322
1334,22.23047,-5.142966,-2.227368,-19.34241
1335,22.24719,-3.626877,-1.547542,-13.64049
1336,22.26379,-3.626877,-1.547542,-13.64049
1337,22.2804,-7.006367,-0.3741294,-26.3409
1338,22.297,-6.918228,-3.739278,-36.9035
1339,22.31372,-7.222161,-3.770147,-39.05196
1340,22.33044,5.75543,-2.879989,-34.28399
1341,22.34705,0.6593527,4.447496,-32.75207
1342,22.36401,0.6593527,4.447496,-32.75207
1343,22.38037,8.890683,14.97104,-24.22568
1344,22.39697,11.78801,7.530814,-24.01052
1345,22.41382,2.641567,-1.340106,-21.84554
1346,22.43042,-7.187923,-2.278243,-29.85608
1347,22.44714,-4.258461,-1.140765,-15.29751
1348,22.46387,-4.258461,-1.140765,-15.29751
1349,22.48035,-3.282748,-0.8333853,-11.77881
1350,22.49695,-5.435809,-1.33854,-19.50418
1351,22.51404,3.148741,-1.357441,-22.87822
1352,22.5304,-3.017786,-1.271841,-20.73522
1353,22.547,8.511198,-5.787475,-21.914
1354,22.56409,8.511198,-5.787475,-21.914
1355,22.58032,28.84543,-0.01428477,-8.538582
1356,22.59717,45.34533,-0.0001185192,-13.28527
1357,22.61365,42.64204,0.4884121,-12.964
1358,22.63037,58.66941,0.002139065,-18.02865
1359,22.64709,45.14184,-0.05649529,-15.24139
1360,22.66357,45.14184,-0.05649529,-15.24139
1361,22.68042,35.20535,-0.001640743,-11.5344
1362,22.69714,30.26152,-1.361308e-05,-10.03936
1363,22.71362,20.98107,-1.554572e-07,-7.027552
1364,22.73035,13.21723,-0.1356477,-4.399687
1365,22.74707,2.759551,-0.000817691,-0.9327993
1366,22.76367,2.759551,-0.000817691,-0.9327993
1367,22.7804,-0.6335854,-13.53292,-1.874298
1368,22.797,0.7661582,-13.44484,2.265719
1369,22.81372,0.4112639,-3.805355,1.216212
1370,22.83032,1.527699,-11.97981,4.517795
1371,22.84705,0.006690762,-0.05246717,0.01978628
1372,22.86389,0.006690762,-0.05246717,0.01978628
1373,22.88037,2.203118,0.3759104,6.515179
1374,22.89697,0.3156519,0.0542616,0.9334627
1375,22.9137,-0.650263,0.04056116,0.9913152
1376,22.9303,-0.6369908,-2.307755,1.190295
1377,22.94702,-0.3442624,-2.61095,1.209459
1378,22.96362,-0.3442624,-2.61095,1.209459
1379,22.98096,2.384463,-5.232371,1.371891
1380,22.99707,1.578377,-12.48132,4.64598
1381,23.01367,3.408672,-7.875062,10.10754
1382,23.03052,4.162995,-12.91856,12.34448
1383,23.047,-4.677388,-13.5983,7.281328
1384,23.06372,-4.677388,-13.5983,7.281328
1385,23.08044,11.33229,-20.60778,4.513709
1386,23.09729,5.760476,-26.6035,8.698595
1387,23.11365,8.998772,-19.63989,4.722882
1388,23.13049,13.57307,-19.10274,0.05808999
1389,23.14697,18.23784,-32.46371,6.316799
1390,23.16357,18.23784,-32.46371,6.316799
1391,23.18042,13.3493,-26.10157,-2.622624
1392,23.1969,16.71461,-33.11249,2.670491
1393,23.21375,17.58914,-41.5146,-5.214524
1394,23.23035,18.44359,-36.30538,0.7461628
1395,23.24683,16.9208,-35.13263,6.072851
1396,23.26367,16.9208,-35.13263,6.072851
1397,23.2804,32.39434,-21.87964,-4.351174
1398,23.297,32.87367,-16.79967,-4.258885
1399,23.3136,19.17399,-11.44163,-1.198339
1400,23.33032,10.46331,-9.796534,-0.5159845
1401,23.34692,0.6671498,-0.9977311,0.887665
1402,23.36365,0.6671498,-0.9977311,0.887665
1403,23.38025,0.0002681261,-0.002135708,0.0006731651
1404,23.39697,1.174294e-06,-9.353617e-06,2.948216e-06
1405,23.41382,6.351955e-09,-5.643484e-08,1.701296e-08
1406,23.4303,0.0,0.0,0.0
1407,23.44702,0.0,0.0,0.0
1408,23.4635,0.0,0.0,0.0
1409,23.4801,0.0,0.0,0.0
1410,23.49695,6.979354,0.0,-2.60908
1411,23.51404,0.09997885,0.0,-0.03737492
1412,23.53015,0.4836593,0.2039033,-0.2511896
1413,23.54688,3.229371,3.336258,-2.361644
1414,23.5636,3.229371,3.336258,-2.361644
1415,23.58032,6.216903,0.0002296629,-2.341631
1416,23.59705,3.397818,1.905489e-06,-1.28136
1417,23.61365,8.405083,-0.04994499,-4.200341
1418,23.63098,5.706736,-0.0004143884,-2.171298
1419,23.64685,11.05939,-3.438137e-06,-4.207105
1420,23.6637,11.05939,-3.438137e-06,-4.207105
1421,23.68018,-6.419696,-1.719553e-10,2.445099
1422,23.69702,-12.66212,0.9262572,4.649748
1423,23.71362,-25.16809,12.54461,5.136634
1424,23.73035,-37.2709,13.03616,9.310051
1425,23.74707,-52.19595,1.828131,14.51192
1426,23.76355,-52.19595,1.828131,14.51192
1427,23.78027,-58.86596,-0.940293,0.1051751
1428,23.79688,-52.91749,-0.6847092,2.833581
1429,23.81348,-38.9681,-0.05726719,11.75788
1430,23.8302,-34.11742,-0.000653974,11.22605
1431,23.84692,-32.98672,3.383286,9.573533
1432,23.86365,-32.98672,3.383286,9.573533
1433,23.88025,-35.77849,0.000169212,11.33287
1434,23.89685,-47.89027,7.410868e-07,14.86656
1435,23.9137,-58.40282,8.462987e-09,17.68333
1436,23.93018,-53.46789,-0.5408388,3.499182
1437,23.9469,-67.89047,-0.7524862,1.738524
1438,23.96362,-67.89047,-0.7524862,1.738524
1439,23.98022,-51.98783,-0.3064165,6.244931
1440,23.99695,-30.45306,-0.4102991,-2.762493
1441,24.01367,-10.97444,-0.006673634,2.712707
1442,24.03015,6.463648,-2.922807e-05,-1.705175
1443,24.04688,9.927308,-3.337757e-07,-2.626479
1444,24.06348,9.927308,-3.337757e-07,-2.626479
1445,24.08032,7.890097,0.000442474,-2.11543
1446,24.09705,12.8351,2.667254e-06,-3.474968
1447,24.1134,25.26463,2.212993e-08,-6.929412
1448,24.13037,27.75323,0.0,-7.710222
1449,24.14685,27.00015,0.0,-7.596769
1450,24.16357,27.00015,0.0,-7.596769
1451,24.18018,36.63626,0.2672761,-3.627477
1452,24.1969,47.61883,0.001611153,-14.11949
1453,24.2135,46.89874,0.005739969,-14.13417
1454,24.2301,51.83764,0.1115751,-13.29553
1455,24.24683,51.83764,0.1115751,-13.29553
1456,24.26355,45.17607,3.937145,-3.944443
1457,24.2804,39.52545,0.1165703,-10.68989
1458,24.29688,37.7641,0.4624848,-1.954179
1459,24.31396,29.17852,0.1783454,-5.909177
1460,24.3302,29.79247,0.6034202,3.27333
1461,24.34692,6.682792,0.1731156,1.542825
1462,24.36353,6.682792,0.1731156,1.542825
1463,24.38025,-10.59857,0.4219691,13.05616
1464,24.39673,-1.927686,0.3663626,8.661363
1465,24.41345,-2.167637,0.7531045,16.5046
1466,24.43018,-5.11067,1.176389,25.21069
1467,24.4469,-6.212862,1.159249,24.20162
1468,24.46375,-6.212862,1.159249,24.20162
1469,24.4801,-0.7886388,1.867864,32.05571
1470,24.49683,-1.075951,1.703206,27.70861
1471,24.51355,-11.41861,1.617496,28.3841
1472,24.53015,-1.581536,2.190594,31.93975
1473,24.54688,5.285511,2.149655,27.43821
1474,24.56348,5.285511,2.149655,27.43821
1475,24.58008,7.192942,2.706496,31.33067
1476,24.5968,5.090458,2.26492,25.34092
1477,24.61353,12.07822,3.701671,37.66506
1478,24.63013,15.14434,17.31497,47.08755
1479,24.64697,14.52619,17.66169,49.28807
1480,24.66345,14.52619,17.66169,49.28807
1481,24.68018,18.33887,40.92727,56.20597
1482,24.6969,18.57353,37.79758,56.92505
1483,24.7135,14.65731,25.27412,48.38788
1484,24.7301,12.42826,22.65254,40.75102
1485,24.7467,12.42826,22.65254,40.75102
1486,24.76355,14.41331,14.13441,47.04708
1487,24.78003,12.90694,25.83491,45.18665
1488,24.79675,1.991923,11.05639,35.87886
1489,24.81335,-1.478552,10.73562,28.31037
1490,24.83008,-10.93291,9.268232,11.49472
1491,24.84729,-18.84854,0.2891085,7.210502
1492,24.8634,-18.84854,0.2891085,7.210502
1493,24.88013,-26.23812,-2.668576,-7.076471
1494,24.89685,-16.36935,-4.808236,-23.1369
1495,24.91345,-23.65921,-8.041169,-41.36185
1496,24.93018,-14.04236,-9.173667,-44.785
1497,24.94678,-14.04236,-9.173667,-44.785
1498,24.9635,-19.3153,-9.87172,-62.04093
1499,24.9801,-20.75051,-10.29608,-66.65086
1500,24.99683,-17.19882,-18.37889,-58.62519
1501,25.01343,-22.70224,-12.80784,-72.8428
1502,25.03015,-12.76631,-10.64161,-58.45165
1503,25.04675,-12.76631,-10.64161,-58.45165
1504,25.06348,2.90604,-4.871205,-51.07431
1505,25.0802,4.950303,-5.797328,-65.72375
1506,25.0968,8.898904,-5.106361,-63.92207
1507,25.1134,15.07679,-4.610078,-65.16784
1508,25.13013,17.8576,-13.39908,-53.07113
1509,25.14685,12.45849,-8.853824,-50.73927
1510,25.16333,12.45849,-8.853824,-50.73927
1511,25.18005,3.890639,-9.366121,-40.07193
1512,25.1969,4.988759,-3.330978,-48.54482
1513,25.21338,-2.251333,-16.17598,-52.27853
1514,25.23071,-4.272397,-18.7237,-33.9711
1515,25.2467,-4.272397,-18.7237,-33.9711
1516,25.26331,-15.30724,-35.45027,-44.60828
1517,25.28027,-1.082389,-32.77887,-42.88044
1518,25.29675,0.7175413,-31.95091,-36.48294
1519,25.31335,-11.09379,-23.41204,-39.9876
1520,25.33008,-2.156403,-18.4596,-44.1054
1521,25.34668,-2.156403,-18.4596,-44.1054
1522,25.3634,-9.3765,-32.18591,-27.10543
1523,25.38025,-10.33626,-30.33507,-30.58419
1524,25.39661,1.866071,-17.55347,-19.75753
1525,25.41345,0.5360103,-10.64714,-22.59489
1526,25.43005,7.168198,-10.86127,-19.02533
1527,25.44666,7.168198,-10.86127,-19.02533
1528,25.46375,16.22245,-3.872328,-23.09907
1529,25.47998,19.01132,-10.92833,-12.47944
1530,25.4967,11.54571,-11.41642,-12.74416
1531,25.51343,1.553485,-2.661941,-17.50308
1532,25.52991,-1.279278,-9.692544,-18.08999
1533,25.54675,-1.279278,-9.692544,-18.08999
1534,25.56335,11.41045,-5.421468,-21.035
1535,25.57996,9.72814,-6.597024,-6.290154
1536,25.59668,13.2311,0.04690986,-7.003814
1537,25.61353,14.54023,0.000205448,-5.492325
1538,25.63,7.310304,1.70458e-06,-2.770624
1539,25.64661,7.310304,1.70458e-06,-2.770624
1540,25.66333,2.352627,2.635838e-10,-0.8971635
1541,25.67993,0.01030364,0.0,-0.003929247
1542,25.69666,0.2606597,-0.02862214,0.6832694
1543,25.7135,4.920732,-0.5292342,12.9036
1544,25.72998,2.855294,0.6675688,7.487421
1545,25.74658,2.855294,0.6675688,7.487421
1546,25.76343,0.2107435,3.394484,0.5526313
1547,25.78003,1.360887,-0.1133038,3.568645
1548,25.79663,0.9250829,-0.08963662,2.425839
1549,25.81323,0.8940866,-0.08592047,2.344558
1550,25.83008,0.007418143,-0.0007128731,0.01945255
1551,25.84668,0.007418143,-0.0007128731,0.01945255
1552,25.86328,9.663531e-07,-9.296755e-08,2.537195e-06
1553,25.88013,5.825223e-09,-5.604128e-10,1.529433e-08
1554,25.89673,0.03809597,-0.3717737,0.1000223
1555,25.91333,1.936916,0.01470046,-1.261218
1556,25.92993,7.842331,0.0001236212,-3.006062
1557,25.94678,7.842331,0.0001236212,-3.006062
1558,25.96326,25.59901,-0.06599043,-10.22631
1559,25.97998,31.18498,0.06398203,-14.23384
1560,25.99658,18.32208,-4.554868,-6.191048
1561,26.01331,23.33389,-1.70965,-11.09236
1562,26.03003,18.51901,-2.470259,-8.749154
1563,26.04651,18.51901,-2.470259,-8.749154
1564,26.06323,21.23825,-2.966665,-25.32845
1565,26.07996,23.39839,-14.00859,-19.44543
1566,26.09668,28.89354,-0.9851316,-15.50594
1567,26.11328,22.67052,0.3109893,-17.48097
1568,26.13,29.88311,0.001874658,-13.15029
1569,26.14648,29.88311,0.001874658,-13.15029
1570,26.16321,20.70278,0.5805857,-23.35235
1571,26.17981,16.90168,0.05262318,-8.900722
1572,26.19653,1.865717,0.0707241,-2.514868
1573,26.21326,-4.166963,0.0004263282,1.87467
1574,26.22998,-11.73106,9.084743,2.467954
1575,26.24646,-11.73106,9.084743,2.467954
1576,26.26355,-22.04011,0.334647,24.12864
1577,26.27991,-39.56443,0.7196028,17.1549
1578,26.29651,-24.63526,0.003151596,10.62144
1579,26.31335,-32.51243,2.614846e-05,13.81281
1580,26.32996,-34.79276,1.576242e-07,14.54574
1581,26.34656,-34.79276,1.576242e-07,14.54574
1582,26.36328,-33.5407,0.0,13.55473
1583,26.38,-43.53287,8.968022,14.55351
1584,26.39661,-37.96765,6.996089,2.532845
1585,26.41333,-37.16122,0.1410835,11.67825
1586,26.42993,-36.05532,2.884754,4.426614
1587,26.4469,-30.66885,0.543853,0.02278169
1588,26.46313,-30.66885,0.543853,0.02278169
1589,26.4668,-35.61508,3.33703,11.35829
1590,26.47986,-34.52827,0.03289634,11.9472
1591,26.49658,-43.82858,0.1969225,13.23138
1592,26.51331,-49.06731,0.7906913,0.879115
1593,26.52991,-49.06731,0.7906913,0.879115
1594,26.54675,-46.48451,0.6566416,2.83307
1595,26.5636,-35.81403,0.2010789,7.833371
1596,26.57983,-23.65087,0.08983232,5.883446
1597,26.59668,-22.43517,0.2294117,2.90414
1598,26.61328,-12.36843,0.001382905,3.842412
1599,26.62988,-12.36843,0.001382905,3.842412
1600,26.64661,-0.004527223,6.916471e-08,0.001412302
1601,26.66321,-3.75619e-05,5.738523e-10,1.171772e-05
1602,26.67993,-5.903464e-07,0.0,1.843261e-07
1603,26.69653,-2.5855e-09,0.0,8.072808e-10
1604,26.71326,-0.224196,0.04388232,-0.7180388
1605,26.72986,-0.224196,0.04388232,-0.7180388
1606,26.7467,-0.6155266,7.195378,-1.971364
1607,26.76331,-15.28286,3.090366,-4.049394
1608,26.78003,-19.38125,6.577478,-1.230907
1609,26.79639,-33.67132,2.56007,0.008014011
1610,26.81311,-44.92902,0.9012445,-1.087044
1611,26.82996,-44.92902,0.9012445,-1.087044
1612,26.84644,-26.72826,0.1763806,4.817971
1613,26.86316,-17.55087,0.1952422,1.907629
1614,26.87988,-4.604414,0.0008550889,1.278144
1615,26.89648,-0.07237156,1.344017e-05,0.0200897
1616,26.91321,-0.0004362592,8.101799e-08,0.0001211017
1617,26.92981,-0.0004362592,8.101799e-08,0.0001211017
1618,26.94653,-4.132252e-08,0.0,1.158985e-08
1619,26.96326,0.0,0.0,0.0
1620,26.97998,-2.248606,0.2417696,0.5567282
1621,26.99658,-0.0135547,0.001457399,0.003355984
1622,27.01318,-0.1389354,1.769583,-0.4958336
1623,27.02979,-0.1389354,1.769583,-0.4958336
1624,27.04651,-0.4331138,5.486279,-1.546672
1625,27.06311,-1.149801,14.49875,-4.105998
1626,27.07983,-0.6588644,2.085516,-2.352839
1627,27.09644,6.860849,14.76926,-6.484536
1628,27.11316,-0.7095677,9.252169,-2.665377
1629,27.12976,-0.7095677,9.252169,-2.665377
1630,27.14648,3.496264,15.33607,-5.786465
1631,27.16309,0.3138573,10.97834,-3.540196
1632,27.17981,-1.255875,15.29257,-4.481119
1633,27.19666,-2.270162,16.93229,-4.744713
1634,27.21313,-3.238326,19.43294,-5.312603
1635,27.22974,-3.238326,19.43294,-5.312603
1636,27.24646,-9.162261,11.82686,-1.258216
1637,27.26318,-0.4291232,4.491024,-1.340741
1638,27.27979,-1.469893,17.24559,-5.238603
1639,27.29651,-2.090814,24.36657,-7.45459
1640,27.31348,-5.743535,17.44144,-4.195538
1641,27.32983,-5.743535,17.44144,-4.195538
1642,27.34644,1.300974,30.5007,-7.142999
1643,27.36304,-2.388132,26.99196,-8.61228
1644,27.37988,-2.082074,28.09956,-7.424025
1645,27.39636,-2.161987,23.54473,-7.708364
1646,27.41296,-2.285146,24.5988,-8.147473
1647,27.42981,-2.285146,24.5988,-8.147473
1648,27.44641,-1.002313,10.6417,-3.576421
1649,27.46326,-1.28233,13.53597,-4.579234
1650,27.47974,-0.939894,9.869823,-3.356411
1651,27.49634,-1.039266,11.58703,-3.711275
1652,27.51306,1.935193,5.367917,6.910674
1653,27.52966,1.935193,5.367917,6.910674
1654,27.54639,-5.819506,0.01715864,1.621151
1655,27.56311,-0.066457,0.0001959465,0.01851306
1656,27.5802,-0.0004006059,1.181175e-06,0.0001115976
1657,27.59631,-3.323857e-06,9.817219e-09,9.256574e-07
1658,27.61328,-3.047496,0.0,0.8506866
1659,27.62964,-3.047496,0.0,0.8506866
1660,27.64636,-9.833852,0.0,2.723268
1661,27.66333,-7.289612,0.0,2.009018
1662,27.67969,-6.504431,0.2364197,-1.970785
1663,27.69641,-15.44847,0.3929079,-1.950273
1664,27.71313,-13.26028,0.2696402,2.458876
1665,27.72974,-13.26028,0.2696402,2.458876
1666,27.74634,-6.234792,3.218823,0.4625107
1667,27.76294,-3.761327,8.216337,-2.273376
1668,27.77966,-8.205726,13.93531,-4.870367
1669,27.79639,-7.563738,21.21505,-6.072773
1670,27.81311,-15.78851,19.49109,-3.348531
1671,27.82971,-15.78851,19.49109,-3.348531
1672,27.84644,-21.08844,32.31616,-7.258487
1673,27.86304,-16.51738,19.70732,-3.626305
1674,27.88037,-17.63661,9.482306,0.6043756
1675,27.89624,-17.94868,9.727776,0.5135005
1676,27.91296,-9.938182,1.373842,1.856854
1677,27.92981,-9.938182,1.373842,1.856854
1678,27.94629,-8.246377,0.5046254,1.719515
1679,27.96301,-13.15345,1.275521,2.597753
1680,27.97974,-3.129924,0.01456607,0.7306557
1681,27.99622,-10.96161,0.3381766,2.434809
1682,28.01306,-0.4795339,1.737666,-0.5816727
1683,28.02966,-0.4795339,1.737666,-0.5816727
1684,28.04626,-0.7523376,8.424796,-3.209152
1685,28.06299,-1.689492,18.80644,-7.206819
1686,28.07971,-8.565666,12.70465,-3.155897
1687,28.09619,-1.077093,11.21698,-4.325703
1688,28.11316,-0.8849664,9.747219,-3.780303
1689,28.12976,-0.8849664,9.747219,-3.780303
1690,28.14624,-0.347016,3.738526,-1.45542
1691,28.16296,-0.4673441,5.120987,-2.000464
1692,28.17969,-0.3060924,3.346891,-1.310535
1693,28.19653,-0.7689145,8.377886,-3.292119
1694,28.21301,-0.4925095,5.353658,-2.108687
1695,28.22961,-0.4925095,5.353658,-2.108687
1696,28.24634,-1.498571,16.1568,-6.416154
1697,28.26306,-1.79673,19.25892,-7.692724
1698,28.27954,-1.957264,20.81019,-8.380054
1699,28.29626,-1.685788,19.50813,-7.217726
1700,28.31311,-1.941421,14.12495,-5.623955
1701,28.32971,-1.941421,14.12495,-5.623955
1702,28.34656,-11.31798,5.565994,0.2118536
1703,28.36292,-0.7365604,6.744709,-2.765343
1704,28.37952,-0.1331874,1.371978,-0.5670578
1705,28.39624,-0.9378558,9.730757,-4.037874
1706,28.41296,-3.001009,14.77782,-5.788627
1707,28.42957,-3.001009,14.77782,-5.788627
1708,28.44641,3.970046,17.14799,-8.523738
1709,28.46301,-2.550173,26.21685,-11.13392
1710,28.47961,-3.194803,32.02165,-13.75646
1711,28.49622,-4.096004,40.42384,-17.63531
1712,28.51294,-0.6151233,33.85006,-2.648406
1713,28.52954,-0.6151233,33.85006,-2.648406
1714,28.54626,-0.02607182,24.49144,-0.1122519
1715,28.56299,0.2968479,9.298263,1.278075
1716,28.57959,0.05884581,0.06507987,0.2533599
1717,28.59619,3.370781,-5.253054,14.51286
1718,28.61304,2.210266,-1.495063,9.516275
1719,28.62952,2.210266,-1.495063,9.516275
1720,28.64624,1.56658,-13.38496,6.744892
1721,28.66309,-0.1042181,-19.30729,9.394018
1722,28.67957,-1.23999,-16.95202,8.243541
1723,28.69629,-12.30644,-9.507365,7.272909
1724,28.71289,-13.01393,-6.949932,6.197298
1725,28.73022,-13.01393,-6.949932,6.197298
1726,28.74622,-21.15036,-14.04636,11.16512
1727,28.76294,-28.61956,-5.068574,8.555127
1728,28.77954,-31.28207,-9.59089,11.04501
1729,28.79626,-32.11489,-5.044129,8.969656
1730,28.81299,-33.48215,-11.80567,12.13223
1731,28.82959,-33.48215,-11.80567,12.13223
1732,28.84631,-26.01476,-0.0003116771,4.991499
1733,28.86292,-25.45766,-0.4754433,4.9804
1734,28.87952,-23.96714,-9.181009,8.538389
1735,28.89624,-24.35505,-13.12347,10.2551
1736,28.91296,-14.46382,-10.28495,7.131701
1737,28.92969,-14.46382,-10.28495,7.131701
1738,28.94617,-6.926563,-8.08617,4.743851
1739,28.96277,-14.65306,-9.909889,6.813581
1740,28.97949,-16.54712,-6.963128,5.790891
1741,28.99634,-29.36645,-13.24553,11.88768
1742,29.01294,-31.54642,-14.22451,11.15027
1743,29.02954,-31.54642,-14.22451,11.15027
1744,29.04626,-33.59394,-4.078274,6.723514
1745,29.06287,-18.34915,-1.434875,3.267701
1746,29.07959,-6.382403,-0.3946519,1.080808
1747,29.09631,-0.2138126,-0.001728431,0.03118888
1748,29.11316,-0.001773981,-1.434061e-05,0.0002587709
1749,29.12952,-0.001773981,-1.434061e-05,0.0002587709
1750,29.14624,5.970573,0.0,-0.8552407
1751,29.16284,9.834588,0.0,-1.421115
1752,29.17944,16.72729,0.0,-2.445216
1753,29.19617,20.27101,0.03171442,-3.545354
1754,29.21277,23.0274,0.1245512,-3.558357
1755,29.22949,23.0274,0.1245512,-3.558357
1756,29.24622,32.33883,4.809636,-7.281372
1757,29.26294,31.26171,7.21456,-8.301442
1758,29.27942,33.82452,0.05984801,-5.797472
1759,29.29614,35.23453,0.2538064,-6.316502
1760,29.31287,41.03164,0.002898392,-7.454797
1761,29.32935,41.03164,0.002898392,-7.454797
1762,29.34619,42.17471,0.02357769,-8.558901
1763,29.36279,38.16229,0.0001421274,-7.60141
1764,29.37939,30.70218,11.3944,-11.30554
1765,29.39612,34.07485,1.429862,-7.851541
1766,29.41284,34.18253,13.20097,-13.26425
1767,29.42957,34.18253,13.20097,-13.26425
1768,29.44617,13.63765,7.977427,-6.680007
1769,29.46277,5.086711,15.38489,-8.041678
1770,29.47949,-1.72724,18.82638,-8.084595
1771,29.4967,-1.661387,16.98353,-7.320684
1772,29.5127,-2.307793,20.1338,-8.662424
1773,29.52942,-2.307793,20.1338,-8.662424
1774,29.54614,-1.65331,16.41709,-7.197555
1775,29.56274,-0.8639871,8.666615,-3.819044
1776,29.57947,-1.296311,12.93442,-5.730755
1777,29.59607,-1.316988,13.08399,-5.822168
1778,29.61279,-7.773784,16.33299,-5.669584
1779,29.62939,-7.773784,16.33299,-5.669584
1780,29.64612,-1.148288,11.24976,-5.079624
1781,29.66296,-0.2087094,2.039689,-0.9244048
1782,29.67944,0.9503011,11.86617,-5.879752
1783,29.69617,0.004161969,0.05196947,-0.02575116
1784,29.71277,-0.02566544,0.2501238,-0.1137284
1785,29.72937,-0.02566544,0.2501238,-0.1137284
1786,29.74609,-1.76677e-06,1.721814e-05,-7.828889e-06
1787,29.76294,-1.067393e-08,1.037918e-07,-4.718753e-08
1788,29.77942,-0.880956,8.548064,-3.894548
1789,29.79602,-1.109939,10.73563,-4.906839
1790,29.81274,-1.571586,15.13647,-6.947699
1791,29.82935,-1.571586,15.13647,-6.947699
1792,29.84607,-0.7729844,23.12503,-3.417225
1793,29.86267,0.4021184,31.11984,1.777693
1794,29.87952,0.4891321,30.86494,2.162365
1795,29.896,0.3583136,24.57282,1.58404
1796,29.91309,2.040763,15.28705,1.714369
1797,29.92944,2.040763,15.28705,1.714369
1798,29.94629,-0.03698315,0.3374108,-0.1636851
1799,29.96277,-0.0002229362,0.002033928,-0.0009867016
1800,29.97949,-9.763787e-07,8.907859e-06,-4.32139e-06
1801,29.99622,1.490891,-0.3631637,6.578389
1802,30.01282,0.6630312,-0.159055,2.92555
1803,30.03003,0.6630312,-0.159055,2.92555
1804,30.04602,1.569653,-0.3591357,6.925918
1805,30.06274,3.243554,-0.7121512,14.31182
1806,30.07935,3.260911,-0.8136963,17.20837
1807,30.09607,4.078802,10.55659,18.04391
1808,30.11279,4.242478,9.563297,18.75533
1809,30.12939,4.242478,9.563297,18.75533
1810,30.14612,4.482624,13.26887,19.81687
1811,30.1626,4.807039,21.63286,21.25105
1812,30.17944,3.87021,21.35678,17.1095
1813,30.19617,4.158986,16.64731,18.38613
1814,30.21265,2.828708,14.03496,12.50521
1815,30.22937,2.828708,14.03496,12.50521
1816,30.24597,3.635218,15.49919,16.07064
1817,30.2627,3.86542,5.312239,17.08832
1818,30.2793,4.200674,7.117166,18.57042
1819,30.29602,3.467332,2.513604,15.32845
1820,30.31274,3.491367,8.815606,15.4347
1821,30.32947,3.491367,8.815606,15.4347
1822,30.34595,4.093029,6.145636,18.09455
1823,30.36267,4.700353,1.362725,21.99559
1824,30.37939,4.039521,4.640042,22.09218
1825,30.39612,4.59629,10.49175,28.19938
1826,30.41309,4.204062,7.567658,18.81491
1827,30.42932,4.204062,7.567658,18.81491
1828,30.44604,4.888489,16.00206,21.7357
1829,30.46277,3.124216,7.326084,13.89121
1830,30.47937,4.387046,13.54596,19.50613
1831,30.49597,3.447051,16.27172,15.32663
1832,30.51282,3.033152,12.07017,13.48631
1833,30.5293,3.033152,12.07017,13.48631
1834,30.54602,1.629066,9.085033,7.243318
1835,30.56262,2.748221,6.798375,12.21942
1836,30.57922,-0.5881187,4.895743,-2.614953
1837,30.59595,-2.127414,-0.3170419,-7.876063
1838,30.61279,-5.86638,-1.014837,-26.12066
1839,30.62927,-5.86638,-1.014837,-26.12066
1840,30.64587,-13.99631,-1.179567,-40.48212
1841,30.6626,-10.27109,-1.158935,-45.97757
1842,30.6792,-8.482111,-0.8917438,-37.02281
1843,30.6958,-9.561751,-0.5225763,-43.00051
1844,30.71265,-7.892686,-0.2519501,-35.50215
1845,30.72925,-7.892686,-0.2519501,-35.50215
1846,30.74609,-8.843271,0.1328384,-39.77803
1847,30.76257,-7.597438,-0.9338069,-34.17413
1848,30.7793,-6.140457,-8.46032,-27.62046
1849,30.79602,-1.618765,-10.28097,-34.18552
1850,30.81262,-9.30281,-14.54396,-41.88123
1851,30.82935,-9.30281,-14.54396,-41.88123
1852,30.84595,-5.33346,-21.15906,-23.94403
1853,30.86267,-5.190245,-14.21528,-23.30107
1854,30.87927,-3.993382,-12.22965,-17.92788
1855,30.89587,-5.204042,-0.6488968,-23.36302
1856,30.91296,-2.927998,0.3295797,-13.14495
1857,30.92944,-2.927998,0.3295797,-13.14495
1858,30.94617,-3.591627,0.840205,-16.12424
1859,30.96265,-2.34864,-10.78208,-10.54398
1860,30.97937,-3.212285,-8.499692,-14.42122
1861,30.99597,-2.618419,-2.886186,-11.75512
1862,31.01282,-1.266571,-8.500356,-5.686142
1863,31.02942,-1.266571,-8.500356,-5.686142
1864,31.0459,-3.539408,-2.588482,-15.88981
1865,31.06262,-2.711049,-13.17828,-12.17098
1866,31.07922,-2.025182,-7.955774,-9.091848
1867,31.09656,-1.850834,-13.86281,-8.309129
1868,31.11255,-3.905267,-10.03768,-17.5323
1869,31.12927,-3.905267,-10.03768,-17.5323
1870,31.14587,-4.178188,-11.01473,-18.75755
1871,31.16272,-2.923049,-17.51818,-20.51487
1872,31.1792,-1.98066,-9.032413,-15.96713
1873,31.19592,-3.849317,-17.21037,-20.02176
1874,31.21252,5.660885,-19.24349,-9.602617
1875,31.22925,5.660885,-19.24349,-9.602617
1876,31.24585,1.741694,-23.05882,-2.747319
1877,31.26257,4.195993,-16.71266,-10.38192
1878,31.2793,15.27521,-14.93016,-4.074951
1879,31.2959,17.55318,-19.61959,-0.09713165
1880,31.31262,16.79358,-21.60248,1.386726
1881,31.32922,16.79358,-21.60248,1.386726
1882,31.34595,14.91601,-16.11312,0.6429114
1883,31.36255,6.467081,-15.39336,-1.021605
1884,31.37939,2.405368,-9.7961,-0.6763597
1885,31.39587,0.9725156,-8.619857,3.900343
1886,31.4126,0.005862371,-0.0519609,0.02351145
1887,31.4292,0.005862371,-0.0519609,0.02351145
1888,31.44592,0.0001609615,-0.001450564,0.0006656086
1889,31.46252,-1.72875,0.7730697,-7.14902
1890,31.47913,-1.74058,0.4723088,-7.197938
1891,31.49585,7.242902,0.4996797,-14.47674
1892,31.51282,7.85817,-8.680228,0.4122565
1893,31.5293,7.85817,-8.680228,0.4122565
1894,31.5459,2.335663,-3.863285,0.3983087
1895,31.56274,8.464955,-2.579872,-0.8550303
1896,31.5791,0.4693771,-0.26131,0.009474536
1897,31.59595,0.00536098,-0.002984648,0.0001045419
1898,31.61267,-2.021456,-6.354403,3.921119
1899,31.63037,-2.021456,-6.354403,3.921119
1900,31.64587,-6.5003,-12.96983,7.757694
1901,31.66248,-3.25114,-13.96682,7.38274
1902,31.6792,-9.833636,-10.28095,6.703601
1903,31.6958,-0.001970654,-0.8250803,0.3831825
1904,31.71252,0.02555512,-0.2427097,0.1074713
1905,31.72925,0.02555512,-0.2427097,0.1074713
1906,31.74585,10.10433,-8.819533e-06,-2.465389
1907,31.7627,1.488885,-7.317474e-08,-0.3639272
1908,31.7793,3.02819,0.0,-0.7428184
1909,31.79578,2.066978,0.0,-0.5079333
1910,31.8125,0.01245984,0.0,-0.003061846
1911,31.82922,0.01245984,0.0,-0.003061846
1912,31.84583,8.577165e-07,0.0,-2.107728e-07
1913,31.86255,-0.4150622,0.0,0.1018152
1914,31.87915,-0.00181782,0.0,0.0004459133
1915,31.89587,-7.961383e-06,0.0,1.952936e-06
1916,31.9126,-4.799159e-08,0.0,1.177239e-08
1917,31.92908,-4.799159e-08,0.0,1.177239e-08
1918,31.9458,-1.157038,0.5244853,-4.716805
1919,31.96265,0.3054591,0.002297053,-0.09696576
1920,31.97925,-0.5833078,0.2655962,-2.379572
1921,31.99585,0.2677915,0.5352172,-5.131228
1922,32.0127,0.001172828,0.002344055,-0.0224729
1923,32.02917,0.001172828,0.002344055,-0.0224729
1924,32.04602,-2.060501,0.4777348,-8.370129
1925,32.0625,-4.39737,-5.127773,-17.86291
1926,32.0791,-6.270481,-12.65034,-25.47182
1927,32.09583,-3.448941,-28.73585,-12.80346
1928,32.11255,-3.72351,-28.09687,-15.13311
1929,32.12915,-3.72351,-28.09687,-15.13311
1930,32.14587,-4.387622,-9.314631,-17.85494
1931,32.16284,-5.171679,-8.04863,-21.04557
1932,32.17908,-6.132912,-11.01649,-24.9572
1933,32.1958,-5.305931,-10.44242,-21.5919
1934,32.2124,-5.465349,-12.46373,-6.949589
1935,32.22913,-5.465349,-12.46373,-6.949589
1936,32.24573,-2.07312,0.01716735,0.3603811
1937,32.26245,-0.1460797,1.282965,-0.5261771
1938,32.27917,-0.0008805754,0.007733772,-0.00317182
1939,32.29578,-3.856597e-06,3.387108e-05,-1.389141e-05
1940,32.3125,3.608001,0.8915606,14.81372
1941,32.3291,3.608001,0.8915606,14.81372
1942,32.34583,7.56548,-4.302131,31.15727
1943,32.36279,7.72542,-1.183206,31.77628
1944,32.37927,6.029169,-1.639875,24.79889
1945,32.39575,6.857786,-3.60736,28.20712
1946,32.4126,7.607361,-3.769572,30.26736
1947,32.42908,7.607361,-3.769572,30.26736
1948,32.4458,13.09962,14.50645,53.78432
1949,32.46252,12.58623,32.91464,55.40705
1950,32.47913,13.70306,38.40472,61.16862
1951,32.49573,5.352637,36.02699,49.31748
1952,32.51245,-3.036635,22.54833,60.58038
1953,32.52942,-3.036635,22.54833,60.58038
1954,32.5459,16.8749,8.022308,98.17253
1955,32.56238,26.04832,22.93587,122.2885
1956,32.5791,25.84326,38.04121,110.9011
1957,32.5957,24.75718,48.14289,106.1959
1958,32.61243,24.82365,33.16807,106.4805
1959,32.62915,24.82365,33.16807,106.4805
1960,32.64575,20.72022,15.21988,95.33118
1961,32.66235,10.25867,4.574457,78.26011
1962,32.67908,-0.07428278,4.406421,67.14059
1963,32.69604,-0.1790561,4.346613,58.73111
1964,32.71252,-8.716697,5.245754,65.20762
1965,32.72925,-8.716697,5.245754,65.20762
1966,32.74573,-9.935308,6.367064,66.40089
1967,32.76245,-16.20608,4.607434,46.90313
1968,32.77917,-15.04171,4.360036,42.01295
1969,32.79565,-23.94508,6.655585,60.93689
1970,32.81238,-26.78191,6.320246,66.1606
1971,32.82922,-26.78191,6.320246,66.1606
1972,32.8457,-14.21557,6.988982,53.49204
1973,32.86243,-4.25443,7.995702,56.21726
1974,32.87915,5.2841,7.04795,45.83106
1975,32.89563,8.311348,7.311157,45.09757
1976,32.91248,8.170506,7.28014,43.16674
1977,32.92908,8.170506,7.28014,43.16674
1978,32.94568,9.166161,18.49741,48.41889
1979,32.96252,6.21173,19.77662,48.34273
1980,32.97937,5.043319,23.52296,47.67572
1981,32.99561,-8.656391,32.66039,37.69967
1982,33.01233,-0.6774768,28.06542,46.22282
1983,33.02917,-0.6774768,28.06542,46.22282
1984,33.04565,-5.630589,41.29995,46.01596
1985,33.06238,9.327374,46.30457,51.28126
1986,33.07922,8.536932,48.235,46.13755
1987,33.0957,6.884166,54.36927,37.20097
1988,33.1123,6.856974,41.61874,37.05401
1989,33.12891,6.856974,41.61874,37.05401
1990,33.14563,7.187978,36.6522,38.8427
1991,33.16235,3.128018,38.90382,33.10168
1992,33.17908,4.456542,34.27997,24.20894
1993,33.19568,3.273787,38.95466,26.45683
1994,33.21228,-3.1092,37.09528,32.60013
1995,33.22998,-3.1092,37.09528,32.60013
1996,33.24573,3.56233,18.69321,23.21061
1997,33.26245,1.078486,31.47601,23.80491
1998,33.27905,-0.8365999,29.28742,27.22663
1999,33.29578,4.745753,35.74649,26.32654
2000,33.3125,6.279586,36.75256,34.65093
2001,33.32886,6.279586,36.75256,34.65093
2002,33.3457,7.910294,54.66323,43.64816
2003,33.3623,7.948446,46.23615,43.85868
2004,33.37891,8.56295,46.94156,47.24944
2005,33.39575,6.915883,44.91727,38.1611
2006,33.41235,6.351059,49.32537,35.04446
2007,33.42896,6.351059,49.32537,35.04446
2008,33.44568,2.901316,44.41659,16.1913
2009,33.46228,-8.754635,34.25951,12.68874
2010,33.479,-5.944917,12.13824,-6.307237
2011,33.49573,-9.93877,-12.08475,-25.12617
2012,33.51233,-22.6582,-33.81948,-36.30796
2013,33.52905,-22.6582,-33.81948,-36.30796
2014,33.54565,-19.01073,-47.2597,-26.66002
2015,33.56226,-26.72551,-58.2551,-35.53375
2016,33.57947,-13.22236,-61.29565,-37.89871
2017,33.59558,-19.31171,-55.74885,-50.93152
2018,33.6123,-35.68997,-75.3842,-63.44966
2019,33.62891,-35.68997,-75.3842,-63.44966
2020,33.64563,-57.5942,-125.3801,-89.2768
2021,33.66235,-41.94061,-130.2856,-63.92048
2022,33.67896,-33.19276,-115.2118,-56.70365
2023,33.69568,-30.05628,-86.63933,-48.83395
2024,33.71216,-21.65551,-77.89058,-37.86344
2025,33.729,-21.65551,-77.89058,-37.86344
2026,33.74573,-16.7271,-65.54185,-29.24944
2027,33.76221,-14.78239,-55.68923,-25.14759
2028,33.77893,-22.31224,-68.23363,-41.84444
2029,33.79565,-14.91348,-67.97646,-33.12654
2030,33.81226,-6.061816,-91.15143,-26.95279
2031,33.82886,-6.061816,-91.15143,-26.95279
2032,33.84558,-0.4746416,-42.01319,-3.283652
2033,33.8623,0.8613545,-18.84704,5.960863
2034,33.87903,0.9880713,-15.81906,6.817973
2035,33.89612,1.879471,-13.58323,12.96888
2036,33.91248,1.503323,-24.201,10.37335
2037,33.92908,1.503323,-24.201,10.37335
2038,33.94568,1.335116,-22.07611,9.212679
2039,33.96228,1.25736,-20.98146,8.676143
2040,33.979,0.3864584,-6.4785,2.666672
2041,33.99561,0.7554643,-6.28037,5.212918
2042,34.01208,0.006267782,-0.05209923,0.04324948
2043,34.02893,0.006267782,-0.05209923,0.04324948
2044,34.04565,0.0006254909,0.0008235343,0.004328604
2045,34.06274,2.73942e-06,3.606778e-06,1.895769e-05
2046,34.07886,1.650732e-08,2.184354e-08,1.142361e-07
2047,34.0957,7.932235,0.0,-1.149552
2048,34.11218,10.39001,0.0,-1.510099
2049,34.12891,10.39001,0.0,-1.510099
2050,34.14563,0.280852,0.348183,-0.1871152
2051,34.16223,-0.7117122,11.90538,-4.900259
2052,34.17896,-0.004290235,0.07176621,-0.02953899
2053,34.19556,-1.044881,-1.367648,-7.16844
2054,34.21289,7.472985,0.4884233,-1.411071
2055,34.22888,7.472985,0.4884233,-1.411071
2056,34.24548,7.033475,8.71417,-4.713256
2057,34.26221,13.27818,3.344124,-3.387148
2058,34.27917,21.41477,1.261168,-3.753929
2059,34.29541,24.70082,3.298185,-5.174256
2060,34.31213,28.3794,0.02736469,-4.43466
2061,34.32886,28.3794,0.02736469,-4.43466
2062,34.34558,29.29914,3.568615e-06,-4.764061
2063,34.36218,26.02076,-0.3417358,-6.146439
2064,34.37903,8.46245,-0.1990038,-1.342876
2065,34.39563,8.067325,-3.814775,-1.65038
2066,34.41223,1.210528,-12.08699,1.586568
2067,34.42883,1.210528,-12.08699,1.586568
2068,34.44543,0.5445668,-25.07649,3.221572
2069,34.46216,-0.4383833,-31.34865,-2.594945
2070,34.47888,0.9208854,-17.78141,5.451021
2071,34.49585,0.7805728,-15.92895,4.620465
2072,34.51208,-0.8784618,-22.23773,-5.199903
2073,34.52893,-0.8784618,-22.23773,-5.199903
2074,34.54553,-2.544273,-21.52479,-2.706446
2075,34.56226,-0.8975869,-12.85743,-5.264957
2076,34.57874,-6.049109,-6.42824,-1.844416
2077,34.59644,-3.464161,-2.673654,-3.778083
2078,34.61218,-5.292563,-0.1475051,0.121576
2079,34.62878,-5.292563,-0.1475051,0.121576
2080,34.64563,-1.233451,-1.307945,-7.4109
2081,34.66211,-1.492295,-1.567488,-8.968026
2082,34.67871,-1.777691,-4.43893,-10.68314
2083,34.69543,-1.379501,-6.881826,-8.290193
2084,34.71228,-0.4392701,-4.408213,-2.639819
2085,34.72876,-0.4392701,-4.408213,-2.639819
2086,34.74548,-0.001738116,-0.005102449,-0.01044531
2087,34.76208,1.498542,-2.234685e-05,-0.2500401
2088,34.77881,0.6106254,0.6190791,3.619842
2089,34.79553,-0.3205575,11.82564,-1.921706
2090,34.81226,0.4846287,11.54473,2.905025
2091,34.82898,0.4846287,11.54473,2.905025
2092,34.84558,3.376558,28.88179,22.6951
2093,34.86218,0.3663609,37.80136,16.22715
2094,34.87878,-12.85395,32.84232,18.00823
2095,34.89539,1.239095,40.27354,17.7171
2096,34.91211,2.912951,42.17233,17.82088
2097,34.92871,2.912951,42.17233,17.82088
2098,34.94556,-2.296928,52.12499,20.73455
2099,34.96216,0.3801845,39.81953,15.55733
2100,34.979,-2.37763,35.23505,13.27539
2101,34.99536,-14.11957,15.50249,8.051351
2102,35.01221,-14.91792,4.109409,5.344054
2103,35.02881,-14.91792,4.109409,5.344054
2104,35.04541,-9.275662,1.588084,8.912248
2105,35.06226,-3.004589,0.04275363,0.6762303
2106,35.07886,-0.5138066,0.1486584,0.7766347
2107,35.09534,0.02551132,0.04261535,0.1949467
2108,35.11206,1.212393,1.691561,7.675638
2109,35.12891,1.212393,1.691561,7.675638
2110,35.14539,1.370171,1.930352,8.674097
2111,35.16211,2.312639,3.289811,14.64054
2112,35.17871,3.117865,4.486566,19.73816
2113,35.19543,1.986127,3.803641,16.64318
2114,35.21228,2.119308,3.131661,13.47024
2115,35.22888,2.119308,3.131661,13.47024
2116,35.24536,2.353998,3.563277,14.94224
2117,35.26221,3.090209,5.731485,19.61542
2118,35.27893,2.886623,4.467815,18.32313
2119,35.29541,3.421734,5.343058,21.7198
2120,35.31226,4.170156,6.901516,26.47049
2121,35.32874,4.170156,6.901516,26.47049
2122,35.34546,-0.4544183,4.008922,15.92656
2123,35.36206,3.050039,5.724377,19.4949
2124,35.37878,3.119345,5.133364,19.85415
2125,35.39539,3.205112,5.312944,20.39934
2126,35.41211,3.451859,5.789608,21.96979
2127,35.42871,3.451859,5.789608,21.96979
2128,35.44604,-1.080043,5.342772,20.43197
2129,35.46216,2.335199,10.9324,26.07537
2130,35.47876,-2.51299,6.173292,23.15019
2131,35.49536,0.5708833,5.325305,18.62745
2132,35.51208,-8.146544,4.197643,16.46862
2133,35.52869,-8.146544,4.197643,16.46862
2134,35.54541,0.6824154,5.465193,19.33601
2135,35.56213,3.33469,8.624311,29.7906
2136,35.57886,-2.039202,20.71745,26.12322
2137,35.59534,-5.142309,13.35067,33.35866
2138,35.61194,-6.458968,15.29691,38.89311
2139,35.62878,-6.458968,15.29691,38.89311
2140,35.64539,-5.547056,15.44844,47.04702
2141,35.66199,-8.930308,12.19804,39.75847
2142,35.67871,-8.264449,14.96823,47.54483
2143,35.69531,-14.02243,11.97382,38.42516
2144,35.71216,-5.571259,14.14879,41.36436
2145,35.72864,-5.571259,14.14879,41.36436
2146,35.74536,-12.66098,17.38609,43.85053
2147,35.76208,-0.3227985,13.52376,36.07763
2148,35.77856,-9.154955,15.48263,33.14666
2149,35.79529,-3.828904,16.17172,37.09004
2150,35.81274,-11.61368,22.18488,34.60376
2151,35.82861,-11.61368,22.18488,34.60376
2152,35.84546,-9.536436,11.90245,32.4576
2153,35.86206,-15.64569,15.58594,40.81459
2154,35.87878,0.5073655,18.83386,28.64493
2155,35.89539,-7.345023,24.65388,26.6735
2156,35.91211,2.001959,17.40987,35.90893
2157,35.92859,2.001959,17.40987,35.90893
2158,35.94531,3.208408,16.5611,26.27758
2159,35.96265,3.871039,15.03494,30.71058
2160,35.97864,2.691885,23.17849,21.35111
2161,35.99536,2.640745,9.146273,20.94543
2162,36.01221,1.758364,4.841728,11.07033
2163,36.02869,1.758364,4.841728,11.07033
2164,36.04553,0.532933,1.775886,4.03357
2165,36.06201,-1.471102,1.137285,2.806553
2166,36.07861,-0.01220558,0.009435936,0.02328568
2167,36.09534,-0.5600632,-2.096946,-4.426826
2168,36.11218,-1.524546,-5.292011,-12.0522
2169,36.12866,-1.524546,-5.292011,-12.0522
2170,36.14539,14.23459,-8.487212,-22.24424
2171,36.16187,-2.185661,-14.61036,-36.26261
2172,36.17871,6.645219,-15.44751,-47.06863
2173,36.19531,-0.1837502,-17.22795,-51.98444
2174,36.21191,-6.204244,-19.525,-48.15881
2175,36.229,-6.204244,-19.525,-48.15881
2176,36.24536,-5.491849,-16.50508,-42.19529
2177,36.26184,5.032821,-20.15855,-54.97139
2178,36.27856,0.6773579,-21.94254,-60.86638
2179,36.29541,-5.752776,-24.02553,-67.96096
2180,36.31201,0.5711998,-28.45138,-84.18127
2181,36.32861,0.5711998,-28.45138,-84.18127
2182,36.34534,-11.6425,-28.60144,-87.97992
2183,36.36218,-10.18574,-25.93622,-76.96163
2184,36.37866,-6.769506,-15.47534,-51.14914
2185,36.39526,-7.498243,-16.45712,-56.65535
2186,36.41199,-6.891975,-14.75462,-52.0745
2187,36.42859,-6.891975,-14.75462,-52.0745
2188,36.44531,-6.841492,-17.88099,-67.46557
2189,36.46204,-4.261791,-16.5692,-65.18053
2190,36.47852,-4.313796,-24.52917,-65.80384
2191,36.49536,3.734959,-31.44726,-61.33698
2192,36.51208,-0.1825912,-17.06775,-63.6177
2193,36.52856,-0.1825912,-17.06775,-63.6177
2194,36.54541,11.78741,-11.89629,-59.11561
2195,36.56189,2.478867,-13.43928,-67.86845
2196,36.57849,-2.092166,-12.54955,-65.81386
2197,36.59546,6.829446,-13.17441,-74.11425
2198,36.61182,-2.587059,-22.35016,-70.53841
2199,36.62854,-2.587059,-22.35016,-70.53841
2200,36.64514,14.39723,-10.253,-49.90321
2201,36.66187,28.09182,-7.067081,-48.46691
2202,36.67859,38.10987,-6.325034,-50.47828
2203,36.69531,44.78514,-4.03722,-36.75828
2204,36.71191,45.61042,-4.722064,-43.49647
2205,36.72864,45.61042,-4.722064,-43.49647
2206,36.74536,33.18545,-10.92341,-41.9593
2207,36.76184,27.3071,-17.04475,-50.29847
2208,36.77869,33.68772,-29.39392,-36.86929
2209,36.79517,29.83273,-23.8295,-32.39263
2210,36.81189,36.74941,-19.32963,-24.0346
2211,36.82861,36.74941,-19.32963,-24.0346
2212,36.84521,53.87703,-17.00491,-9.513128
2213,36.86182,47.65422,-21.86776,-10.63445
2214,36.87854,38.7022,-26.55336,-5.872941
2215,36.89526,35.74441,-31.87051,-5.350085
2216,36.91187,23.18159,-30.98354,1.522168
2217,36.92859,23.18159,-30.98354,1.522168
2218,36.94519,12.90989,-20.67546,3.418213
2219,36.96191,0.5989761,-24.8921,-1.120238
2220,36.97888,-8.041047,-25.73996,-3.466822
2221,36.99524,-1.094922,-15.12275,-4.327576
2222,37.01184,0.02896559,-28.74645,1.23379
2223,37.02856,0.02896559,-28.74645,1.23379
2224,37.04529,-6.363611,-20.43598,-4.72446
2225,37.06201,-1.037776,-25.1527,-4.1101
2226,37.0791,0.9521511,-19.03503,3.889241
2227,37.09546,-0.08196227,-8.79815,-0.3347176
2228,37.11194,-1.676425,-11.55002,-6.846315
2229,37.12854,-1.676425,-11.55002,-6.846315
2230,37.14526,-2.056499,-17.53796,-8.398493
2231,37.16211,-3.095546,-16.75434,-12.64183
2232,37.17847,-1.740238,-21.91863,-7.10692
2233,37.19531,-1.873019,-15.89251,-7.649182
2234,37.21191,-2.470688,-16.1584,1.092129
2235,37.22839,-2.470688,-16.1584,1.092129
2236,37.24561,-1.377348,-14.66432,-5.634182
2237,37.26184,-1.404862,-11.86944,-8.854394
2238,37.27856,0.9080155,-16.30743,3.68944
2239,37.29517,3.586746,-15.78887,3.989475
2240,37.31177,0.209398,-8.128711,0.7895697
2241,37.32849,0.209398,-8.128711,0.7895697
2242,37.34509,0.2377076,-3.60655,0.9690424
2243,37.36169,-1.186647,-12.76466,-4.837509
2244,37.37842,-0.2493356,-7.526154,-1.016447
2245,37.39526,-1.704646,-7.347762,-6.949196
2246,37.41174,-3.048834,-16.09019,-12.42894
2247,37.42847,-3.048834,-16.09019,-12.42894
2248,37.44531,-3.274947,-20.6901,-12.77014
2249,37.46179,-0.6275172,-14.70184,-2.56006
2250,37.47839,1.548237,-13.86345,-1.42647
2251,37.495,0.2843713,-3.784877,1.125389
2252,37.51172,0.001245442,-0.01657637,0.004928791
2253,37.52832,0.001245442,-0.01657637,0.004928791
2254,37.54541,6.057227e-08,-8.290518e-07,2.469302e-07
2255,37.56177,2.9504e-10,-3.624116e-09,1.202767e-09
2256,37.57849,-1.088593,-1.368775,-6.86037
2257,37.59521,-0.01520372,-0.008367142,-0.07251439
2258,37.61182,-6.658673e-05,-3.664501e-05,-0.0003175864
2259,37.62903,-6.658673e-05,-3.664501e-05,-0.0003175864
2260,37.64514,0.6109644,0.1399353,2.486252
2261,37.66174,-0.9981948,12.28679,-4.062043
2262,37.67883,1.613738,0.427195,6.566929
2263,37.69507,1.764463,0.001870957,-0.403863
2264,37.71204,0.01463957,1.552314e-05,-0.003350809
2265,37.72839,0.01463957,1.552314e-05,-0.003350809
2266,37.74512,-0.8414579,-0.1909671,-3.418157
2267,37.76184,-1.814738,-0.7702381,-7.371792
2268,37.77832,-0.01862534,-0.005760075,-0.07565948
2269,37.79517,1.236861,1.299596,-0.7631042
2270,37.81165,12.36203,9.615067,-3.786172
2271,37.82837,12.36203,9.615067,-3.786172
2272,37.84509,-0.7308016,8.927356,-2.98271
2273,37.86182,-0.004405307,0.05381452,-0.01797992
2274,37.87842,-1.929362e-05,0.0002356878,-7.874543e-05
2275,37.89514,-1.600807e-07,1.955477e-06,-6.533569e-07
2276,37.91187,-9.757556e-10,1.178771e-08,-3.935793e-09
2277,37.92834,-9.757556e-10,1.178771e-08,-3.935793e-09
2278,37.94507,0.1482083,0.02859503,0.5063131
2279,37.96179,0.2527539,0.05728655,1.017167
2280,37.97852,0.1733403,0.03960114,0.6979515
2281,37.99512,-0.3559928,0.0003285665,0.09440453
2282,38.01172,-0.5447178,1.980615e-06,0.1348449
2283,38.02832,-0.5447178,1.980615e-06,0.1348449
2284,38.04504,0.9259027,-12.36125,3.741338
2285,38.06177,-2.97177,-0.7468478,-12.00803
2286,38.07825,0.4984643,-0.003270919,-0.179396
2287,38.09521,0.002183091,-1.432542e-05,-0.0007856884
2288,38.11169,-0.5227579,-8.635433e-08,0.1293717
2289,38.12842,-0.5227579,-8.635433e-08,0.1293717
2290,38.14502,-5.061433,-0.5523372,-9.48085
2291,38.16174,-3.706934,-0.2260807,-3.547322
2292,38.17834,-3.517725,-4.330449,-14.23929
2293,38.19519,-3.365884,-3.085455,-13.67225
2294,38.21167,-2.815227,-2.007824,-11.43596
2295,38.22827,-2.815227,-2.007824,-11.43596
2296,38.245,-2.606428,-0.4981703,-10.58778
2297,38.2616,-0.8007057,-0.5953219,-11.13657
2298,38.27832,-1.567341,-0.4531318,-10.20153
2299,38.29517,-0.8089008,-0.147623,-3.318309
2300,38.31165,-3.259663,-0.6044859,-14.31547
2301,38.32825,-3.259663,-0.6044859,-14.31547
2302,38.34509,-6.099416,-13.3726,-13.90951
2303,38.36169,-2.653298,-10.13666,-10.65083
2304,38.3783,-1.64014,-2.807304,-6.638278
2305,38.39502,-0.07702377,-0.02626065,-0.3117751
2306,38.41174,-0.0918543,-0.01282295,-0.371811
2307,38.42834,-0.0918543,-0.01282295,-0.371811
2308,38.44507,-2.254845,-0.2943463,-9.114793
2309,38.46167,-1.967851,-0.2537352,-7.951513
2310,38.47852,5.885288,-0.318684,-12.49347
2311,38.495,4.11644,-0.297802,-11.93291
2312,38.5116,-1.517535,-0.8577362,-6.516784
2313,38.52832,-1.517535,-0.8577362,-6.516784
2314,38.54504,-2.32137,-0.2235563,-9.336967
2315,38.56165,-2.59939,-0.2325602,-10.44809
2316,38.57837,-6.88877,-0.4156058,-20.18028
2317,38.59509,-3.687226,-0.2666065,-14.76048
2318,38.61157,-5.926826,-0.3607291,-23.86363
2319,38.6283,-5.926826,-0.3607291,-23.86363
2320,38.6449,-4.873446,-4.866517,-19.62291
2321,38.6615,-3.017342,-6.670121,-12.71385
2322,38.67834,-3.481013,-0.09846578,-13.99521
2323,38.69495,-3.186897,-0.02706792,-12.80952
2324,38.71167,-4.489497,0.00757658,-18.04522
2325,38.72839,-4.489497,0.00757658,-18.04522
2326,38.74512,-4.424732,-8.07429,-17.76625
2327,38.76184,-4.47955,-18.94365,-17.97376
2328,38.7782,-3.454921,-15.65147,-13.86248
2329,38.79492,-3.920944,-3.760021,-15.73234
2330,38.81165,-3.293071,-4.822764,-13.21307
2331,38.82837,-3.293071,-4.822764,-13.21307
2332,38.84485,-3.808738,-12.48388,-15.28213
2333,38.86157,-3.589514,-17.054,-14.40252
2334,38.8783,-4.411469,-21.57055,-17.70052
2335,38.8949,-2.557153,-22.24367,-10.26029
2336,38.9115,-3.171857,-13.67186,-12.72672
2337,38.92822,-3.171857,-13.67186,-12.72672
2338,38.94495,-4.911454,-6.072934,-19.70665
2339,38.96167,-0.7107114,-6.922879,-6.667397
2340,38.97827,1.250496,-16.5906,-19.435
2341,38.995,7.950507,-22.83629,-16.70406
2342,39.01172,-3.617907,-24.45325,-14.73197
2343,39.02832,-3.617907,-24.45325,-14.73197
2344,39.04492,-4.093721,-12.22206,-16.34409
2345,39.06165,-2.084527,-5.749502,-8.306201
2346,39.07825,-1.957557,-5.494267,-7.799783
2347,39.09497,-1.040758,-6.608406,-4.146844
2348,39.11157,-2.30249,-6.911178,-9.174147
2349,39.12817,-2.30249,-6.911178,-9.174147
2350,39.1449,-1.436413,-2.665762,-5.72331
2351,39.16162,-2.033045,-5.008195,-8.100557
2352,39.17834,-2.872472,-8.385886,-11.44521
2353,39.19495,-0.1988164,-0.02519238,-0.7921733
2354,39.21155,-0.8641881,0.2195412,-3.443311
2355,39.22827,-0.8641881,0.2195412,-3.443311
2356,39.245,-2.291041,0.5913846,-9.128532
2357,39.2616,-0.01900853,0.004906656,-0.07573847
2358,39.27832,3.0784,0.01381448,-0.9991769
2359,39.29492,11.27617,0.01729666,-3.120122
2360,39.31152,12.18032,7.575304e-05,-3.079498
2361,39.32825,12.18032,7.575304e-05,-3.079498
2362,39.34497,8.582524,3.788718e-09,-2.184043
2363,39.36145,7.179271,0.0,-1.833237
2364,39.37817,1.273139,0.0,-0.3256556
2365,39.3949,5.044219,0.0,-1.29689
2366,39.4115,5.774293,0.0,-1.492191
2367,39.42834,5.774293,0.0,-1.492191
2368,39.44482,10.33571,0.0,-2.702711
2369,39.46143,14.91582,0.0,-3.933158
2370,39.47815,12.70687,0.0,-3.373044
2371,39.49475,14.09618,0.3422053,-9.274339
2372,39.5116,15.05768,0.9583972,-19.18944
2373,39.5282,15.05768,0.9583972,-19.18944
2374,39.5448,13.82606,1.107277,-20.47847
2375,39.56165,23.13598,-0.6054981,-11.52474
2376,39.57813,10.13677,0.9011703,-16.23127
2377,39.59485,16.94962,0.06340578,-5.743497
2378,39.61157,5.790928,0.1356719,-3.619201
2379,39.62817,5.790928,0.1356719,-3.619201
2380,39.64478,6.30801,0.1937498,-4.555058
2381,39.66174,4.326236,0.002224766,-1.290762
2382,39.67822,13.66163,0.01169438,-4.165054
2383,39.69507,13.00692,0.03724506,-4.338552
2384,39.71143,3.542188,0.1970056,-3.748574
2385,39.72815,3.542188,0.1970056,-3.748574
2386,39.74487,7.774635,0.3181538,-6.564346
2387,39.76147,1.123289,0.2001294,-2.970582
2388,39.77832,-0.5683688,0.8193787,-10.46023
2389,39.79492,4.418048,1.252485,-17.33577
2390,39.81201,-0.6677577,1.278247,-15.97978
2391,39.82825,-0.6677577,1.278247,-15.97978
2392,39.84485,4.759052,0.9186583,-12.7933
2393,39.86157,1.201804,1.34674,-16.76996
2394,39.87817,4.520988,1.031945,-13.76736
2395,39.8949,-1.046919,0.3285201,-3.572762
2396,39.91138,-4.434345,1.438823,-15.38214
2397,39.92834,-4.434345,1.438823,-15.38214
2398,39.94482,-4.341348,1.376641,-14.26006
2399,39.96143,-2.680938,0.5833489,-5.699823
2400,39.97827,-2.262302,0.458432,-4.365788
2401,39.99475,-3.840696,0.7761204,-7.278808
2402,40.01147,-0.9970681,0.3298566,-3.255703
2403,40.0282,-0.9970681,0.3298566,-3.255703
2404,40.0448,-0.6595973,0.2229079,-2.154429
2405,40.06152,-2.236711,0.03751028,0.2817738
2406,40.07813,-8.797881,0.0002261137,2.645674
2407,40.09497,-7.431845,3.554025e-06,2.22686
2408,40.11145,-14.97356,2.142383e-08,4.453186
2409,40.12817,-14.97356,2.142383e-08,4.453186
2410,40.14478,-19.65137,-0.373015,5.817801
2411,40.16138,-30.11019,-0.9768444,5.475951
2412,40.1781,-17.32326,-1.702865,4.861359
2413,40.18677,-14.84153,-0.3965386,-5.606635
2414,40.19531,-3.721045,-0.1677211,-2.544421
2415,40.21155,-3.721045,-0.1677211,-2.544421
2416,40.22803,-8.228186,-13.92262,-5.518783
2417,40.24463,-9.121716,-12.59378,-9.615217
2418,40.26147,-1.554121,-9.345363,-2.350367
2419,40.27795,-1.831582,-11.33964,-6.599652
2420,40.2948,-0.5163958,-6.04953,-1.864612
2421,40.31152,-0.5163958,-6.04953,-1.864612
2422,40.328,-1.200832,-20.0057,-4.336263
2423,40.34473,0.336276,-23.90063,1.214309
2424,40.36145,-0.9949223,-28.32381,-3.592713
2425,40.37805,-0.4582371,-20.80244,-1.654716
2426,40.39478,-0.7371677,-20.83439,-2.661948
2427,40.41138,-0.7371677,-20.83439,-2.661948
2428,40.42798,0.05893917,-0.9927211,0.2128322
2429,40.44495,0.0003552881,-0.00598417,0.001282963
2430,40.4613,2.947789e-06,-4.965003e-05,1.064461e-05
2431,40.47803,1.776941e-08,-2.992927e-07,6.416619e-08
2432,40.49475,1.224129e-10,-1.810814e-09,4.420388e-10
2433,40.51135,1.224129e-10,-1.810814e-09,4.420388e-10
2434,40.52808,-0.6342843,9.350698,-2.290431
2435,40.54468,-5.578052,0.6654921,11.01249
2436,40.5614,-4.60533,3.287308,0.5101804
2437,40.57837,-13.71015,8.312473,2.12667
2438,40.59473,-21.0876,1.261007,5.400779
2439,40.61133,-21.0876,1.261007,5.400779
2440,40.62805,-38.91091,6.980775,4.728896
2441,40.64478,-46.66515,3.278276,-1.77903
2442,40.66138,-37.90814,10.52908,6.304038
2443,40.6781,-32.15137,4.412714,3.052812
2444,40.69458,-28.27608,0.3681927,5.854188
2445,40.7113,-28.27608,0.3681927,5.854188
2446,40.72827,-14.84777,0.001849919,3.400371
2447,40.74451,-6.956655,1.534859e-05,1.591531
2448,40.76135,-1.86205,9.181769e-08,0.42442
2449,40.77795,-4.809752,4.021277e-10,1.090057
2450,40.79456,-14.72255,0.0,3.311191
2451,40.81128,-14.72255,0.0,3.311191
2452,40.82788,-10.0519,0.0,2.226019
2453,40.8446,-14.44142,0.0,3.166956
2454,40.86133,-13.85873,0.047496,2.597079
2455,40.87793,-23.63393,0.7961659,-1.821231
2456,40.89453,-22.83966,0.128335,3.707466
2457,40.91138,-22.83966,0.128335,3.707466
2458,40.9281,-19.02824,0.1226608,2.835038
2459,40.94458,-17.42743,0.001405507,3.48812
2460,40.96143,-19.4893,8.472462e-06,3.855725
2461,40.97803,-15.51265,7.029513e-08,3.029298
2462,40.99463,-22.73182,8.027491e-10,4.361473
2463,41.01123,-22.73182,8.027491e-10,4.361473
2464,41.02795,-30.02396,0.06282399,4.976205
2465,41.04456,-31.18624,1.118335,-3.788035
2466,41.06128,-31.39913,0.006741373,5.407546
2467,41.078,-31.92181,0.1657481,4.010641
2468,41.09473,-28.44353,0.05081626,4.250969
2469,41.11182,-28.44353,0.05081626,4.250969
2470,41.12683,-21.92126,0.316911,0.8240438
2471,41.12805,-16.45096,3.459621,1.592821
2472,41.14465,-22.22826,0.02085476,3.337126
2473,41.16138,-23.26945,0.466078,-0.386916
2474,41.1781,-23.44529,0.9031757,-3.959898
2475,41.19458,-23.44529,0.9031757,-3.959898
2476,41.21118,-20.54625,0.9161857,-4.50728
2477,41.22803,-18.4298,0.5314752,-0.2159856
2478,41.24451,-17.03582,10.37565,-7.980417
2479,41.26123,-16.99389,2.062252,0.2438563
2480,41.27795,-10.60296,8.483105,-9.172395
2481,41.29456,-10.60296,8.483105,-9.172395
2482,41.3114,-1.008029,0.1135269,-0.7413814
2483,41.32788,-0.0415519,0.03752345,-0.284016
2484,41.34448,-0.04515863,0.9812121,-0.3556338
2485,41.36121,-2.016372,14.0943,-15.88784
2486,41.37781,-0.01215478,0.08496113,-0.09577262
2487,41.39453,-0.01215478,0.08496113,-0.09577262
2488,41.41113,-0.01701307,0.5081282,-0.1340531
2489,41.42786,-0.0001025556,0.003063021,-0.0008080784
2490,41.44458,-8.508756e-07,2.541354e-05,-6.704403e-06
2491,41.4613,-3.726523e-09,1.11302e-07,-2.936283e-08
2492,41.47791,-1.098375,0.0,0.1389391
2493,41.49475,-1.098375,0.0,0.1389391
2494,41.51147,-6.197515,0.0,0.7736009
2495,41.52795,-3.249404,0.0,0.4028912
2496,41.54468,-2.313805,0.0,0.284955
2497,41.56128,-11.49074,-0.9664333,8.824788
2498,41.57788,-16.21916,-0.01005833,2.027334
2499,41.59448,-16.21916,-0.01005833,2.027334
2500,41.61121,-12.03813,-0.9676333,8.872611
2501,41.62781,-16.02749,-0.0138295,1.920278
2502,41.64514,-20.88598,-0.0943268,3.041625
2503,41.66125,-16.94953,-0.2640751,2.857435
2504,41.67786,-26.05107,-0.003015657,2.710116
2505,41.6947,-26.05107,-0.003015657,2.710116
2506,41.7113,-30.58147,-0.6163034,7.712831
2507,41.72803,-24.5296,-0.009686973,2.300717
2508,41.74451,-13.44784,-1.234299,10.87415
2509,41.76123,-13.63052,-0.8691081,8.014975
2510,41.77795,-0.0700779,-0.07156657,0.5715562
2511,41.79504,-0.0700779,-0.07156657,0.5715562
2512,41.81116,1.084167,-1.603715,12.70652
2513,41.82788,0.8328262,-1.227865,9.760713
2514,41.84448,0.01680952,-0.5305818,0.1970074
2515,41.86121,0.1126118,-0.1734302,1.319809
2516,41.87805,0.0009343283,-0.001438932,0.01095031
2517,41.89465,0.0009343283,-0.001438932,0.01095031
2518,41.91125,-0.2367927,-0.02166695,0.02576221
2519,41.9281,-11.03239,-3.326907,1.805034
2520,41.94458,-0.09153455,-0.027603,0.01497618
2521,41.96118,0.7683288,-1.150241,9.235482
2522,41.97827,0.1633075,-0.2434685,1.96164
2523,41.99451,0.1633075,-0.2434685,1.96164
2524,42.01123,-4.185905,-0.1363471,0.4231539
2525,42.02783,-8.023294,-0.5642052,1.068829
2526,42.04456,-9.19518,-7.691915,3.133607
2527,42.06116,-10.11621,-6.399104,2.669944
2528,42.078,-4.931496,-7.705864,3.098923
2529,42.09497,-4.931496,-7.705864,3.098923
2530,42.11121,-3.657321,-4.532483,2.254709
2531,42.12781,-12.63978,-5.855152,14.77528
2532,42.14453,-7.613514,-17.09809,17.37286
2533,42.16113,-0.1197329,-3.271183,3.402452
2534,42.17773,1.041356,-4.146644,14.31301
2535,42.19446,1.041356,-4.146644,14.31301
2536,42.21106,0.252716,-1.069513,3.46609
2537,42.22803,0.7445549,-1.173124,10.21183
2538,42.24451,1.134729,-1.762445,15.56321
2539,42.26123,-5.518113,-2.294847,5.009367
2540,42.27783,0.2075365,-1.31126,3.352202
2541,42.29443,0.2075365,-1.31126,3.352202
2542,42.31128,-2.136013,-7.915939,3.926812
2543,42.32788,-8.731593,-11.82679,3.831278
2544,42.34448,-4.692671,-6.390357,2.271738
2545,42.36133,-0.6750709,-11.79983,3.194852
2546,42.37769,0.2621825,-11.54247,6.363332
2547,42.39453,0.2621825,-11.54247,6.363332
2548,42.41113,0.263065,-5.833533,3.825065
2549,42.42786,0.3349797,-9.68918,4.870425
2550,42.44446,0.1991116,-9.958941,2.894974
2551,42.46118,-7.884233,-5.739927,4.334024
2552,42.47803,-0.7937058,-4.59324,2.123499
2553,42.49451,-0.7937058,-4.59324,2.123499
2554,42.51111,-7.427928,-8.224818,9.989074
2555,42.52771,-3.366181,-1.484127,0.8500547
2556,42.54443,-2.131584,-7.710773,4.393171
2557,42.56104,-9.885032,-0.1517784,1.37693
2558,42.57776,-7.285414,-2.075903,3.595907
2559,42.59448,-7.285414,-2.075903,3.595907
2560,42.61108,-16.00298,-4.935303,2.18703
2561,42.62793,-9.560328,-7.379611,5.818906
2562,42.64441,-0.3566246,-10.39034,7.180367
2563,42.66113,0.1798993,-9.954072,3.302166
2564,42.67871,0.6153387,-8.144094,10.91237
2565,42.69446,0.6153387,-8.144094,10.91237
2566,42.71106,-0.06229129,-2.091934,2.37287
2567,42.72803,0.7909764,-6.750388,14.16912
2568,42.74438,0.3216497,-9.550017,5.789169
2569,42.76111,0.6308402,-10.07228,11.35239
2570,42.77783,0.3054545,-1.557411,5.496856
2571,42.79443,0.3054545,-1.557411,5.496856
2572,42.81104,3.512908,-0.5717469,5.831663
2573,42.82776,1.517378,-1.312593,14.08616
2574,42.84448,3.223168,-1.278246,10.00812
2575,42.86108,13.1704,-7.239993,9.12774
2576,42.87781,8.082488,-1.914159,4.619454
2577,42.89441,8.082488,-1.914159,4.619454
2578,42.91113,8.523012,-7.935726,13.44233
2579,42.9281,7.987875,-8.474633,6.602921
2580,42.94446,9.538539,-3.309948,16.655
2581,42.96106,9.089895,-4.537145,10.24182
2582,42.97778,1.746023,-9.698589,6.90105
2583,42.99438,1.746023,-9.698589,6.90105
2584,43.01111,10.70944,-12.70389,1.983864
2585,43.02771,21.41752,-10.50796,0.7202854
2586,43.04456,27.96553,-16.05071,1.32708
2587,43.06128,24.42141,-7.046735,-0.394246
2588,43.078,33.07476,-2.472333,-2.140381
2589,43.09436,33.07476,-2.472333,-2.140381
2590,43.11108,16.32429,-12.77003,1.260764
2591,43.12769,12.15921,-4.297599,-0.04700887
2592,43.14441,13.77372,-10.8354,0.9831615
2593,43.16125,16.72389,-2.630345,-1.024622
2594,43.17773,18.51701,-0.7192949,-1.361498
2595,43.19434,18.51701,-0.7192949,-1.361498
2596,43.21106,7.8839,-2.613728e-05,-0.7838388
2597,43.22778,16.94206,-1.144717e-07,-1.719642
2598,43.24438,6.841276,0.0,-0.7057692
2599,43.26099,12.83889,0.0,-1.351187
2600,43.27771,12.95479,0.0,-1.384931
2601,43.29456,12.95479,0.0,-1.384931
2602,43.31104,11.89624,0.0,-1.316314
2603,43.32764,9.930069,1.038525,-13.97465
2604,43.34436,6.156512,0.004548356,-0.7529195
2605,43.36096,0.03711175,2.741771e-05,-0.004538634
2606,43.37769,-0.218148,0.1587038,-1.930751
2607,43.39429,-0.218148,0.1587038,-1.930751
2608,43.41101,-5.759246e-06,4.18988e-06,-5.097306e-05
2609,43.42786,-8.311526,4.784716e-08,0.936968
2610,43.44434,-0.03640143,2.09553e-10,0.004103576
2611,43.46094,-3.113833,0.2031063,0.3078791
2612,43.47754,-0.9189079,0.001224334,0.1025721
2613,43.49426,-0.9189079,0.001224334,0.1025721
2614,43.51099,-11.2975,-0.2063857,3.805131
2615,43.52771,-0.04947892,-0.0009038937,0.01666508
2616,43.54443,1.016427,-0.7439271,9.191303
2617,43.56104,0.6448994,-0.4645233,5.828328
2618,43.57764,0.8417563,-0.5969033,7.607406
2619,43.59448,0.8417563,-0.5969033,7.607406
2620,43.61096,-8.095186,-0.2069952,3.60254
2621,43.62781,-12.5108,-0.7463579,6.536109
2622,43.64429,-10.00439,-0.3274656,5.446955
2623,43.66089,1.325846,-1.42258,19.65769
2624,43.67773,1.148294,0.979195,11.07219
2625,43.6947,1.148294,0.979195,11.07219
2626,43.71094,0.7791963,-0.5072062,7.492661
2627,43.72766,0.02992921,-0.01936512,0.2877958
2628,43.74426,0.04105008,-1.92021,0.3947328
2629,43.76111,1.380661,-3.441548,13.27627
2630,43.77759,1.045425,-0.8657494,10.05268
2631,43.79419,1.045425,-0.8657494,10.05268
2632,43.81091,1.217094,-0.7441803,11.70343
2633,43.82764,1.371014,-0.8274369,13.18351
2634,43.8446,0.008264535,-0.004987828,0.07947081
2635,43.86096,6.856999e-05,-4.138349e-05,0.000659361
2636,43.87769,3.003113e-07,-1.812445e-07,2.887759e-06
2637,43.89429,3.003113e-07,-1.812445e-07,2.887759e-06
2638,43.91089,0.9914678,-0.5787696,9.533838
2639,43.92773,0.4287591,9.268424,4.122897
2640,43.94434,1.708295,3.223538,16.42677
2641,43.96082,1.410289,0.3660235,13.56117
2642,43.97754,1.095047,0.09489106,10.52984
2643,43.99426,1.095047,0.09489106,10.52984
2644,44.01099,2.270025,11.99803,21.8283
2645,44.02759,2.666245,18.967,25.6383
2646,44.04419,3.039584,33.25627,29.22828
2647,44.06091,3.024541,40.19582,29.08363
2648,44.07764,2.45443,32.38447,23.60151
2649,44.09436,2.45443,32.38447,23.60151
2650,44.11108,1.776795,19.28512,17.08545
2651,44.12756,2.427333,28.50858,23.34095
2652,44.14429,1.778738,27.63601,17.10413
2653,44.14685,2.623707,19.94114,25.22926
2654,44.16101,1.700276,26.69878,16.34965
2655,44.17761,1.700276,26.69878,16.34965
2656,44.19421,0.1021914,7.405406,0.9826604
2657,44.21094,-0.009458099,0.4330592,-0.09094798
2658,44.22791,-7.847285e-05,0.003593047,-0.0007545858
2659,44.24414,-3.436823e-07,1.573623e-05,-3.304809e-06
2660,44.26086,-2.071733e-09,9.485872e-08,-1.992155e-08
2661,44.27747,-2.071733e-09,9.485872e-08,-1.992155e-08
2662,44.29431,0.5189033,0.0,-0.05417883
2663,44.31091,0.003127974,0.0,-0.0003265926
2664,44.32751,1.485978,-0.1037907,7.37625
2665,44.34448,0.2428283,-0.02998673,2.286685
2666,44.36096,0.6018478,-0.06821958,5.74122
2667,44.37756,0.6018478,-0.06821958,5.74122
2668,44.39429,1.848415,-0.1589466,17.63318
2669,44.41101,2.029234,-0.1427677,19.35812
2670,44.42761,1.070361,-0.05857073,10.21084
2671,44.44421,1.803024,-0.06342544,17.20016
2672,44.46094,1.564888,-0.0244659,14.92843
2673,44.47754,1.564888,-0.0244659,14.92843
2674,44.49426,0.7629836,-0.04296141,7.278574
2675,44.51086,0.6301087,-0.4733427,6.010998
2676,44.52747,1.825775,-1.319053,17.4172
2677,44.54419,2.223795,-4.830028,21.21416
2678,44.56091,0.9817096,0.02745091,9.365138
2679,44.57751,0.9817096,0.02745091,9.365138
2680,44.59424,0.6929253,-3.272402,6.610245
2681,44.61084,0.1576265,-4.799194,1.503698
2682,44.62744,0.247611,-9.010984,2.362115
2683,44.64429,0.001492611,-0.05431864,0.01423894
2684,44.66077,0.01346257,-0.525984,0.1284278
2685,44.67749,0.01346257,-0.525984,0.1284278
2686,44.69421,6.732962e-07,-2.630661e-05,6.422991e-06
2687,44.71082,7.688838e-09,-3.004135e-07,7.33486e-08
2688,44.72754,0.0,0.0,0.0
2689,44.74451,0.0,0.0,0.0
2690,44.76086,0.0,0.0,0.0
2691,44.77747,0.0,0.0,0.0
2692,44.79431,0.0,0.0,0.0
2693,44.81079,0.7290311,0.2472903,6.95468
2694,44.82751,1.393973,0.1916322,13.29797
2695,44.84412,1.334028,0.2962134,12.72612
2696,44.86084,0.1066708,1.857872,1.017599
2697,44.87769,0.1066708,1.857872,1.017599
2698,44.89404,0.8108715,2.562279,7.735407
2699,44.91077,1.338005,1.594334,12.76406
2700,44.92761,2.054945,10.99323,19.6034
2701,44.94434,2.129041,14.22527,20.31025
2702,44.96082,2.360421,11.32664,22.51752
2703,44.9668,2.360421,11.32664,22.51752
2704,44.97754,2.842902,16.86727,27.12021
2705,44.99414,-4.423336,3.839584,23.87865
2706,45.01074,2.557502,7.882195,25.04602
2707,45.02759,3.01713,2.660404,28.8993
2708,45.04431,2.971992,3.964653,28.46457
2709,45.06104,2.971992,3.964653,28.46457
2710,45.07751,1.690705,0.8612191,16.1929
2711,45.09412,0.4645241,0.2373112,4.449028
2712,45.11084,0.06124346,0.03151223,0.5865655
2713,45.12769,0.74275,0.02556536,7.113764
2714,45.14417,0.7331325,0.389458,7.021652
2715,45.16077,0.7331325,0.389458,7.021652
2716,45.17749,2.154166,1.386961,20.63174
2717,45.19421,1.443959,2.198504,13.82966
2718,45.21143,0.4928567,0.3055187,4.720385
2719,45.22754,0.6055893,0.3689111,5.800093
2720,45.24414,-4.003624,0.6880426,11.14585
2721,45.26074,-4.003624,0.6880426,11.14585
2722,45.27747,1.248316,0.8127109,12.00461
2723,45.29407,1.29131,0.8610799,12.4171
2724,45.31079,1.277134,0.8667927,12.28077
2725,45.32751,0.005593378,0.003796234,0.05378527
2726,45.34412,-6.97314,3.149695e-05,0.7227218
2727,45.36133,-6.97314,3.149695e-05,0.7227218
2728,45.37732,-7.094325,1.144516e-09,0.7289265
2729,45.39404,-0.04276492,0.0,0.004394003
2730,45.41077,-0.0003548161,0.0,3.645658e-05
2731,45.42749,0.1737448,0.1207308,1.691012
2732,45.44409,0.8223431,0.5813016,8.003509
2733,45.46082,0.8223431,0.5813016,8.003509
2734,45.47742,2.685625,0.4425713,5.645863
2735,45.49402,1.10032,0.8205553,10.57634
2736,45.51074,1.113264,0.8593638,10.79088
2737,45.52747,1.757764,1.399072,17.03864
2738,45.54419,2.317737,-4.803718,22.46666
2739,45.56067,2.317737,-4.803718,22.46666
2740,45.57739,-7.893051,1.71565,20.17699
2741,45.59424,1.699605,1.568306,17.12734
2742,45.61084,1.029524,0.934709,10.02345
2743,45.62744,-4.23142,0.7262577,9.657037
2744,45.64417,-5.726515,1.574603,17.00345
2745,45.66077,-5.726515,1.574603,17.00345
2746,45.67737,0.6929941,1.733637,17.32557
2747,45.69397,-8.113242,1.984083,20.24549
2748,45.71069,2.819914,3.0172,28.45411
2749,45.72729,1.688338,2.009596,18.53253
2750,45.74402,-5.163089,2.478271,22.97448
2751,45.76074,-5.163089,2.478271,22.97448
2752,45.77747,-9.902413,2.135601,19.42714
2753,45.79407,0.03241354,2.756985,23.24744
2754,45.81079,-10.32339,2.300354,19.92947
2755,45.82739,-9.60122,3.139502,26.15917
2756,45.84399,-15.05323,2.412357,20.37098
2757,45.86072,-15.05323,2.412357,20.37098
2758,45.87744,-11.06147,2.382364,18.96597
2759,45.88684,-13.0317,3.100945,24.03214
2760,45.89404,-18.62483,3.390028,26.09667
2761,45.91064,-18.50175,3.789647,28.36749
2762,45.92737,-11.19659,3.020322,21.86202
2763,45.94409,-11.19659,3.020322,21.86202
2764,45.96069,1.153418,2.931327,19.48019
2765,45.97729,-3.800325,3.185702,21.23869
2766,45.99414,0.7853685,1.562502,10.08776
2767,46.01062,1.062164,2.01883,12.8897
2768,46.02722,0.3388223,0.6472702,4.110654
2769,46.04395,0.3388223,0.6472702,4.110654
2770,46.06067,-1.130851,0.001003143,0.09913977
2771,46.07776,-15.30501,8.322972e-06,1.242572
2772,46.09399,-3.067529,6.905483e-08,0.2477646
2773,46.11072,-4.538888,7.885853e-10,0.3628488
2774,46.12732,-12.93666,-0.04007329,0.7619782
2775,46.14417,-12.93666,-0.04007329,0.7619782
2776,46.16064,-21.06453,-0.7815647,-3.443002
2777,46.17725,-14.38241,-0.8848424,-4.698835
2778,46.19397,-10.6361,-1.935514,-12.02556
2779,46.21057,-8.31894,-3.05883,-19.92446
2780,46.22729,-10.696,-3.490927,-23.06562
2781,46.24402,-10.696,-3.490927,-23.06562
2782,46.26062,-17.4698,-1.503247,-9.401428
2783,46.27734,-15.27689,-0.470991,-11.89888
2784,46.29407,-16.95714,-0.9251189,-5.657856
2785,46.31067,-14.91706,-2.515495,-19.04823
2786,46.32739,-17.34975,-2.618014,-23.98302
2787,46.34399,-17.34975,-2.618014,-23.98302
2788,46.36047,-15.91964,-4.22737,-32.35729
2789,46.37732,-15.52693,-3.121644,-24.44962
2790,46.39404,-10.33133,-2.426994,-19.65668
2791,46.41064,-15.42544,-2.599719,-21.39333
2792,46.42749,-20.0992,2.152838,-26.26496
2793,46.44409,-20.0992,2.152838,-26.26496
2794,46.46069,-7.300749,0.3197502,-22.94593
2795,46.47729,-9.373487,-2.330038,-21.7385
2796,46.49402,-16.28203,-2.401764,-22.53506
2797,46.51062,-6.375837,-1.056062,-10.15375
2798,46.52734,-0.7869794,-1.724046,-17.40875
2799,46.54395,-0.7869794,-1.724046,-17.40875
2800,46.56055,-0.836485,-1.881374,-19.73825
2801,46.57776,-0.3970394,-0.5997275,-9.368816
2802,46.59399,-0.7239513,-1.577839,-17.08285
2803,46.6106,-0.1395382,-0.3016399,-3.292639
2804,46.6272,-8.099068,0.5392965,-8.027789
2805,46.64392,-8.099068,0.5392965,-8.027789
2806,46.66052,-7.820369,-1.098792,-12.31754
2807,46.67737,-4.207339,-0.454865,-5.161139
2808,46.69397,-1.800289,-0.669667,-7.854183
2809,46.71057,-0.2100048,-0.4172,-4.95397
2810,46.72742,-1.510092,-0.003461464,0.01847056
2811,46.7439,-1.510092,-0.003461464,0.01847056
2812,46.76062,-9.06105,-4.514077e-07,0.3392093
2813,46.77722,-18.26018,-1.977e-09,0.653524
2814,46.79395,-9.135159,0.0,0.3118996
2815,46.81055,-19.41707,0.0,0.6149949
2816,46.82727,-24.05968,0.0,0.6927232
2817,46.84399,-24.05968,0.0,0.6927232
2818,46.8606,-31.02714,-0.02200759,0.4121
2819,46.8772,-37.13041,-9.638518e-05,0.6401621
2820,46.89392,-41.95262,-1.514969e-06,0.5175342
2821,46.91052,-45.70961,-1.256954e-08,0.3195326
2822,46.92676,-37.6157,0.4094532,4.967532
2823,46.92725,-37.6157,0.4094532,4.967532
2824,46.94397,-27.76039,7.349408e-05,-0.1246885
2825,46.96057,-14.73398,3.218771e-07,-0.09693511
2826,46.97729,-6.781208,-3.8528,-4.062633
2827,46.99426,-17.21602,-1.3798,-16.40881
2828,47.0105,-3.191897,-0.6546599,-4.636189
2829,47.02722,-3.191897,-0.6546599,-4.636189
2830,47.04395,0.05417859,-0.3956815,-4.91774
2831,47.06055,0.001172088,-0.008560088,-0.1063893
2832,47.07715,0.07490118,-0.5399792,-6.74615
2833,47.09387,0.001196026,0.2501695,-0.1077227
2834,47.1106,0.02032704,-0.1446577,-1.830799
2835,47.1272,0.02032704,-0.1446577,-1.830799
2836,47.14392,1.392303,-0.0004784703,0.008272687
2837,47.16052,3.617723,-5.46432e-06,0.03563467
2838,47.17712,0.05686289,-8.588744e-08,0.0005601009
2839,47.19385,0.0003427722,-5.177336e-10,3.376315e-06
2840,47.21057,2.843944e-06,0.0,2.806715e-08
2841,47.22717,2.843944e-06,0.0,2.806715e-08
2842,47.2439,-0.05136488,-6.395639,5.20462
2843,47.26086,-0.0921673,0.6132206,9.338984
2844,47.2771,-0.1248785,1.015884,12.6535
2845,47.29419,-0.1630144,1.349191,16.51767
2846,47.31042,0.03752779,1.088637,13.06678
2847,47.32727,0.03752779,1.088637,13.06678
2848,47.34387,6.782735,0.9183393,13.57331
2849,47.36047,18.46687,-10.30634,17.5367
2850,47.3772,6.296955,-17.09866,23.79327
2851,47.3938,0.7248443,-15.45755,19.24692
2852,47.4104,-0.07111733,-20.34748,18.92081
2853,47.42725,-0.07111733,-20.34748,18.92081
2854,47.44373,-0.05481913,-7.493153,13.3315
2855,47.46045,-0.04323971,-15.00109,10.51546
2856,47.47729,-0.03733018,-6.673047,9.078325
2857,47.49377,-0.07671771,-1.966329,18.65698
2858,47.5105,-0.06834991,0.9597628,16.62201
2859,47.52734,-0.06834991,0.9597628,16.62201
2860,47.54382,-0.1002282,-5.117032,21.78009
2861,47.56042,-0.08702376,1.91503,19.23501
2862,47.57703,-0.06792067,1.688551,15.01598
2863,47.59375,-0.06892972,1.746315,15.23909
2864,47.6106,-0.09226779,2.388135,20.3987
2865,47.6272,-0.09226779,2.388135,20.3987
2866,47.6438,-0.0649839,1.74133,14.36674
2867,47.6604,-0.07600988,2.064584,16.80438
2868,47.67712,-0.2479102,0.3754442,3.034277
2869,47.69373,-0.3288216,0.6436098,5.167312
2870,47.70679,-0.002728198,0.005339963,0.04287265
2871,47.71045,-0.002728198,0.005339963,0.04287265
2872,47.72729,-0.002533185,1.409784e-07,-1.345091e-05
2873,47.74377,-1.527016e-05,8.498245e-10,-8.108272e-08
2874,47.7605,5.435823,2.53317,-0.5950277
2875,47.7771,0.04918167,12.45952,-3.074726
2876,47.79382,0.0004080552,0.1033753,-0.02551068
2877,47.81042,0.0004080552,0.1033753,-0.02551068
2878,47.82715,0.01066306,-0.2467186,-1.994721
2879,47.84375,0.02763743,-0.6351992,-5.170091
2880,47.86084,0.007529645,-0.1724735,-1.408559
2881,47.87708,-0.5886915,-0.02617051,-0.2178497
2882,47.89417,-15.48413,-0.06643524,-0.6608862
2883,47.9104,-15.48413,-0.06643524,-0.6608862
2884,47.927,-22.41527,-0.6026384,-5.532279
2885,47.94373,-28.69088,-0.5887552,-5.386401
2886,47.96045,-37.28041,-1.89983,-17.00901
2887,47.97705,-31.78173,-3.136272,-19.45442
2888,47.99402,-28.38325,-1.213293,-11.39777
2889,48.01038,-28.38325,-1.213293,-11.39777
2890,48.0271,-13.77014,-2.044142,-19.3504
2891,48.04382,-10.87929,-1.111336,-10.79552
2892,48.06055,-1.003325,-2.215224,-21.36879
2893,48.07703,0.4884586,-1.594555,-15.65386
2894,48.09619,-6.681708,-1.937097,-19.72326
2895,48.11035,-6.681708,-1.937097,-19.72326
2896,48.12732,0.2458467,-1.815486,-19.23229
2897,48.1438,0.3514429,-0.9956374,-10.77503
2898,48.16064,0.09153238,-1.074915,-11.90754
2899,48.17773,-3.495014,-1.115465,-12.70864
2900,48.19373,-1.22059,-0.7788848,-8.956787
2901,48.21033,-1.22059,-0.7788848,-8.956787
2902,48.22693,0.5709156,-1.421088,-17.04641
2903,48.24365,0.558623,-1.284652,-15.79772
2904,48.26038,0.598707,1.26234,-16.92328
2905,48.2771,0.5425421,-1.15633,-15.33564
2906,48.29358,0.2935634,6.082872,-8.297943
2907,48.3103,0.2935634,6.082872,-8.297943
2908,48.3269,0.532681,2.657309,-15.05691
2909,48.34375,0.3682799,2.045391,-10.4099
2910,48.36035,-0.5229066,0.01700095,-0.1052055
2911,48.37695,-3.386228,-0.651945,-9.310084
2912,48.39355,-1.460122,-0.005409119,-0.1296884
2913,48.41028,-1.460122,-0.005409119,-0.1296884
2914,48.427,-9.690171,-2.67484e-07,-0.3707512
2915,48.44373,-4.660073,-0.2764556,-4.169618
2916,48.46033,-16.04317,-0.8733388,-13.55549
2917,48.47705,-16.44827,-1.033618,-16.34617
2918,48.49365,-7.54722,-0.4203846,-6.817854
2919,48.51025,-7.54722,-0.4203846,-6.817854
2920,48.52698,-11.33014,-0.08832249,-1.938961
2921,48.54395,-7.851301,1.314417,-1.281549
2922,48.56067,-0.6944311,8.47147,-2.173836
2923,48.57703,-7.30315,13.55269,-3.794914
2924,48.59387,-10.9418,0.1547676,-0.5930665
2925,48.61023,-10.9418,0.1547676,-0.5930665
2926,48.62708,-11.15815,4.085962e-06,-0.587836
2927,48.6438,-14.79664,1.789502e-08,-0.8039257
2928,48.66028,-15.55676,0.0,-0.8901415
2929,48.677,-30.24323,-0.04532813,-2.570254
2930,48.6936,-29.52164,-0.00962303,-2.064008
2931,48.71033,-29.52164,-0.00962303,-2.064008
2932,48.72717,-17.60302,-2.540541e-07,-1.239805
2933,48.74365,-8.913574,-1.53145e-09,-0.6425285
2934,48.76038,-6.433306,1.327399,-0.8115181
2935,48.77698,-15.73693,-0.7828158,-14.02495
2936,48.7937,-4.721437,-0.8477638,-14.34684
2937,48.80676,-4.721437,-0.8477638,-14.34684
2938,48.81042,0.1185044,-0.4236976,-7.174665
2939,48.8269,-3.621302,-0.06114187,-1.324415
2940,48.84375,-0.8340603,-0.1676763,-2.96829
2941,48.86084,-13.458,-0.08278561,-9.202848
2942,48.87695,-15.3911,-0.668849,-13.46359
2943,48.89355,-15.3911,-0.668849,-13.46359
2944,48.91028,-1.797354,-0.3107609,-6.167136
2945,48.927,-0.1513711,-0.3806085,-7.564163
2946,48.9436,0.8000445,0.04185018,-9.74737
2947,48.96033,1.656934,8.375415,-20.10233
2948,48.97693,0.30039,0.8381401,-3.644374
2949,48.99353,0.30039,0.8381401,-3.644374
2950,49.01123,1.200548,-0.6519203,-14.61986
2951,49.02698,0.6117075,-0.1184343,-5.771491
2952,49.0437,0.6260481,0.3961783,-2.814627
2953,49.0603,3.000394,2.167048,-11.7549
2954,49.07703,4.077554,-0.002403505,-13.74828
2955,49.09363,4.077554,-0.002403505,-13.74828
2956,49.11035,8.484562,0.04496415,-1.951617
2957,49.12695,1.183617,0.0005132991,0.0614013
2958,49.14355,14.17574,4.258789e-06,1.074349
2959,49.16028,16.00331,2.567218e-08,1.193281
2960,49.177,19.68613,-3.525508e-10,1.435335
2961,49.1936,19.68613,-3.525508e-10,1.435335
2962,49.21033,15.7644,-1.247108,1.400885
2963,49.22705,24.45524,0.2935827,9.004057
2964,49.24365,14.27121,-0.6747051,16.24971
2965,49.26038,19.74225,-8.574,16.16474
2966,49.27686,24.64109,-3.734072,23.63162
2967,49.29358,24.64109,-3.734072,23.63162
2968,49.31018,23.83994,-18.81257,27.41645
2969,49.3269,17.99831,-14.06884,27.58495
2970,49.34363,9.792129,-9.971622,21.02951
2971,49.36023,3.031064,-16.34474,38.84284
2972,49.37708,-0.05263218,-19.81461,36.29486
2973,49.39355,-0.05263218,-19.81461,36.29486
2974,49.41016,-1.750475,-26.61568,43.96506
2975,49.42688,-1.805586,-36.11351,40.29885
2976,49.4436,-1.783088,-32.70776,39.75631
2977,49.46021,-4.466475,-37.8126,36.94704
2978,49.47693,-2.459256,-41.68941,36.8965
2979,49.49377,-2.459256,-41.68941,36.8965
2980,49.51025,-5.543776,-30.35998,37.51629
2981,49.52686,-13.64977,-31.82403,27.13724
2982,49.54382,-14.40316,-28.88242,28.98973
2983,49.56018,-17.13032,-30.37017,22.69806
2984,49.5769,-23.50187,-25.80122,16.13581
2985,49.59351,-23.50187,-25.80122,16.13581
2986,49.61011,-26.13907,-10.91251,14.59478
2987,49.62683,-8.810562,-5.745883,6.408786
2988,49.64343,-5.571519,-0.9443407,11.35797
2989,49.66016,-1.335032,-1.402645,7.53635
2990,49.67688,-0.1809653,-0.09876885,2.73396
2991,49.6936,-0.1809653,-0.09876885,2.73396
2992,49.71021,-1.440284,0.002452257,-0.06956983
2993,49.72693,-10.54143,0.4021278,2.801658
2994,49.74341,-6.092925,0.002424045,-0.3754403
2995,49.76013,-15.99507,1.461228e-05,-1.060346
2996,49.77686,-5.547558,-0.879575,-8.0102
2997,49.79346,-5.547558,-0.879575,-8.0102
2998,49.8103,-2.192293,-0.1100435,-1.108953
2999,49.8269,0.1020744,-0.9221534,-8.117662
3000,49.84351,0.7264194,-0.1772394,-10.61672
3001,49.86023,1.216739,4.83754,-17.69097
3002,49.87683,1.599143,2.47175,-23.25068
3003,49.89355,1.599143,2.47175,-23.25068
3004,49.91016,0.9836198,-0.5160759,-14.3013
3005,49.927,0.6471753,4.359152,-9.409577
3006,49.94373,0.4772573,10.42889,-6.939063
3007,49.96021,1.121108,8.902957,-16.3003
3008,49.97693,0.5989692,3.233538,-8.708688
3009,49.99365,0.5989692,3.233538,-8.708688
3010,50.01013,0.2305926,2.256126,-3.352691
3011,50.02686,-13.05356,-1.241453,-13.69295
3012,50.04346,-2.910592,-0.007483545,-0.2796903
3013,50.06018,-1.592383,6.676345,-1.358215
3014,50.07678,-1.04476,-0.01013425,-0.5963159
3015,50.09338,-1.04476,-0.01013425,-0.5963159
3016,50.11035,-0.5945848,0.01525307,-0.0452352
3017,50.12683,-10.10167,6.680284e-05,-0.724009
3018,50.1438,-1.134931,5.543045e-07,-0.0818108
3019,50.16016,-16.7057,4.599007e-09,-1.231841
3020,50.17676,-16.7057,4.599007e-09,-1.231841
3021,50.19348,-13.9936,0.1330019,0.275945
3022,50.21021,-16.41436,1.438719,13.12208
3023,50.22681,-18.56329,0.4066448,2.547873
3024,50.24353,-24.2072,1.159741,9.378469
3025,50.26013,-24.96033,0.942548,7.003545
3026,50.27673,-24.96033,0.942548,7.003545
3027,50.29346,-42.0965,1.480547,9.934643
3028,50.31018,-43.72162,1.101288,5.87658
3029,50.32678,-28.12754,0.478042,1.499494
3030,50.34351,-21.47827,0.6669271,3.765247
3031,50.36023,-14.32665,0.1138299,-0.5067623
3032,50.37671,-2.996407,0.03077026,-0.04555499
3033,50.39343,-2.996407,0.03077026,-0.04555499
3034,50.41028,1.477842,0.02920135,0.1525052
3035,50.42676,5.166542,0.3742522,0.4796519
3036,50.44336,2.997488,1.711981,-7.707495
3037,50.46008,0.3184699,14.7031,-2.8785
3038,50.47681,0.3184699,14.7031,-2.8785
3039,50.49353,3.202911,17.1327,-2.977404
3040,50.51001,0.3031774,8.842569,-2.704745
3041,50.52698,0.332413,7.948481,-1.631906
3042,50.54358,14.67894,11.92716,-2.217287
3043,50.56006,0.4815444,20.13374,-4.006289
3044,50.57666,0.4815444,20.13374,-4.006289
3045,50.59363,14.20814,19.1461,-2.479149
3046,50.60999,7.639425,19.93166,-3.366004
3047,50.62671,9.030421,10.06196,-0.2249282
3048,50.6438,18.34857,17.07237,5.824261
3049,50.66016,10.65277,16.83342,-2.46388
3050,50.67749,10.65277,16.83342,-2.46388
3051,50.69336,9.188552,5.064013,5.124234
3052,50.71008,7.776689,8.472352,9.013184
3053,50.72668,6.994359,1.200691,6.056723
3054,50.74341,-1.132924,1.511564,13.08306
3055,50.76001,-1.302838,1.633348,13.98964
3056,50.77661,-1.302838,1.633348,13.98964
3057,50.79346,-1.615996,2.096287,17.33913
3058,50.81006,-2.592381,3.241559,26.07988
3059,50.82678,6.539697,2.71147,22.12281
3060,50.84338,-2.045802,3.02545,23.27635
3061,50.86011,-2.135742,3.038733,22.92686
3062,50.87671,-2.135742,3.038733,22.92686
3063,50.89355,-3.695847,2.312844,16.8246
3064,50.91003,-2.817523,0.7489535,7.293064
3065,50.92676,-2.523847,1.992343,18.05777
3066,50.94336,-4.769378,1.820663,16.3391
3067,50.96008,-6.108967,-1.20612,6.210428
3068,50.97693,-6.108967,-1.20612,6.210428
3069,50.99329,-1.541184,-15.70809,3.420693
3070,51.00684,-2.502519,-10.83047,2.05347
3071,51.01013,-5.93335,-17.34026,3.062155
3072,51.02661,-0.2829659,-7.38628,-6.189604
3073,51.04333,0.6096226,-19.92407,-6.206388
3074,51.06042,0.6096226,-19.92407,-6.206388
3075,51.07666,2.206954,-22.89296,-22.19726
3076,51.09351,1.794068,-14.88672,-18.04451
3077,51.11011,1.349615,-14.49092,-13.57425
3078,51.12671,5.999871,-0.4319478,-1.939425
3079,51.14331,3.089422,-0.004932713,0.2756687
3080,51.16003,3.089422,-0.004932713,0.2756687
3081,51.17664,2.931935,0.04865608,0.4291346
3082,51.19336,0.02981332,0.2841367,-0.05282581
3083,51.21045,1.127667,0.00171279,0.108973
3084,51.22668,0.006797633,1.032478e-05,0.0006568943
3085,51.24341,0.1407699,7.274822,-1.45192
3086,51.26001,0.1407699,7.274822,-1.45192
3087,51.27673,1.003719,8.478931,5.621562
3088,51.29333,-0.2758557,19.17146,3.04101
3089,51.30994,1.096119,10.737,0.5014753
3090,51.32666,7.7885,9.697165,-0.7604271
3091,51.34338,0.8733605,11.31742,7.767992
3092,51.35999,0.8733605,11.31742,7.767992
3093,51.37659,-0.1049316,24.33425,2.880607
3094,51.39331,-0.4857184,19.5218,5.157624
3095,51.41003,0.2325744,18.09224,-2.46225
3096,51.42664,0.04368545,2.785644,-0.4625534
3097,51.44373,0.000686642,0.04378437,-0.007270351
3098,51.46008,0.000686642,0.04378437,-0.007270351
3099,51.47668,-0.08074114,8.527429,0.8549114
3100,51.49329,-0.3498894,21.51184,3.704734
3101,51.51013,-1.533278,20.57494,16.23481
3102,51.52661,-1.42129,25.64199,15.04905
3103,51.54333,-1.771475,19.89701,22.14701
3104,51.55994,-1.771475,19.89701,22.14701
3105,51.57666,-1.512742,9.659251,22.49541
3106,51.59351,-0.2555386,10.73168,20.24768
3107,51.60999,1.098619,3.313833,20.53427
3108,51.62671,-1.379522,2.454592,15.13065
3109,51.64319,-1.153252,2.432601,14.82433
3110,51.66003,-1.153252,2.432601,14.82433
3111,51.67664,-1.373287,-4.306185,14.93438
3112,51.69324,-0.01568252,-0.04917533,0.1705461
3113,51.71033,-0.02693978,-0.09493187,0.2929662
3114,51.72656,3.704915,0.6323081,4.139688
3115,51.74365,3.631348,1.47639,9.120001
3116,51.76001,3.631348,1.47639,9.120001
3117,51.77661,8.288553,1.668311,10.46864
3118,51.79333,7.137957,3.454381,20.48987
3119,51.80994,3.00046,3.350642,19.25507
3120,51.82678,-1.4331,4.464962,24.77652
3121,51.84326,-1.862857,4.34828,23.75339
3122,51.85999,-1.862857,4.34828,23.75339
3123,51.87659,-0.9682648,2.175864,11.56039
3124,51.89331,-1.230996,2.759846,14.49858
3125,51.90991,-0.8643681,1.955012,10.1798
3126,51.92664,-1.052943,2.40256,12.40067
3127,51.94336,-1.236218,2.84546,14.55913
3128,51.95984,-1.236218,2.84546,14.55913
3129,51.97656,-1.027917,2.407732,12.10594
3130,51.99329,-0.7695614,1.947431,9.063243
3131,52.01001,-0.4245159,2.383064,4.999589
3132,52.02649,-1.23381,2.932421,14.53077
3133,52.04321,-0.3520483,0.8385568,4.146127
3134,52.05994,-0.3520483,0.8385568,4.146127
3135,52.07654,-1.342087,3.243739,15.80596
3136,52.09326,-1.765115,2.850046,13.72236
3137,52.1106,-1.470381,3.589144,17.20231
3138,52.12671,-5.74929,4.223639,19.69231
3139,52.14331,-1.023457,2.417412,11.39553
3140,52.15991,-1.023457,2.417412,11.39553
3141,52.17651,-0.01413156,0.01798911,0.08372454
3142,52.19324,-0.0001617713,0.0002054302,0.0009560424
3143,52.20996,-7.08499e-07,8.997088e-07,4.187114e-06
3144,52.22656,-0.03032949,0.07490245,0.3503584
3145,52.24329,-0.9150647,3.112576,14.50141
3146,52.25977,-0.9150647,3.112576,14.50141
3147,52.27649,-0.3205746,1.600014,4.13217
3148,52.29333,-0.8524764,2.478039,9.94601
3149,52.30994,-0.007072907,0.02056003,0.082521
3150,52.32642,-0.0731407,-3.632347,0.8530669
3151,52.34326,0.543705,-14.67869,-6.341432
3152,52.35986,0.543705,-14.67869,-6.341432
3153,52.37659,2.171555,-13.42316,-30.45576
3154,52.39319,2.10065,-6.832903,-24.44261
3155,52.40979,-12.39334,-13.18245,-32.40788
3156,52.42651,3.09861,-7.305419,-36.84873
3157,52.44312,3.390359,-14.32457,-48.72035
3158,52.44678,3.390359,-14.32457,-48.72035
3159,52.45984,0.768755,-29.82275,-58.06185
3160,52.47656,3.807095,-31.69365,-50.03585
3161,52.49304,4.32076,-16.26931,-48.78819
3162,52.51001,3.486815,-8.776986,-39.33752
3163,52.52661,3.41614,-6.226396,-38.54
3164,52.54309,3.41614,-6.226396,-38.54
3165,52.55981,3.844698,-6.234754,-43.37488
3166,52.57654,0.9272751,-23.27634,-42.54669
3167,52.59314,-7.670791,-20.04449,-31.84665
3168,52.60986,1.811546,-11.27291,-34.24274
3169,52.62646,2.113221,-3.122683,-23.70908
3170,52.64343,2.113221,-3.122683,-23.70908
3171,52.65991,0.1518609,7.255134,-1.681826
3172,52.67651,0.2635293,12.66868,-2.91848
3173,52.69312,0.005701136,0.2740715,-0.06313776
3174,52.70984,4.730173e-05,0.002273943,-0.0005238474
3175,52.72644,-0.6058189,0.8304422,6.709197
3176,52.74304,-0.6058189,0.8304422,6.709197
3177,52.75989,4.733644,1.043012,8.80354
3178,52.77649,9.484685,3.336092,6.595104
3179,52.79309,12.08765,0.4123019,3.848287
3180,52.80994,9.601048,0.1929802,2.324406
3181,52.82642,8.536097,0.2877613,2.955097
3182,52.84314,8.536097,0.2877613,2.955097
3183,52.85986,17.22552,1.050051,9.424491
3184,52.87634,17.72197,1.443404,12.30519
3185,52.89319,23.09413,2.713513,21.94791
3186,52.90979,23.79915,1.388693,11.94355
3187,52.92639,28.81104,2.242826,18.25034
3188,52.94299,28.81104,2.242826,18.25034
3189,52.95996,31.51537,3.850794,28.91039
3190,52.97644,22.98226,4.093949,29.42636
3191,52.99316,27.93151,-4.848784,32.32639
3192,53.00989,26.66638,3.389896,24.27127
3193,53.02637,40.48572,-3.844439,23.67317
3194,53.04309,38.27833,-0.7045145,32.02016
3195,53.05994,38.27833,-0.7045145,32.02016
3196,53.07642,21.70607,-1.797214,31.27703
3197,53.09326,18.30636,1.831274,20.31612
3198,53.11011,14.64169,-8.222244,29.81736
3199,53.12646,-0.4151987,0.8224366,12.66253
3200,53.14331,-0.4151987,0.8224366,12.66253
3201,53.15979,-1.461747,-2.260191,8.951489
3202,53.17639,-6.682963,-4.960684,17.25421
3203,53.19312,-13.86809,-7.381097,11.5456
3204,53.20984,-14.74828,1.066094,5.425975
3205,53.22693,-16.26461,0.3187629,2.202596
3206,53.24316,-16.26461,0.3187629,2.202596
3207,53.25964,-25.17328,-1.368739,1.742675
3208,53.27637,-20.90244,-13.55295,1.663411
3209,53.29309,-20.75215,-1.949996,-0.7727225
3210,53.30981,-17.3675,-2.562964,-0.4939086
3211,53.32642,-14.66393,-0.01122484,-0.8791254
3212,53.34326,-14.66393,-0.01122484,-0.8791254
3213,53.36011,-0.003285344,-2.96343e-07,-0.0001987686
3214,53.37634,12.50211,0.0,0.7463081
3215,53.39343,13.76913,-0.3426573,-1.060028
3216,53.41003,17.20235,-0.002842992,0.9404927
3217,53.42627,26.04972,-0.03661866,1.173267
3218,53.44299,26.04972,-0.03661866,1.173267
3219,53.45972,25.69517,-0.002631744,1.197501
3220,53.47644,19.03919,-0.3196356,0.5367823
3221,53.49329,17.36913,-0.002651983,0.7406074
3222,53.50977,20.63103,-1.598628e-05,0.8488084
3223,53.52637,21.31166,-9.636604e-08,0.83294
3224,53.54297,21.31166,-9.636604e-08,0.83294
3225,53.55969,25.14658,-4.97367,11.21736
3226,53.57629,42.41605,-7.323781,2.805413
3227,53.59302,53.32143,-2.465624,2.54785
3228,53.60986,60.54686,-5.038577,5.96925
3229,53.62634,48.56148,-9.543407,13.88545
3230,53.64392,48.56148,-9.543407,13.88545
3231,53.65979,23.31107,-12.81686,13.39711
3232,53.67639,3.339442,-8.033319,10.64164
3233,53.69299,1.517603,-9.450727,15.23265
3234,53.70972,-1.592525,-3.673643,15.02918
3235,53.72632,-5.666464,-4.462104,18.95743
3236,53.74304,-5.666464,-4.462104,18.95743
3237,53.75964,-1.336389,-1.387864,16.11175
3238,53.77625,-2.571956,1.133515,13.03532
3239,53.79309,-4.185853,2.54173,13.51612
3240,53.80981,-16.81726,3.312896,16.92053
3241,53.82629,-1.347415,-2.214828,13.55789
3242,53.84302,-1.347415,-2.214828,13.55789
3243,53.85974,-0.3258164,3.290236,15.60244
3244,53.87634,-0.1072078,2.28839,10.78665
3245,53.89307,-0.04406096,0.952601,4.463338
3246,53.90979,-0.07424004,1.615123,7.522471
3247,53.92639,-0.1046878,2.291098,10.60764
3248,53.94299,-0.1046878,2.291098,10.60764
3249,53.95959,-0.05224434,1.152405,5.293733
3250,53.9762,-0.01342317,0.2966687,1.360122
3251,53.99304,-0.2386708,0.04429846,0.2002631
3252,54.00964,-0.1322986,2.793037,12.73026
3253,54.02637,-0.03482175,0.7444728,3.386611
3254,54.04309,-0.03482175,0.7444728,3.386611
3255,54.05957,6.113015,0.2360129,1.122801
3256,54.07629,14.77965,0.3293255,1.593195
3257,54.09302,7.993126,1.449745,6.568619
3258,54.1095,15.69987,1.481034,6.711722
3259,54.12634,20.57834,1.688982,7.60821
3260,54.14294,20.57834,1.688982,7.60821
3261,54.15967,25.60337,1.79392,7.922187
3262,54.17688,22.70694,3.657226,16.03266
3263,54.19287,16.80953,2.711993,11.77168
3264,54.20959,12.25469,3.828513,16.54387
3265,54.22632,9.441483,1.350349,5.75092
3266,54.24292,9.441483,1.350349,5.75092
3267,54.25964,6.883732,3.593455,15.28405
3268,54.27637,2.670512,0.9996252,4.225516
3269,54.29297,2.768513,4.208971,17.76034
3270,54.30957,5.914352,0.9127576,3.76495
3271,54.32666,6.213808,1.992672,8.262347
3272,54.3429,6.213808,1.992672,8.262347
3273,54.35962,15.49002,0.3782065,1.346838
3274,54.3761,0.179356,1.818227,7.534096
3275,54.39282,0.1896585,3.106719,12.78344
3276,54.40955,0.2794069,8.314034,18.87321
3277,54.42627,0.2252607,3.779771,15.21595
3278,54.44299,0.2252607,3.779771,15.21595
3279,54.45959,-8.23239,2.511677,10.13379
3280,54.47632,-7.095237,0.3292191,1.411291
3281,54.49304,-10.58502,0.001984548,0.1385098
3282,54.50964,-14.93797,8.690604e-06,0.1597452
3283,54.52637,-11.70342,3.806165e-08,0.1058766
3284,54.54297,-11.70342,3.806165e-08,0.1058766
3285,54.56018,-20.96675,3.527427,-0.5504321
3286,54.57617,-18.86289,0.913128,-0.2593842
3287,54.5929,-25.87654,-0.06091273,-0.2468774
3288,54.60962,-23.73481,-0.0005053866,-0.05102359
3289,54.6261,-18.33351,0.7162829,-0.2105418
3290,54.64282,-18.33351,0.7162829,-0.2105418
3291,54.65955,-5.300361,15.02298,3.973811
3292,54.67615,-4.769969,17.41983,6.175008
3293,54.69287,-2.746963,8.562443,3.788837
3294,54.70996,-3.814823,3.730536,10.4916
3295,54.7262,-10.67904,7.575518,1.519754
3296,54.74292,-10.67904,7.575518,1.519754
3297,54.75964,-11.85738,7.207235,12.64887
3298,54.77625,-0.09687772,16.49566,4.101545
3299,54.79285,-0.128328,8.613765,11.53025
3300,54.80969,2.334271,4.233867,0.6448112
3301,54.82629,8.61235,3.991522,0.316461
3302,54.8429,8.61235,3.991522,0.316461
3303,54.8468,14.92474,0.02283585,0.1204701
3304,54.86011,18.94075,0.9173441,3.64748
3305,54.87634,15.45575,1.242525,4.8412
3306,54.89282,14.30686,1.973962,7.597632
3307,54.90955,17.68138,1.960755,7.520217
3308,54.92615,17.68138,1.960755,7.520217
3309,54.94299,8.688564,3.572084,13.50977
3310,54.95947,1.328741,2.608962,9.826022
3311,54.97632,1.521704,1.767517,6.623784
3312,54.99292,11.86391,2.150577,8.014302
3313,55.00964,0.1018638,2.204572,8.180494
3314,55.02612,0.1018638,2.204572,8.180494
3315,55.04297,4.951549e-05,0.03020172,0.1117075
3316,55.05957,0.0010772,0.7093931,2.619604
3317,55.07617,0.0005515475,-6.657144,1.341316
3318,55.09338,6.298505e-06,-0.07602257,0.01531742
3319,55.1095,7.220457e-05,0.04727715,0.1755952
3320,55.1261,7.220457e-05,0.04727715,0.1755952
3321,55.14294,0.0002911929,0.1926992,0.7081558
3322,55.15955,0.4961498,0.0008439518,0.002693431
3323,55.17615,4.792143,5.087381e-06,-0.007863407
3324,55.19275,16.52354,0.07205844,0.2236183
3325,55.20947,17.04099,1.302801,4.716314
3326,55.2262,17.04099,1.302801,4.716314
3327,55.24341,3.585959,2.607922,9.476138
3328,55.2594,0.07547461,2.806654,10.18287
3329,55.27612,0.03570335,2.171654,7.854125
3330,55.29272,0.07996617,4.919213,17.67887
3331,55.30945,-0.4684146,2.743888,9.801332
3332,55.32605,-0.4684146,2.743888,9.801332
3333,55.34265,-1.32719,4.745463,16.71521
3334,55.35938,-0.2946271,4.513847,15.79842
3335,55.37622,-0.164913,1.795653,6.255854
3336,55.3927,0.0116285,1.743029,6.035055
3337,55.40979,1.256449,4.877378,16.75623
3338,55.42615,1.256449,4.877378,16.75623
3339,55.44275,0.05681187,8.563369,17.04917
3340,55.45947,0.05774118,6.001015,20.04837
3341,55.47607,0.09745767,10.22906,33.85814
3342,55.4928,-12.20613,8.812929,28.81472
3343,55.50964,-2.511564,6.481563,20.96396
3344,55.52612,-2.511564,6.481563,20.96396
3345,55.54272,-7.291713,2.7766,8.860553
3346,55.55945,-8.930373,1.361243,4.31584
3347,55.57605,-16.67632,1.604586,5.051225
3348,55.59277,-8.8404,1.742229,5.472762
3349,55.6095,-3.579884,2.685813,8.420223
3350,55.62659,-3.579884,2.685813,8.420223
3351,55.64282,-10.63927,2.196866,6.826189
3352,55.65955,-0.2032142,0.01822717,0.0562108
3353,55.67615,-0.004397618,0.0003948247,0.001215887
3354,55.69299,-0.004634896,0.3975275,1.238841
3355,55.70947,-0.03540505,3.078437,9.566734
3356,55.72607,-0.03540505,3.078437,9.566734
3357,55.7428,-0.007603718,1.017726,3.14517
3358,55.75928,-0.02788169,2.760979,8.485234
3359,55.77649,-0.04341582,4.318234,13.19795
3360,55.78674,-3.574101,3.381562,10.27948
3361,55.7926,-0.01661957,0.1003228,0.3048791
3362,55.80945,-0.01661957,0.1003228,0.3048791
3363,55.82605,-8.312127e-07,5.017551e-06,1.524825e-05
3364,55.8429,-9.492197e-09,5.729892e-08,1.741304e-07
3365,55.8595,0.001907504,-0.1693413,-0.5154293
3366,55.87598,0.002471478,-0.2191073,-0.6678213
3367,55.8927,0.01643687,-1.455196,-4.441429
3368,55.90942,0.01643687,-1.455196,-4.441429
3369,55.92639,0.07979714,-6.996593,-21.56209
3370,55.94275,0.05826603,-5.080401,-15.74414
3371,55.95959,0.7497578,-4.678596,-14.61888
3372,55.97607,12.45506,-3.278569,-10.27312
3373,55.9928,7.239621,-4.151125,-13.10816
3374,56.0094,7.239621,-4.151125,-13.10816
3375,56.026,17.44398,-5.307433,-16.97127
3376,56.04285,17.31175,-4.444924,-14.32775
3377,56.05933,12.53288,-1.995788,-6.497227
3378,56.07617,24.97532,-1.888628,-6.299783
3379,56.09277,22.9501,-3.784654,-12.54415
3380,56.10925,22.9501,-3.784654,-12.54415
3381,56.12598,18.8051,-0.005274585,-0.228164
3382,56.1427,1.053218,-3.179544e-05,-0.01263015
3383,56.15942,0.1992303,-1.392524e-07,-0.002458131
3384,56.1759,0.1120106,2.347979,8.608055
3385,56.19275,0.03286717,-3.164346,2.577468
3386,56.20935,0.03286717,-3.164346,2.577468
3387,56.22595,0.2000209,-4.044199,15.69055
3388,56.24268,0.3239215,-9.073664,25.40988
3389,56.25952,0.3103912,0.7484881,24.3485
3390,56.276,-0.8944935,-2.000801,33.09453
3391,56.29272,-1.012753,4.846178,24.04424
3392,56.30945,-1.012753,4.846178,24.04424
3393,56.32605,-9.769691,-0.321361,29.61652
3394,56.34277,-16.50023,-0.03661817,21.37941
3395,56.35925,-16.61554,-0.04253975,21.81429
3396,56.37598,-21.78433,6.760494,26.06548
3397,56.39282,-22.23345,-0.8519852,26.3433
3398,56.4093,-22.23345,-0.8519852,26.3433
3399,56.42603,-8.880211,1.513906,20.22689
3400,56.44263,-19.93615,5.412977,25.58999
3401,56.45972,-14.0403,-4.175803,27.74761
3402,56.47595,-2.016387,-2.177963,21.495
3403,56.49255,-12.30828,-6.857474,18.51394
3404,56.50928,-12.30828,-6.857474,18.51394
3405,56.526,-0.04510508,3.928587,10.76384
3406,56.5426,-0.03225638,2.874153,7.84319
3407,56.55945,-0.04053331,3.625905,9.857287
3408,56.57593,0.1793748,1.84934,5.015687
3409,56.59253,-0.04527994,4.642485,12.55775
3410,56.6095,-0.04527994,4.642485,12.55775
3411,56.62598,-0.01081811,-6.024638,2.923187
3412,56.64258,-0.01709626,1.673536,4.619603
3413,56.65942,0.4921303,4.279331,11.46268
3414,56.67603,10.48725,3.592305,9.610707
3415,56.69263,9.983834,3.099195,12.34386
3416,56.70935,9.983834,3.099195,12.34386
3417,56.72595,5.523305,6.484452,18.4452
3418,56.7428,4.968282,3.165931,9.724806
3419,56.75916,1.838307,-3.488353,9.941845
3420,56.776,1.058273,-0.169489,14.43489
3421,56.79297,0.05465457,-4.594411,18.70716
3422,56.8092,0.05465457,-4.594411,18.70716
3423,56.82593,0.04436059,-7.328883,21.57516
3424,56.84265,0.04873309,-1.40758,23.70289
3425,56.85938,-3.522479,-3.907422,21.30787
3426,56.87585,-0.7088805,-2.966044,23.09258
3427,56.89258,0.008892596,0.5054653,21.07003
3428,56.9093,0.008892596,0.5054653,21.07003
3429,56.92603,4.986436,-3.319278,23.67768
3430,56.94263,0.0838895,9.044709,22.03807
3431,56.95947,0.02276615,7.635363,18.17755
3432,56.97595,0.01093438,3.738083,8.857808
3433,56.9928,0.00897104,3.079439,7.27221
3434,57.0094,0.00897104,3.079439,7.27221
3435,57.02588,-0.02308794,5.072456,11.92464
3436,57.0426,-0.1991269,2.907436,6.81954
3437,57.0592,-0.5534064,-9.811188,8.047957
3438,57.07593,-0.01221433,3.508724,8.659885
3439,57.09265,-0.0001835032,0.1512374,0.3540727
3440,57.10938,-0.0001835032,0.1512374,0.3540727
3441,57.12598,-0.0003304496,-4.806514,0.8036248
3442,57.1427,0.0001446255,-5.525682,-0.3517168
3443,57.15918,1.199943e-06,-0.04584601,-0.002918157
3444,57.17603,9.652548,-0.0003803795,-2.421165e-05
3445,57.19263,5.027351,-1.665923e-06,-0.002067347
3446,57.20923,5.027351,-1.665923e-06,-0.002067347
3447,57.22595,0.5069059,0.0,-0.0004168784
3448,57.24243,0.003305,-1.826128,0.3030123
3449,57.25928,0.000759738,-8.38343,0.8654125
3450,57.27637,-0.0001351309,-7.133505,-0.165231
3451,57.29248,-0.00320127,-7.737647,-3.892613
3452,57.30676,-0.00320127,-7.737647,-3.892613
3453,57.3092,-17.82697,-20.86427,-17.20803
3454,57.32593,-10.31739,-12.34463,-18.98564
3455,57.34277,-5.11168,-13.44051,-17.47649
3456,57.35925,-5.002913,-11.18599,-11.73537
3457,57.37634,-0.07129453,-18.89461,-9.044684
3458,57.39258,-0.07129453,-18.89461,-9.044684
3459,57.40918,0.01038607,-5.207667,-12.63084
3460,57.42578,0.02220786,-11.30955,-27.0038
3461,57.4425,0.02407922,-17.77347,-29.27928
3462,57.45911,0.0229265,-27.49715,-27.87762
3463,57.47607,0.02005852,-22.04007,-24.39029
3464,57.49255,0.02005852,-22.04007,-24.39029
3465,57.50916,1.369554,-10.32984,-26.78899
3466,57.52588,2.763839,-13.40589,-35.24462
3467,57.54248,7.815944,-16.44981,-43.90342
3468,57.5592,21.76263,-19.62091,-53.48038
3469,57.57593,24.10755,-29.08493,-53.77038
3470,57.59253,24.10755,-29.08493,-53.77038
3471,57.60913,33.25876,-20.18214,-47.19111
3472,57.62585,46.25479,-13.63529,-40.67999
3473,57.64246,60.46813,-11.40488,-35.22787
3474,57.65906,49.15777,-14.08023,-44.04152
3475,57.67578,65.08612,-14.31873,-46.32096
3476,57.6925,65.08612,-14.31873,-46.32096
3477,57.70923,48.72762,-14.63528,-49.35685
3478,57.72583,48.69305,-15.52,-51.80463
3479,57.74243,39.90797,-12.21651,-43.26548
3480,57.7594,55.01138,-14.52265,-52.96864
3481,57.77576,47.80202,-10.96073,-41.17912
3482,57.7926,47.80202,-10.96073,-41.17912
3483,57.80908,34.23431,-10.68789,-40.94871
3484,57.82593,17.24674,-7.926376,-30.30523
3485,57.84253,28.10477,-7.75849,-30.90931
3486,57.85913,15.84341,-6.177916,-24.45167
3487,57.87585,16.21492,-3.442581,-14.26606
3488,57.89246,16.21492,-3.442581,-14.26606
3489,57.90906,4.504008,-2.614768,-10.41204
3490,57.92566,0.3747583,-3.953285,-15.38643
3491,57.94238,-0.7141675,-5.390877,-21.10219
3492,57.95923,-1.0609,-3.531125,-13.89552
3493,57.97583,-0.7680048,-3.941144,-10.02235
3494,57.99243,-0.7680048,-3.941144,-10.02235
3495,58.00903,-1.039311,-3.363955,-13.53767
3496,58.02588,-1.263977,-4.091559,-16.5827
3497,58.0426,-1.112721,-3.564171,-14.59902
3498,58.0592,-2.019698,-6.377626,-26.49866
3499,58.07581,-1.801469,-14.91468,-23.63547
3500,58.09253,-1.801469,-14.91468,-23.63547
3501,58.10974,-1.783239,-6.152438,-23.39629
3502,58.12573,-0.7038783,-5.548806,-24.3916
3503,58.14258,7.141357,-5.129356,-23.46371
3504,58.15942,-1.704873,-5.2933,-23.78801
3505,58.17566,-1.978376,-5.629725,-25.68507
3506,58.19238,-1.978376,-5.629725,-25.68507
3507,58.20923,-1.81073,-20.91366,-23.50191
3508,58.22583,-0.1301045,-21.23675,-23.1844
3509,58.24243,7.869356,-17.57755,-21.37299
3510,58.25916,10.63082,-24.36418,-17.85403
3511,58.27625,9.201787,-24.70206,-17.96922
3512,58.29407,9.201787,-24.70206,-17.96922
3513,58.30933,8.590915,-18.92651,-18.9562
3514,58.32593,19.86176,-25.99009,-12.1884
3515,58.34253,17.10649,-20.52432,-10.12573
3516,58.35925,17.50234,-23.54469,-6.686252
3517,58.3761,20.93837,-18.02989,-1.663769
3518,58.3927,20.93837,-18.02989,-1.663769
3519,58.40991,28.2044,-6.897298,11.01167
3520,58.42578,30.55128,-7.224499,2.87031
3521,58.44299,28.79959,-2.377645,5.808255
3522,58.45923,26.39382,1.442958,7.701405
3523,58.47571,14.46582,0.9555169,3.390867
3524,58.49329,14.46582,0.9555169,3.390867
3525,58.50903,1.736883,2.870529,14.44748
3526,58.52637,-0.1604207,0.9106626,4.64052
3527,58.5426,0.9697683,10.20252,13.24852
3528,58.55933,-1.105645,8.387751,4.541155
3529,58.57593,0.8071546,6.866842,7.644217
3530,58.59302,0.8071546,6.866842,7.644217
3531,58.60925,1.114392,8.340564,10.38374
3532,58.62598,0.2087352,13.35527,1.944963
3533,58.64294,-7.722868,19.22213,6.186542
3534,58.65942,-11.3251,17.38025,1.010089
3535,58.67615,-6.297504,26.88539,7.601361
3536,58.69263,-6.297504,26.88539,7.601361
3537,58.70911,-3.729118,23.02282,8.025824
3538,58.72583,-18.4298,25.47108,15.33672
3539,58.74255,-14.6902,26.66167,14.65811
3540,58.75928,-15.8376,19.0945,19.19602
3541,58.776,-33.40646,24.07146,22.85478
3542,58.79285,-33.40646,24.07146,22.85478
3543,58.80933,-29.10116,18.37346,28.13124
3544,58.82581,-21.58548,14.84875,32.93699
3545,58.84265,-17.14992,17.86438,36.91269
3546,58.85913,-14.72273,17.25554,37.70335
3547,58.8761,-11.73335,10.64396,43.91627
3548,58.89258,-11.73335,10.64396,43.91627
3549,58.90906,-12.45302,12.05417,47.97564
3550,58.92578,-0.1215737,10.10351,38.72777
3551,58.94263,2.220924,8.202218,30.70511
3552,58.95959,2.216889,8.26932,30.40649
3553,58.97571,2.125495,8.068955,29.15192
3554,58.99255,2.125495,8.068955,29.15192
3555,59.01001,1.917473,7.499433,26.29883
3556,59.02588,1.495903,5.923181,20.51684
3557,59.04248,1.433164,5.726975,19.65635
3558,59.0592,0.6322938,2.5382,8.672132
3559,59.07642,0.2909833,1.173397,3.990939
3560,59.09241,0.2909833,1.173397,3.990939
3561,59.10925,0.7091012,2.881057,9.725574
3562,59.12598,0.5100129,2.081493,6.995007
3563,59.14233,1.411466,5.803608,19.35875
3564,59.15906,1.208527,5.006085,16.57538
3565,59.17566,0.9462079,5.848165,12.97758
3566,59.19312,0.9462079,5.848165,12.97758
3567,59.20898,1.001018,4.226278,13.72931
3568,59.22571,9.519936,3.997918,12.26496
3569,59.24219,10.57667,5.117793,15.66824
3570,59.25891,8.486698,14.55429,23.31375
3571,59.27625,2.352077,15.05782,21.7657
3572,59.29236,2.352077,15.05782,21.7657
3573,59.30896,-6.344092,33.36639,29.16103
3574,59.32556,-7.879123,27.50358,26.19597
3575,59.34216,1.45567,22.27939,20.89379
3576,59.35889,1.250554,23.61699,16.77968
3577,59.37561,1.387078,25.29811,18.60239
3578,59.39221,1.387078,25.29811,18.60239
3579,59.40906,9.287148,14.27549,22.1538
3580,59.42554,9.80881,14.33012,23.66096
3581,59.44226,12.44376,14.65723,15.70867
3582,59.45898,8.380322,10.95656,21.17773
3583,59.47583,1.511418,18.04858,18.59218
3584,59.49219,1.511418,18.04858,18.59218
3585,59.50891,-16.15654,9.766857,26.28139
3586,59.52551,-17.99979,8.231614,23.6535
3587,59.54236,-4.811274,5.337557,14.72044
3588,59.55896,-9.889532,5.546237,15.54904
3589,59.57556,0.7054031,4.587468,12.10088
3590,59.59229,0.7054031,4.587468,12.10088
3591,59.60889,1.200941,6.143638,15.92961
3592,59.62561,-8.727348,6.540362,17.60531
3593,59.64233,-12.00647,3.882195,10.92018
3594,59.64685,-14.49209,0.03224396,1.151772
3595,59.65918,-7.542511,0.09342619,0.790574
3596,59.67566,-7.542511,0.09342619,0.790574
3597,59.69226,-1.715731,1.36657,3.712914
3598,59.70898,-2.263679,1.826838,4.83762
3599,59.72559,-20.14022,1.377139,4.922699
3600,59.74219,-7.970585,0.02164568,0.6035408
3601,59.75891,-3.056142,9.480033e-05,0.2079137
3602,59.77563,-3.056142,9.480033e-05,0.2079137
3603,59.79224,-14.97214,-7.73776,-12.00255
3604,59.80945,-6.844172,-5.965589,-14.96568
3605,59.82544,-5.154227,-7.745806,-19.30449
3606,59.84229,-4.79981,-13.8111,-14.73065
3607,59.85901,-4.29751,-5.01988,-12.58119
3608,59.87561,-4.29751,-5.01988,-12.58119
3609,59.89221,-0.4461903,-6.327709,-7.128014
3610,59.90906,-0.694186,-6.901689,-11.0921
3611,59.92554,-0.1257522,-1.762122,-2.009342
3612,59.94226,12.23936,-16.09942,-6.42131
3613,59.95911,8.47633,-4.284136,-6.470366
3614,59.97546,8.47633,-4.284136,-6.470366
3615,59.99219,4.885262,-0.006469609,-0.3170861
