sample,t,vx,vy,vz
0,0.0,0.0,0.0,0.0
1,0.01672363,0.0,0.0,0.0
2,0.0333252,0.0,0.0,0.0
3,0.04992676,0.0,0.0,0.0
4,0.06665039,0.0,0.0,0.0
5,0.08337402,0.0,0.0,0.0
6,0.09997559,0.0,0.0,0.0
7,0.1168213,0.0,0.0,0.0
8,0.1334229,0.0,0.0,0.0
9,0.1500244,0.0,0.0,0.0
10,0.166626,0.0,0.0,0.0
11,0.1832275,0.0,0.0,0.0
12,0.2000732,0.0,0.0,0.0
13,0.2165527,0.0,0.0,0.0
14,0.2332764,0.0,0.0,0.0
15,0.25,0.0,0.0,0.0
16,0.2666016,0.0,0.0,0.0
17,0.2835693,0.0,0.0,0.0
18,0.3000488,0.0,0.0,0.0
19,0.3165283,0.0,0.0,0.0
20,0.333252,0.0,0.0,0.0
21,0.3499756,0.0,0.0,0.0
22,0.3665771,0.0,0.0,0.0
23,0.3833008,0.0,0.0,0.0
24,0.4000244,0.0,0.0,0.0
25,0.416626,0.0,0.0,0.0
26,0.4334717,0.0,0.0,0.0
27,0.4499512,0.0,0.0,0.0
28,0.4665527,0.0,0.0,0.0
29,0.4832764,0.0,0.0,0.0
30,0.4998779,0.0,0.0,0.0
31,0.5167236,0.0,0.0,0.0
32,0.5332031,0.0,0.0,0.0
33,0.5499268,0.0,0.0,0.0
34,0.5665283,0.0,0.0,0.0
35,0.583252,0.0,0.0,0.0
36,0.5998535,0.0,0.0,0.0
37,0.6166992,0.0,0.0,0.0
38,0.6331787,0.0,0.0,0.0
39,0.6499023,0.0,0.0,0.0
40,0.666748,0.0,0.0,0.0
41,0.6832275,0.0,0.0,0.0
42,0.6999512,0.0,0.0,0.0
43,0.7165527,0.0,0.0,0.0
44,0.7331543,0.0,0.0,0.0
45,0.7498779,0.0,0.0,0.0
46,0.7666016,0.0,0.0,0.0
47,0.7832031,0.0,0.0,0.0
48,0.7999268,0.0,0.0,0.0
49,0.8168945,0.0,0.0,0.0
50,0.8331299,0.0,0.0,0.0
51,0.8499756,0.0,0.0,0.0
52,0.8665771,0.0,0.0,0.0
53,0.8831787,0.0,0.0,0.0
54,0.8999023,0.0,0.0,0.0
55,0.916626,0.0,0.0,0.0
56,0.9331055,0.0,0.0,0.0
57,0.9498291,0.0,0.0,0.0
58,0.9667969,0.0,0.0,0.0
59,0.9831543,0.0,0.0,0.0
60,0.9997559,0.0,0.0,0.0
61,1.016602,0.0,0.0,0.0
62,1.033325,0.0,0.0,0.0
63,1.049927,0.0,0.0,0.0
64,1.066528,0.0,0.0,0.0
65,1.08313,0.0,0.0,0.0
66,1.099854,0.0,0.0,0.0
67,1.116699,0.0,0.0,0.0
68,1.133179,0.0,0.0,0.0
69,1.149902,0.0,0.0,0.0
70,1.166748,0.0,0.0,0.0
71,1.183228,0.0,0.0,0.0
72,1.199829,0.0,0.0,0.0
73,1.216431,0.0,0.0,0.0
74,1.233154,0.0,0.0,0.0
75,1.249878,0.0,0.0,0.0
76,1.266602,0.0,0.0,0.0
77,1.283081,0.0,0.0,0.0
78,1.299805,0.0,0.0,0.0
79,1.316528,0.0,0.0,0.0
80,1.33313,0.0,0.0,0.0
81,1.349854,0.0,0.0,0.0
82,1.366699,0.0,0.0,0.0
83,1.383057,0.0,0.0,0.0
84,1.39978,0.0,0.0,0.0
85,1.416504,0.0,0.0,0.0
86,1.433105,0.0,0.0,0.0
87,1.449829,0.0,0.0,0.0
88,1.466553,0.0,0.0,0.0
89,1.483154,0.0,0.0,0.0
90,1.5,0.0,0.0,0.0
91,1.516479,0.0,0.0,0.0
92,1.533081,0.0,0.0,0.0
93,1.549805,0.0,0.0,0.0
94,1.566406,0.0,0.0,0.0
95,1.583008,0.0,0.0,0.0
96,1.599731,0.0,0.0,0.0
97,1.616455,0.0,0.0,0.0
98,1.633057,0.0,0.0,0.0
99,1.650024,0.0,0.0,0.0
100,1.666382,0.0,0.0,0.0
101,1.683105,0.0,0.0,0.0
102,1.699707,0.0,0.0,0.0
103,1.716431,0.0,0.0,0.0
104,1.733154,0.0,0.0,0.0
105,1.749756,0.0,0.0,0.0
106,1.766479,0.0,0.0,0.0
107,1.783081,0.0,0.0,0.0
108,1.799805,0.0,0.0,0.0
109,1.816406,0.0,0.0,0.0
110,1.83313,0.0,0.0,0.0
111,1.849731,0.0,0.0,0.0
112,1.866455,0.0,0.0,0.0
113,1.883057,0.0,0.0,0.0
114,1.89978,0.0,0.0,0.0
115,1.916382,0.0,0.0,0.0
116,1.932983,0.0,0.0,0.0
117,1.949707,0.0,0.0,0.0
118,1.966431,0.0,0.0,0.0
119,1.983032,0.0,0.0,0.0
120,1.999756,0.0,0.0,0.0
121,2.016357,0.0,0.0,0.0
122,2.032959,0.0,0.0,0.0
123,2.049683,0.0,0.0,0.0
124,2.06665,0.0,0.0,0.0
125,2.083008,0.0,0.0,0.0
126,2.099731,0.0,0.0,0.0
127,2.116333,0.0,0.0,0.0
128,2.132935,0.0,0.0,0.0
129,2.149658,0.0,0.0,0.0
130,2.16626,0.0,0.0,0.0
131,2.183228,0.0,0.0,0.0
132,2.199707,0.0,0.0,0.0
133,2.216431,0.0,0.0,0.0
134,2.233032,0.0,0.0,0.0
135,2.249634,0.0,0.0,0.0
136,2.266357,0.0,0.0,0.0
137,2.282959,0.0,0.0,0.0
138,2.299805,0.0,0.0,0.0
139,2.316406,0.0,0.0,0.0
140,2.333008,0.0,0.0,0.0
141,2.349731,0.0,0.0,0.0
142,2.366333,0.0,0.0,0.0
143,2.383057,0.0,0.0,0.0
144,2.399658,0.0,0.0,0.0
145,2.416382,0.0,0.0,0.0
146,2.432983,0.0,0.0,0.0
147,2.449707,0.0,0.0,0.0
148,2.466431,0.0,0.0,0.0
149,2.483032,0.0,0.0,0.0
150,2.499634,0.0,0.0,0.0
151,2.516357,0.0,0.0,0.0
152,2.532959,0.0,0.0,0.0
153,2.549561,0.0,0.0,0.0
154,2.566528,0.0,0.0,0.0
155,2.582886,0.0,0.0,0.0
156,2.599731,0.0,0.0,0.0
157,2.616333,0.0,0.0,0.0
158,2.632935,0.0,0.0,0.0
159,2.649536,15.3644,125.8593,167.5432
160,2.666382,10.69822,116.2403,110.0598
161,2.682861,0.745348,144.0542,121.7952
162,2.699585,-18.61163,157.934,114.3777
163,2.716553,-31.70492,123.9586,99.49065
164,2.733032,-31.70492,123.9586,99.49065
165,2.749878,-31.13678,167.612,127.0242
166,2.766357,-2.427996,123.3321,105.7205
167,2.783081,8.954384,113.3159,110.0376
168,2.799683,7.051098,103.8827,108.2204
169,2.816284,-0.404954,81.26936,94.14366
170,2.83313,-0.404954,81.26936,94.14366
171,2.849609,-0.8969784,32.50195,75.21785
172,2.866577,-0.8153321,21.34107,68.36977
173,2.883057,-0.6259209,13.40222,52.48666
174,2.899536,-0.7455645,4.665007,62.51938
175,2.91626,-0.6381725,1.422022,53.51402
176,2.933105,-0.6381725,1.422022,53.51402
177,2.949707,5.286201,0.1526039,44.74633
178,2.966309,-0.4598105,0.3419712,44.13923
179,2.98291,-0.4856494,0.5331925,42.20424
180,2.999634,-0.3616239,0.8029422,43.7821
181,3.016479,-0.3035425,1.303042,52.41114
182,3.032837,-0.3035425,1.303042,52.41114
183,3.049561,2.825666,11.21072,49.41031
184,3.066406,4.559161,14.97415,56.69232
185,3.083008,13.79684,28.02747,68.61786
186,3.099609,3.041466,24.73844,59.62627
187,3.116211,2.16302,39.08142,68.21178
188,3.132935,2.16302,39.08142,68.21178
189,3.149658,-0.3948935,51.75133,80.50536
190,3.16626,-0.4720202,74.70612,95.66409
191,3.182861,3.039076,60.70866,70.41832
192,3.199463,-0.3480103,80.54112,81.46198
193,3.216309,2.255804,80.00024,81.24686
194,3.23291,2.255804,80.00024,81.24686
195,3.249756,2.369819,95.53265,87.96611
196,3.266235,1.059689,117.6989,93.88057
197,3.282959,6.78373,109.5741,84.7408
198,3.299561,3.555034,118.0215,100.7026
199,3.316162,-0.1922977,116.9421,108.9192
200,3.332886,-0.1922977,116.9421,108.9192
201,3.349609,-0.196691,121.5473,95.66754
202,3.366577,-0.2467705,150.2638,120.0247
203,3.382813,-0.2414727,151.6544,117.448
204,3.399658,-0.2152282,143.4964,104.6831
205,3.41626,-0.2572386,177.9426,125.1162
206,3.432861,-0.2572386,177.9426,125.1162
207,3.449463,-0.2230824,176.076,108.5033
208,3.466187,-0.201346,179.1222,97.93106
209,3.482788,-0.2037258,176.4077,99.08853
210,3.499634,-0.2042134,168.3655,99.32571
211,3.516235,0.4332483,187.1292,114.2225
212,3.532959,0.4332483,187.1292,114.2225
213,3.549561,4.868815,174.0311,100.2945
214,3.566284,3.583567,146.2331,83.49094
215,3.582764,1.789454,168.2111,91.18884
216,3.599487,3.824608,194.9198,104.8875
217,3.616211,1.529563,154.1139,87.48678
218,3.633179,1.529563,154.1139,87.48678
219,3.649536,6.559092,158.1692,104.6168
220,3.66626,23.15056,154.758,106.5039
221,3.683472,20.12018,143.1086,93.74085
222,3.699585,29.84591,152.4344,95.1046
223,3.716553,24.43959,127.0658,80.64716
224,3.73291,24.43959,127.0658,80.64716
225,3.749634,34.79912,86.3128,84.20704
226,3.766602,36.24288,76.04922,87.99593
227,3.783569,51.6743,75.93069,88.89676
228,3.799805,50.18633,68.00169,92.72907
229,3.816284,49.27437,52.06828,97.51057
230,3.832886,49.27437,52.06828,97.51057
231,3.849609,26.33299,14.26125,88.68224
232,3.866455,23.85072,7.05972,78.43303
233,3.882935,32.82673,-1.405376,91.78641
234,3.899902,20.93051,6.452055,75.26433
235,3.91626,27.84585,15.549,75.16695
236,3.933228,27.84585,15.549,75.16695
237,3.949951,30.96369,-4.308131,57.51521
238,3.966309,34.99051,-25.77129,46.51262
239,3.98291,32.25581,-41.63549,45.01647
240,3.999634,37.91839,-53.42307,56.47181
241,4.016357,42.38169,-56.00693,57.53409
242,4.032959,42.38169,-56.00693,57.53409
243,4.049683,25.27602,-62.20607,62.12375
244,4.066284,6.576939,-61.71197,61.37389
245,4.082886,3.636463,-76.34098,56.7256
246,4.099731,3.792089,-71.19827,59.41487
247,4.116211,3.26613,-74.30148,51.17539
248,4.132813,3.26613,-74.30148,51.17539
249,4.149536,2.871222,-55.98003,44.98777
250,4.16626,23.54409,-47.9189,41.10702
251,4.182739,2.659722,-36.0389,39.97581
252,4.199463,8.529235,-20.51824,45.94838
253,4.216309,11.24321,-34.38071,54.16008
254,4.232788,11.24321,-34.38071,54.16008
255,4.249512,23.71239,-38.73185,56.82909
256,4.266113,34.81627,-46.51873,75.86206
257,4.282715,20.24892,-48.77071,71.6533
258,4.299561,20.87132,-28.87799,51.41479
259,4.316284,23.64729,-39.06183,65.4906
260,4.332764,23.64729,-39.06183,65.4906
261,4.349487,5.96049,-36.40223,42.55265
262,4.365967,24.8049,-30.26008,35.25999
263,4.38269,2.926988,-28.2191,36.92866
264,4.399414,2.774198,-12.84239,36.19577
265,4.416138,1.820311,-4.576126,23.75372
266,4.432739,1.820311,-4.576126,23.75372
267,4.449463,2.44094,-12.89945,31.85255
268,4.466064,1.865663,-3.840936,24.34559
269,4.482788,2.945857,-1.486358,38.44137
270,4.499512,2.726289,-5.675581,35.57615
271,4.515991,2.496274,-1.855801,32.57462
272,4.532715,2.496274,-1.855801,32.57462
273,4.549438,2.474992,-7.366592,32.29691
274,4.56604,10.65411,-8.875366,26.90812
275,4.582764,25.01471,-5.3404,31.03613
276,4.599365,2.537138,-0.6128038,29.41355
277,4.615967,3.223683,-8.000225,33.54728
278,4.63269,3.223683,-8.000225,33.54728
279,4.649414,2.065056,-12.38707,26.28181
280,4.666016,2.956187,-27.57147,37.76002
281,4.682739,2.691411,-27.19802,34.37871
282,4.699585,3.1803,-35.56971,40.62352
283,4.715942,3.593007,-38.54812,45.89524
284,4.732788,3.593007,-38.54812,45.89524
285,4.749268,11.50055,-37.09985,38.93129
286,4.766113,4.587004,-31.69003,35.0621
287,4.782837,13.99679,-22.08001,23.51799
288,4.799316,2.291191,-15.91405,27.40072
289,4.816162,3.563421,-15.97551,21.77119
290,4.832764,3.563421,-15.97551,21.77119
291,4.849365,2.95358,-30.3343,36.75459
292,4.866089,2.638693,-22.16394,32.8375
293,4.882813,3.113203,-26.39729,38.54408
294,4.899292,3.041976,-20.14186,37.66223
295,4.915894,2.525474,-17.32765,31.2675
296,4.932739,2.525474,-17.32765,31.2675
297,4.949219,2.524864,-20.72722,31.25995
298,4.966064,2.072931,-7.269378,25.66463
299,4.982666,2.214041,-5.662735,27.41169
300,4.999268,2.12388,-20.13023,26.29542
301,5.015991,1.863472,-19.7457,23.07135
302,5.032715,1.863472,-19.7457,23.07135
303,5.049561,1.773634,-30.78441,21.95909
304,5.066162,4.518392,-18.98686,22.66829
305,5.082764,2.00283,-15.51828,24.39616
306,5.099365,2.083923,-16.54531,25.66753
307,5.115967,2.292675,-7.696383,23.18539
308,5.13269,2.292675,-7.696383,23.18539
309,5.149292,10.56354,-16.31507,12.13136
310,5.166016,10.62056,-25.09784,8.593439
311,5.182617,12.95775,-21.9498,11.86628
312,5.199463,15.56132,-31.0904,10.10745
313,5.216064,17.24118,-27.15881,10.86701
314,5.232666,17.24118,-27.15881,10.86701
315,5.249268,7.75189,-22.1529,8.160449
316,5.265869,0.5716172,-16.35144,5.943045
317,5.282593,0.6360551,-16.92035,7.140328
318,5.299438,-3.925481,-1.195239,11.40135
319,5.31604,1.075891,-3.942417,12.47384
320,5.33252,1.075891,-3.942417,12.47384
321,5.349243,1.756854,9.332132,19.82038
322,5.365967,1.525286,-5.660663,17.20788
323,5.382568,0.002515699,-11.50091,5.99175
324,5.399292,-14.00496,-13.37833,5.643229
325,5.415894,0.2123239,-14.77176,4.80649
326,5.432617,0.2123239,-14.77176,4.80649
327,5.449219,0.3114975,-6.771409,4.437323
328,5.466309,0.8597239,0.9611542,9.889169
329,5.482544,1.12822,10.61411,12.97087
330,5.499268,0.6519491,-2.213223,7.495276
331,5.515869,0.3555287,-13.00364,4.087414
332,5.532593,0.3555287,-13.00364,4.087414
333,5.549438,-0.2088681,-20.04279,6.202756
334,5.565796,-4.354901,-20.09602,6.51135
335,5.582642,7.338974,-18.83048,5.060432
336,5.599243,13.76804,-26.71466,6.789248
337,5.616211,0.5248767,-16.36366,4.799528
338,5.63269,0.5248767,-16.36366,4.799528
339,5.649292,0.5494635,-10.58218,6.142991
340,5.666016,0.3097947,-8.005132,3.560573
341,5.682617,0.06753023,-2.650591,0.7763674
342,5.699219,9.984241,-9.018506,1.741761
343,5.71582,20.65462,-4.246427,7.820576
344,5.732544,20.65462,-4.246427,7.820576
345,5.749268,23.92848,22.28331,17.88375
346,5.765869,31.87431,17.61579,19.23331
347,5.782471,41.16678,0.9802887,10.71559
348,5.799194,30.98804,-6.90239,16.49798
349,5.81604,19.1608,-21.83209,16.83992
350,5.83252,19.1608,-21.83209,16.83992
351,5.849243,20.46412,-24.75349,4.666851
352,5.866089,19.72503,-7.452755,1.218376
353,5.882446,8.089067,-3.898576,0.1350536
354,5.89917,0.06711459,-0.03234608,0.001092928
355,5.916016,0.3381776,1.235086,0.362295
356,5.932495,0.3381776,1.235086,0.362295
357,5.949219,26.68479,12.42769,1.107331
358,5.96582,11.60925,2.746544,-0.3899164
359,5.982422,21.23097,0.2783697,-2.251772
360,5.999878,12.20477,0.2796318,-1.271738
361,6.015747,27.71264,-3.470929,-2.245949
362,6.032471,27.71264,-3.470929,-2.245949
363,6.049194,29.06662,-10.68762,-0.654314
364,6.065918,8.720905,-17.01226,3.232802
365,6.08252,4.720432,-13.61076,2.820076
366,6.099243,2.437882,-11.91425,2.500085
367,6.115967,3.088766,-8.475092,0.970317
368,6.132446,3.088766,-8.475092,0.970317
369,6.14917,0.1253828,-3.593696,0.8604112
370,6.165894,0.02833751,-0.9879382,0.2370006
371,6.182495,0.3501458,-12.3102,2.942837
372,6.199219,0.2077859,-7.331511,1.746364
373,6.21582,0.5269185,-18.72647,4.428556
374,6.232422,0.5269185,-18.72647,4.428556
375,6.249268,-0.2437263,-48.131,-2.048429
376,6.265747,6.656377,-45.36258,-2.551507
377,6.282471,-0.03651057,-35.12796,-0.561088
378,6.299194,-0.240211,-46.94125,-5.163884
379,6.315796,1.817731,-49.28759,-1.377012
380,6.332397,1.817731,-49.28759,-1.377012
381,6.349121,-0.6065544,-53.08399,-5.690848
382,6.365845,-1.469963,-61.913,-12.18765
383,6.382813,0.784303,-66.58177,-14.10704
384,6.39917,-1.721767,-81.13794,-14.45637
385,6.415771,-0.6295609,-79.73948,-11.10384
386,6.432495,-0.6295609,-79.73948,-11.10384
387,6.449097,3.235207,-48.6919,-3.618869
388,6.465698,13.7315,-44.78314,-5.901844
389,6.482544,0.1066818,-42.34009,-3.534847
390,6.499023,3.845611,-49.36916,-9.836471
391,6.515747,7.670788,-59.94613,-10.98026
392,6.532471,7.670788,-59.94613,-10.98026
393,6.549072,12.6082,-35.2676,-6.789291
394,6.565796,-0.4288404,-33.16813,-4.358489
395,6.58252,-0.4325432,-13.1011,-3.492494
396,6.599121,-0.9440228,-32.27827,-7.613792
397,6.615723,-1.514262,-29.64827,-12.21285
398,6.632446,-1.514262,-29.64827,-12.21285
399,6.64917,-1.576543,-29.99005,-12.71516
400,6.665771,-0.9128202,-22.08189,-7.362092
401,6.682617,-0.6974559,-13.14847,-5.625132
402,6.699097,-0.007964734,-0.1501515,-0.0642373
403,6.71582,-0.01900454,-0.3570809,-0.1532757
404,6.732544,-0.01900454,-0.3570809,-0.1532757
405,6.749268,3.981447,-21.43308,-9.944182
406,6.766479,15.98941,-17.95595,-9.970283
407,6.782471,24.67524,-8.032357,-6.676949
408,6.799072,0.2759162,-0.1982584,-0.1229426
409,6.815796,6.741139,-0.0008682991,-0.853108
410,6.832397,6.741139,-0.0008682991,-0.853108
411,6.849121,29.56104,-2.455263,-4.883449
412,6.865723,16.76717,-11.62101,-7.367787
413,6.882446,12.60368,-8.616864,-5.507641
414,6.89917,4.458432,-8.234097,-4.299584
415,6.915771,-0.1214317,-3.41823,-1.104446
416,6.932373,-0.1214317,-3.41823,-1.104446
417,6.949219,0.4112092,-0.03835735,-0.07110444
418,6.96582,1.252121,-0.000318247,-0.1642888
419,6.982422,2.522274,-0.5685966,-0.2314922
420,6.999023,0.01104664,-0.002490244,-0.001013851
421,7.015869,17.65546,-2.84377e-05,-2.32928
422,7.032349,17.65546,-2.84377e-05,-2.32928
423,7.049072,24.26831,0.0,-3.211872
424,7.065674,0.1462905,0.0,-0.01936132
425,7.082397,1.551757,-4.510211,-2.258174
426,7.099121,23.49577,-12.41913,-8.815062
427,7.115723,6.565707,-7.156777,-4.165201
428,7.132324,6.565707,-7.156777,-4.165201
429,7.149292,8.913837,-15.01095,-8.172264
430,7.165649,17.8881,-19.6664,-11.63151
431,7.182373,5.013027,-29.9912,-14.86312
432,7.199097,4.489416,-33.55766,-16.70214
433,7.215698,-1.050859,-45.20748,-21.8659
434,7.232422,-1.050859,-45.20748,-21.8659
435,7.249023,3.222225,-27.24057,-14.03193
436,7.265747,16.14156,-18.3432,-11.45524
437,7.282349,1.484119,-5.556909,-3.0046
438,7.299561,6.492692,-4.567527,-3.217649
439,7.315796,3.344499,-1.655952,-1.308258
440,7.332397,3.344499,-1.655952,-1.308258
441,7.348999,0.2740124,-0.0953299,-0.08709832
442,7.365723,0.1966987,-0.00041751,-0.02822166
443,7.382446,0.001631989,-3.464037e-06,-0.0002341522
444,7.399048,0.3959109,-2.088138e-08,-0.0565452
445,7.415649,24.25774,0.0,-3.484923
446,7.432495,24.25774,0.0,-3.484923
447,7.448975,13.54957,0.0,-1.963625
448,7.465698,2.774164,0.0,-0.403201
449,7.482422,1.844109,0.0,-0.2687998
450,7.499146,0.01530038,0.0,-0.002230204
451,7.515625,-0.8282579,-11.46285,-5.683177
452,7.532349,-0.8282579,-11.46285,-5.683177
453,7.54895,-3.00967e-05,-0.0004165297,-0.0002065116
454,7.565674,-2.497474e-07,-3.455903e-06,-1.7134e-06
455,7.582397,-1.093802e-09,-1.513559e-08,-7.504061e-09
456,7.598999,0.0,0.0,0.0
457,7.615723,0.0,0.0,0.0
458,7.632324,0.0,0.0,0.0
459,7.649048,0.06396978,0.8860891,0.4388666
460,7.665649,0.0005307506,0.007351788,0.00364123
461,7.683228,2.324493e-06,3.219813e-05,1.594725e-05
462,7.698975,3.541849,3.676929e-07,-0.5177519
463,7.715698,0.04044684,4.198942e-09,-0.005912569
464,7.7323,0.04044684,4.198942e-09,-0.005912569
465,7.749023,-0.4211114,-5.804883,-2.880755
466,7.765625,-0.124488,-1.714279,-0.8516002
467,7.782349,-0.3663787,-5.035028,-2.50633
468,7.79895,-1.008777,-13.80721,-6.900863
469,7.815674,-1.257566,-17.1256,-8.60278
470,7.832275,-1.257566,-17.1256,-8.60278
471,7.848877,-1.558999,-20.95478,-10.66483
472,7.865601,-1.191812,-15.93944,-8.152973
473,7.882324,-0.8703198,-11.58185,-5.953701
474,7.899048,-0.4755257,-6.302964,-3.252986
475,7.915649,-1.150715,-15.19197,-7.871833
476,7.932373,-1.150715,-15.19197,-7.871833
477,7.948975,12.62858,-15.05082,-9.888414
478,7.965698,-1.950161,-27.8285,-14.67713
479,7.9823,-3.137622,-40.20586,-21.41381
480,7.998901,-2.386397,-39.22222,-21.28167
481,8.015625,-2.538424,-31.60625,-17.29608
482,8.032227,-2.538424,-31.60625,-17.29608
483,8.04895,-1.273503,-15.52422,-8.659245
484,8.065552,-0.848613,-10.28016,-5.755723
485,8.082275,-0.8866029,-6.195483,-6.013254
486,8.098877,15.55644,-20.29801,-14.03368
487,8.115601,6.637908,-41.88426,-26.87758
488,8.132324,6.637908,-41.88426,-26.87758
489,8.148804,6.418532,-70.09927,-50.20646
490,8.165649,7.412719,-74.6955,-62.74522
491,8.182251,15.20815,-73.75333,-67.14577
492,8.198853,9.565351,-64.23479,-67.11281
493,8.215576,17.79915,-57.66518,-71.06133
494,8.232178,17.79915,-57.66518,-71.06133
495,8.248901,-10.88337,-78.06767,-86.16518
496,8.265625,-12.44807,-63.12805,-82.81897
497,8.282227,-15.68087,-85.45319,-98.25085
498,8.29895,-12.84352,-76.85703,-80.44949
499,8.315674,-11.42977,-67.78333,-71.59379
500,8.332275,-11.42977,-67.78333,-71.59379
501,8.348999,-9.560633,-51.88738,-59.88588
502,8.365601,-16.46158,-65.06472,-73.68517
503,8.382202,-14.10415,-89.43955,-88.40155
504,8.399048,-10.62187,-69.75602,-66.70869
505,8.415649,-8.306935,-54.37513,-52.17075
506,8.432373,-8.306935,-54.37513,-52.17075
507,8.449219,5.22675,-5.328839,-6.162674
508,8.46582,25.04351,9.11175,-6.111396
509,8.482178,30.91902,2.228551,-17.58219
510,8.498901,21.32506,-10.08852,-25.09865
511,8.515625,3.608169,-25.53197,-35.68159
512,8.532227,3.608169,-25.53197,-35.68159
513,8.54895,-7.248703,-38.82741,-47.67062
514,8.565552,12.26853,-38.68906,-58.73658
515,8.582153,-11.26772,-47.66454,-67.438
516,8.598755,-15.19928,-54.78379,-90.19874
517,8.615479,-19.20176,-72.49651,-113.9467
518,8.63208,-19.20176,-72.49651,-113.9467
519,8.648926,-12.76383,-55.43432,-75.93341
520,8.665527,-7.743691,-24.22267,-47.99746
521,8.682251,17.20959,16.14962,-25.26967
522,8.698853,33.38808,45.00549,-26.75984
523,8.715576,36.27375,59.81118,-31.97326
524,8.732178,36.27375,59.81118,-31.97326
525,8.748901,26.94582,46.86285,-61.25976
526,8.765503,21.42126,36.46472,-67.98696
527,8.782227,-1.621554,28.92812,-77.39676
528,8.798828,-4.1248,25.70173,-93.83518
529,8.815552,-18.43804,14.61646,-117.3379
530,8.832642,-18.43804,14.61646,-117.3379
531,8.848755,-42.23624,12.90098,-113.2415
532,8.865479,-22.99571,5.720572,-100.6793
533,8.882568,-16.75707,9.362267,-85.20599
534,8.898804,-14.83711,23.52687,-79.23065
535,8.915405,-16.56495,32.32277,-88.49686
536,8.932129,-16.56495,32.32277,-88.49686
537,8.948853,-16.34664,41.22936,-87.3308
538,8.965454,-14.82502,34.67303,-79.20164
539,8.982056,-14.24987,24.37533,-76.12894
540,8.998901,-13.68094,12.2085,-73.08947
541,9.015381,-14.95943,9.872521,-79.91971
542,9.032471,-14.95943,9.872521,-79.91971
543,9.048828,-15.31484,-12.97854,-81.5786
544,9.06543,-14.7084,-23.52469,-77.44088
545,9.082275,-23.30476,-31.8712,-68.84421
546,9.098755,-14.65434,-39.04308,-77.90903
547,9.115356,-13.43936,-35.39745,-72.45108
548,9.132324,-13.43936,-35.39745,-72.45108
549,9.148682,-14.55836,-36.28714,-78.49066
550,9.165527,-16.45894,-39.74435,-88.73756
551,9.182251,-14.01048,-32.24837,-73.61867
552,9.19873,-11.72709,-27.18274,-63.35881
553,9.215332,-11.81629,-26.38409,-63.85327
554,9.232178,-11.81629,-26.38409,-63.85327
555,9.248779,-10.49969,-22.40739,-56.73868
556,9.265381,-12.39519,-25.78396,-66.98163
557,9.282715,-15.54859,-31.23367,-84.02212
558,9.298828,-27.69502,-34.97164,-84.47337
559,9.315552,-20.13762,-26.04223,-59.12447
560,9.332153,-20.13762,-26.04223,-59.12447
561,9.348755,-9.05132,-16.24393,-49.44867
562,9.365479,-10.09202,-17.61948,-55.16911
563,9.382202,-10.37266,-17.62017,-56.70355
564,9.398804,-8.028109,-13.32002,-43.88673
565,9.415649,-6.203132,-10.09349,-33.91025
566,9.432495,-6.203132,-10.09349,-33.91025
567,9.44873,-5.7277,-9.345749,-32.56628
568,9.465698,-8.730453,-13.35668,-47.51154
569,9.482056,-10.0583,-15.02073,-54.7308
570,9.498779,-7.136888,-10.41668,-38.8343
571,9.515503,-6.761236,-11.08695,-36.79024
572,9.532104,-6.761236,-11.08695,-36.79024
573,9.548828,-4.84035,-6.835597,-26.33803
574,9.56543,-3.60031,-5.129064,-19.59054
575,9.582031,-3.311412,-4.694171,-18.8887
576,9.598755,-0.9806084,-2.418742,-9.940825
577,9.615479,1.597226,-3.313554,-14.28729
578,9.63208,1.597226,-3.313554,-14.28729
579,9.648804,-5.062564,-6.521297,-27.35844
580,9.665405,-3.775769,-4.801132,-20.40367
581,9.682129,-3.568969,-4.496089,-19.28615
582,9.69873,-1.635427,-2.044853,-8.837591
583,9.715454,-3.071352,-3.804105,-16.5971
584,9.731934,-3.071352,-3.804105,-16.5971
585,9.748779,-6.1306,-7.382572,-33.15411
586,9.765503,-5.867641,-14.57545,-31.63594
587,9.781982,-6.759639,-7.90967,-36.44427
588,9.798706,-5.847506,-14.30768,-31.52654
589,9.81543,-6.426732,-7.324959,-34.64941
590,9.832031,-6.426732,-7.324959,-34.64941
591,9.848755,4.238559,-6.872183,-37.2162
592,9.865356,1.367568,-7.296238,-40.01081
593,9.881958,-1.992166,-6.374325,-35.32939
594,9.898926,-5.332421,-8.240479,-46.58903
595,9.915649,-2.026909,-5.421186,-31.93346
596,9.932007,-2.026909,-5.421186,-31.93346
597,9.94873,-3.240186,-5.493904,-34.19018
598,9.965576,7.062201,-5.465383,-37.02444
599,9.982056,10.69746,-5.093686,-36.23577
600,9.998779,-3.574569,-5.037989,-34.23943
601,10.01538,-4.923664,-6.656154,-47.10612
602,10.03198,-4.923664,-6.656154,-47.10612
603,10.04871,-8.150755,-22.93664,-41.69019
604,10.06543,-4.145493,-19.39451,-35.0686
605,10.08215,-5.162238,-20.52957,-30.08899
606,10.09875,-3.535429,-9.988041,-25.55322
607,10.11548,-0.6883419,-2.079831,-19.16821
608,10.13208,-0.6883419,-2.079831,-19.16821
609,10.14868,2.94615,-2.247009,-23.10216
610,10.16528,2.781669,-1.991381,-21.00708
611,10.18201,-0.4650131,-1.953734,-20.56747
612,10.19861,-3.885818,-1.857563,-19.37609
613,10.21533,-5.201938,-2.397521,-25.7922
614,10.23206,-5.201938,-2.397521,-25.7922
615,10.24866,-5.761262,-7.136321,-28.7036
616,10.26538,-6.01713,-15.31726,-29.77122
617,10.2821,-6.007832,-9.77279,-33.33831
618,10.29883,6.713881,-8.110347,-33.8827
619,10.31531,5.671927,-11.00751,-36.25641
620,10.33203,5.671927,-11.00751,-36.25641
621,10.34863,7.251244,-1.151416,-14.20379
622,10.36536,17.53592,-0.5769532,-8.951643
623,10.38208,11.8571,-0.01119918,-2.640347
624,10.39868,17.29777,-0.5358217,-13.10549
625,10.41528,19.56376,-0.002346702,-4.222211
626,10.43201,19.56376,-0.002346702,-4.222211
627,10.44861,9.747093,-8.352737,-9.219773
628,10.46533,16.62453,-15.81847,0.586574
629,10.48206,6.488138,-9.535028,1.180198
630,10.49878,9.249493,-1.76626,-1.285562
631,10.51538,16.61618,-0.01465448,-3.730682
632,10.53198,16.61618,-0.01465448,-3.730682
633,10.54871,22.11707,-0.9237232,-4.709294
634,10.56519,22.1111,-1.72601,-4.439608
635,10.58191,24.82677,-1.999433,-5.055979
636,10.59875,26.72849,-1.429064,-5.868227
637,10.61536,26.40167,-4.620738,-4.499203
638,10.63196,26.40167,-4.620738,-4.499203
639,10.6488,15.54711,-0.276089,-9.155105
640,10.66528,12.78722,-0.6942932,-16.48116
641,10.68201,2.143715,-0.004185232,-0.6298678
642,10.69861,6.952483,-0.04040637,-2.565538
643,10.71521,4.699267,-0.01113711,-1.427584
644,10.73206,4.699267,-0.01113711,-1.427584
645,10.74866,6.056145,-0.3994985,-9.414418
646,10.76526,9.87068,-0.007874108,-2.722745
647,10.78198,12.9462,-4.74655e-05,-3.380583
648,10.79858,9.763289,-2.861242e-07,-2.557324
649,10.81531,9.836661,-7.31989,0.6423495
650,10.83191,9.836661,-7.31989,0.6423495
651,10.84863,31.5384,-0.0008699876,-8.510471
652,10.86536,35.35769,-3.810226e-06,-9.728941
653,10.88196,39.88071,0.0103435,-11.0182
654,10.89856,34.29473,6.23513e-05,-9.846089
655,10.91528,31.54491,7.120329e-07,-9.212372
656,10.93188,31.54491,7.120329e-07,-9.212372
657,10.94861,25.24567,0.0,-7.564678
658,10.96521,19.25295,0.0,-5.829447
659,10.98181,22.84776,-12.31571,-1.522328
660,10.99854,23.59614,-1.76844,-6.526468
661,11.01526,23.92377,-12.27015,-2.032557
662,11.03223,23.92377,-12.27015,-2.032557
663,11.04858,13.56544,-1.314789,-3.725465
664,11.06531,27.74673,-2.535773,-7.777735
665,11.08191,27.92901,-1.324248,-8.462216
666,11.09851,21.71646,0.01161303,-6.716005
667,11.11523,15.90557,9.635213e-05,-5.244398
668,11.13196,15.90557,9.635213e-05,-5.244398
669,11.14844,3.128079,-0.03794504,-1.020202
670,11.16516,0.5455887,-8.491169,1.549317
671,11.18286,0.4672074,-3.548019,1.400083
672,11.19861,6.324753,-6.163141,-9.566992
673,11.21521,6.232068,-7.897509,-1.456637
674,11.23193,6.232068,-7.897509,-1.456637
675,11.24854,-0.9027844,-2.773988,-3.674695
676,11.26526,0.2320739,-0.02301549,-0.1110599
677,11.28186,0.001016398,-0.0001007994,-0.0004864013
678,11.29846,6.126897e-06,-6.076235e-07,-2.93205e-06
679,11.31519,5.08421e-08,-5.042164e-09,-2.433154e-08
680,11.33191,5.08421e-08,-5.042164e-09,-2.433154e-08
681,11.34851,10.1696,-6.703522,2.176896
682,11.36523,12.22001,-2.908922,12.85797
683,11.38184,13.21357,-2.510842,0.06307968
684,11.39856,14.25505,-7.659562,9.711863
685,11.41516,8.144636,-4.78635,9.894412
686,11.43188,8.144636,-4.78635,9.894412
687,11.44849,10.87143,-12.65074,5.943976
688,11.46521,22.10209,-16.14143,3.193244
689,11.48181,24.7233,-18.38023,7.503772
690,11.49854,26.64776,-12.88398,-1.947602
691,11.51526,21.30734,-25.78006,3.074914
692,11.53186,21.30734,-25.78006,3.074914
693,11.54858,19.06113,-13.78979,-1.330262
694,11.56555,21.82966,-9.117093,2.827008
695,11.58179,19.74765,-9.914234,-0.4447619
696,11.59851,3.040331,-0.4953677,6.697896
697,11.61511,1.362786,0.2383073,3.636828
698,11.63184,1.362786,0.2383073,3.636828
699,11.64856,-8.31081,0.1291862,5.251223
700,11.66504,-3.370403,0.0007787414,1.268187
701,11.68188,-1.79878,3.410601e-06,0.6691217
702,11.69849,-7.629693,-1.382026,1.889091
703,11.71509,-0.106611,-0.008330919,0.03390663
704,11.73193,-0.106611,-0.008330919,0.03390663
705,11.74854,-2.065764,-0.01854341,0.4498386
706,11.76514,-6.768578,-0.0001117805,2.496716
707,11.78198,0.6102466,12.42872,1.826007
708,11.79871,3.685175,9.776164,9.984875
709,11.81519,12.74622,6.233309,20.59967
710,11.83179,12.74622,6.233309,20.59967
711,11.84851,5.735028,6.818893,15.20072
712,11.86511,3.982205,8.365487,10.7585
713,11.88184,8.620104,6.52788,23.2923
714,11.89844,10.61762,16.56322,32.52198
715,11.91516,12.23903,8.142078,33.15635
716,11.93176,12.23903,8.142078,33.15635
717,11.94861,7.105011,6.509912,19.80708
718,11.96521,5.879244,9.866579,15.93115
719,11.98181,6.95796,2.228827,18.8487
720,11.99854,5.559271,1.701199,15.0597
721,12.01514,7.480656,8.524767,20.26461
722,12.03174,7.480656,8.524767,20.26461
723,12.04834,8.635183,15.62051,23.39215
724,12.06506,6.468625,10.22473,17.52308
725,12.08179,1.43788,7.90659,3.895123
726,12.09875,-0.08760344,2.124273,-0.237312
727,12.11511,-3.499787,5.512182,-9.480693
728,12.13184,-3.499787,5.512182,-9.480693
729,12.14844,-7.977149,-2.667863,-21.60958
730,12.16516,-10.38619,-2.776001,-22.55969
731,12.18176,-17.32198,-5.187562,-45.40355
732,12.19849,-15.24177,-3.886558,-35.4
733,12.21509,-19.2583,-17.22161,-45.6979
734,12.23181,-19.2583,-17.22161,-45.6979
735,12.24854,-14.53629,-3.337634,-36.71151
736,12.26501,-10.12703,-2.347936,-27.37296
737,12.28186,-11.60572,-2.540463,-31.37741
738,12.29846,-11.62075,-2.429169,-31.95996
739,12.31519,-13.59014,-2.645775,-37.3815
740,12.33179,-13.59014,-2.645775,-37.3815
741,12.34839,-13.56492,-6.793005,-37.31216
742,12.36511,-16.04775,-7.081855,-44.64471
743,12.38184,-15.64337,-14.12018,-42.97754
744,12.39832,-14.21776,-7.052177,-39.0579
745,12.41504,-9.622775,-8.493258,-26.4349
746,12.43176,-9.622775,-8.493258,-26.4349
747,12.44836,-9.602518,-7.894192,-26.37925
748,12.46509,-5.910995,-13.34272,-21.75896
749,12.48181,-8.901785,-13.67164,-24.45631
750,12.49829,-7.722194,-9.632623,-21.18682
751,12.51514,-9.74479,-13.4596,-26.73589
752,12.53174,-9.74479,-13.4596,-26.73589
753,12.54834,-10.37552,-15.31452,-28.46637
754,12.56506,-10.32059,-18.3416,-28.31565
755,12.58167,-8.444277,-19.11477,-23.16779
756,12.59839,-6.393321,-18.5073,-17.54076
757,12.61523,-6.416479,-22.73803,-17.6043
758,12.63171,-6.416479,-22.73803,-17.6043
759,12.64856,-5.552933,-33.55537,-15.23507
760,12.66504,-6.584617,-37.60293,-18.06561
761,12.68164,-7.639217,-33.16046,-20.95902
762,12.69836,-5.998707,-29.59575,-13.83785
763,12.71497,-6.890627,-36.3693,-18.91348
764,12.73169,-6.890627,-36.3693,-18.91348
765,12.74841,-4.964685,-25.63571,-13.63858
766,12.76501,-7.156311,-40.05902,-12.72264
767,12.78186,-3.287038,-34.70377,-8.983799
768,12.79834,-1.888036,-29.58279,-5.193049
769,12.81506,-3.087008,-26.9169,-8.491236
770,12.83191,-3.087008,-26.9169,-8.491236
771,12.84839,-7.178463,-8.580044,-12.58041
772,12.86511,-9.471593,-15.62451,1.034931
773,12.88184,-8.061975,-17.32275,-1.731876
774,12.89868,-10.56867,-17.04834,-3.069525
775,12.91492,-13.10403,-26.85924,4.663312
776,12.93164,-13.10403,-26.85924,4.663312
777,12.94824,-6.546567,-19.52336,6.425608
778,12.96497,-11.29247,-10.84144,6.749274
779,12.98157,-7.429272,-15.48687,7.312184
780,12.99841,-16.46109,-10.92837,9.033686
781,13.01489,-11.24928,-10.35032,6.991724
782,13.03162,-11.24928,-10.35032,6.991724
783,13.04834,-15.58045,-14.4551,21.36152
784,13.06494,-14.218,-12.74004,18.74907
785,13.08167,-14.04546,-14.70251,34.34009
786,13.09827,-14.8206,-4.186762,36.68598
787,13.11487,-10.86166,-1.668909,36.14952
788,13.13159,-10.86166,-1.668909,36.14952
789,13.14832,-12.53529,-7.751524,33.01797
790,13.16553,-16.39809,-14.44029,27.48685
791,13.18176,-18.49966,-8.801472,20.28495
792,13.19836,-10.05425,-6.658495,17.20144
793,13.21497,-15.76522,-10.41631,13.67376
794,13.23169,-15.76522,-10.41631,13.67376
795,13.24817,-5.464847,-0.4900396,9.86726
796,13.26489,-1.608175,-0.3081409,9.039039
797,13.28174,-6.29676,-0.3515097,11.99636
798,13.29822,5.279911,-0.6837452,19.51382
799,13.31506,5.606124,-0.6376733,20.09471
800,13.33167,5.606124,-0.6376733,20.09471
801,13.34814,6.614909,-0.547024,22.17552
802,13.36511,9.296401,-0.429631,19.67665
803,13.38159,8.514354,-0.495885,28.43106
804,13.39819,5.254913,-0.254351,17.58929
805,13.41504,3.099415,-0.1279593,10.37473
806,13.43164,3.099415,-0.1279593,10.37473
807,13.44824,0.78983,-0.02586119,2.643813
808,13.46521,2.371831,-0.07090679,7.939275
809,13.48157,3.212526,-0.1121813,14.16182
810,13.49829,4.628173,-0.0990515,15.53011
811,13.51489,1.875796,-0.08293157,23.03625
812,13.53149,1.875796,-0.08293157,23.03625
813,13.54846,7.338617,1.018785,24.639
814,13.56494,0.6291589,4.869606,27.56016
815,13.58167,3.589093,2.187671,34.89399
816,13.59839,5.78652,0.8096554,39.07252
817,13.61499,7.307236,1.428972,39.16896
818,13.63159,7.307236,1.428972,39.16896
819,13.64832,-0.6223581,0.6933544,24.91944
820,13.66492,1.788434,0.7367975,25.26237
821,13.68152,-4.28107,0.3865238,14.06909
822,13.69885,-2.36816,0.03293018,1.764648
823,13.71497,-9.823735,0.0003760524,2.846198
824,13.73157,-9.823735,0.0003760524,2.846198
825,13.74829,-17.14828,1.366475e-08,4.885779
826,13.76489,-17.27139,1.830785,4.37
827,13.78162,-12.14782,2.525153,2.69851
828,13.79822,-16.03134,8.088503,2.167773
829,13.81482,-13.42414,1.985256,3.159816
830,13.83154,-13.42414,1.985256,3.159816
831,13.84814,-24.68356,4.738865,5.342807
832,13.86487,-24.11182,0.02383873,6.300076
833,13.88159,-25.11555,-0.1500823,1.565978
834,13.89819,-17.56782,-0.003246849,4.499252
835,13.91492,-7.99764,0.1890287,1.746145
836,13.93164,-7.99764,0.1890287,1.746145
837,13.94824,-16.41809,-0.2677376,-5.180879
838,13.96484,-12.37605,-0.03114239,2.065507
839,13.98157,-6.43153,-0.0004825994,1.624843
840,13.99817,-8.851118,-0.007696272,1.966172
841,14.01477,-2.973433,-0.02779456,-0.28051
842,14.03149,-2.973433,-0.02779456,-0.28051
843,14.0481,-9.941386,-0.3564851,-11.58638
844,14.06482,-11.7505,8.73902,-9.988479
845,14.08191,-29.17105,-0.1662427,-8.533647
846,14.09814,-33.42567,0.1074577,-3.214976
847,14.11487,-48.43909,-0.3700125,-7.266562
848,14.13147,-48.43909,-0.3700125,-7.266562
849,14.14819,-50.93319,4.281465,-8.500641
850,14.16492,-44.93921,1.111509,-3.534612
851,14.18152,-47.75327,6.276415,-3.201612
852,14.19812,-31.90928,-0.03710398,0.9429089
853,14.21484,-30.06345,-0.07154353,0.403462
854,14.23132,-30.06345,-0.07154353,0.403462
855,14.24817,-26.41228,0.3524186,4.92417
856,14.26489,-19.41835,-0.01989145,1.67647
857,14.28149,-13.87974,0.1358836,2.628737
858,14.2981,-4.337216,12.25195,-3.460138
859,14.31482,-0.03598543,0.1016532,-0.0287084
860,14.33154,-0.03598543,0.1016532,-0.0287084
861,14.34802,-1.819549,0.8800601,-9.441446
862,14.36487,-5.420093,8.842272,-14.71433
863,14.38135,-8.951132,1.788262,-8.426461
864,14.39807,-0.06617644,0.5077201,-0.1778236
865,14.41479,-0.02673906,0.4887714,-0.1382807
866,14.4314,-0.02673906,0.4887714,-0.1382807
867,14.44824,25.75021,0.02059169,-5.089508
868,14.46472,40.20628,0.00205685,-7.942034
869,14.48145,45.83412,1.239879e-05,-9.576986
870,14.49817,35.61408,1.028714e-07,-7.672015
871,14.51477,47.92459,0.01952072,-8.691458
872,14.53149,47.92459,0.01952072,-8.691458
873,14.5481,50.87485,0.1626442,-2.789585
874,14.56482,55.88847,3.770412,0.4069664
875,14.58142,44.15588,17.51552,8.045669
876,14.59814,39.27594,6.859519,12.63912
877,14.61475,14.85604,14.22987,18.6265
878,14.63147,14.85604,14.22987,18.6265
879,14.64856,5.006174,5.837939,19.46624
880,14.66479,5.606052,3.711647,36.7491
881,14.68152,7.160707,14.61108,32.28022
882,14.69812,6.981289,24.51554,39.24362
883,14.71484,-0.7550208,32.70541,29.85147
884,14.73132,-0.7550208,32.70541,29.85147
885,14.74805,0.3591422,21.25094,14.61777
886,14.76489,-8.559406,27.16267,4.011821
887,14.78149,-7.613072,23.12048,12.12929
888,14.7981,-6.774531,19.25671,-4.666499
889,14.81482,-6.231054,16.36578,-2.554257
890,14.83142,-6.231054,16.36578,-2.554257
891,14.84802,-0.1386187,17.52001,-0.5455508
892,14.86475,1.314559,22.94104,5.311858
893,14.88147,3.901176,21.37321,15.76348
894,14.89807,2.645879,25.48113,10.6912
895,14.91479,3.5686,12.996,14.41964
896,14.93164,3.5686,12.996,14.41964
897,14.94812,-0.4695704,6.475779,-1.897392
898,14.96484,-1.045353,12.4907,-4.223958
899,14.98132,-0.2711101,0.1036341,0.02978814
900,14.99805,-5.980647,-0.3297321,-3.517661
901,15.01477,-1.198522,-0.3277944,-4.688044
902,15.03137,-1.198522,-0.3277944,-4.688044
903,15.0481,-3.025667,-1.718547,-27.42473
904,15.0647,2.798265,-2.377004,-42.66811
905,15.08142,-9.224085,-2.200803,-37.50702
906,15.09814,-9.459525,-1.879947,-38.22503
907,15.11475,-11.84805,-2.566604,-47.79016
908,15.13135,-11.84805,-2.566604,-47.79016
909,15.14795,-4.377215,-1.399783,-48.06413
910,15.16455,-3.62076,-1.024193,-44.53987
911,15.18127,-5.993113,-0.8438238,-53.23547
912,15.198,-13.68459,-9.318822,-57.48387
913,15.21472,-14.16457,-8.912897,-57.7192
914,15.2312,-14.16457,-8.912897,-57.7192
915,15.24805,-9.775503,-9.653576,-44.29062
916,15.26477,-0.373159,-3.441123,-29.94962
917,15.28125,0.5057459,0.2441678,-27.85674
918,15.2981,6.618244,0.1141877,-18.76978
919,15.3147,4.299414,-2.037181,-18.00466
920,15.3313,4.299414,-2.037181,-18.00466
921,15.34802,10.20263,-13.68307,-1.765895
922,15.36462,8.761525,-1.457917,-1.824917
923,15.38123,12.3284,-0.9456297,-2.914624
924,15.39807,18.52467,-0.05564072,-2.964782
925,15.41467,12.34251,-1.838833,-0.6992843
926,15.43127,12.34251,-1.838833,-0.6992843
927,15.44812,14.69548,-16.06477,20.88452
928,15.4646,17.35295,-6.299866,5.826007
929,15.48132,15.2345,-15.64998,16.95683
930,15.49805,14.31506,-14.88929,6.83089
931,15.51465,9.656974,-8.618197,14.07282
932,15.53149,9.656974,-8.618197,14.07282
933,15.54797,17.40448,-10.93966,6.388101
934,15.5647,32.23712,-10.58287,3.996198
935,15.5813,40.28188,-13.47364,7.172225
936,15.5979,40.15077,-3.745779,9.381443
937,15.61462,44.29206,-0.2057147,1.35702
938,15.63123,44.29206,-0.2057147,1.35702
939,15.64795,20.82403,-0.07056582,1.835619
940,15.66467,26.04552,-0.1193016,9.937716
941,15.68237,20.21867,-0.01065594,-4.522188
942,15.69788,8.100705,-0.05021961,7.383129
943,15.7146,0.1799216,-0.0003027262,0.002954127
944,15.7312,0.1799216,-0.0003027262,0.002954127
945,15.74792,8.998612e-06,-1.514057e-08,1.47748e-07
946,15.76465,3.183256,-0.04295652,10.04966
947,15.78125,6.796319,-0.03668506,21.45624
948,15.79797,7.063052,9.080907,22.29833
949,15.8147,8.168147,5.405316,25.78716
950,15.83167,8.168147,5.405316,25.78716
951,15.84802,5.180562,13.93161,16.35524
952,15.86462,3.782673,9.779274,11.94204
953,15.88159,-4.843377,0.6987739,6.375253
954,15.89795,-0.399978,0.02086546,0.2707277
955,15.91455,-0.003318575,0.0001731186,0.002246199
956,15.93115,-0.003318575,0.0001731186,0.002246199
957,15.94788,-3.145159e-07,1.640264e-08,2.126936e-07
958,15.96472,0.0,0.0,0.0
959,15.9812,-0.1586186,-0.008370272,-0.5021992
960,15.99792,-4.168559,-0.2086916,-13.198
961,16.01465,-2.479058,-0.1174001,-7.848899
962,16.03125,-2.479058,-0.1174001,-7.848899
963,16.04797,-1.654066,-0.06937803,-5.236906
964,16.06445,-0.7932935,-0.03220039,-2.511631
965,16.08118,-0.3046465,-0.0119536,-0.9645355
966,16.09778,-0.00133424,-5.235238e-05,-0.004224311
967,16.11462,-8.04286e-06,-3.155826e-07,-2.546435e-05
968,16.13123,-8.04286e-06,-3.155826e-07,-2.546435e-05
969,16.14795,-0.000159299,0.001596619,-0.0005043537
970,16.16455,-1.819147e-06,1.823291e-05,-5.759566e-06
971,16.18127,-1.509327e-08,1.512765e-07,-4.778652e-08
972,16.19788,0.0,0.0,0.0
973,16.21484,0.3904533,0.0158488,1.236207
974,16.2312,0.3904533,0.0158488,1.236207
975,16.24792,3.141825,0.1402835,9.947272
976,16.26465,1.407198,0.0666403,4.455302
977,16.28125,3.503114,0.1848587,11.09114
978,16.29797,2.386235,0.1323798,7.555014
979,16.31458,1.07857,0.2468953,3.414841
980,16.33142,1.07857,0.2468953,3.414841
981,16.3479,-0.01201158,0.209532,-0.03802963
982,16.36475,-7.240636e-05,0.001263069,-0.0002292444
983,16.38123,1.1185,0.06660216,3.541263
984,16.39783,2.536896,9.276955,8.032019
985,16.41455,4.51143,18.03542,14.28355
986,16.43127,4.51143,18.03542,14.28355
987,16.44788,3.04536,24.31573,7.252066
988,16.46448,4.278292,21.95898,13.50631
989,16.4812,2.735502,6.744053,8.648272
990,16.4978,2.123313,5.795717,6.712968
991,16.51453,4.949556,6.787707,15.64829
992,16.53113,4.949556,6.787707,15.64829
993,16.54785,2.532255,8.375247,8.005859
994,16.56458,3.916508,7.545669,12.38225
995,16.58118,-0.7947826,7.568819,-1.362093
996,16.5979,0.2060385,0.3317169,5.164968
997,16.6145,-9.791701,0.4786611,15.99632
998,16.63123,-9.791701,0.4786611,15.99632
999,16.64783,1.88938,5.320995,18.18455
1000,16.66443,3.913497,5.597072,21.30151
1001,16.68115,6.175083,11.57553,19.83007
1002,16.69788,5.39758,4.765657,18.55207
1003,16.71448,-0.5298503,4.693435,23.33944
1004,16.7312,-0.5298503,4.693435,23.33944
1005,16.74792,-0.9952807,10.63555,28.84606
1006,16.76453,4.48379,8.588756,23.54784
1007,16.78113,4.534932,9.344203,18.16422
1008,16.79773,2.499843,7.590712,25.22018
1009,16.81458,2.348107,9.136376,21.86182
1010,16.83118,2.348107,9.136376,21.86182
1011,16.84778,4.601571,13.97987,35.20437
1012,16.8645,2.507945,22.23942,37.41206
1013,16.8811,-2.712496,23.27428,37.83469
1014,16.89844,7.328201,21.39224,24.41422
1015,16.91455,1.591836,29.79603,33.18836
1016,16.93115,1.591836,29.79603,33.18836
1017,16.94788,3.476194,35.20889,26.84062
1018,16.9646,-6.275527,30.46726,31.58329
1019,16.9812,-5.454724,44.06786,31.4411
1020,16.9978,-1.059147,34.91829,31.52563
1021,17.0144,-7.23309,40.47209,31.19352
1022,17.03113,-7.23309,40.47209,31.19352
1023,17.04773,-15.06192,35.03303,20.82852
1024,17.06445,-9.026899,45.6401,31.08058
1025,17.08118,-12.62095,36.34647,37.82342
1026,17.0979,-7.042855,29.51101,30.55311
1027,17.1145,-8.792273,37.5025,38.3595
1028,17.1311,-8.792273,37.5025,38.3595
1029,17.14771,-3.934678,27.31555,36.6113
1030,17.16443,-6.547719,31.32673,22.86214
1031,17.18115,1.187615,29.56692,20.59174
1032,17.19788,-6.434295,23.18805,20.4729
1033,17.21436,-7.740594,21.57511,17.67296
1034,17.2312,-7.740594,21.57511,17.67296
1035,17.2478,-5.614967,14.17505,19.67143
1036,17.2644,-4.145789,23.03543,16.74907
1037,17.28125,-0.2829945,19.00889,20.90254
1038,17.29773,-3.97257,20.13088,15.2736
1039,17.31445,-0.3309191,32.09143,19.9036
1040,17.33118,-0.3309191,32.09143,19.9036
1041,17.34766,-2.073405,17.44332,16.85732
1042,17.36438,-9.790681,19.27556,19.59589
1043,17.3811,-10.78539,20.6791,18.81744
1044,17.39783,0.2584003,22.81462,7.351229
1045,17.41455,-0.1610249,21.33738,1.200427
1046,17.43103,-0.1610249,21.33738,1.200427
1047,17.44775,-0.5588315,12.57584,-1.491404
1048,17.4646,-1.05878,6.71458,-3.093106
1049,17.48108,-2.231023,6.164009,-2.530577
1050,17.49768,-2.702437,7.179734,-7.1769
1051,17.5144,-1.447939,11.39744,-5.445511
1052,17.53113,-1.447939,11.39744,-5.445511
1053,17.54773,-2.836452,22.17702,-10.71588
1054,17.56445,3.104852,39.31524,-17.32746
1055,17.58118,-2.048949,48.37389,-7.906467
1056,17.59766,-2.273344,34.64516,-8.579089
1057,17.61438,-2.97114,41.65454,-11.21142
1058,17.63123,-2.97114,41.65454,-11.21142
1059,17.64771,-0.8597959,51.66116,-3.244387
1060,17.66443,0.8043577,51.61004,3.035195
1061,17.68103,1.540868,53.68578,5.814371
1062,17.69763,13.96718,45.48104,-3.406065
1063,17.71436,-1.925503,26.55324,-7.71828
1064,17.7312,-1.925503,26.55324,-7.71828
1065,17.74768,-4.13605,11.08244,-16.13711
1066,17.7644,-5.602314,-2.681748,-21.07482
1067,17.78101,-6.817376,-5.273055,-25.63982
1068,17.79761,-6.006033,-6.786615,-28.40333
1069,17.81433,-7.703786,-6.902241,-28.99221
1070,17.83105,-7.703786,-6.902241,-28.99221
1071,17.84778,-6.13069,-5.287261,-23.01907
1072,17.86438,-6.368525,-5.39723,-23.91208
1073,17.8811,-8.436221,-6.995801,-31.67571
1074,17.89758,5.946881,-6.605134,-34.33666
1075,17.91443,-5.345328,-4.316777,-20.37733
1076,17.93103,-5.345328,-4.316777,-20.37733
1077,17.94763,2.22394,3.275307,-2.557858
1078,17.96436,5.06542,23.88695,-0.7560112
1079,17.98096,-0.6946689,35.14248,-13.64361
1080,17.99768,-3.164189,37.23648,-13.44046
1081,18.01428,-2.412942,34.79596,-8.966407
1082,18.03101,-2.412942,34.79596,-8.966407
1083,18.04761,-0.8720502,29.77167,-3.236819
1084,18.06433,-2.110091,30.74974,-7.832096
1085,18.08105,0.6495826,40.10701,2.411078
1086,18.09766,0.5318527,39.42186,1.974096
1087,18.1145,1.144496,40.72461,4.248066
1088,18.1311,1.144496,40.72461,4.248066
1089,18.14758,5.237588,37.79243,16.34796
1090,18.16431,4.752021,35.52685,17.56221
1091,18.18091,5.204427,29.88416,13.62255
1092,18.19763,18.63001,30.6705,15.66237
1093,18.21436,6.233701,38.92483,22.54593
1094,18.23096,6.233701,38.92483,22.54593
1095,18.24756,5.223158,37.70142,19.26078
1096,18.26428,6.740441,46.40081,24.85589
1097,18.28101,5.378167,45.71879,20.72909
1098,18.29761,3.32412,45.78073,12.28173
1099,18.31433,5.359146,47.34889,19.79451
1100,18.33093,5.359146,47.34889,19.79451
1101,18.34766,5.662752,47.76487,20.91587
1102,18.36426,5.904777,36.911,21.80982
1103,18.38098,8.410941,31.71371,31.06656
1104,18.39771,2.973961,30.54495,9.779665
1105,18.41418,13.71412,33.62116,18.00807
1106,18.43091,13.71412,33.62116,18.00807
1107,18.44763,1.368846,28.48394,4.795504
1108,18.46436,3.108275,28.31314,11.42338
1109,18.48096,1.943293,26.67414,7.142773
1110,18.49756,-2.168341,20.87462,-7.969969
1111,18.51428,-2.434351,11.98794,-8.947718
1112,18.53101,-2.434351,11.98794,-8.947718
1113,18.54761,-2.299423,11.20672,-8.451775
1114,18.56421,-2.761723,13.41352,-10.15101
1115,18.58093,-2.70889,13.11278,-9.956815
1116,18.59766,0.1017736,5.220695,0.3740799
1117,18.61438,-1.642926,7.960184,-6.03875
1118,18.63086,-1.642926,7.960184,-6.03875
1119,18.64795,1.005537,0.1648629,-0.4093831
1120,18.66418,0.006061427,0.0009938014,-0.00246778
1121,18.68091,2.081592,4.127272,7.638604
1122,18.69751,3.232325,4.207034,11.8615
1123,18.71423,2.001693,2.608386,7.345514
1124,18.73096,2.001693,2.608386,7.345514
1125,18.74756,3.092559,4.067296,11.34861
1126,18.7644,4.736016,6.269869,17.37952
1127,18.78101,6.64934,8.895398,24.40075
1128,18.79749,10.0232,13.56621,36.78163
1129,18.81421,-6.582567,9.763779,29.89893
1130,18.83093,-6.582567,9.763779,29.89893
1131,18.84753,1.41066,4.05514,11.1128
1132,18.86426,-0.5971205,-0.7892278,1.902732
1133,18.88098,0.5706004,-2.776371,2.128881
1134,18.89758,-0.361119,-4.154263,-1.331449
1135,18.91431,-1.442917,-5.041925,-5.320866
1136,18.93091,-1.442917,-5.041925,-5.320866
1137,18.94751,3.554675,-14.0375,-27.18158
1138,18.9646,-8.213895,-11.23405,-30.6981
1139,18.98096,-12.57114,-18.93116,-47.90306
1140,18.99744,-12.45813,-30.59428,-40.02208
1141,19.01416,-20.42348,-36.68124,-42.43788
1142,19.03088,-20.42348,-36.68124,-42.43788
1143,19.04761,-6.989697,-30.93079,-25.77117
1144,19.06421,-4.366882,-20.35567,-43.32529
1145,19.08093,-9.805868,-13.21288,-36.26468
1146,19.09753,-5.870813,-14.27579,-48.82938
1147,19.11426,-16.37401,-18.30587,-62.35361
1148,19.13086,-16.37401,-18.30587,-62.35361
1149,19.14746,-16.45094,-33.39433,-60.2716
1150,19.16418,-16.53877,-45.99837,-60.59326
1151,19.18091,-15.98304,-53.5951,-58.55722
1152,19.19751,-14.3328,-63.59948,-52.51122
1153,19.21423,-11.69698,-55.17606,-42.85434
1154,19.23083,-11.69698,-55.17606,-42.85434
1155,19.24744,-9.300087,-42.09516,-34.07282
1156,19.2644,-8.793159,-44.61727,-32.21558
1157,19.28076,-10.61665,-36.52637,-38.89632
1158,19.29749,-17.06274,-44.69213,-62.51294
1159,19.31421,-13.25101,-36.85844,-48.54788
1160,19.33093,-13.25101,-36.85844,-48.54788
1161,19.34753,-13.5932,-55.47865,-49.80154
1162,19.36414,-6.290601,-66.46294,-23.04694
1163,19.38074,-6.358667,-65.79728,-23.29631
1164,19.39746,-8.028667,-53.96818,-29.41471
1165,19.41418,-8.273961,-51.52446,-30.31339
1166,19.43091,-8.273961,-51.52446,-30.31339
1167,19.44751,-11.35071,-51.01651,-41.5857
1168,19.46423,-12.35361,-65.94834,-45.26006
1169,19.48083,-12.87099,-76.43789,-47.15556
1170,19.49756,-8.638,-62.12672,-31.64713
1171,19.51416,-6.52152,-61.44194,-23.89296
1172,19.53088,-6.52152,-61.44194,-23.89296
1173,19.54749,-5.941597,-37.71931,-25.22734
1174,19.56409,-5.676148,-31.11683,-23.29898
1175,19.58069,-5.46705,-24.70813,-23.58668
1176,19.59753,-1.88844,-21.52039,-29.5415
1177,19.61414,-7.390297,-28.65471,-27.03775
1178,19.63086,-7.390297,-28.65471,-27.03775
1179,19.64771,-6.798163,-30.12236,-24.74621
1180,19.66406,-7.579293,-24.81469,-27.58961
1181,19.68091,-6.486868,-21.04202,-23.61304
1182,19.69751,-9.45335,-22.43728,-34.41142
1183,19.71411,-12.3929,-25.54647,-45.11176
1184,19.73083,-12.3929,-25.54647,-45.11176
1185,19.7478,-10.34844,-29.40306,-37.66967
1186,19.76404,-8.682015,-35.63641,-31.60366
1187,19.78076,-6.095565,-25.62941,-22.18865
1188,19.79797,-8.270025,-20.01058,-30.10396
1189,19.81409,-10.25557,0.5011495,-37.33162
1190,19.83069,-10.25557,0.5011495,-37.33162
1191,19.84741,-8.646169,1.595146,-31.47318
1192,19.86414,-7.05916,1.402054,-25.69626
1193,19.88074,-8.652559,1.8387,-31.49644
1194,19.89746,-7.511139,1.700482,-27.34152
1195,19.91406,-8.33214,2.027886,-30.33007
1196,19.93079,-8.33214,2.027886,-30.33007
1197,19.94751,-7.548653,2.149174,-27.47808
1198,19.96399,-7.842768,2.248642,-28.54869
1199,19.98083,-7.105853,2.63,-25.86623
1200,19.99731,-8.807739,2.786095,-32.06131
1201,20.01416,-9.179073,3.057782,-33.41302
1202,20.03064,-9.179073,3.057782,-33.41302
1203,20.04736,-4.499065,1.603425,-16.37718
1204,20.06409,-5.955014,2.177777,-21.67702
1205,20.08081,-3.11175,1.152478,-11.32717
1206,20.09741,-5.159549,9.834523,-18.78143
1207,20.11414,-2.249177,7.553802,-8.187295
1208,20.13074,-2.249177,7.553802,-8.187295
1209,20.14746,-1.76066,0.5272238,-4.814308
1210,20.16418,-0.5800471,0.00437432,0.1148896
1211,20.18066,-7.812686,3.614999e-05,2.132087
1212,20.19751,2.869127,-7.924802,18.66858
1213,20.21411,8.598165,-18.41051,35.83422
1214,20.23071,8.598165,-18.41051,35.83422
1215,20.24744,11.06305,-16.57403,45.38476
1216,20.26404,5.285021,-6.800229,54.41254
1217,20.28064,4.760795,-5.643159,59.46259
1218,20.29736,2.530113,-16.30768,75.04681
1219,20.31396,-4.208756,-4.696418,83.22266
1220,20.33118,-4.208756,-4.696418,83.22266
1221,20.34729,0.2515289,-3.387501,96.27686
1222,20.36401,5.837153,-2.301167,97.20774
1223,20.38062,18.21614,-1.144865,106.8254
1224,20.39722,18.97009,2.744274,105.2188
1225,20.41406,30.98115,16.59616,124.874
1226,20.43066,30.98115,16.59616,124.874
1227,20.44739,10.60771,31.8579,93.08691
1228,20.46399,17.99581,23.88054,83.30679
1229,20.48059,20.73407,24.44461,84.01711
1230,20.49731,22.89672,23.74826,92.68269
1231,20.51392,22.45956,29.42197,90.91261
1232,20.53064,22.45956,29.42197,90.91261
1233,20.54736,17.35288,50.10223,70.24161
1234,20.56396,16.29784,62.49921,72.09091
1235,20.58069,11.03208,63.9509,76.00861
1236,20.59741,15.00384,55.54045,71.47293
1237,20.61401,14.57714,60.97424,73.11063
1238,20.63074,14.57714,60.97424,73.11063
1239,20.64734,15.71559,75.5535,64.41074
1240,20.66394,14.19934,84.56294,58.19554
1241,20.68066,6.595456,92.42313,51.45899
1242,20.69727,6.487384,93.62553,53.38825
1243,20.71399,-0.5137083,90.43643,39.35187
1244,20.73071,-0.5137083,90.43643,39.35187
1245,20.74731,7.17846,89.12067,32.45226
1246,20.76392,5.656104,84.89989,23.57083
1247,20.78064,5.11433,84.07554,21.30302
1248,20.79724,0.2575416,66.95679,1.07275
1249,20.81396,-0.7222002,53.95832,-3.008213
1250,20.83069,-0.7222002,53.95832,-3.008213
1251,20.84729,-5.460961,60.74884,-13.80534
1252,20.86426,-19.09663,59.61341,-12.46969
1253,20.88074,-5.374422,57.01973,-15.52081
1254,20.89734,-4.773348,75.97158,-19.39014
1255,20.91394,-2.486605,66.07758,-9.218438
1256,20.93091,-2.486605,66.07758,-9.218438
1257,20.94727,-1.24492,63.46316,-5.271323
1258,20.96399,-0.2341413,50.87041,-0.9914284
1259,20.98059,0.008405834,54.39048,0.03559298
1260,20.99731,0.8808781,43.92128,3.729919
1261,21.01453,4.277256,41.96094,15.51785
1262,21.03052,4.277256,41.96094,15.51785
1263,21.04724,4.195246,22.59687,17.65868
1264,21.06396,2.781274,24.03076,11.73348
1265,21.08069,3.225146,31.52336,13.60626
1266,21.09729,2.968354,30.58909,12.52291
1267,21.11414,1.400482,39.74576,5.908361
1268,21.13062,1.400482,39.74576,5.908361
1269,21.14722,4.218629,52.99137,17.79757
1270,21.16394,4.800249,62.43186,20.25131
1271,21.18066,4.219188,69.09466,17.79993
1272,21.19714,3.791495,61.90801,15.99558
1273,21.21399,3.967171,70.53389,16.73672
1274,21.23059,3.967171,70.53389,16.73672
1275,21.24719,3.669135,82.10452,14.37946
1276,21.26392,2.604872,87.58041,8.368836
1277,21.28052,9.41433,87.42417,14.17535
1278,21.29724,3.363542,79.78798,13.97607
1279,21.31396,4.481711,119.1679,16.84178
1280,21.33057,4.481711,119.1679,16.84178
1281,21.34717,13.85773,108.3006,7.396801
1282,21.36401,4.794742,113.2189,14.58525
1283,21.38062,20.26178,109.8399,7.598163
1284,21.39758,18.19176,100.8883,6.965186
1285,21.41394,11.08067,92.78103,19.88746
1286,21.43066,11.08067,92.78103,19.88746
1287,21.44714,15.38643,97.23579,28.51962
1288,21.46387,14.20959,65.20074,24.61385
1289,21.48071,17.15326,59.50532,21.60232
1290,21.49719,21.49738,49.37535,22.57329
1291,21.51392,6.571353,31.33999,22.43405
1292,21.53076,6.571353,31.33999,22.43405
1293,21.54712,4.771936,13.87233,19.10286
1294,21.56384,6.180359,18.17247,24.84118
1295,21.58044,7.222201,21.41997,29.02913
1296,21.59717,5.893772,17.61584,23.6896
1297,21.61389,6.100492,20.79214,28.19939
1298,21.63062,6.100492,20.79214,28.19939
1299,21.64722,11.16237,35.03427,45.53897
1300,21.66394,12.6788,40.08498,51.1433
1301,21.68079,8.87844,28.47454,35.81195
1302,21.69714,9.581824,31.14674,38.64911
1303,21.71387,14.64333,23.97752,24.56172
1304,21.73059,14.64333,23.97752,24.56172
1305,21.74719,0.1325353,0.4374666,0.5327426
1306,21.76392,-4.318589,-14.22784,-17.38879
1307,21.78076,-10.24806,-33.39711,-41.26378
1308,21.79712,-23.25288,-45.66827,-55.15424
1309,21.81396,-11.53226,-52.54697,-46.20288
1310,21.83044,-11.53226,-52.54697,-46.20288
1311,21.84717,-9.369529,-55.86449,-37.91024
1312,21.86389,-9.137691,-57.12218,-38.94029
1313,21.88049,10.5639,-61.32262,-24.05983
1314,21.89722,6.220455,-63.72008,-4.846616
1315,21.91382,15.31533,-64.79986,1.375407
1316,21.9314,15.31533,-64.79986,1.375407
1317,21.94714,11.86491,-66.56019,9.643182
1318,21.96387,4.669822,-73.50337,18.18981
1319,21.98047,3.595958,-68.77872,13.19555
1320,21.99707,3.792286,-64.9597,14.92007
1321,22.01379,5.761513,-64.14847,22.6797
1322,22.0304,5.761513,-64.14847,22.6797
1323,22.04712,10.24962,-39.8237,40.43827
1324,22.06384,8.315824,-31.60726,32.79127
1325,22.08081,5.943217,-20.07544,23.43539
1326,22.09717,4.709398,-18.61954,22.0333
1327,22.11377,6.275743,-11.35691,27.74701
1328,22.13049,6.275743,-11.35691,27.74701
1329,22.14709,2.189011,15.96784,27.82163
1330,22.16382,0.6383332,28.76937,38.83858
1331,22.18042,2.815513,48.18268,46.59089
1332,22.19702,11.36201,52.06245,45.72281
1333,22.21387,8.349646,69.80038,33.50379
1334,22.23047,8.349646,69.80038,33.50379
1335,22.24707,6.276145,70.65604,35.18779
1336,22.26379,4.25653,85.80658,31.00342
1337,22.2804,-3.056696,83.00558,37.35968
1338,22.297,6.217595,73.93947,25.69266
1339,22.31384,-1.839143,61.54086,27.30014
1340,22.33032,-1.839143,61.54086,27.30014
1341,22.34717,5.696832,59.57912,23.06159
1342,22.36377,6.424427,65.04887,26.00503
1343,22.38049,6.955097,69.1302,28.15309
1344,22.39709,5.553694,63.12793,23.27974
1345,22.4137,3.109875,68.07375,23.79757
1346,22.43042,3.109875,68.07375,23.79757
1347,22.44702,-0.2486617,58.16809,18.39866
1348,22.46399,3.131249,52.01504,16.95973
1349,22.48047,-4.397081,59.56515,23.41136
1350,22.49707,3.292998,38.79188,14.64676
1351,22.51379,3.540129,54.77699,14.54185
1352,22.5304,3.540129,54.77699,14.54185
1353,22.54712,-0.9024865,38.06779,4.299517
1354,22.56384,0.4714305,29.6479,9.360379
1355,22.58044,1.662509,28.26626,6.924281
1356,22.59705,2.071032,26.18926,8.549794
1357,22.61365,2.357536,31.2531,9.731765
1358,22.63037,2.357536,31.2531,9.731765
1359,22.64709,2.752872,44.10733,11.36368
1360,22.6637,3.971284,54.25996,16.39322
1361,22.68042,1.6469,53.96087,6.798303
1362,22.69714,4.051961,47.3903,16.72625
1363,22.71362,0.946826,38.08002,3.908439
1364,22.73035,0.946826,38.08002,3.908439
1365,22.74731,-8.143978,32.05732,11.08322
1366,22.76404,0.8326381,29.7285,4.08729
1367,22.78064,3.850279,20.85798,15.95488
1368,22.79712,3.587628,21.13295,14.86293
1369,22.81372,4.379209,21.05386,18.1423
1370,22.83057,4.379209,21.05386,18.1423
1371,22.84729,4.848358,23.63823,20.0859
1372,22.86377,5.493673,25.48913,22.75932
1373,22.88049,10.53084,33.09338,43.62741
1374,22.89709,8.221021,34.59548,34.11975
1375,22.91382,12.38192,39.167,51.38877
1376,22.93054,12.38192,39.167,51.38877
1377,22.94727,4.102403,35.22332,55.29177
1378,22.96375,1.037896,25.49466,49.96367
1379,22.98047,12.56541,24.5845,53.33675
1380,22.99707,0.827988,21.79601,57.20824
1381,23.01367,14.48234,15.2297,60.86907
1382,23.03052,14.48234,15.2297,60.86907
1383,23.047,13.01788,5.962492,54.42113
1384,23.06372,9.516255,12.13326,39.78259
1385,23.08057,11.04099,4.180699,46.15672
1386,23.09705,10.42954,13.54247,43.60057
1387,23.11377,7.557207,5.862816,31.59282
1388,23.13062,7.557207,5.862816,31.59282
1389,23.14709,6.649366,22.72091,27.7976
1390,23.16382,6.001405,35.83677,25.08881
1391,23.18079,3.534145,21.8254,14.80135
1392,23.19714,-8.279417,31.48876,24.29611
1393,23.21399,0.3118271,21.18348,13.55813
1394,23.23059,0.3118271,21.18348,13.55813
1395,23.24719,-1.740589,16.90296,9.77891
1396,23.26379,0.09618126,22.03195,6.749029
1397,23.28052,1.155381,28.20829,6.823796
1398,23.297,2.514152,22.11012,12.07714
1399,23.31372,0.9992517,14.67741,6.01743
1400,23.33057,0.9992517,14.67741,6.01743
1401,23.34705,-6.841522,10.76214,-5.297901
1402,23.36377,-12.97191,14.40283,-1.927564
1403,23.38037,-21.25641,19.4264,-1.517511
1404,23.39709,-11.24605,22.66815,10.60477
1405,23.4137,-25.42517,24.81585,15.65741
1406,23.43042,-25.42517,24.81585,15.65741
1407,23.44702,-23.89188,30.31458,16.00293
1408,23.46375,-11.63337,23.62148,17.66018
1409,23.48059,-27.78695,19.53694,18.52053
1410,23.49707,-20.08585,10.94573,11.27721
1411,23.51404,-17.57466,21.48527,6.37838
1412,23.5304,-17.57466,21.48527,6.37838
1413,23.54712,-32.2948,21.76223,3.813404
1414,23.56372,-31.70022,18.64822,4.139842
1415,23.58044,-16.74513,23.75653,6.689544
1416,23.59705,-25.62088,20.86922,10.2498
1417,23.61365,-20.25578,13.9495,3.466983
1418,23.63037,-20.25578,13.9495,3.466983
1419,23.64697,-12.4841,15.88397,8.440915
1420,23.6637,-20.6128,17.35089,14.24569
1421,23.68054,-10.79654,15.91132,11.6185
1422,23.69751,-12.42573,24.96532,17.23565
1423,23.71375,-4.549939,27.80669,17.25321
1424,23.73047,-4.549939,27.80669,17.25321
1425,23.74707,-4.559548,21.35682,13.26398
1426,23.76379,-14.03342,12.01818,9.611758
1427,23.78027,-4.550564,0.956773,1.415064
1428,23.79712,-5.752624,0.8605592,1.582213
1429,23.81372,-4.433351,10.99855,7.161189
1430,23.83069,-4.433351,10.99855,7.161189
1431,23.84705,-1.168662,25.77688,14.98072
1432,23.86377,3.119218,20.21258,16.75727
1433,23.88037,1.616363,13.83834,8.635867
1434,23.89746,2.507609,8.247953,13.39673
1435,23.9137,2.427492,7.275719,12.96871
1436,23.93042,2.427492,7.275719,12.96871
1437,23.94702,5.982546,12.37241,31.79986
1438,23.96362,4.663386,18.80807,24.8569
1439,23.98059,4.334648,11.52027,23.10501
1440,23.99695,4.347421,24.88725,23.1731
1441,24.01367,4.379789,17.06765,23.34563
1442,24.0304,4.379789,17.06765,23.34563
1443,24.047,5.263107,5.307847,28.05399
1444,24.06396,4.618492,2.68492,24.61799
1445,24.08069,4.687688,7.06545,24.98683
1446,24.09717,2.166607,8.848343,11.54869
1447,24.11365,5.178707,8.341812,16.53312
1448,24.13037,5.178707,8.341812,16.53312
1449,24.14697,3.815354,16.41693,20.29057
1450,24.1637,7.719475,11.32748,17.84667
1451,24.1803,4.633377,12.80048,24.39361
1452,24.19714,3.58541,19.27608,19.02384
1453,24.21411,15.61718,15.0859,17.85923
1454,24.23022,15.61718,15.0859,17.85923
1455,24.24695,10.01033,8.790316,30.99947
1456,24.26355,15.75809,16.18664,26.21686
1457,24.28064,6.345895,18.70144,32.97321
1458,24.297,5.849516,20.54985,30.82239
1459,24.3136,5.171751,22.20757,27.25762
1460,24.3302,5.171751,22.20757,27.25762
1461,24.34692,3.689032,17.90735,19.44302
1462,24.36377,2.535382,6.951525,13.36271
1463,24.38013,3.170506,5.4885,16.71013
1464,24.39697,3.038031,17.67711,13.50136
1465,24.41357,3.466248,17.46191,18.21297
1466,24.43079,3.466248,17.46191,18.21297
1467,24.44678,2.526179,19.40635,13.28438
1468,24.46338,1.919012,14.8492,10.09148
1469,24.48022,17.22241,15.94467,14.31612
1470,24.49683,1.90696,-3.119125,9.374049
1471,24.51355,4.704173,-11.05092,12.15207
1472,24.53015,4.704173,-11.05092,12.15207
1473,24.54675,3.257797,-15.67491,17.05484
1474,24.56348,3.033562,-17.13237,15.88137
1475,24.58008,-1.984042,-27.62523,11.16609
1476,24.5968,-1.077966,-54.37486,10.19756
1477,24.61353,0.1459509,-66.52016,5.552754
1478,24.63013,0.1459509,-66.52016,5.552754
1479,24.64685,-0.09542523,-85.25891,-0.5026086
1480,24.66345,-0.2065801,-93.7627,-1.088778
1481,24.68018,-11.55083,-105.0509,-4.899848
1482,24.69678,-7.340626,-104.3207,-6.211102
1483,24.7135,-7.366599,-116.4709,-7.797372
1484,24.7301,-7.366599,-116.4709,-7.797372
1485,24.74683,-13.69413,-118.9653,-8.615009
1486,24.76343,-10.22591,-115.7269,-10.57069
1487,24.78015,-16.59168,-111.0195,-4.233944
1488,24.79688,-13.58708,-100.6905,-3.208842
1489,24.81348,-9.207395,-103.0172,-3.256575
1490,24.8302,-9.207395,-103.0172,-3.256575
1491,24.84692,1.281532,-99.43433,7.33282
1492,24.86353,0.9140987,-66.85266,5.935349
1493,24.88013,0.6273131,-100.2858,3.471631
1494,24.89709,-7.124691,-98.14252,5.198917
1495,24.91345,-12.99126,-104.934,10.95348
1496,24.93005,-12.99126,-104.934,10.95348
1497,24.94678,-24.60279,-75.37767,11.56662
1498,24.96338,-31.00362,-81.97337,19.52636
1499,24.97998,-26.04268,-57.10621,19.69355
1500,24.9967,-13.50545,-58.15833,26.19928
1501,25.01343,-28.32285,-54.50275,31.48256
1502,25.03003,-28.32285,-54.50275,31.48256
1503,25.04688,-13.50851,-48.93145,24.50616
1504,25.06335,-3.502915,-29.82573,20.84797
1505,25.08008,-27.27788,-38.62172,32.77752
1506,25.0968,-13.31782,-42.73392,34.29075
1507,25.1134,-32.06944,-63.60096,52.09668
1508,25.13,-32.06944,-63.60096,52.09668
1509,25.14673,-30.84639,-64.74438,50.58196
1510,25.16345,-32.1627,-65.53319,50.27936
1511,25.18005,-19.75643,-58.46029,42.74063
1512,25.19678,-11.75424,-57.51752,40.14372
1513,25.21338,-14.17777,-54.42944,37.75196
1514,25.2301,-14.17777,-54.42944,37.75196
1515,25.2467,1.765668,-45.28693,29.62361
1516,25.26343,-19.55992,-46.28101,31.73637
1517,25.28015,1.681663,-40.2876,24.68125
1518,25.29675,-5.408498,-40.91589,25.69593
1519,25.31335,2.879957,-36.68337,21.70883
1520,25.32996,2.879957,-36.68337,21.70883
1521,25.3468,12.03442,-47.06319,25.89343
1522,25.3634,13.66862,-45.19762,32.1272
1523,25.38,25.17942,-54.43896,27.35978
1524,25.39697,23.49967,-53.02767,26.09099
1525,25.41345,11.70494,-52.63323,27.02835
1526,25.43091,11.70494,-52.63323,27.02835
1527,25.44653,3.333694,-44.97692,23.30921
1528,25.46326,2.598645,-35.6006,18.19472
1529,25.4801,3.416425,-47.5635,23.92069
1530,25.49683,3.405816,-48.24159,23.84641
1531,25.51331,3.269898,-46.98602,22.89475
1532,25.53003,3.269898,-46.98602,22.89475
1533,25.54663,2.612566,-38.64887,18.29233
1534,25.56335,3.592446,-39.5647,25.15313
1535,25.58008,-2.984929,-46.31219,23.46204
1536,25.59668,3.229598,-48.75686,22.94745
1537,25.61328,3.229598,-48.75686,22.94745
1538,25.62988,3.803964,-67.78289,26.71258
1539,25.64661,3.820978,-71.2609,26.83206
1540,25.66333,5.850182,-67.48843,23.82305
1541,25.67993,2.819714,-50.37664,19.66755
1542,25.69666,2.860122,-50.98153,20.02518
1543,25.71338,2.860122,-50.98153,20.02518
1544,25.72998,-13.24347,-57.83844,22.45772
1545,25.7467,2.85809,-64.73198,20.76734
1546,25.76331,2.486732,-48.66189,17.46564
1547,25.77991,2.491508,-66.89925,17.49614
1548,25.79663,2.35838,-48.57583,16.56125
1549,25.81335,1.826618,-38.42805,12.82706
1550,25.82996,1.826618,-38.42805,12.82706
1551,25.84656,2.235443,-51.6147,16.46006
1552,25.86353,3.29149,-57.37521,23.18808
1553,25.88013,3.221507,-75.42022,22.68927
1554,25.89661,3.643666,-88.40128,25.66252
1555,25.91333,2.762671,-69.12634,19.40031
1556,25.92993,2.762671,-69.12634,19.40031
1557,25.94666,2.797942,-69.66228,18.19063
1558,25.96326,1.887084,-52.03434,13.2043
1559,25.97998,-14.19163,-48.71996,14.25132
1560,25.99658,1.406765,-45.01477,10.82453
1561,26.01331,1.406765,-45.01477,10.82453
1562,26.02991,-11.5239,-36.34218,10.16192
1563,26.04663,-1.553794,-10.4708,2.645888
1564,26.06323,-12.58054,-10.73288,4.234356
1565,26.07996,-0.2516789,-0.08904961,0.05579907
1566,26.0968,0.5798417,6.1512,4.14803
1567,26.11414,0.006047396,0.06402418,0.04316858
1568,26.13,0.006047396,0.06402418,0.04316858
1569,26.14673,0.3031582,0.4262556,0.2498756
1570,26.16321,4.74077,0.6179613,-0.2453786
1571,26.17993,23.16467,-1.848192,-2.850129
1572,26.19666,0.2645335,-0.02110579,-0.03254761
1573,26.21326,0.2645335,-0.02110579,-0.03254761
1574,26.22986,0.3391288,-10.74063,2.395509
1575,26.2467,0.2311287,-7.362364,1.632674
1576,26.26416,0.1696079,-5.433863,1.198096
1577,26.27991,0.2439272,-7.845059,1.723082
1578,26.29675,12.55156,-12.64225,1.044959
1579,26.31311,12.55156,-12.64225,1.044959
1580,26.32983,1.84676,-3.811787,0.5555
1581,26.34656,0.3050241,-9.403628,2.038967
1582,26.36328,2.009861,-9.427453,1.401521
1583,26.37988,14.25349,-19.07524,1.091042
1584,26.39673,3.537641,-37.42331,-2.32135
1585,26.41394,4.967729,-36.08274,-2.591791
1586,26.43005,4.967729,-36.08274,-2.591791
1587,26.44666,16.69022,-45.68096,-5.987607
1588,26.46326,-0.1289716,-36.89349,-1.404496
1589,26.47998,0.5824132,-36.8635,-1.253352
1590,26.49658,0.2687466,-44.96554,1.796502
1591,26.51318,0.2687466,-44.96554,1.796502
1592,26.52991,0.8371691,-31.4958,5.694197
1593,26.54651,0.5907283,-22.53431,4.017975
1594,26.56323,0.01614378,-0.6172737,0.1098057
1595,26.57996,11.47567,-0.002703432,-1.691498
1596,26.59656,0.3011775,2.036273,1.382808
1597,26.6134,0.8748962,8.657516,5.928377
1598,26.62988,0.8748962,8.657516,5.928377
1599,26.64661,1.704068,14.28034,9.687887
1600,26.66321,1.238987,12.51729,8.317068
1601,26.67981,1.767364,22.07935,11.88509
1602,26.69641,2.071788,20.39169,4.664049
1603,26.7135,1.342042,21.16749,8.959146
1604,26.72986,1.342042,21.16749,8.959146
1605,26.74658,1.581908,24.84938,10.07406
1606,26.76318,1.270499,22.01566,8.487959
1607,26.77979,0.9047759,11.67067,6.050108
1608,26.79663,1.271527,13.08507,8.502761
1609,26.81311,1.271527,13.08507,8.502761
1610,26.82996,12.35757,3.258372,0.24447
1611,26.84668,14.17485,0.6814157,-2.249473
1612,26.86316,12.53387,-6.186782,-6.008593
1613,26.87976,11.88728,-17.57146,-13.52887
1614,26.89661,-2.457009,-27.34988,-18.05017
1615,26.91321,-2.457009,-27.34988,-18.05017
1616,26.92981,-6.957534,-45.08213,-30.23468
1617,26.94666,-6.598954,-63.07956,-43.66284
1618,26.96313,-12.36466,-59.58492,-41.0948
1619,26.97986,-6.895406,-63.41597,-45.51181
1620,26.9967,-5.686479,-49.51792,-36.08754
1621,27.01331,-5.686479,-49.51792,-36.08754
1622,27.02979,-8.838037,-62.51094,-58.93444
1623,27.04651,-31.51501,-65.80264,-54.83952
1624,27.06323,-15.08253,-61.57826,-56.40342
1625,27.07983,-10.55027,-59.6122,-47.77456
1626,27.09656,-5.360051,-43.61368,-35.85385
1627,27.11316,-5.360051,-43.61368,-35.85385
1628,27.12976,-5.668129,-44.56989,-38.22536
1629,27.14661,-6.141628,-44.92053,-41.41861
1630,27.16309,-11.34221,-23.43061,-34.03669
1631,27.17981,-17.4174,-31.4414,-38.48727
1632,27.19629,-3.834147,-21.80845,-25.52546
1633,27.21301,-3.834147,-21.80845,-25.52546
1634,27.22974,-3.455015,-23.51666,-23.43312
1635,27.24658,-3.64452,-25.10131,-24.71842
1636,27.26306,-3.860865,-19.19975,-26.18574
1637,27.27979,-3.879431,-23.51506,-26.31166
1638,27.29651,-4.788245,-31.78655,-32.47556
1639,27.31311,-4.788245,-31.78655,-32.47556
1640,27.32983,-5.2816,-25.12613,-35.82167
1641,27.34644,-5.082045,-15.36201,-34.46822
1642,27.36304,-3.078131,-5.36791,-20.87696
1643,27.37976,5.863738,-1.66572,-19.36276
1644,27.39661,2.580521,4.649695,-25.03935
1645,27.41309,2.580521,4.649695,-25.03935
1646,27.42981,-4.807868,2.111068,-34.69038
1647,27.44641,-4.577806,-3.282755,-30.79925
1648,27.46313,-5.076874,-12.82505,-34.14135
1649,27.47974,-4.792884,-6.387089,-32.23144
1650,27.49646,-3.838072,-7.084831,-31.71269
1651,27.51306,-3.838072,-7.084831,-31.71269
1652,27.52979,6.135945,-3.1362,-43.04036
1653,27.54639,-5.913193,-0.9943865,-40.50869
1654,27.56299,-5.871148,-15.14593,-41.9473
1655,27.57971,-7.860477,-19.71995,-52.14182
1656,27.59644,-2.748234,-31.43504,-56.27414
1657,27.61304,-2.748234,-31.43504,-56.27414
1658,27.62976,-8.583633,-21.79875,-56.76754
1659,27.64648,-6.767296,-17.77878,-44.74994
1660,27.66309,-5.260039,-26.19221,-42.86082
1661,27.67981,1.293098,-26.91543,-33.98142
1662,27.69653,17.77474,-27.88095,-38.01933
1663,27.71301,17.77474,-27.88095,-38.01933
1664,27.72961,-4.824135,-29.61097,-37.52794
1665,27.7467,-5.956001,-30.11319,-38.49569
1666,27.76306,-6.532987,-32.55539,-42.14577
1667,27.77979,-5.788333,-28.4802,-37.34111
1668,27.79651,-5.285071,-25.6967,-34.09451
1669,27.81299,-5.285071,-25.6967,-34.09451
1670,27.82971,-4.121842,-12.59398,-33.73753
1671,27.8468,4.06076,-12.31691,-50.65623
1672,27.86316,-7.35094,-7.065256,-47.95993
1673,27.87976,-7.342988,-8.317629,-49.78594
1674,27.89636,7.116189,-12.62083,-45.27042
1675,27.91296,7.116189,-12.62083,-45.27042
1676,27.92981,0.6211365,-10.61894,-48.44437
1677,27.94629,-6.089485,-13.64926,-57.94472
1678,27.96301,-6.871141,-9.929671,-50.60372
1679,27.97974,-8.265568,-13.24653,-51.97252
1680,27.9967,-7.375753,-9.033718,-46.32285
1681,28.01294,-7.375753,-9.033718,-46.32285
1682,28.02966,-10.33962,-11.67006,-64.9368
1683,28.04663,-10.44216,-18.22832,-65.5808
1684,28.06299,-9.816056,-19.20783,-61.64862
1685,28.07971,-8.479286,-14.92615,-53.25319
1686,28.09631,-9.041046,-12.88511,-56.78126
1687,28.11292,-9.041046,-12.88511,-56.78126
1688,28.12976,-7.500799,-3.784364,-56.49486
1689,28.14648,-10.43535,-3.959132,-69.80132
1690,28.16296,-9.643884,-13.20154,-60.11854
1691,28.17981,-8.135913,-13.69361,-50.69402
1692,28.19641,-7.966352,-22.3686,-49.63737
1693,28.21301,-7.966352,-22.3686,-49.63737
1694,28.22974,-7.840028,-3.465974,-49.22217
1695,28.2467,-8.801561,-13.71719,-54.69988
1696,28.26294,-9.245684,-5.873217,-57.45773
1697,28.27966,-8.006974,-16.86811,-49.7597
1698,28.29626,-6.97844,-10.02952,-43.36783
1699,28.31299,-6.97844,-10.02952,-43.36783
1700,28.32983,7.119314,-7.615671,-34.25426
1701,28.34631,2.153666,-7.907921,-18.18373
1702,28.36316,1.808922,-8.709478,-19.94047
1703,28.38013,0.5676221,-6.817716,-15.59109
1704,28.39624,6.215992,-8.854674,-21.33052
1705,28.41296,6.215992,-8.854674,-21.33052
1706,28.42969,-1.932105,-10.06619,-23.1855
1707,28.44629,-4.137108,-10.945,-25.10321
1708,28.46301,-1.598414,-7.578553,-17.73288
1709,28.47961,7.789708,-7.11412,-18.30819
1710,28.49634,11.52855,-9.568149,-22.37018
1711,28.51306,11.52855,-9.568149,-22.37018
1712,28.52979,19.18937,-20.33558,-23.59616
1713,28.54639,13.53722,-10.12361,-16.19622
1714,28.56287,17.79826,-16.28812,-27.0333
1715,28.57959,13.09913,-21.00513,-22.28252
1716,28.59631,13.21038,-20.80819,-15.20578
1717,28.61304,13.21038,-20.80819,-15.20578
1718,28.62952,6.478625,-22.05192,-19.88856
1719,28.64624,-0.619808,-16.18073,-19.43719
1720,28.66296,1.602437,-23.84567,-20.01538
1721,28.67981,11.00953,-18.9727,-12.68471
1722,28.69641,-1.908977,-22.69432,-18.05177
1723,28.71301,-1.908977,-22.69432,-18.05177
1724,28.72961,4.786153,-16.37344,-9.858216
1725,28.74634,3.707864,-14.68255,-17.37787
1726,28.76306,14.52466,-19.29193,-22.43802
1727,28.77966,11.84798,-12.32963,-11.39127
1728,28.79639,-2.479712,-11.16521,-13.57421
1729,28.81287,-2.479712,-11.16521,-13.57421
1730,28.82959,-7.705326,-16.4078,-15.58359
1731,28.84619,-2.507268,-10.39327,-13.18301
1732,28.86292,-3.693706,-21.27339,-19.73162
1733,28.87964,-2.333824,-6.040442,-12.46828
1734,28.89624,-1.368134,-11.08646,-7.309158
1735,28.91309,-1.368134,-11.08646,-7.309158
1736,28.92957,-3.523071,-16.72364,-18.82176
1737,28.94629,-3.470147,-30.20606,-18.53902
1738,28.96289,-2.255145,-33.47248,-12.04796
1739,28.97961,-1.420182,-39.07601,-7.587221
1740,28.99622,-1.995415,-25.75304,-10.66037
1741,29.01294,-1.995415,-25.75304,-10.66037
1742,29.02954,-1.594831,-24.58817,-8.520272
1743,29.04614,-1.732817,-19.64316,-9.257456
1744,29.06299,-1.947523,-25.17645,-10.40451
1745,29.07959,-2.413694,-23.40807,-12.89499
1746,29.09631,-2.75994,-24.29793,-14.74479
1747,29.11292,-2.75994,-24.29793,-14.74479
1748,29.12964,-5.774118,-35.74678,-30.84782
1749,29.14624,-4.499089,-36.89384,-24.03607
1750,29.16284,-6.366903,-46.66922,-34.01474
1751,29.17957,-7.139027,-52.78888,-38.13975
1752,29.19629,-3.428168,-31.09909,-18.31475
1753,29.21289,-3.428168,-31.09909,-18.31475
1754,29.22961,-3.248422,-25.65062,-17.35447
1755,29.24622,-3.753023,-9.508547,-20.05026
1756,29.26294,-1.726204,-11.62636,-9.222124
1757,29.27954,-0.9477403,-11.61642,-5.063236
1758,29.29639,-0.5728954,-5.980942,-3.060654
1759,29.31287,-0.5728954,-5.980942,-3.060654
1760,29.32947,-1.827524,-2.64673,-9.763421
1761,29.34619,-2.504031,-4.907656,-18.42612
1762,29.36292,-3.641877,-5.175467,-19.44289
1763,29.37939,-3.575132,-5.022319,-19.05669
1764,29.39624,-4.451172,-6.179508,-23.72613
1765,29.41284,-4.451172,-6.179508,-23.72613
1766,29.42957,-4.851707,-16.53654,-25.8611
1767,29.4469,-4.803375,-6.469005,-25.60348
1768,29.46277,-3.366871,-8.112654,-17.94646
1769,29.47986,-3.207588,-4.197692,-17.09743
1770,29.49622,-2.657317,-4.02512,-16.78253
1771,29.51282,-2.657317,-4.02512,-16.78253
1772,29.52954,9.912087,-2.496508,-12.78701
1773,29.54626,7.423234,-2.93662,-14.29145
1774,29.56274,1.657044,-0.01286132,-0.3736104
1775,29.57947,2.738111,-0.000106709,-0.5269868
1776,29.59619,17.07054,-2.308519e-06,-3.304393
1777,29.61279,17.07054,-2.308519e-06,-3.304393
1778,29.62952,9.692889,0.0,-1.901097
1779,29.64624,5.886082,0.0,-1.161998
1780,29.66284,20.22697,0.0,-4.027674
1781,29.67957,19.49599,-1.976879,-12.62998
1782,29.69617,14.59708,-2.773021,-15.25314
1783,29.71277,14.59708,-2.773021,-15.25314
1784,29.72949,20.93446,-3.718901,-21.08445
1785,29.74622,18.8987,-2.433917,-14.99105
1786,29.76282,28.81554,-3.573484,-22.468
1787,29.77954,36.10093,-2.844126,-20.95174
1788,29.79602,30.98719,-4.781614,-29.14194
1789,29.81274,30.98719,-4.781614,-29.14194
1790,29.82983,23.07333,-5.103146,-29.65021
1791,29.84619,13.97905,-3.226031,-18.82853
1792,29.86267,5.271567,-4.538078,-23.49411
1793,29.87964,-1.17114,-4.159727,-20.39859
1794,29.89612,-2.358009,-3.254114,-15.82457
1795,29.91284,-2.358009,-3.254114,-15.82457
1796,29.92944,-4.735974,-4.164965,-20.48136
1797,29.94617,-6.092175,-5.216722,-26.08606
1798,29.96277,-7.773637,-6.525987,-33.28295
1799,29.97961,-8.420467,-6.912759,-36.05236
1800,29.99622,-8.801135,-7.06221,-37.68219
1801,30.01282,-8.801135,-7.06221,-37.68219
1802,30.02942,-11.23588,-8.434661,-48.10659
1803,30.04614,-9.947084,-7.247266,-42.58859
1804,30.06287,-9.588864,-6.757005,-41.05486
1805,30.07947,-8.72245,-5.954272,-37.3453
1806,30.09607,-8.722453,-6.684851,-43.65055
1807,30.11279,-8.722453,-6.684851,-43.65055
1808,30.12964,-11.26474,-6.880899,-48.19561
1809,30.146,-10.77341,-6.287995,-45.95672
1810,30.16309,-8.200562,-4.577792,-34.98092
1811,30.17944,-10.39237,-5.518716,-44.33046
1812,30.19604,-10.73011,-5.426117,-45.77114
1813,30.21289,-10.73011,-5.426117,-45.77114
1814,30.22937,-10.44757,-4.98492,-39.76527
1815,30.24609,-10.00866,-11.62023,-42.75153
1816,30.26282,-6.962038,-4.298755,-29.75273
1817,30.27942,-6.337333,-2.51203,-27.0831
1818,30.29602,-6.517613,-2.453916,-27.85354
1819,30.31274,-6.517613,-2.453916,-27.85354
1820,30.32947,1.167589,-2.135641,-28.11108
1821,30.34607,-2.37733,-1.442792,-19.06501
1822,30.36292,-3.934616,-1.476233,-20.06467
1823,30.37939,-4.589663,-1.504846,-21.20144
1824,30.39612,1.870036,-1.648991,-25.76443
1825,30.41272,1.870036,-1.648991,-25.76443
1826,30.42932,-1.904652,-0.7168701,-11.35083
1827,30.43335,-5.181221,-1.343426,-21.79335
1828,30.44617,-3.70759,-0.9279794,-15.58465
1829,30.46265,-3.84351,-0.9280449,-16.15581
1830,30.47937,-5.321385,-1.228507,-22.36791
1831,30.49609,-5.321385,-1.228507,-22.36791
1832,30.51282,-3.655637,-0.7656611,-15.34806
1833,30.5293,-3.996895,-0.8014215,-16.77
1834,30.54602,6.501659,-0.1954405,-5.991789
1835,30.56262,6.020441,-0.5985457,-15.41547
1836,30.57935,-0.7992661,-0.2958058,-6.846355
1837,30.59619,-0.7992661,-0.2958058,-6.846355
1838,30.61267,-1.906123,-0.3942509,-9.104179
1839,30.62939,3.562469,-0.002376563,-0.9160125
1840,30.646,3.502843,-1.432604e-05,-0.8458681
1841,30.6626,0.01534117,-6.274278e-08,-0.003704591
1842,30.67944,6.718867e-05,-2.747903e-10,-1.622475e-05
1843,30.69604,6.718867e-05,-2.747903e-10,-1.622475e-05
1844,30.71265,0.007044318,0.001285288,0.02918336
1845,30.72949,3.085151e-05,5.629087e-06,0.0001278124
1846,30.7467,1.859744e-07,3.393241e-08,7.704592e-07
1847,30.7627,1.54301e-09,2.815336e-10,6.392419e-09
1848,30.77942,0.0,0.0,0.0
1849,30.7959,0.0,0.0,0.0
1850,30.81274,-2.601589,0.0,0.6268427
1851,30.82935,-0.0156825,0.0,0.003778637
1852,30.84595,-6.868359e-05,0.0,1.654904e-05
1853,30.86267,-3.1662,11.90482,-1.923201
1854,30.87939,-3.351789,0.1171695,1.868938
1855,30.89648,-3.351789,0.1171695,1.868938
1856,30.9126,-11.28895,7.092421,1.079361
1857,30.92932,-10.25191,0.1015985,2.398214
1858,30.94604,-7.734831,0.0004449639,1.813173
1859,30.96265,-18.67573,2.682264e-06,4.337655
1860,30.97937,-17.07841,1.174733e-08,3.929672
1861,30.99597,-17.07841,1.174733e-08,3.929672
1862,31.01257,-4.650419,3.486973,0.2469091
1863,31.0293,-4.404136,-0.4169819,-9.559234
1864,31.04602,-8.71754,-0.2363575,-3.919189
1865,31.06262,-0.7618093,-0.1200984,-2.878369
1866,31.07935,-1.162297,0.05775518,-5.145154
1867,31.09595,-1.162297,0.05775518,-5.145154
1868,31.11267,-0.1827634,1.1143,-0.8095106
1869,31.12939,-3.430419,6.434186,-15.19429
1870,31.146,-2.016204,-0.2739525,-8.930338
1871,31.16272,-2.117129,6.716155,-9.377362
1872,31.17944,-2.248584,-0.2402959,-9.959615
1873,31.19666,-2.248584,-0.2402959,-9.959615
1874,31.21265,-0.8448179,-0.1219645,-3.741937
1875,31.22937,-2.850652,0.119602,-12.62634
1876,31.24597,-0.2393479,1.316543,-1.06014
1877,31.2627,-0.6226908,6.619796,-2.758073
1878,31.2793,-0.3924078,7.816481,-1.738085
1879,31.2959,-0.3924078,7.816481,-1.738085
1880,31.31262,-2.128415,4.578553,-9.427353
1881,31.32922,-0.7848601,3.480628,-3.476367
1882,31.34619,-1.515331,6.2755,-6.711827
1883,31.36267,-2.653771,9.152603,-11.7543
1884,31.37915,-4.141807,12.07668,-18.34523
1885,31.396,-4.141807,12.07668,-18.34523
1886,31.41272,-3.984673,0.5988961,-17.64924
1887,31.4292,-1.133353,-0.102599,-5.01994
1888,31.44604,-2.002676,0.03144426,-8.87042
1889,31.46265,-2.901479,3.534049,-12.85147
1890,31.47913,-1.076183,4.627745,-13.35313
1891,31.49609,-1.076183,4.627745,-13.35313
1892,31.5127,-3.489433,7.783999,-15.42658
1893,31.52917,-2.072919,2.490488,-9.164004
1894,31.5459,-3.379073,6.833382,-14.93827
1895,31.56262,-3.570978,6.667,-15.78665
1896,31.57935,-1.123648,0.03627011,-4.967446
1897,31.59595,-1.123648,0.03627011,-4.967446
1898,31.61255,-1.485788,7.557536,-6.555873
1899,31.62939,-0.2991347,5.538095,-1.319898
1900,31.64587,-0.1113801,2.100157,-0.4914521
1901,31.6626,-0.07209274,4.960342,-1.208197
1902,31.6792,-0.07098361,1.350904,-0.3179795
1903,31.69604,-0.07098361,1.350904,-0.3179795
1904,31.71252,-0.4111104,7.657069,-1.810524
1905,31.72961,-0.005824354,0.1084805,-0.02565037
1906,31.74597,0.1386517,0.3776422,0.6106203
1907,31.76245,3.006617,0.7960353,13.2411
1908,31.7793,3.119932,0.8420533,13.74014
1909,31.7959,3.119932,0.8420533,13.74014
1910,31.8125,-6.229704,0.3900561,2.508746
1911,31.82922,-3.658661,0.0672766,6.28949
1912,31.84583,-0.7381536,0.0005581869,0.2119656
1913,31.86255,-2.594898,3.364777e-06,0.5838814
1914,31.87939,-0.7300329,3.842473e-08,0.1638766
1915,31.89587,-0.7300329,3.842473e-08,0.1638766
1916,31.91248,-0.09385442,0.0,0.02098682
1917,31.9292,-1.363076,0.0,0.3042095
1918,31.94592,-0.0113093,0.0,0.002523995
1919,31.9624,-4.953058e-05,0.0,1.105417e-05
1920,31.97937,-0.01316842,0.2458193,-0.05900252
1921,31.99585,-0.01316842,0.2458193,-0.05900252
1922,32.01257,-1.835782,2.329089e-05,0.4081169
1923,32.02917,-10.20865,7.288342,0.4216588
1924,32.0459,-9.752698,0.1437013,2.110893
1925,32.0625,-13.10985,0.2756952,2.788363
1926,32.07922,-25.96414,1.326377,5.257783
1927,32.09583,-25.96414,1.326377,5.257783
1928,32.11267,-33.86356,9.130575e-05,7.062095
1929,32.12915,-40.87437,1.042684e-06,8.313949
1930,32.14587,-33.48739,8.65104e-09,6.639514
1931,32.16248,-42.30828,0.0,8.153618
1932,32.1792,-38.1512,0.0,7.157409
1933,32.1958,-38.1512,0.0,7.157409
1934,32.2124,-26.45092,1.28037,4.40417
1935,32.22913,-28.78006,0.0106231,5.029956
1936,32.24585,-21.38309,0.1536555,16.41156
1937,32.26257,-21.10312,0.1689506,17.11871
1938,32.27917,-16.24053,0.06484693,7.736424
1939,32.29578,-16.24053,0.06484693,7.736424
1940,32.3125,-16.40147,0.1583825,4.022138
1941,32.3291,-23.59007,9.543179,1.846471
1942,32.34595,-17.71312,13.63952,1.197905
1943,32.36243,-20.87832,7.371798,1.331163
1944,32.37915,-10.08951,10.50651,-0.430592
1945,32.39587,-10.08951,10.50651,-0.430592
1946,32.41321,-8.184439,6.10462,-0.3609397
1947,32.42908,-3.987857,7.473854,-1.346855
1948,32.4458,-3.960105,6.019686,-0.9858823
1949,32.4624,-7.491553,8.191401,-1.054619
1950,32.47913,-7.489462,11.19588,-1.866756
1951,32.49585,-7.489462,11.19588,-1.866756
1952,32.51245,-6.690192,11.65668,-2.152703
1953,32.52905,-9.991883,6.699177,-0.8066989
1954,32.54578,-24.34077,13.0385,-0.1701242
1955,32.56262,-28.20949,8.518178,1.464747
1956,32.5791,-36.78479,16.52538,-1.570197
1957,32.59583,-36.78479,16.52538,-1.570197
1958,32.6123,-40.1686,16.54955,-0.7006664
1959,32.62927,-31.71942,12.40125,0.2831298
1960,32.64575,-21.2673,5.972912,0.7735963
1961,32.66235,-19.66971,14.99677,-1.99048
1962,32.6792,-12.36147,4.047323,0.2280752
1963,32.6958,-12.36147,4.047323,0.2280752
1964,32.7124,-16.29331,2.51601,1.017729
1965,32.72913,-22.13154,10.16029,-0.5988709
1966,32.74585,-23.25558,6.320248,-0.4220434
1967,32.76245,-39.96528,14.31754,-9.329805
1968,32.77917,-35.98386,13.28468,-3.244428
1969,32.7959,-35.98386,13.28468,-3.244428
1970,32.81238,-38.20113,10.45053,0.06686931
1971,32.82922,-27.29421,5.923897,0.3732853
1972,32.84583,-22.28176,10.57608,-1.461119
1973,32.86243,-17.58911,5.964223,0.1818146
1974,32.87903,-13.16581,1.788368,13.25482
1975,32.89575,-13.16581,1.788368,13.25482
1976,32.91248,-14.86528,1.315088,0.5492426
1977,32.9292,-15.79502,12.35524,-1.313192
1978,32.94592,-15.18548,0.05411142,0.8839934
1979,32.9624,-20.67025,3.401186,0.1593475
1980,32.97913,-18.84791,0.02050251,1.017972
1981,32.99597,-18.84791,0.02050251,1.017972
1982,33.01233,-20.66743,2.673721e-06,1.029158
1983,33.02905,-14.39329,1.170992e-08,0.6811356
1984,33.04565,-11.80332,0.0,0.5391142
1985,33.06226,-3.584406,0.0,0.1607632
1986,33.0791,-0.7550467,2.539421,-0.7185136
1987,33.0957,-0.7550467,2.539421,-0.7185136
1988,33.11243,-12.07131,1.063161,3.907994
1989,33.12903,-1.601453,5.135842,7.962883
1990,33.14587,-3.484261,7.939058,5.784942
1991,33.16248,-6.125859,1.423727,1.292215
1992,33.17896,-7.470222,1.915299,-0.2675683
1993,33.19568,-7.470222,1.915299,-0.2675683
1994,33.2124,-24.65596,11.08861,-2.498691
1995,33.229,-20.63415,13.36888,0.1778372
1996,33.24573,-22.31436,19.9607,-4.681037
1997,33.26245,-8.626543,23.82131,6.162642
1998,33.27893,-14.64806,24.39524,-5.312249
1999,33.29565,-14.64806,24.39524,-5.312249
2000,33.31238,-8.775626,27.58256,-6.175298
2001,33.32935,-3.858344,34.37232,-2.086194
2002,33.34558,-2.015451,44.48024,-9.629529
2003,33.36243,-12.5175,47.74572,-15.86933
2004,33.37891,-9.450094,44.61808,-13.62587
2005,33.39563,-9.450094,44.61808,-13.62587
2006,33.41235,-0.1698947,43.90082,-5.253726
2007,33.42896,-0.6447117,44.28627,-11.49747
2008,33.44556,-0.9461116,34.91745,-11.33499
2009,33.4624,-0.3670336,33.93642,-10.7477
2010,33.47925,-0.3548107,29.02719,-7.454287
2011,33.49561,-0.3548107,29.02719,-7.454287
2012,33.51233,-0.02012649,25.65828,-0.6137361
2013,33.52893,-0.08033437,17.14421,-4.067824
2014,33.54553,-0.1622656,20.79354,-8.22009
2015,33.56238,-0.1233804,18.26163,-6.25024
2016,33.57886,-0.123364,15.63949,-6.249407
2017,33.5957,-0.123364,15.63949,-6.249407
2018,33.6123,-0.4211064,5.383313,-2.162191
2019,33.62903,-6.602496,10.47157,-4.114063
2020,33.64551,-0.1585474,15.84105,-6.443168
2021,33.66235,-0.1576461,20.77268,-8.509326
2022,33.67896,-0.1953008,25.49508,-10.5533
2023,33.69556,-0.1953008,25.49508,-10.5533
2024,33.71265,-0.2098928,26.81008,-11.34184
2025,33.729,-0.2422364,30.59296,-13.08957
2026,33.74561,-0.2318532,28.98686,-12.5285
2027,33.76221,-0.3085659,29.90203,-16.67377
2028,33.77905,-0.2483367,30.36395,-13.41921
2029,33.79565,-0.2483367,30.36395,-13.41921
2030,33.81226,-6.60107,25.01299,-11.14636
2031,33.82886,-4.908134,16.77631,-9.4307
2032,33.84558,-9.648157,8.480236,-16.71926
2033,33.86255,-5.212499,1.530985,-7.577672
2034,33.87903,-11.55937,-0.01117203,-0.6058742
2035,33.89563,-11.55937,-0.01117203,-0.6058742
2036,33.91223,-19.44671,-0.04063985,-1.350147
2037,33.92896,-23.21167,-0.3277265,-12.81679
2038,33.94556,-29.17651,-0.2201231,-9.070174
2039,33.96228,-31.35961,-0.5954272,-10.46531
2040,33.97876,-39.43926,-0.2072888,-10.14038
2041,33.99561,-39.43926,-0.2072888,-10.14038
2042,34.01221,-38.34553,-0.03564204,-2.500701
2043,34.02893,-26.62629,-0.1264995,-7.559625
2044,34.04565,-11.25926,6.360529,-3.564003
2045,34.06226,-3.560685,11.90776,-5.526763
2046,34.07886,-0.02266712,1.812049,-0.8293059
2047,34.09558,-0.02266712,1.812049,-0.8293059
2048,34.11218,-0.2259689,4.861037,-1.868823
2049,34.12891,-13.28001,0.02930256,-0.3389431
2050,34.14563,-20.47353,0.0003346264,-0.5390491
2051,34.16223,-14.5107,-0.5029853,-0.1807609
2052,34.17883,-21.21238,-2.378898,-0.1116326
2053,34.19556,-21.21238,-2.378898,-0.1116326
2054,34.21228,-25.33166,-0.0001637597,-0.9587235
2055,34.229,-24.15541,0.121969,5.814007
2056,34.24585,-16.63765,0.03563672,1.219427
2057,34.26221,-11.23703,0.01888205,0.5042503
2058,34.27893,-0.9701875,0.253112,12.90839
2059,34.29553,-0.9701875,0.253112,12.90839
2060,34.31226,-0.3120371,0.1379369,6.761998
2061,34.32898,-0.001366608,0.0006041129,0.02961507
2062,34.34558,-12.13467,2.645793e-06,-0.5641193
2063,34.3623,-15.94237,1.594896e-08,-0.7610129
2064,34.37878,-13.65581,1.323269e-10,-0.674378
2065,34.39575,-13.65581,1.323269e-10,-0.674378
2066,34.41211,-24.74564,0.0,-1.354676
2067,34.42883,-31.14999,0.0,-1.820925
2068,34.44543,-25.29264,0.2915955,3.397975
2069,34.46216,-4.860691,0.02308933,0.6732774
2070,34.47888,-0.0609485,0.4762801,0.09327333
2071,34.49585,-0.0609485,0.4762801,0.09327333
2072,34.51221,7.246555,0.08397064,4.071571
2073,34.52893,12.14388,0.0006966956,0.7750133
2074,34.54565,0.4618068,0.1149759,4.901057
2075,34.56213,2.789456,0.0009539427,0.2080947
2076,34.57886,11.72715,1.089374e-05,0.6859918
2077,34.59558,11.72715,1.089374e-05,0.6859918
2078,34.61218,25.64808,2.089547e-10,1.351195
2079,34.62878,24.46436,0.0,1.198063
2080,34.64551,29.2767,0.0,1.325144
2081,34.66223,26.21406,0.0,1.100123
2082,34.67883,28.64398,0.0,1.107719
2083,34.69556,28.64398,0.0,1.107719
2084,34.71216,31.6477,0.5126104,20.94938
2085,34.72888,32.71518,0.7768171,27.71313
2086,34.74548,30.53476,1.165458,35.9583
2087,34.76208,24.76294,13.33568,27.82251
2088,34.7793,14.40361,15.21778,25.2335
2089,34.79553,14.40361,15.21778,25.2335
2090,34.81213,-0.1303538,15.88482,14.4791
2091,34.82886,-0.3521283,6.270335,24.49811
2092,34.84546,-0.3793539,4.075159,26.35712
2093,34.86218,-0.4391703,16.76729,30.51287
2094,34.87878,-0.5549501,21.54193,38.55706
2095,34.89539,-0.5549501,21.54193,38.55706
2096,34.91211,-0.3057662,37.34236,22.97246
2097,34.92896,-0.2984068,35.30494,21.35189
2098,34.94568,4.317756,35.56076,33.18239
2099,34.96216,3.109827,41.88798,23.18529
2100,34.97888,4.699631,41.10431,19.34752
2101,34.99548,4.699631,41.10431,19.34752
2102,35.01221,-0.157888,56.36797,13.48485
2103,35.02881,6.622694,45.76028,14.89542
2104,35.04553,-0.05412462,41.68155,9.274417
2105,35.06213,-0.05108211,28.46182,4.357985
2106,35.07886,-0.02420912,14.25971,2.030677
2107,35.09546,-0.02420912,14.25971,2.030677
2108,35.11206,0.04142764,6.331881,-3.473919
2109,35.12878,-1.013221,2.297719,-1.275863
2110,35.14551,-7.602808,9.199154,-17.96708
2111,35.16248,-0.005293405,-1.796376,-16.22236
2112,35.17871,0.2276361,-2.090879,-17.99452
2113,35.19556,0.2276361,-2.090879,-17.99452
2114,35.21216,0.440389,-3.82408,-34.54613
2115,35.22876,0.3265509,-3.358413,-25.61614
2116,35.24536,0.4403115,-5.283669,-34.54005
2117,35.26208,0.4139493,-4.12017,-32.47207
2118,35.27881,0.4457393,-5.044108,-34.96582
2119,35.29541,0.4457393,-5.044108,-34.96582
2120,35.31226,0.5327167,-4.848587,-41.78873
2121,35.32874,0.5956219,-8.233611,-46.7233
2122,35.34534,0.629894,-8.325659,-49.41175
2123,35.36218,0.4311168,-5.967713,-33.81877
2124,35.37903,0.4584457,-6.689549,-35.96257
2125,35.39539,0.4584457,-6.689549,-35.96257
2126,35.41211,0.6161479,-2.405082,-48.33345
2127,35.42871,0.6315886,-10.64552,-49.54469
2128,35.44543,0.1780626,-14.26045,-39.5139
2129,35.46216,-4.103838,-23.02028,-32.93328
2130,35.47876,0.3969654,-24.56784,-33.06437
2131,35.49524,0.3969654,-24.56784,-33.06437
2132,35.51208,0.3134103,-24.17005,-23.09522
2133,35.52881,0.3494066,-23.01857,-25.74771
2134,35.54541,0.3341502,-24.129,-24.62347
2135,35.56213,0.1704974,-29.13691,-12.56392
2136,35.57874,0.2130334,-31.28815,-15.69839
2137,35.59534,0.2130334,-31.28815,-15.69839
2138,35.61206,0.06804803,-30.17328,-5.014447
2139,35.62878,0.04595884,-26.94547,-3.386698
2140,35.64539,0.0809016,-28.63742,-5.961624
2141,35.66211,0.1221182,-33.67064,-8.998871
2142,35.67871,0.09409965,-24.02899,-6.934186
2143,35.69556,0.09409965,-24.02899,-6.934186
2144,35.71204,0.06904438,-18.27674,-5.087868
2145,35.72876,0.1115085,-15.94272,-8.217037
2146,35.74524,0.1473254,-8.726723,-10.85638
2147,35.76208,-0.003240615,-2.445205,0.2388003
2148,35.77869,-6.197965,-0.451302,-1.348161
2149,35.79529,-6.197965,-0.451302,-1.348161
2150,35.81201,0.06338652,-4.281146,-4.549669
2151,35.82874,-0.7888842,-9.242502,-4.318809
2152,35.84534,-1.384842,-12.972,-16.13236
2153,35.86206,0.05064989,-13.62765,-4.081596
2154,35.87866,-0.1289658,-7.294164,-2.30415
2155,35.89539,-0.1289658,-7.294164,-2.30415
2156,35.91199,0.1005827,-3.31001,-6.610814
2157,35.92871,0.1754602,-3.896077,-11.53165
2158,35.94531,0.1569387,-5.011979,-10.31438
2159,35.96204,0.1897757,-12.30932,-12.4725
2160,35.97864,0.1289612,-11.66829,-8.475626
2161,35.99536,0.1289612,-11.66829,-8.475626
2162,36.01196,0.1220032,-12.76758,-8.018333
2163,36.02869,0.1252766,-12.83206,-8.233465
2164,36.04541,0.1376183,-20.30508,-9.044593
2165,36.06201,0.1439088,-18.36189,-9.458015
2166,36.07886,-0.1097467,-22.54264,7.212809
2167,36.09534,-0.1097467,-22.54264,7.212809
2168,36.11206,6.062085,-14.17722,6.05336
2169,36.12866,6.596699,-22.26577,9.454876
2170,36.14539,12.19937,-16.69942,7.139583
2171,36.16199,10.89769,-17.60199,7.446962
2172,36.17871,-0.1380306,-12.68205,17.74507
2173,36.19531,-0.1380306,-12.68205,17.74507
2174,36.21228,-0.1577755,-4.424279,13.70313
2175,36.22864,-0.2869965,-1.35354,24.9257
2176,36.24536,-0.4493255,4.841928,39.02401
2177,36.26196,3.896123,13.90748,44.09655
2178,36.27856,1.442348,28.66994,27.26968
2179,36.29517,1.442348,28.66994,27.26968
2180,36.31189,-0.2329893,45.75673,26.24172
2181,36.32861,-0.2316736,38.62105,22.55726
2182,36.34521,-0.3244542,31.20012,31.56077
2183,36.36194,-0.4263293,42.30623,41.47038
2184,36.37854,-0.3627974,44.95412,35.29042
2185,36.39526,-0.3627974,44.95412,35.29042
2186,36.41187,-0.4349221,56.82386,42.30622
2187,36.42847,-0.4101574,63.04895,39.89729
2188,36.44519,-0.4395136,57.8405,42.75285
2189,36.46216,-0.3543332,64.45251,34.46709
2190,36.47852,-0.3053156,50.12655,29.699
2191,36.49536,-0.3053156,50.12655,29.699
2192,36.51282,-0.337975,54.62155,32.87587
2193,36.52869,-0.0449756,58.98912,24.68005
2194,36.54517,4.473081,53.23354,27.50395
2195,36.56201,-0.1469116,48.31881,21.26456
2196,36.57861,-0.1916918,38.94149,20.29317
2197,36.59534,-0.1916918,38.94149,20.29317
2198,36.61255,-0.2029789,27.63067,21.4614
2199,36.62854,-0.1196079,35.2479,12.64641
2200,36.64526,-0.1789213,35.76676,18.91774
2201,36.66187,-0.2385892,40.06432,25.22656
2202,36.67883,7.08533,52.43905,23.41644
2203,36.69519,7.08533,52.43905,23.41644
2204,36.71179,-0.1743066,52.58994,19.36392
2205,36.72852,-0.06430902,52.93612,18.94446
2206,36.74524,-0.1283688,55.00645,14.93485
2207,36.76196,-0.1292109,61.29865,14.96325
2208,36.77856,-0.05947374,64.14175,6.88721
2209,36.79517,-0.05947374,64.14175,6.88721
2210,36.81189,-0.003331073,50.32454,0.3857466
2211,36.82849,6.819332,43.31045,-9.819618
2212,36.84509,0.06718533,33.47966,-4.582772
2213,36.86169,0.08931441,23.18489,-10.83839
2214,36.87854,-0.02675484,22.36828,3.253294
2215,36.89514,-0.02675484,22.36828,3.253294
2216,36.91187,7.416229,19.06078,-8.79099
2217,36.92859,3.651667,8.094854,-4.254485
2218,36.94531,2.61869,6.460282,-3.108903
2219,36.96179,0.742285,0.05358509,-0.02108342
2220,36.97852,2.669127,1.87148,9.674731
2221,36.99536,2.669127,1.87148,9.674731
2222,37.01184,0.3475044,2.97862,15.48831
2223,37.02856,13.32607,1.307336,7.379241
2224,37.04517,12.80733,2.940999,11.31145
2225,37.06189,0.05671439,1.02194,5.621485
2226,37.07849,0.0002483882,0.004475724,0.02462004
2227,37.09521,0.0002483882,0.004475724,0.02462004
2228,37.11182,2.353429e-08,4.24066e-07,2.3327e-06
2229,37.12866,2.518039,2.129189,11.75622
2230,37.14563,3.605216,0.2688108,1.488636
2231,37.16199,13.53887,4.530228,7.406208
2232,37.17847,11.16282,6.699632,8.158486
2233,37.19519,11.16282,6.699632,8.158486
2234,37.21191,0.2994615,5.118434,-3.106271
2235,37.22852,-0.001370658,3.247909,-2.368937
2236,37.24512,-0.0005359645,0.462866,-0.3385922
2237,37.26184,-0.002527733,2.098899,-1.536882
2238,37.27844,-0.01121613,9.288959,-6.81916
2239,37.29517,-0.01121613,9.288959,-6.81916
2240,37.31189,0.2575026,26.75859,-5.133904
2241,37.32849,0.2709239,23.22676,3.617819
2242,37.34521,0.0312001,20.1604,8.827483
2243,37.36182,0.004841014,22.06298,1.467652
2244,37.37854,-0.006248344,29.99576,-1.899446
2245,37.39514,-0.006248344,29.99576,-1.899446
2246,37.41187,4.872929,47.60674,11.4066
2247,37.42847,0.08272269,48.82278,11.50386
2248,37.44519,0.06914482,70.26268,18.63609
2249,37.46191,0.06649279,74.44457,17.96682
2250,37.47839,1.963526,80.61459,18.14266
2251,37.49512,1.963526,80.61459,18.14266
2252,37.51196,5.081265,62.95592,17.66359
2253,37.52869,11.26529,62.27433,33.18637
2254,37.54517,14.78233,53.35052,22.7972
2255,37.56177,18.06233,43.12565,29.3141
2256,37.57837,12.09715,54.51661,16.80671
2257,37.59509,12.09715,54.51661,16.80671
2258,37.61182,0.4670665,37.03635,16.06753
2259,37.62842,0.8313145,28.85518,6.144832
2260,37.64514,0.05798266,6.445401,4.583632
2261,37.66187,-0.1096937,-2.64423,-9.200052
2262,37.67871,-10.21113,-12.04359,-28.25425
2263,37.69519,-10.21113,-12.04359,-28.25425
2264,37.71167,-5.517776,-24.13788,-42.67409
2265,37.72852,-14.99895,-37.60289,-36.58302
2266,37.74512,-14.88635,-54.93428,-50.91975
2267,37.76184,-4.109136,-51.89339,-41.63337
2268,37.77844,-10.37313,-53.50417,-41.87092
2269,37.79504,-10.37313,-53.50417,-41.87092
2270,37.81189,-9.49423,-49.97453,-28.14247
2271,37.82837,-8.331664,-42.53268,-28.84204
2272,37.84509,-0.2432276,-31.55285,-32.85511
2273,37.86169,-0.1564904,-26.09762,-37.94233
2274,37.87842,-0.178296,-28.46013,-43.35884
2275,37.89514,-0.178296,-28.46013,-43.35884
2276,37.91174,-5.098583,-30.91149,-39.96384
2277,37.92847,-3.746229,-39.95883,-34.053
2278,37.94507,-0.8146555,-37.57316,-41.41285
2279,37.96167,-0.06713639,-34.23983,-37.07286
2280,37.97839,-0.05842243,-39.48573,-35.49709
2281,37.995,-0.05842243,-39.48573,-35.49709
2282,38.01172,-11.56553,-40.27121,-34.20129
2283,38.02844,-11.7684,-30.24284,-19.9829
2284,38.04517,-0.08070333,-32.36139,-24.44844
2285,38.06201,-0.009823152,-19.74317,-22.46793
2286,38.07837,-0.009426118,-22.56072,-22.91175
2287,38.09509,-0.009426118,-22.56072,-22.91175
2288,38.11182,0.04589236,-34.09901,-29.72065
2289,38.12842,-0.01805684,-45.20045,-22.66342
2290,38.14514,-0.01619751,-44.74136,-19.69971
2291,38.16174,-0.003437603,-47.47166,-4.179994
2292,38.17834,-0.007475401,-49.7667,-9.089762
2293,38.19507,-0.007475401,-49.7667,-9.089762
2294,38.21216,-0.009351281,-47.13403,-11.37075
2295,38.22852,-0.01220698,-47.47738,-14.84315
2296,38.245,-0.01426305,-46.29947,-17.34324
2297,38.26172,-0.005426313,-63.05434,-6.59816
2298,38.27832,0.002054292,-62.08723,2.497929
2299,38.29504,0.002054292,-62.08723,2.497929
2300,38.31165,0.01604676,-39.04261,19.51216
2301,38.32837,0.252702,-26.69543,16.67628
2302,38.34509,4.69172,-24.80311,30.64836
2303,38.36157,0.3761836,-13.7121,34.7207
2304,38.3783,0.1182388,-15.73364,47.21008
2305,38.39502,0.1182388,-15.73364,47.21008
2306,38.41162,0.07273139,-8.666142,29.47932
2307,38.42834,0.1199866,-8.809335,48.63273
2308,38.44507,0.1338235,3.212284,54.24109
2309,38.46167,0.1973181,6.722423,79.97657
2310,38.47839,7.175447,19.96774,65.58045
2311,38.49512,7.175447,19.96774,65.58045
2312,38.51172,11.1045,17.557,37.23083
2313,38.52832,5.758883,21.84984,28.85594
2314,38.54504,6.817358,20.42871,35.1702
2315,38.56165,0.2250711,33.25763,31.78316
2316,38.57837,0.1630583,44.41329,28.28223
2317,38.59521,0.1630583,44.41329,28.28223
2318,38.61169,-0.2943519,61.99519,8.85502
2319,38.6283,-2.520024,57.2609,11.79849
2320,38.64502,-0.001892362,39.26125,2.767594
2321,38.66162,-4.978854,31.78418,-1.576186
2322,38.67834,-7.569769,18.70598,5.168073
2323,38.69495,-7.569769,18.70598,5.168073
2324,38.71155,-1.602146,8.460872,-5.836742
2325,38.72827,-2.937527,-3.221024,-20.85257
2326,38.745,-5.282039,-4.668614,-30.23523
2327,38.7616,-5.342235,-6.429013,-34.84644
2328,38.77832,-1.816456,-16.43683,-33.28075
2329,38.79517,-1.816456,-16.43683,-33.28075
2330,38.81165,-10.21812,-17.52234,-30.73565
2331,38.82825,-9.757198,-20.52728,-35.80262
2332,38.84497,-1.653355,-11.05851,-39.8888
2333,38.86169,-4.389805,-14.25645,-53.49768
2334,38.8783,-6.208418,-25.54056,-69.78294
2335,38.8949,-6.208418,-25.54056,-69.78294
2336,38.91162,-14.30859,-32.33626,-63.67309
2337,38.92834,-4.120035,-30.39685,-56.52666
2338,38.94495,0.03006634,-28.93819,-45.08051
2339,38.96155,0.5843726,-13.59382,-57.09593
2340,38.97852,0.6307555,-3.312655,-61.35762
2341,38.995,0.6307555,-3.312655,-61.35762
2342,39.0116,0.625594,-2.332183,-60.85347
2343,39.0282,0.6111636,-10.03201,-59.44978
2344,39.04492,0.4121825,-12.25091,-40.09427
2345,39.06165,0.4833819,-2.072805,-47.02005
2346,39.07825,0.431622,-11.4233,-41.98521
2347,39.09497,0.431622,-11.4233,-41.98521
2348,39.11157,0.5065989,-7.931179,-26.66217
2349,39.12866,0.3604745,-3.000206,-36.24529
2350,39.14502,1.326278,-7.984011,-23.74936
2351,39.1615,8.125704,-9.189093,-28.43427
2352,39.17847,0.05474745,-19.16169,-0.8435611
2353,39.19495,0.05474745,-19.16169,-0.8435611
2354,39.21167,2.982744,-22.67328,14.27583
2355,39.22827,7.285236,-19.23741,14.60894
2356,39.24487,-0.1186094,-24.96736,28.45898
2357,39.2616,-0.2204585,-32.06568,33.62785
2358,39.2782,-0.3774568,-40.78204,57.37109
2359,39.29492,-0.3774568,-40.78204,57.37109
2360,39.31165,-0.566305,-33.87771,86.07404
2361,39.32837,-0.4891524,-30.43314,74.34744
2362,39.34497,-0.5335078,-25.45587,81.08912
2363,39.36206,-0.5671459,-19.67366,86.20186
2364,39.37842,-0.6599531,-16.62151,100.3078
2365,39.3949,-0.6599531,-16.62151,100.3078
2366,39.4115,-0.6266865,-3.176141,101.6019
2367,39.42822,12.72821,7.432713,94.4426
2368,39.44495,16.34501,6.637648,74.22875
2369,39.46191,21.82012,6.900436,69.73989
2370,39.47827,19.42134,8.442078,62.17269
2371,39.49487,19.42134,8.442078,62.17269
2372,39.51172,6.536993,23.56675,65.00923
2373,39.5282,1.162768,36.69112,58.57603
2374,39.5448,0.8517039,47.35789,45.91926
2375,39.56152,0.2653482,54.63964,38.51342
2376,39.57825,0.2759269,73.23783,41.92363
2377,39.59509,0.2759269,73.23783,41.92363
2378,39.61157,0.1787999,70.2984,27.17621
2379,39.62817,0.2156049,70.76171,32.77031
2380,39.6449,7.520488,64.32278,19.34249
2381,39.66162,11.61225,80.15575,24.19262
2382,39.67822,15.45824,70.8718,16.04691
2383,39.69482,15.45824,70.8718,16.04691
2384,39.71155,6.241697,57.701,19.01409
2385,39.72815,0.646663,64.99317,14.88445
2386,39.74487,0.4293225,53.35079,14.98031
2387,39.7616,0.09622808,47.34665,7.017962
2388,39.7782,0.4612155,50.64557,17.41508
2389,39.7948,0.4612155,50.64557,17.41508
2390,39.81152,0.234707,51.31494,16.78619
2391,39.82813,0.2442133,55.54349,17.46667
2392,39.84485,0.1807792,64.66299,12.92973
2393,39.86133,0.09754763,56.06155,6.97682
2394,39.87817,0.2516393,58.36612,17.9978
2395,39.8949,0.2516393,58.36612,17.9978
2396,39.9115,0.1787519,49.89136,12.78473
2397,39.92822,0.007596441,60.61736,0.5433142
2398,39.94482,0.05258552,54.31395,3.761032
2399,39.96143,0.08604585,47.30453,6.154188
2400,39.97803,0.06409546,50.91613,4.584248
2401,39.99475,0.06409546,50.91613,4.584248
2402,40.0116,0.1179867,34.72195,8.43867
2403,40.02808,0.1502872,43.91058,10.74887
2404,40.0448,0.1276509,47.51201,9.12987
2405,40.06152,0.07374369,43.26312,5.274311
2406,40.078,0.03404756,32.83116,2.435156
2407,40.09485,0.03404756,32.83116,2.435156
2408,40.11145,-0.06310154,6.261276,-4.513161
2409,40.12805,-14.58447,-1.709829,-4.558185
2410,40.1449,-4.267484,-8.195462,-20.66635
2411,40.1615,-15.54161,-3.810897,-10.14699
2412,40.1781,-0.8180479,-7.587489,-11.11743
2413,40.19482,-0.8180479,-7.587489,-11.11743
2414,40.21143,7.393826,-6.204329,5.704913
2415,40.22815,1.661634,-3.229709,4.783214
2416,40.24487,8.845823,-9.116623,8.370492
2417,40.26147,0.158225,-22.51545,5.301002
2418,40.2782,0.1222369,-30.65578,9.24856
2419,40.2948,0.1222369,-30.65578,9.24856
2420,40.3114,0.3391968,-36.79755,25.77655
2421,40.32825,0.04133714,-40.16532,35.37474
2422,40.34485,-0.2661087,-27.6182,23.66837
2423,40.36145,-10.50281,-19.36929,17.0175
2424,40.37817,0.0144607,-23.11027,8.674788
2425,40.39478,0.0144607,-23.11027,8.674788
2426,40.41138,-11.05893,-25.35717,9.030664
2427,40.42847,-9.882543,-25.34566,15.43744
2428,40.44482,-5.829256,-10.35838,8.758862
2429,40.46143,-1.565727,-9.010333,7.579689
2430,40.47803,0.05723964,-7.879164,7.827852
2431,40.49475,0.05723964,-7.879164,7.827852
2432,40.51135,0.1010802,2.409682,12.29065
2433,40.52856,0.09499806,3.793701,11.55109
2434,40.54468,0.1576289,6.986685,19.16656
2435,40.5614,0.1971266,8.817047,23.9692
2436,40.57825,0.2040171,9.205674,24.80704
2437,40.59473,0.2040171,9.205674,24.80704
2438,40.61145,0.1598571,12.33798,19.4375
2439,40.62817,0.1732619,14.80543,21.06742
2440,40.64478,-13.66903,23.11007,25.90087
2441,40.66138,-3.904954,26.89657,34.94452
2442,40.67798,-4.324337,31.2739,36.50788
2443,40.6947,-4.324337,31.2739,36.50788
2444,40.7113,0.1700216,49.0123,38.23962
2445,40.72803,0.2359106,50.82679,41.0318
2446,40.74475,0.1817203,42.27807,31.56626
2447,40.76147,11.01755,32.09202,23.80123
2448,40.77808,0.1870907,25.66125,22.58928
2449,40.7948,0.1870907,25.66125,22.58928
2450,40.8114,2.311545,24.8478,27.80908
2451,40.828,0.5416745,24.78632,24.97502
2452,40.84473,0.7888427,27.07647,18.28749
2453,40.86145,0.1040787,14.49752,12.82199
2454,40.87805,0.1455338,17.11075,18.61942
2455,40.8949,0.1455338,17.11075,18.61942
2456,40.91162,0.1026412,20.92818,13.86722
2457,40.9281,0.2003077,13.32298,27.06234
2458,40.9447,0.1113608,15.62936,15.04527
2459,40.9613,0.2672862,20.92399,36.11139
2460,40.97791,0.2206095,26.32691,29.80519
2461,40.99475,0.2206095,26.32691,29.80519
2462,41.01135,11.43677,18.49364,31.50951
2463,41.02808,13.64627,25.81775,32.31228
2464,41.04468,17.9414,17.89908,33.39211
2465,41.06128,10.96308,17.44377,32.31598
2466,41.078,3.765808,18.42353,33.81647
2467,41.0946,3.765808,18.42353,33.81647
2468,41.11133,0.1631973,3.262883,5.81779
2469,41.12793,0.001354031,0.0270718,0.04826959
2470,41.14465,-0.6706409,-3.472006,-6.311856
2471,41.16138,-15.77252,-2.47175,-4.338805
2472,41.17798,-0.4710147,-6.708667,-12.25245
2473,41.19458,-0.4710147,-6.708667,-12.25245
2474,41.2113,-0.06796908,-3.475582,-6.355664
2475,41.22791,-0.1560711,-8.990563,-14.59756
2476,41.24463,-0.2579991,-15.809,-24.13106
2477,41.26135,-0.1531181,-25.02215,-14.32138
2478,41.27795,-0.1573137,-33.19778,-14.71379
2479,41.29468,-0.1573137,-33.19778,-14.71379
2480,41.31128,-9.506724,-47.5285,-29.4957
2481,41.328,-8.649556,-63.03328,-38.51448
2482,41.3446,-1.91352,-69.25,-36.64582
2483,41.36133,-0.9402658,-78.9167,-43.0592
2484,41.37805,-8.925877,-94.19729,-51.42788
2485,41.39478,-8.925877,-94.19729,-51.42788
2486,41.41125,-21.22778,-114.6768,-35.87862
2487,41.4281,-23.36856,-134.4569,-39.87971
2488,41.4447,-20.13022,-106.9153,-42.91121
2489,41.4613,-10.28251,-95.58867,-42.0232
2490,41.47778,-20.53668,-112.6525,-64.11665
2491,41.49463,-20.53668,-112.6525,-64.11665
2492,41.51123,-20.42809,-109.7296,-51.75441
2493,41.52795,-22.286,-133.3065,-49.49854
2494,41.54456,-26.47367,-122.9658,-41.39113
2495,41.56128,-14.66481,-116.4945,-40.28124
2496,41.57813,-10.17319,-97.80011,-38.98794
2497,41.5946,-10.17319,-97.80011,-38.98794
2498,41.61133,-20.56389,-118.8013,-51.07404
2499,41.62793,-16.78286,-105.9259,-39.02335
2500,41.64465,-9.793238,-103.6606,-46.74841
2501,41.66125,-6.068188,-106.1657,-52.05329
2502,41.67798,-2.740488,-93.58081,-56.90822
2503,41.69458,-2.740488,-93.58081,-56.90822
2504,41.7113,1.11724,-86.95788,-42.90197
2505,41.72791,1.057774,-96.40128,-40.1867
2506,41.74463,0.8899046,-95.68328,-33.80738
2507,41.76135,0.865991,-87.4849,-32.89889
2508,41.77795,0.8672758,-69.87495,-32.94769
2509,41.79443,0.8672758,-69.87495,-32.94769
2510,41.81128,1.312317,-57.21999,-49.85475
2511,41.82788,-3.767856,-51.13267,-49.21791
2512,41.84448,1.183936,-55.60048,-45.11355
2513,41.86121,1.313146,-38.91221,-28.64802
2514,41.87805,2.603781,-40.5728,-26.13663
2515,41.89453,2.603781,-40.5728,-26.13663
2516,41.91125,0.6356556,-19.89324,-24.59721
2517,41.92786,-1.04904,-15.6394,-31.71204
2518,41.94458,0.7699375,-24.93914,-30.02919
2519,41.9613,0.6796023,-23.85786,-26.22989
2520,41.97778,0.8523703,-23.75205,-32.89568
2521,41.99451,0.8523703,-23.75205,-32.89568
2522,42.01208,1.150539,-14.62513,-35.02426
2523,42.02783,0.7906352,-19.16654,-31.39069
2524,42.04456,0.590197,-10.62479,-23.52396
2525,42.06116,0.5192006,-17.53815,-20.69485
2526,42.07788,0.5991021,-12.57222,-23.87965
2527,42.09448,0.5991021,-12.57222,-23.87965
2528,42.11133,0.893386,-10.25488,-35.60954
2529,42.12793,0.6046171,-19.78779,-24.09948
2530,42.14453,0.7646177,-16.45971,-30.47695
2531,42.16113,1.010539,-20.29376,-40.27913
2532,42.17786,1.103309,-17.61541,-43.97688
2533,42.19446,1.103309,-17.61541,-43.97688
2534,42.2113,0.6702592,-26.04376,-26.71591
2535,42.22791,0.9665843,-28.67015,-38.52715
2536,42.24451,0.8722288,-24.14994,-34.76623
2537,42.26111,1.021774,-22.66477,-40.72696
2538,42.27783,0.8809924,-20.37013,-35.11554
2539,42.29456,0.8809924,-20.37013,-35.11554
2540,42.31116,0.4953367,-12.05023,-19.74366
2541,42.32788,0.4292104,-5.475356,-17.10793
2542,42.3446,0.4032812,-12.9517,-16.07441
2543,42.36121,0.3276731,-12.53947,-13.06074
2544,42.37781,0.4680203,-0.1993924,-18.65486
2545,42.39465,0.4680203,-0.1993924,-18.65486
2546,42.41125,0.4265907,-8.100903,-17.00351
2547,42.42798,0.4113444,-8.345459,-16.39581
2548,42.4447,0.4606963,-7.822339,-18.36292
2549,42.46118,0.2277543,-3.381785,-9.078073
2550,42.47791,0.5104088,-0.4716997,-20.34442
2551,42.49463,0.5104088,-0.4716997,-20.34442
2552,42.51111,0.4819235,-14.09958,-19.20902
2553,42.52783,0.4758716,-16.48195,-18.9678
2554,42.5448,0.1880929,-18.85356,-7.497207
2555,42.56116,0.2391228,-15.82096,-9.531214
2556,42.57776,0.06883038,-11.66819,-2.743515
2557,42.59448,0.06883038,-11.66819,-2.743515
2558,42.61121,0.1507338,-18.28252,-6.008111
2559,42.62805,0.02177799,-18.46211,-0.8680502
2560,42.64441,-0.03864572,-8.361812,1.540382
2561,42.66138,0.01799054,-4.145331,-0.7170863
2562,42.67786,-0.01058356,-1.622828,0.4218508
2563,42.69446,-0.01058356,-1.622828,0.4218508
2564,42.71118,0.09373251,-13.36886,-3.73609
2565,42.72766,-0.08105224,-16.13935,3.230667
2566,42.74438,-0.04756086,-9.062769,1.895732
2567,42.76111,-0.06517306,-9.929414,2.597737
2568,42.77783,-0.0003928663,-0.05985498,0.01565928
2569,42.79443,-0.0003928663,-0.05985498,0.01565928
2570,42.81116,-0.0007409265,-0.002729834,0.02953264
2571,42.82788,2.305487,-1.195567e-05,0.0570218
2572,42.8446,-0.008415347,-9.034698,2.363668
2573,42.86108,-0.04871313,-7.638945,1.99082
2574,42.87781,-0.05144414,-8.040549,2.084969
2575,42.89441,-0.05144414,-8.040549,2.084969
2576,42.91101,-0.0003593149,-0.05634203,0.01456082
2577,42.92798,-4.103286e-06,-0.0006434089,0.0001662802
2578,42.94434,-0.3274305,-1.220331,13.26868
2579,42.96106,0.4612842,-0.005344603,0.06934005
2580,42.97778,-0.04282353,-7.451614,1.923108
2581,42.99451,-0.04282353,-7.451614,1.923108
2582,43.01111,4.299573,-24.77586,6.388953
2583,43.02771,0.7319219,-25.83693,6.462134
2584,43.04443,2.360776,-32.42117,8.01368
2585,43.06104,11.19058,-23.31592,5.883956
2586,43.07788,3.124623,-26.26287,7.030807
2587,43.09448,3.124623,-26.26287,7.030807
2588,43.11108,0.7817913,-30.98756,7.149332
2589,43.12769,-0.2294289,-52.54776,11.76696
2590,43.1333,-0.2272165,-51.8538,11.2786
2591,43.14441,8.476661,-42.68651,9.20055
2592,43.16101,-0.02829946,-40.45327,8.336092
2593,43.17773,-0.02829946,-40.45327,8.336092
2594,43.19446,6.646677,-32.76655,6.555407
2595,43.21106,-0.0107039,-36.16899,10.43355
2596,43.22791,-0.181145,-42.8804,9.847917
2597,43.24426,-0.1223429,-28.88762,6.61146
2598,43.26099,-0.1214834,-35.41105,6.564521
2599,43.27771,-0.1214834,-35.41105,6.564521
2600,43.29431,-0.1334847,-27.82886,17.33563
2601,43.31152,-0.2336957,-27.50435,12.95881
2602,43.32764,-0.1160549,-25.21202,14.22084
2603,43.34436,-0.1512668,-19.50371,8.641731
2604,43.36096,-6.890077,-9.071262,6.376596
2605,43.37769,-6.890077,-9.071262,6.376596
2606,43.39429,-0.128018,-10.76424,6.990432
2607,43.41101,-0.01540906,-5.298197,0.8512076
2608,43.42773,-0.06240715,-5.765329,3.448913
2609,43.44446,-0.03073908,-10.90952,1.698786
2610,43.46252,6.996143,-6.708793,1.144558
2611,43.47766,6.996143,-6.708793,1.144558
2612,43.49426,-0.03307836,-8.585511,6.155309
2613,43.51111,-0.02808611,-4.53264,1.691063
2614,43.52771,-0.03043494,-3.008914,1.805286
2615,43.54431,-0.03384376,-0.9102007,2.007253
2616,43.56116,-6.204068,-0.005486733,-0.09505376
2617,43.57764,-6.204068,-0.005486733,-0.09505376
2618,43.59424,-0.0001637913,-1.448532e-07,-2.50948e-06
2619,43.61096,-0.06135465,-0.2872636,3.552168
2620,43.62781,-0.0007006515,-0.003280463,0.04056468
2621,43.64441,0.01241623,4.874289,-0.7188615
2622,43.66089,7.48456e-05,0.02938244,-0.004333331
2623,43.67761,7.48456e-05,0.02938244,-0.004333331
2624,43.6947,1.97646e-09,7.757174e-07,-1.14431e-07
2625,43.71106,1.191419e-11,4.676061e-09,-6.897952e-10
2626,43.72766,0.0,0.0,0.0
2627,43.74414,-0.1588003,-9.838138,9.194049
2628,43.76086,-0.1464115,-0.8146931,8.476776
2629,43.77795,-0.1464115,-0.8146931,8.476776
2630,43.79431,-0.07756818,-0.549153,4.49096
2631,43.81091,-0.1480255,-0.6521238,8.570225
2632,43.82764,-0.01692511,-1.011173,0.9799122
2633,43.84448,-0.0001404296,-0.008386746,0.008130443
2634,43.86096,-0.1176559,-0.8883556,6.811913
2635,43.87756,-0.1176559,-0.8883556,6.811913
2636,43.89429,-0.01174751,-2.183235,0.680145
2637,43.91101,-0.1253757,-3.113945,7.258868
2638,43.92773,-0.0398491,-10.72429,2.307141
2639,43.94434,-0.01845795,-5.543397,1.068659
2640,43.96094,-0.03303088,-12.96007,1.912387
2641,43.97766,-0.03303088,-12.96007,1.912387
2642,43.99426,-0.04615338,-14.80092,2.006285
2643,44.01086,-0.1776898,-14.41556,2.422307
2644,44.02759,-3.371228,-13.34368,2.205217
2645,44.04431,-0.05610209,-15.04178,1.946412
2646,44.06104,-0.06185803,-26.33783,3.337828
2647,44.07776,-0.06185803,-26.33783,3.337828
2648,44.09436,-0.1459643,-12.12477,8.188689
2649,44.11096,-0.1827315,-8.446529,10.09934
2650,44.12756,-0.2093547,-16.43154,11.56994
2651,44.14429,-0.02550559,-11.62564,1.40956
2652,44.16089,-0.2061938,-14.81799,11.39524
2653,44.17749,-0.2061938,-14.81799,11.39524
2654,44.19434,-0.03186941,-12.01975,1.761254
2655,44.21094,-0.02367057,-11.58236,1.308148
2656,44.22803,-0.02962667,-6.245898,1.63731
2657,44.24426,-0.02666357,-13.43686,1.473555
2658,44.26086,-0.1677789,-17.8285,9.272254
2659,44.27759,-0.1677789,-17.8285,9.272254
2660,44.29431,5.997903,-12.36653,2.767816
2661,44.31104,3.369255,-13.50235,1.835233
2662,44.32764,-0.04911909,-17.06625,4.47926
2663,44.34424,-0.05440351,-18.88335,3.163375
2664,44.36084,-0.1461939,-14.55744,8.464293
2665,44.37756,-0.1461939,-14.55744,8.464293
2666,44.39417,-0.1849091,-20.66633,10.70567
2667,44.41089,-0.05048697,-9.406377,2.923041
2668,44.42749,-0.247123,-14.53691,14.30767
2669,44.44421,-0.1337164,-8.857429,7.741771
2670,44.46082,-0.04193237,-16.39435,2.427756
2671,44.47754,-0.04193237,-16.39435,2.427756
2672,44.49414,-0.1415288,-10.0245,8.194082
2673,44.51086,-0.02248935,-14.11136,1.302064
2674,44.52747,6.37481,-13.31435,1.12638
2675,44.54407,0.03239425,-11.34289,1.226677
2676,44.56079,-0.006815974,-6.041836,0.4512259
2677,44.57751,-0.006815974,-6.041836,0.4512259
2678,44.59448,-0.131355,-6.796999,7.985381
2679,44.61108,-0.02874267,-4.956923,1.747334
2680,44.62756,-0.07096389,-8.798824,4.314061
2681,44.64429,-0.0250167,-14.87722,1.520824
2682,44.66089,-0.03151999,-19.18945,1.916174
2683,44.67749,-0.03151999,-19.18945,1.916174
2684,44.69421,-0.132507,-21.02766,8.055414
2685,44.71082,-0.06890042,-10.01443,4.188618
2686,44.72742,-0.02154685,-18.17059,1.309883
2687,44.74414,4.570593,-15.08896,2.263853
2688,44.76111,6.385571,-20.49617,8.315989
2689,44.77747,6.385571,-20.49617,8.315989
2690,44.79419,6.845282,-23.80233,5.069849
2691,44.81091,0.01634967,-22.06724,1.714992
2692,44.82764,1.165821,-21.82873,6.263606
2693,44.84412,-0.01783335,-7.662107,2.236047
2694,44.86084,-0.01214559,-12.34307,0.8498697
2695,44.87744,-0.01214559,-12.34307,0.8498697
2696,44.89417,-0.01206588,-2.96209,0.8383184
2697,44.91089,0.186375,-3.902565,0.1456179
2698,44.92737,-0.005146931,-13.99683,0.4799302
2699,44.94409,1.815571,-15.48577,0.536679
2700,44.96094,2.464997,-3.169518,0.134648
2701,44.97742,2.464997,-3.169518,0.134648
2702,44.99426,-0.0287958,-9.714812,2.193232
2703,45.01086,2.494876,-2.714262,0.8473968
2704,45.02747,0.003949844,-1.482872,1.935762
2705,45.04419,0.9476229,-13.8404,1.419173
2706,45.06079,6.4163,-5.636456,2.152701
2707,45.07751,6.4163,-5.636456,2.152701
2708,45.09412,1.314227,-9.738906,2.153038
2709,45.11084,1.298699,-0.8928639,0.7479975
2710,45.12744,-0.005018617,-0.08743113,1.865678
2711,45.14429,-0.03829434,-0.1480608,3.593319
2712,45.16077,-0.09989214,-0.3809548,9.343163
2713,45.17749,-0.09989214,-0.3809548,9.343163
2714,45.19409,-0.07395677,-0.2823612,6.917292
2715,45.21082,-0.02801878,-0.6425544,2.62064
2716,45.22754,-0.02036123,-0.07690091,1.904417
2717,45.24414,-0.01043657,-0.03784605,0.9761484
2718,45.26074,-6.291212e-05,-0.0002281378,0.005884269
2719,45.27747,-6.291212e-05,-0.0002281378,0.005884269
2720,45.29419,-4.33077e-09,-1.568925e-08,4.050637e-07
2721,45.31079,-1.896718e-11,-6.871315e-11,1.77403e-09
2722,45.32751,-0.08325972,-0.2984501,7.787412
2723,45.34412,-0.001641598,-0.005884418,0.1535412
2724,45.36084,-0.02684341,0.8977313,2.510706
2725,45.37744,-0.02684341,0.8977313,2.510706
2726,45.39404,-0.03711529,6.716074,3.471451
2727,45.41077,0.001759817,6.603862,-0.1645984
2728,45.42737,-0.1290598,22.55461,12.07117
2729,45.44409,0.006268054,20.56451,-0.5862609
2730,45.46082,0.006620928,17.65112,-0.6192657
2731,45.47742,0.006620928,17.65112,-0.6192657
2732,45.49402,0.009188032,38.06118,-0.8593709
2733,45.51086,-0.01910265,35.83329,1.7867
2734,45.52747,0.0200043,36.5552,-1.871034
2735,45.54407,-0.5039327,33.24412,-1.906634
2736,45.56067,0.01725811,28.55478,-1.761464
2737,45.57727,0.01725811,28.55478,-1.761464
2738,45.59412,0.02566453,23.05118,-2.311539
2739,45.61072,0.126718,17.79174,-11.41313
2740,45.62744,-6.354917,21.22342,-14.19341
2741,45.64429,0.1775301,16.834,-17.89218
2742,45.66077,0.1325394,6.783976,-11.52188
2743,45.67749,0.1325394,6.783976,-11.52188
2744,45.69397,0.2383059,0.9877871,-20.69692
2745,45.71069,0.2050876,0.8862804,-17.8119
2746,45.72742,0.1816801,0.8044633,-15.77895
2747,45.74414,0.01655091,0.07387325,-1.43745
2748,45.76074,0.003398055,0.01528745,-0.2951217
2749,45.77734,0.003398055,0.01528745,-0.2951217
2750,45.79407,0.05805392,0.2673588,-5.041995
2751,45.81067,0.1392055,-0.05084271,-12.09002
2752,45.82727,0.09618981,-11.12232,-8.354105
2753,45.84399,0.06631687,-6.085931,-5.759634
2754,45.86072,0.1400005,-15.83863,-12.15907
2755,45.87744,0.1400005,-15.83863,-12.15907
2756,45.89453,0.1799532,-8.709234,-15.62897
2757,45.91064,0.2161734,-14.83101,-18.77471
2758,45.92737,0.1970277,-14.15961,-17.1119
2759,45.94409,0.24411,-15.14427,-21.20101
2760,45.96069,3.387465,-15.13096,-18.05673
2761,45.97742,3.387465,-15.13096,-18.05673
2762,45.99402,0.1686244,-11.12506,-15.15029
2763,46.01074,0.2407126,-4.287812,-21.68008
2764,46.02734,0.1912526,1.422917,-17.22558
2765,46.04395,0.1366951,1.061125,-12.31174
2766,46.06116,0.2447981,1.954827,-22.04827
2767,46.07739,0.2447981,1.954827,-22.04827
2768,46.09412,0.2634534,-4.137544,-23.7285
2769,46.11072,0.2159703,-12.02829,-19.45183
2770,46.12732,0.307456,-20.49432,-27.69168
2771,46.14417,0.2064126,-15.22057,-18.59099
2772,46.16064,0.3140265,-13.03785,-28.28348
2773,46.17737,0.3140265,-13.03785,-28.28348
2774,46.19397,0.2194387,-8.171085,-19.76422
2775,46.21069,0.143211,-6.61428,-12.89861
2776,46.22729,0.1409423,-0.4060422,-12.69427
2777,46.24402,0.03851087,0.4017923,-3.468565
2778,46.26062,0.08339618,0.904192,-7.511257
2779,46.27734,0.08339618,0.904192,-7.511257
2780,46.29382,0.2432563,2.700989,-21.90941
2781,46.31067,0.2863347,3.243342,-25.78935
2782,46.32727,0.2272309,-0.8266131,-20.46604
2783,46.34387,0.199099,-0.5969215,-17.29179
2784,46.36072,-0.9388506,-0.07538753,-22.06981
2785,46.37732,-0.9388506,-0.07538753,-22.06981
2786,46.39404,-2.078195,2.695363,-19.50937
2787,46.41064,0.1449394,1.706849,-12.16763
2788,46.42737,0.157927,1.759408,-12.39512
2789,46.44421,0.1187594,1.333983,-9.316105
2790,46.46057,0.1046417,1.189052,-8.208575
2791,46.47729,0.1046417,1.189052,-8.208575
2792,46.4939,0.05077198,0.5868723,-3.982786
2793,46.51062,0.02755921,0.3203569,-2.16187
2794,46.52722,0.0692589,0.8096129,-5.432984
2795,46.54407,0.07149964,0.8404797,-5.608758
2796,46.56067,0.1632604,0.9662089,-12.80689
2797,46.57727,0.1632604,0.9662089,-12.80689
2798,46.59497,0.112166,0.6169425,-8.798813
2799,46.6106,0.1161051,-1.288562,-9.107818
2800,46.62732,0.08086031,0.05051611,-6.343052
2801,46.64392,0.1438758,-7.776011,-11.28627
2802,46.66052,0.1805745,-3.191385,-14.16509
2803,46.67725,0.1805745,-3.191385,-14.16509
2804,46.69397,0.1942052,-2.50325,-15.23434
2805,46.71057,0.1127476,-9.926754,-8.84444
2806,46.72717,0.09911653,-12.62006,-7.775152
2807,46.74426,0.001360311,-0.06598198,-0.106709
2808,46.76062,8.200018e-06,-0.0003977425,-0.0006432469
2809,46.77722,8.200018e-06,-0.0003977425,-0.0006432469
2810,46.79395,0.8087555,-1.445291e-08,0.009977262
2811,46.81055,-0.07870268,-1.121602,6.666913
2812,46.82727,-0.0818251,-1.110589,6.634449
2813,46.84412,-0.2459568,-3.278992,19.93719
2814,46.8606,-0.4255404,-5.543265,34.49416
2815,46.87732,-0.4255404,-5.543265,34.49416
2816,46.89392,-0.3665621,-4.514491,29.7134
2817,46.91052,-0.3958661,-5.08052,32.08877
2818,46.92725,-0.3925203,-12.96327,31.81756
2819,46.94397,-0.5816905,-7.84734,47.15164
2820,46.96045,2.430741,-6.86913,47.61376
2821,46.97717,2.430741,-6.86913,47.61376
2822,46.9939,-0.4674116,-6.025795,52.7445
2823,47.01062,0.04890757,-5.75831,54.15129
2824,47.02722,-0.1982688,-5.162766,52.62322
2825,47.04395,6.484862,-5.253921,58.78482
2826,47.06055,-0.4503845,-4.531391,55.75685
2827,47.07776,-0.4503845,-4.531391,55.75685
2828,47.09412,1.882061,-4.715095,73.62009
2829,47.1106,0.1557544,-3.708672,65.41068
2830,47.12781,2.233098,-2.800163,57.71898
2831,47.14417,7.420639,-2.120333,52.05557
2832,47.16052,8.745021,-1.398366,40.88846
2833,47.17725,8.745021,-1.398366,40.88846
2834,47.19397,5.708892,-0.6351378,25.56803
2835,47.21069,10.73988,-0.4989761,22.69923
2836,47.22717,0.8206733,-0.1875817,9.2072
2837,47.2439,-0.008666779,-0.1150422,6.006098
2838,47.26074,-0.002151778,-0.02000347,1.067044
2839,47.27759,-0.002151778,-0.02000347,1.067044
2840,47.29395,-0.7346667,-1.411358,0.183988
2841,47.31055,-0.008672401,-4.94136,0.1166638
2842,47.32715,-3.798193e-05,-0.02164134,0.0005109444
2843,47.34375,-4.337421e-07,-0.0002471376,5.834831e-06
2844,47.3606,-0.0177127,-0.1287383,7.179276
2845,47.37708,-0.0177127,-0.1287383,7.179276
2846,47.39404,-0.01576431,-0.1156116,7.667474
2847,47.41064,4.981206,-0.2617586,20.72678
2848,47.42712,3.59059,-0.160519,15.15185
2849,47.44385,0.05665077,-0.1398983,16.34817
2850,47.46057,5.071904,-0.1171571,20.53214
2851,47.47717,5.071904,-0.1171571,20.53214
2852,47.49426,9.438934,0.01085417,26.62524
2853,47.5105,0.09088989,0.1122504,27.54677
2854,47.52722,0.5815986,0.2605968,31.9745
2855,47.54382,1.407651,0.4650927,36.81359
2856,47.56055,0.07401773,0.4466747,26.73327
2857,47.57715,0.07401773,0.4466747,26.73327
2858,47.59387,6.183837,0.4574742,20.01899
2859,47.61047,2.280711,0.5290611,20.59323
2860,47.6272,4.790592,0.7137818,24.98799
2861,47.64392,9.87403,0.7991497,24.42951
2862,47.66052,11.55449,1.257592,33.79115
2863,47.67712,11.55449,1.257592,33.79115
2864,47.69373,23.57817,1.106478,23.88116
2865,47.71045,21.5522,0.3925996,27.65181
2866,47.72717,13.37514,1.293203,24.66428
2867,47.7439,10.31649,1.925809,34.24126
2868,47.7605,17.86254,1.905891,33.97488
2869,47.7771,17.86254,1.905891,33.97488
2870,47.79382,9.561442,3.025217,44.12206
2871,47.81067,10.53945,3.954157,50.98541
2872,47.82703,17.70593,2.908126,34.76239
2873,47.84424,8.981685,3.841905,43.70217
2874,47.86035,1.258881,-12.16018,40.33975
2875,47.87708,1.258881,-12.16018,40.33975
2876,47.8938,1.507384,-3.076069,49.98862
2877,47.9104,1.446411,2.914516,48.1693
2878,47.92712,-6.881094,5.004972,49.61977
2879,47.94373,1.219806,5.519291,45.24857
2880,47.96106,1.22294,5.286718,41.34125
2881,47.97717,1.22294,5.286718,41.34125
2882,47.99438,-4.474705,-2.460609,40.38741
2883,48.0105,-10.75098,-1.243305,39.86662
2884,48.0271,-13.2962,0.4712461,37.41228
2885,48.0437,-8.295395,5.248551,34.43844
2886,48.06042,-14.25624,5.445631,34.48751
2887,48.07715,-14.25624,5.445631,34.48751
2888,48.09375,-18.72645,5.78814,34.59745
2889,48.11035,-6.283754,4.462603,25.93515
2890,48.11328,-4.180705,4.215374,23.99846
2891,48.12695,-1.171351,5.402942,30.04334
2892,48.1438,-8.472664,4.217384,23.14123
2893,48.16052,-8.472664,4.217384,23.14123
2894,48.177,0.2492223,5.313944,27.64683
2895,48.1936,0.5472372,6.913751,35.1165
2896,48.21033,0.5085363,6.558779,32.5431
2897,48.22717,0.6122097,8.11197,39.17684
2898,48.24377,-1.114096,7.651587,36.08975
2899,48.26038,-1.114096,7.651587,36.08975
2900,48.27698,-12.06901,9.382981,41.99318
2901,48.29395,-1.81144,9.708424,42.22204
2902,48.31042,0.5683107,10.2157,43.34267
2903,48.32703,9.85769,8.260654,34.2259
2904,48.34424,0.4609396,6.333543,25.96778
2905,48.36047,0.4609396,6.333543,25.96778
2906,48.37708,0.03054654,0.5393549,2.184405
2907,48.39404,-10.45036,0.004474971,0.1556447
2908,48.4104,-12.97,1.959873e-05,0.160085
2909,48.427,-1.880515,2.238115e-07,0.0216533
2910,48.44373,-0.008235964,9.802124e-10,9.48335e-05
2911,48.46033,-0.008235964,9.802124e-10,9.48335e-05
2912,48.47705,-0.02130437,0.9038334,-1.85024
2913,48.49402,0.9084376,0.005448351,-0.02198829
2914,48.51038,4.471326,2.386178e-05,-0.05520979
2915,48.52698,0.03709812,1.979787e-07,-0.0004580698
2916,48.5437,0.03131454,0.6222563,2.52021
2917,48.5603,0.03131454,0.6222563,2.52021
2918,48.57703,0.06622711,1.400875,5.644095
2919,48.59363,0.1784794,3.747226,14.96696
2920,48.61023,0.2403842,4.992664,20.15744
2921,48.62708,0.1460479,3.129462,12.24686
2922,48.64368,0.940313,5.178128,20.01421
2923,48.66028,0.940313,5.178128,20.01421
2924,48.677,0.2246622,4.747921,18.20996
2925,48.69373,0.4818083,4.933447,18.51296
2926,48.71021,0.2224555,4.664138,17.33397
2927,48.72705,0.2888958,6.177016,22.66179
2928,48.74487,0.3126043,6.759296,24.5221
2929,48.76025,0.3126043,6.759296,24.5221
2930,48.77698,0.253342,5.608829,19.8733
2931,48.7937,0.3709777,8.315733,29.10119
2932,48.8103,0.3016337,6.834404,23.66152
2933,48.8269,1.219136,6.459458,22.08066
2934,48.8446,0.368737,8.142653,27.43414
2935,48.86035,0.368737,8.142653,27.43414
2936,48.87683,9.6083,10.5839,34.44015
2937,48.89417,1.973006,12.30118,39.46888
2938,48.91028,12.53074,8.171405,25.67551
2939,48.927,0.6238164,11.59333,36.17468
2940,48.94373,0.3945393,8.413483,25.88989
2941,48.96069,0.3945393,8.413483,25.88989
2942,48.97705,0.5634615,12.4025,37.032
2943,48.99365,0.5237061,11.68365,34.41918
2944,49.01062,0.5506325,12.46556,36.18884
2945,49.02759,0.4453203,10.21505,29.26748
2946,49.0437,0.4399918,10.21196,28.91728
2947,49.0603,0.4399918,10.21196,28.91728
2948,49.07703,0.3759523,8.907256,24.70845
2949,49.09363,0.4242918,10.15539,27.88544
2950,49.11023,0.347858,8.410473,22.86203
2951,49.12683,0.2844482,6.937967,18.69459
2952,49.14368,0.1748522,4.28614,11.49169
2953,49.16028,0.1748522,4.28614,11.49169
2954,49.177,-9.398936,-14.24414,-6.985664
2955,49.1936,-7.732024,-27.47673,-19.9856
2956,49.21045,-3.967193,-27.81327,-21.79593
2957,49.22693,-3.247259,-27.57925,-34.31333
2958,49.24353,-1.033728,-26.70899,-55.08958
2959,49.26025,-1.033728,-26.70899,-55.08958
2960,49.27698,-7.413319,-22.33089,-66.39854
2961,49.29346,-7.886886,-22.76948,-67.64397
2962,49.3103,-1.125222,-28.37979,-67.79979
2963,49.3269,-4.269116,-23.20035,-74.19473
2964,49.34363,-3.38935,-23.81485,-80.44621
2965,49.36023,-3.38935,-23.81485,-80.44621
2966,49.37695,-3.220661,-30.6243,-116.0654
2967,49.39368,-2.954721,-38.36028,-114.6206
2968,49.4104,-10.5331,-37.97113,-113.0148
2969,49.42688,-1.703186,-38.97269,-91.97485
2970,49.4436,-0.7975555,-23.35907,-90.38092
2971,49.46021,-0.7975555,-23.35907,-90.38092
2972,49.47693,-0.3321173,-16.51407,-89.73024
2973,49.49353,-0.3167385,-14.613,-85.58627
2974,49.51025,-0.308131,-13.2052,-83.2605
2975,49.52686,-0.2343632,-14.4433,-63.32761
2976,49.54346,-0.201197,-16.9375,-54.36572
2977,49.56055,-0.201197,-16.9375,-54.36572
2978,49.57703,13.48177,2.364443,-56.51196
2979,49.59363,12.8132,0.3094039,-57.17113
2980,49.61023,10.29737,-7.656218,-81.6104
2981,49.62683,-0.5863162,-7.858522,-82.25196
2982,49.64355,-1.420374,-12.14104,-81.52029
2983,49.66016,-1.420374,-12.14104,-81.52029
2984,49.677,-0.5143875,-5.078291,-69.25253
2985,49.69348,-0.3702074,-3.021767,-50.01538
2986,49.71033,-0.4006548,-1.01638,-54.12999
2987,49.72681,-0.4462838,-2.791681,-60.29465
2988,49.74353,-0.4132197,-2.185028,-55.82756
2989,49.76025,-0.4132197,-2.185028,-55.82756
2990,49.77698,-3.031269,-1.260992,-50.70008
2991,49.79346,-1.652253,-2.024776,-34.5887
2992,49.81018,-0.2356732,-0.4552425,-34.03397
2993,49.8269,-0.2700752,-0.334521,-41.02906
2994,49.84351,-0.178356,12.81313,-27.10866
2995,49.86023,-0.178356,12.81313,-27.10866
2996,49.87683,-0.08759855,1.312057,-13.31431
2997,49.89355,-0.0003836495,0.005746326,-0.0583118
2998,49.91028,0.0001963038,7.398738,0.02983667
2999,49.92676,0.1154662,0.1744827,17.54998
3000,49.94409,0.1915669,0.3129148,29.11671
3001,49.96021,0.1915669,0.3129148,29.11671
3002,49.97681,0.4003263,0.3684652,60.84655
3003,49.99353,0.6428463,-11.87314,62.92027
3004,50.01013,9.314925,-1.327779,80.47247
3005,50.02686,16.0815,-13.30304,92.20971
3006,50.04346,20.42978,-0.2929673,95.98791
3007,50.06116,20.42978,-0.2929673,95.98791
3008,50.0769,4.905621,12.7104,137.0359
3009,50.09363,1.597975,12.85736,116.3799
3010,50.11011,1.779078,15.67444,131.084
3011,50.12708,1.64404,14.79801,121.1489
3012,50.14343,1.469085,7.351202,108.2566
3013,50.16016,1.469085,7.351202,108.2566
3014,50.17676,6.093057,19.56087,106.3667
3015,50.19348,9.765594,19.94431,99.26918
3016,50.21057,1.788696,21.98039,102.9775
3017,50.22681,1.16656,19.38692,74.58119
3018,50.24341,-9.222279,18.46946,77.71532
3019,50.26013,-9.222279,18.46946,77.71532
3020,50.27686,-17.46505,12.25111,48.06281
3021,50.29346,-14.04707,11.61756,44.1774
3022,50.31018,-4.40349,11.81354,43.7385
3023,50.32678,0.2731868,9.115643,33.12498
3024,50.34351,0.2154602,6.368999,22.81636
3025,50.36011,0.2154602,6.368999,22.81636
3026,50.37671,0.05778721,1.246536,4.403022
3027,50.39343,-3.217215,0.01425556,0.08070964
3028,50.41016,-6.674131,0.2558266,0.9585702
3029,50.42676,-2.06379,3.980761,13.99159
3030,50.4436,-0.2347462,4.985368,16.49177
3031,50.46057,-0.2347462,4.985368,16.49177
3032,50.47742,0.422034,6.42429,17.42623
3033,50.49341,1.104327,8.334691,23.61387
3034,50.51013,0.2003977,7.619646,23.88108
3035,50.52686,-16.47312,16.96563,25.32959
3036,50.54346,0.1044728,15.72949,26.26543
3037,50.56006,0.1044728,15.72949,26.26543
3038,50.57678,0.1941426,21.56784,26.38883
3039,50.59351,0.2262055,9.763959,30.56219
3040,50.61108,0.1801492,20.43339,24.33885
3041,50.62744,0.132581,7.199102,17.91219
3042,50.64343,0.5416399,22.54139,26.00685
3043,50.66003,0.5416399,22.54139,26.00685
3044,50.67725,0.9523563,19.22362,29.55397
3045,50.69336,0.5022721,23.95734,26.22012
3046,50.71008,0.2770574,30.88682,30.49681
3047,50.72681,0.1880792,21.55061,20.78942
3048,50.74353,0.184396,18.25047,20.38285
3049,50.76001,0.184396,18.25047,20.38285
3050,50.77686,0.1515671,26.02868,16.754
3051,50.79346,0.1982055,33.07019,21.90934
3052,50.81006,2.02522,40.11477,24.7187
3053,50.82678,9.540959,53.23555,33.00032
3054,50.84363,5.030127,49.94823,19.71612
3055,50.86035,5.030127,49.94823,19.71612
3056,50.87671,0.4952102,49.56258,27.57563
3057,50.89343,0.8823401,54.65242,42.13298
3058,50.91003,0.463023,46.03054,39.81809
3059,50.92676,0.5488324,54.73412,47.66291
3060,50.94336,13.18982,47.86517,34.75615
3061,50.96045,13.18982,47.86517,34.75615
3062,50.97327,0.2428832,28.87761,20.3279
3063,50.97681,0.1591297,25.3781,13.34366
3064,50.99341,0.09294163,18.85519,7.793629
3065,51.01086,-3.635502,2.611518,-0.02659999
3066,51.02661,-0.0219146,0.01574191,-0.0001666596
3067,51.04333,-0.0219146,0.01574191,-0.0001666596
3068,51.06006,-3.920619,-11.33118,-27.02527
3069,51.0769,-0.5309898,-27.41583,-46.8559
3070,51.09338,-0.9554875,-30.5894,-56.41935
3071,51.10999,-0.8948215,-33.01713,-50.80532
3072,51.12671,-0.8948215,-33.01713,-50.80532
3073,51.14319,-0.546628,-22.73026,-55.38412
3074,51.1604,-0.5784478,-21.75835,-58.61203
3075,51.17676,-0.5079611,-18.69571,-51.46988
3076,51.19324,-0.5517162,-19.84317,-55.90343
3077,51.20996,-0.5911651,-20.71387,-59.90064
3078,51.22668,-0.4428749,-15.21146,-44.87493
3079,51.24341,-0.4428749,-15.21146,-44.87493
3080,51.26001,-0.0682097,-2.33229,-6.911446
3081,51.27686,3.432097,-0.4350571,-1.342814
3082,51.29382,1.89069,-0.01295441,-0.05914811
3083,51.31006,0.9948572,-0.0001074814,-0.01136876
3084,51.32666,2.374491,-7.409027,0.4418904
3085,51.34338,2.374491,-7.409027,0.4418904
3086,51.36011,0.01296063,-17.54036,1.074805
3087,51.37683,0.08897429,-10.09221,7.727013
3088,51.39343,0.1030372,-13.6762,8.948796
3089,51.41003,-1.248664,-4.197714,6.803133
3090,51.42664,-1.248664,-4.197714,6.803133
3091,51.44336,0.1811835,-8.958104,16.32691
3092,51.46021,0.1426744,-8.567803,12.85031
3093,51.47681,0.1653586,-1.313844,14.89338
3094,51.49329,0.07955688,-0.7861651,7.441079
3095,51.5105,-2.117517,-12.98183,9.291275
3096,51.52673,-2.117517,-12.98183,9.291275
3097,51.54382,-19.20838,-7.968382,17.56385
3098,51.55994,-14.302,-3.755207,16.01963
3099,51.57678,-14.15497,-5.138973,7.774754
3100,51.59326,-12.61078,-13.49009,5.028564
3101,51.60999,-23.33059,4.870671,17.59604
3102,51.62683,-23.33059,4.870671,17.59604
3103,51.64331,-18.57624,4.079113,11.25066
3104,51.66016,-3.657309,6.629348,18.17644
3105,51.67676,-0.06676796,8.187729,22.25905
3106,51.69336,-0.02694852,6.049942,16.30364
3107,51.71008,-0.03354557,7.624746,20.39448
3108,51.72668,-18.61118,8.060035,21.32689
3109,51.74329,-18.61118,8.060035,21.32689
3110,51.76001,-12.68075,4.11986,10.71559
3111,51.77661,-12.96031,8.187655,21.15322
3112,51.79333,-30.91654,9.614087,24.449
3113,51.80994,-33.35671,8.667647,21.69742
3114,51.82654,-33.35671,8.667647,21.69742
3115,51.84326,-44.45223,14.71222,35.71391
3116,51.86047,-35.00726,12.49562,29.78764
3117,51.87659,-44.54795,12.94579,29.95594
3118,51.89319,-63.18402,14.6757,32.76622
3119,51.90991,-62.78688,15.04863,32.76193
3120,51.92688,-62.78688,15.04863,32.76193
3121,51.94324,-55.60658,13.71075,28.51738
3122,51.95996,-49.81678,12.89874,26.38945
3123,51.97681,-47.64075,1.152341,28.03799
3124,51.99329,-43.89194,12.13776,24.28111
3125,52.00989,-31.37428,7.417554,14.28425
3126,52.02661,-31.37428,7.417554,14.28425
3127,52.04333,-2.545826,1.541868,6.187406
3128,52.05994,-0.4763676,-3.736641,6.87467
3129,52.07751,-1.888793,4.927583,12.78888
3130,52.09326,-1.092851,-1.835299,0.8045939
3131,52.10986,-10.5631,-4.32309,0.7189408
3132,52.12708,-10.5631,-4.32309,0.7189408
3133,52.14331,-17.42775,-10.08809,5.190417
3134,52.15991,-25.72708,0.3588813,-0.9724308
3135,52.17664,-22.71962,3.242957,5.269657
3136,52.19324,-4.715526,0.2237796,5.873295
3137,52.20984,-5.410987,0.3054499,0.2792428
3138,52.22693,-5.410987,0.3054499,0.2792428
3139,52.24329,-0.01267361,-4.712046,0.1645268
3140,52.25989,-0.00660644,-2.623878,0.08760659
3141,52.27661,-0.01928844,-7.857256,0.2558428
3142,52.29321,-0.006454684,-2.662661,0.08561525
3143,52.30994,9.69684,-3.986046,0.8526785
3144,52.32666,0.05155994,-3.036809,0.09708825
3145,52.34326,0.05155994,-3.036809,0.09708825
3146,52.35986,-0.01861457,-8.892022,0.2497179
3147,52.37671,-0.02048986,-10.38739,0.2747933
3148,52.39343,-0.02926111,-16.34319,0.3924257
3149,52.40991,1.449276,-23.14958,0.6095376
3150,52.42664,1.449276,-23.14958,0.6095376
3151,52.44324,14.81786,-29.39596,2.198971
3152,52.46033,30.44675,-33.725,4.46067
3153,52.47681,24.33789,-28.25652,14.03878
3154,52.49316,24.98572,-25.93962,8.099553
3155,52.50977,0.5498129,-17.53827,8.053772
3156,52.52649,0.5498129,-17.53827,8.053772
3157,52.54309,-14.22246,0.6826305,3.122838
3158,52.55994,-3.37543,4.349598,8.876532
3159,52.57642,-2.115551,7.891709,16.24018
3160,52.59302,-5.230821,8.750931,17.72426
3161,52.60974,-8.093658,10.8452,12.05855
3162,52.62646,-8.093658,10.8452,12.05855
3163,52.64319,-27.26896,1.957822,2.081019
3164,52.65991,-25.58406,3.779974,5.092724
3165,52.67651,-30.90389,7.491274,12.87335
3166,52.69312,-31.74709,7.051863,11.76035
3167,52.70984,-40.52193,9.289214,15.36834
3168,52.72656,-40.52193,9.289214,15.36834
3169,52.74329,-27.81741,6.403793,10.3189
3170,52.75989,-31.92747,7.409643,11.8117
3171,52.77649,-29.27056,8.268858,13.57341
3172,52.79309,-30.20319,4.986747,6.908917
3173,52.80981,-32.89794,6.28006,9.049637
3174,52.82654,-32.89794,6.28006,9.049637
3175,52.84412,-41.84793,1.80098,-0.8912295
3176,52.85974,-46.36074,6.346996,6.87371
3177,52.87646,-40.97386,4.936953,4.936182
3178,52.89307,-40.16126,7.424711,9.656294
3179,52.90979,-31.79414,4.837855,5.513618
3180,52.92651,-31.79414,4.837855,5.513618
3181,52.94312,-30.5819,3.759434,3.408886
3182,52.95337,-14.96709,5.105062,7.848359
3183,52.95972,-15.59363,1.387447,0.663599
3184,52.97668,-12.46564,4.393309,6.74439
3185,52.99304,-0.7034712,2.318344,4.302709
3186,53.00977,-0.7034712,2.318344,4.302709
3187,53.02661,-0.0004776861,-0.07519644,0.003719266
3188,53.04309,0.003847525,-9.337053,-0.03021691
3189,53.06091,0.002335048,-5.034154,-0.01833844
3190,53.07642,0.0005351658,-1.03838,-0.004202957
3191,53.09314,-0.8397118,3.40947,6.594728
3192,53.10974,-0.8397118,3.40947,6.594728
3193,53.12634,-2.226861,2.187014,5.731069
3194,53.14307,-0.01847603,0.01814543,0.04755007
3195,53.15967,-0.0001532937,0.0001505507,0.000394518
3196,53.17651,-9.240618e-07,9.075268e-07,2.378173e-06
3197,53.19312,0.5254557,0.3405114,0.7088743
3198,53.20972,0.004197684,0.2647222,0.007153527
3199,53.22644,0.004197684,0.2647222,0.007153527
3200,53.24329,1.525327e-07,9.619303e-06,2.599403e-07
3201,53.25977,-3.441526e-10,1.098495e-07,2.702823e-09
3202,53.27649,0.5543635,-0.1062602,0.06978773
3203,53.29333,14.8168,-0.0008816294,1.861869
3204,53.3103,14.8168,-0.0008816294,1.861869
3205,53.32654,22.22508,-1.188926,1.497691
3206,53.34314,33.30019,-0.6553391,3.725025
3207,53.35974,52.84353,-9.084766,-10.41885
3208,53.37708,42.71027,-4.978629,-4.412125
3209,53.39294,54.84137,-10.62327,-12.5095
3210,53.40967,54.84137,-10.62327,-12.5095
3211,53.42639,41.73422,-7.630164,-10.5489
3212,53.44312,36.09034,-9.832648,-15.56122
3213,53.45972,39.10479,-9.533549,-14.89348
3214,53.47668,47.00935,-8.758489,-12.9391
3215,53.49316,66.54142,-11.1754,-16.44311
3216,53.50977,66.54142,-11.1754,-16.44311
3217,53.52637,79.36336,-22.53147,-14.48033
3218,53.54297,89.71981,-23.10454,-11.06864
3219,53.56006,81.8585,-13.48463,-9.011694
3220,53.57642,63.2897,-20.65887,-14.7756
3221,53.59302,46.06956,-18.91176,-13.06181
3222,53.60974,46.06956,-18.91176,-13.06181
3223,53.62646,35.24803,-7.764113,-13.4266
3224,53.64294,39.70141,-21.06378,-15.20708
3225,53.65967,54.61236,-6.82377,-12.13599
3226,53.67627,69.15086,-7.347499,-13.14176
3227,53.69299,82.95391,-6.597887,-12.22663
3228,53.70984,82.95391,-6.597887,-12.22663
3229,53.7262,87.32207,-9.865294,-18.99617
3230,53.74304,64.12484,-21.38776,-16.96766
3231,53.76013,69.22311,-12.25848,-14.65366
3232,53.77649,56.35646,-16.10178,-18.24024
3233,53.79309,54.54339,-11.11865,-15.8871
3234,53.80981,54.54339,-11.11865,-15.8871
3235,53.82642,78.66941,-12.10211,-13.42547
3236,53.84302,77.17091,-16.42216,-21.81411
3237,53.85962,80.38305,-7.817931,-20.79586
3238,53.87671,77.33727,-7.547333,-19.78218
3239,53.89307,77.35213,-7.871988,-22.40556
3240,53.90955,77.35213,-7.871988,-22.40556
3241,53.92627,75.72239,-5.676272,-18.58906
3242,53.94312,82.33277,-8.045438,-25.19909
3243,53.95972,62.12838,-4.824513,-16.60332
3244,53.97656,53.75896,-3.665571,-13.52744
3245,53.99304,49.46852,-2.650867,-11.0277
3246,54.00964,49.46852,-2.650867,-11.0277
3247,54.02625,37.07636,-4.068791,-13.42253
3248,54.04333,44.97685,-3.019373,-12.00001
3249,54.05957,42.05704,-1.434528,-8.13974
3250,54.07642,38.63569,-5.223663,-16.81339
3251,54.09302,31.23104,-0.03148849,-3.842098
3252,54.10962,31.23104,-0.03148849,-3.842098
3253,54.12634,19.99892,-1.144208e-06,-2.513061
3254,54.14331,14.56314,-6.897342e-09,-1.842167
3255,54.15955,19.49879,0.0,-2.482796
3256,54.17627,14.69443,0.0,-1.883335
3257,54.19312,5.563104,0.0,-0.7176549
3258,54.20972,5.563104,0.0,-0.7176549
3259,54.22632,11.65312,0.0,-1.532521
3260,54.24304,11.29626,0.0,-1.499768
3261,54.25964,22.64775,0.0,-3.054266
3262,54.27625,18.32091,0.0,-2.501439
3263,54.29297,32.27995,0.0,-4.488485
3264,54.30981,32.27995,0.0,-4.488485
3265,54.32617,33.27006,0.0,-4.807582
3266,54.34302,33.9226,0.0,-5.001599
3267,54.35986,10.69194,0.0,-1.594408
3268,54.37622,22.41038,0.0,-3.379581
3269,54.39294,14.93145,-0.1011831,-2.509814
3270,54.40967,17.33631,-0.2893156,-3.350478
3271,54.42627,17.33631,-0.2893156,-3.350478
3272,54.44299,16.61761,-7.638114e-06,-2.610951
3273,54.45947,5.165046,-8.722495e-08,-0.8158774
3274,54.4762,6.415378,-7.236963e-10,-1.021494
3275,54.49329,11.53531,0.0,-1.85618
3276,54.51013,11.53531,0.0,-1.85618
3277,54.52637,19.81396,0.0,-3.246856
3278,54.54285,1.136566,0.0,-0.1867257
3279,54.55969,3.651381,0.0,-0.6014252
3280,54.57678,1.403579,0.0,-0.2317787
3281,54.5929,9.387589,0.0,-1.558143
3282,54.60962,9.387589,0.0,-1.558143
3283,54.62634,19.10425,0.0,-3.203202
3284,54.64331,3.756988,0.0,-0.6315212
3285,54.65967,13.47124,0.0,-2.275806
3286,54.67651,2.085686,0.0,-0.3532341
3287,54.69287,3.613161,0.0,-0.614986
3288,54.70959,3.613161,0.0,-0.614986
3289,54.72681,23.16402,0.0,-4.021135
3290,54.74304,12.76726,0.0,-2.232548
3291,54.75977,1.087654,0.0,-0.1906537
3292,54.77612,17.83585,0.0,-3.133986
3293,54.79297,-0.07151368,-0.539951,-1.271931
3294,54.80957,-0.07151368,-0.539951,-1.271931
3295,54.82617,-1.503188,-3.677815,-8.534256
3296,54.8429,-1.299908,-3.173234,-7.380108
3297,54.85962,-9.967996,-1.42305,-1.668327
3298,54.87634,-6.726237,-4.224283,-9.006618
3299,54.89282,-21.59798,-6.852886,-12.82941
3300,54.90955,-21.59798,-6.852886,-12.82941
3301,54.92627,-8.389847,-8.106344,-18.47105
3302,54.94287,-14.40234,-17.22097,-17.32646
3303,54.95947,-3.776772,-3.843632,-8.737459
3304,54.9762,-18.37938,-4.08972,-7.091911
3305,54.99292,-0.1107918,-0.02465302,-0.04275038
3306,55.0094,-0.1107918,-0.02465302,-0.04275038
3307,55.02625,0.6560041,5.119087,3.835122
3308,55.04285,12.2315,7.585542,16.62022
3309,55.0603,10.58162,9.05998,20.44325
3310,55.07654,3.773395,9.207982,21.77063
3311,55.0929,4.083672,11.11177,23.75528
3312,55.10962,4.083672,11.11177,23.75528
3313,55.12622,2.746958,6.897267,15.97997
3314,55.14282,2.470309,6.237689,14.3706
3315,55.15942,4.105852,10.44942,23.8851
3316,55.17615,4.496347,11.54598,26.15674
3317,55.19287,6.127023,10.98873,24.32109
3318,55.20972,6.127023,10.98873,24.32109
3319,55.2262,19.91849,5.212035,8.423216
3320,55.24304,1.020168,2.459389,5.410742
3321,55.2594,0.6817542,1.783615,3.925249
3322,55.27625,2.385977,6.265842,13.74454
3323,55.29285,2.44838,6.46482,14.10405
3324,55.30933,2.44838,6.46482,14.10405
3325,55.32617,2.917956,7.822195,16.80908
3326,55.34338,3.125492,8.43267,18.00461
3327,55.3595,1.107259,3.000225,6.378438
3328,55.3761,1.129005,3.068956,6.503707
3329,55.3927,0.4090817,1.113186,2.356543
3330,55.39331,0.4090817,1.113186,2.356543
3331,55.40942,-10.90316,-10.72506,-5.702913
3332,55.42615,-1.351256,-3.604374,-7.346064
3333,55.44299,-3.642148,-9.841374,-21.08163
3334,55.45947,-3.840618,-10.28901,-22.23261
3335,55.47607,-6.683621,-17.65478,-38.69024
3336,55.49268,-6.683621,-17.65478,-38.69024
3337,55.51001,-27.12159,-19.93696,-42.00247
3338,55.52625,-7.719429,-16.59056,-38.20339
3339,55.54309,-7.757822,-17.97857,-42.14107
3340,55.55957,-6.999215,-17.19663,-41.00525
3341,55.57617,-7.402089,-17.89941,-43.38076
3342,55.59326,-7.402089,-17.89941,-43.38076
3343,55.60938,-8.371917,-19.46881,-49.06464
3344,55.62634,-7.51804,-17.14797,-44.06039
3345,55.64282,-5.095532,-11.45283,-29.86299
3346,55.65942,-2.752241,-6.147921,-16.12984
3347,55.67615,-0.03143456,-0.07013124,-0.1842261
3348,55.69324,-0.03143456,-0.07013124,-0.1842261
3349,55.70947,0.8161429,1.825347,4.783105
3350,55.72607,1.751667,3.932235,10.26586
3351,55.74292,-5.123513,3.136206,9.266454
3352,55.7594,-17.32559,0.7802683,5.002393
3353,55.77612,-39.90998,0.4292125,7.73276
3354,55.79285,-63.32792,0.1416674,10.56658
3355,55.80933,-63.32792,0.1416674,10.56658
3356,55.82605,-82.03576,5.147819e-06,12.09549
3357,55.84265,-93.29766,8.091271e-08,12.97292
3358,55.86011,-83.82377,-5.951012,-4.843656
3359,55.8761,-68.73295,-6.688797,-10.768
3360,55.89343,-68.73295,-6.688797,-10.768
3361,55.90979,-76.79907,-13.55474,-29.77686
3362,55.92615,-74.58334,-14.66843,-41.1018
3363,55.94275,-89.81184,-17.06826,-43.97617
3364,55.95935,-77.56577,-18.0518,-45.95572
3365,55.97632,-62.89093,-19.84852,-54.08929
3366,55.9928,-62.89093,-19.84852,-54.08929
3367,56.0094,-35.11052,-18.13736,-46.38302
3368,56.02686,-48.02436,-18.68797,-56.8614
3369,56.04285,-52.71487,-18.20787,-56.99887
3370,56.05945,-47.41247,-20.91314,-68.88462
3371,56.07605,-35.92133,-21.52163,-74.39664
3372,56.09265,-35.92133,-21.52163,-74.39664
3373,56.10938,-34.17902,-23.35609,-88.74226
3374,56.12671,-31.24483,-20.62956,-82.33145
3375,56.1427,-22.73582,-18.46677,-77.55907
3376,56.15942,-18.65364,-14.30608,-62.48914
3377,56.17603,-11.5608,-14.77084,-67.42619
3378,56.19275,-11.5608,-14.77084,-67.42619
3379,56.20935,6.120774,-10.65189,-52.51234
3380,56.22607,7.716267,-10.31698,-52.69069
3381,56.24268,12.33115,-16.37716,-47.65562
3382,56.2594,4.513995,-15.46164,-47.87944
3383,56.27649,10.38188,-11.85652,-56.49999
3384,56.29272,10.38188,-11.85652,-56.49999
3385,56.30945,-2.412048,-8.11418,-49.15506
3386,56.32593,-1.970151,-6.283167,-39.56743
3387,56.34265,-2.750254,-8.401141,-55.23026
3388,56.35974,-2.016783,-5.087415,-34.9661
3389,56.3761,-2.034633,-5.745165,-41.15179
3390,56.3927,-2.034633,-5.745165,-41.15179
3391,56.4093,-1.431492,-3.769897,-28.98698
3392,56.4259,-1.695578,-4.323011,-34.33459
3393,56.44263,-1.371328,-3.392783,-27.7687
3394,56.45947,-1.642287,-3.939286,-33.25548
3395,56.47595,-1.786012,-4.134488,-36.16583
3396,56.49255,-1.786012,-4.134488,-36.16583
3397,56.5094,-2.114353,-4.470345,-42.81457
3398,56.526,-2.141647,-4.313534,-43.36726
3399,56.5426,-2.373822,-4.484268,-48.06869
3400,56.55933,-2.321724,-4.095803,-47.01373
3401,56.57605,-3.018107,-4.730542,-58.42671
3402,56.59253,-3.018107,-4.730542,-58.42671
3403,56.60925,-4.508746,-3.521168,-50.89248
3404,56.62598,-2.012418,-2.64731,-41.54055
3405,56.6427,-2.129127,-2.546369,-44.21888
3406,56.65979,-1.925478,-2.07383,-39.99129
3407,56.6759,-2.694541,-2.513111,-55.96438
3408,56.69275,-2.694541,-2.513111,-55.96438
3409,56.70947,-2.664453,-1.670821,-54.58879
3410,56.72632,-9.386968,-1.150514,-46.65932
3411,56.74255,-1.191893,-0.4728066,-24.14049
3412,56.75928,-1.020006,-0.3633679,-21.72355
3413,56.776,1.861309,4.905456,-1.039374
3414,56.7926,1.861309,4.905456,-1.039374
3415,56.81018,-0.9501243,32.87099,-20.15249
3416,56.82593,5.560734,32.09737,-27.25348
3417,56.84277,1.35528,30.32189,-27.57669
3418,56.85938,0.9961014,16.7118,-20.1202
3419,56.87598,-0.7082448,17.87349,-14.63915
3420,56.8927,-0.7082448,17.87349,-14.63915
3421,56.90942,-1.03087,32.98857,-21.05031
3422,56.92603,-1.388531,45.59233,-28.35372
3423,56.94263,-2.930259,54.8574,-39.6914
3424,56.95935,-5.857258,55.22481,-42.34044
3425,56.97607,-5.663616,41.58957,-36.08223
3426,56.99255,-5.663616,41.58957,-36.08223
3427,57.00928,-11.45997,42.0702,-35.39388
3428,57.02588,-5.611332,44.43441,-48.75783
3429,57.0426,-2.571072,44.65748,-56.13243
3430,57.05933,-9.914529,56.7324,-56.62416
3431,57.07593,-2.732037,48.30624,-59.76022
3432,57.09265,-2.732037,48.30624,-59.76022
3433,57.10913,-10.82029,36.04457,-50.90228
3434,57.12598,-2.475209,31.39123,-55.89479
3435,57.14258,-1.989331,31.75191,-45.60633
3436,57.15942,-2.105785,24.87154,-48.28149
3437,57.1759,-1.814005,17.94969,-41.59159
3438,57.19275,-1.814005,17.94969,-41.59159
3439,57.20935,-1.87648,21.02667,-42.62143
3440,57.2262,-1.463888,7.888108,-33.25001
3441,57.24255,-1.282676,5.451257,-29.13404
3442,57.25928,-0.9943449,9.471823,-22.58504
3443,57.276,-0.8585515,2.3987,-19.5007
3444,57.2926,-0.8585515,2.3987,-19.5007
3445,57.30933,-0.5054144,1.416504,-11.47973
3446,57.32581,-0.55802,0.6738746,-5.41093
3447,57.3429,-1.149188,0.3341644,-6.687835
3448,57.35925,-11.30702,0.00722924,0.3334264
3449,57.37598,-10.61029,5.998025e-05,0.4353306
3450,57.39258,-10.61029,5.998025e-05,0.4353306
3451,57.4093,-26.48986,0.001028762,0.9398206
3452,57.42578,-27.71651,0.9367618,-6.586281
3453,57.44263,-44.03751,0.5780885,-3.427334
3454,57.45923,-54.03166,2.153962,-15.77727
3455,57.47595,-45.34452,0.2601516,-1.493651
3456,57.49268,-45.34452,0.2601516,-1.493651
3457,57.50928,-53.18719,0.3523878,-2.966689
3458,57.52588,-52.36124,2.590237,-0.9464938
3459,57.5426,-45.41851,6.78308,-1.497084
3460,57.5592,-40.29324,1.424479,-1.141493
3461,57.57593,-38.84774,9.45179,-2.040923
3462,57.59253,-38.84774,9.45179,-2.040923
3463,57.60913,-46.89263,4.331942,2.428385
3464,57.62598,-47.66042,2.880424,-2.606347
3465,57.64246,-47.76241,9.597898,-3.594257
3466,57.6593,-37.15493,8.742781,-3.14072
3467,57.6759,-28.98585,2.739213,-2.18806
3468,57.69287,-28.98585,2.739213,-2.18806
3469,57.70911,-15.71163,1.67869,-13.88947
3470,57.72644,-15.77389,0.01917013,-1.315277
3471,57.74268,-2.436244,0.0001595434,-0.1838735
3472,57.75916,-2.458689,1.323715e-06,-0.1863917
3473,57.77588,-0.01414299,1.884211,-0.1859309
3474,57.79248,-0.01414299,1.884211,-0.1859309
3475,57.8092,0.009361202,0.7073708,-0.1235036
3476,57.82581,0.005450084,0.7233016,-0.07189593
3477,57.84253,0.03586536,4.769686,-0.4731247
3478,57.85925,-4.283225,0.07496927,-0.3339421
3479,57.87585,-4.643312,0.000622012,-0.3578112
3480,57.89246,-4.643312,0.000622012,-0.3578112
3481,57.90918,-9.197597,0.1108995,-0.7425829
3482,57.92578,-8.060714,0.7044089,-0.7219463
3483,57.9425,-14.00237,3.560294,-1.515411
3484,57.95923,-7.579332,2.87973,-0.9287592
3485,57.97583,-16.7813,10.49692,-2.52592
3486,57.99255,-16.7813,10.49692,-2.52592
3487,58.00916,-22.08695,4.979777,-2.536919
3488,58.02588,-23.2722,15.05603,-3.802077
3489,58.04248,-18.78127,3.067656,-2.157814
3490,58.0592,-23.3814,10.12356,-3.463848
3491,58.07581,-23.85022,1.451041,-2.648575
3492,58.09241,-23.85022,1.451041,-2.648575
3493,58.10962,-33.93003,0.3446831,-3.86277
3494,58.12585,-33.67375,3.634223,-4.070941
3495,58.14246,-36.60685,0.4720313,-0.6379244
3496,58.15906,-42.49577,-0.2468237,-3.47352
3497,58.1759,-35.51001,-0.1952627,-3.222603
3498,58.1925,-35.51001,-0.1952627,-3.222603
3499,58.20911,-22.61994,-0.6268585,1.764646
3500,58.22583,-12.07978,-0.2384045,0.1573964
3501,58.24243,-14.03785,-0.5203836,2.129981
3502,58.25903,-10.18561,-0.3694382,1.483316
3503,58.27588,-11.84875,-0.2703522,0.4308365
3504,58.29248,-11.84875,-0.2703522,0.4308365
3505,58.3092,-20.62752,0.08920871,1.990886
3506,58.32568,-14.15365,1.022628,-2.325625
3507,58.34241,-13.22433,-0.03970339,-1.761619
3508,58.35938,-11.91403,3.550263,-2.337972
3509,58.37585,-12.49924,-0.02446881,-1.673688
3510,58.39246,-12.49924,-0.02446881,-1.673688
3511,58.40918,-22.99772,-0.2444569,-1.851872
3512,58.42578,-16.58216,-0.5911516,2.119031
3513,58.4425,-13.23307,-0.004904723,-2.278244
3514,58.45923,-1.906847,-0.03394215,-0.04857458
3515,58.47583,-9.663912,-1.019707,6.974797
3516,58.49243,-9.663912,-1.019707,6.974797
3517,58.50903,-30.33976,0.6676919,4.675156
3518,58.52576,-43.99213,12.10448,-4.067226
3519,58.54248,-48.212,-0.8300958,-1.739437
3520,58.55908,-49.74766,-1.010993,-1.161308
3521,58.57568,-45.17275,0.84184,-0.493205
3522,58.59241,-45.17275,0.84184,-0.493205
