sample,t,vx,vy,vz
0,0.0,0.0,0.0,0.0
1,0.01678467,0.0,0.0,0.0
2,0.03411865,0.0,0.0,0.0
3,0.05029297,0.0,0.0,0.0
4,0.06671143,0.0,0.0,0.0
5,0.08343506,0.0,0.0,0.0
6,0.1001587,0.0,0.0,0.0
7,0.1171265,0.0,0.0,0.0
8,0.1334229,0.0,0.0,0.0
9,0.1502686,0.0,0.0,0.0
10,0.166687,0.0,0.0,0.0
11,0.1834106,0.0,0.0,0.0
12,0.2000732,0.0,0.0,0.0
13,0.2167969,0.0,0.0,0.0
14,0.2333374,0.0,0.0,0.0
15,0.2502441,0.0,0.0,0.0
16,0.2667236,0.0,0.0,0.0
17,0.2834473,0.0,0.0,0.0
18,0.3001709,0.0,0.0,0.0
19,0.3167725,0.0,0.0,0.0
20,0.3334351,0.0,0.0,0.0
21,0.3500977,0.0,0.0,0.0
22,0.3667603,0.0,0.0,0.0
23,0.3834229,0.0,0.0,0.0
24,0.4000244,0.0,0.0,0.0
25,0.4169922,0.0,0.0,0.0
26,0.4335327,0.0,0.0,0.0
27,0.4500122,0.0,0.0,0.0
28,0.4667358,0.0,0.0,0.0
29,0.4835205,0.0,0.0,0.0
30,0.500061,0.0,0.0,0.0
31,0.5167236,0.0,0.0,0.0
32,0.5333252,0.0,0.0,0.0
33,0.5500488,0.0,0.0,0.0
34,0.5671387,0.0,0.0,0.0
35,0.583313,0.0,0.0,0.0
36,0.6000366,0.0,0.0,0.0
37,0.6166382,0.0,0.0,0.0
38,0.6334229,0.0,0.0,0.0
39,0.6500244,0.0,0.0,0.0
40,0.666626,0.0,0.0,0.0
41,0.6833496,0.0,0.0,0.0
42,0.7001343,0.0,0.0,0.0
43,0.7165527,0.0,0.0,0.0
44,0.7333374,0.0,0.0,0.0
45,0.7501221,0.0,0.0,0.0
46,0.7667236,0.0,0.0,0.0
47,0.7833862,0.0,0.0,0.0
48,0.7999878,0.0,0.0,0.0
49,0.8165894,0.0,0.0,0.0
50,0.8334351,0.0,0.0,0.0
51,0.8500366,0.0,0.0,0.0
52,0.8665161,0.0,0.0,0.0
53,0.8834229,0.0,0.0,0.0
54,0.9002686,0.0,0.0,0.0
55,0.916626,0.0,0.0,0.0
56,0.9332886,0.0,0.0,0.0
57,0.9504395,0.0,0.0,0.0
58,0.9666748,0.0,0.0,0.0
59,0.9832764,0.0,0.0,0.0
60,0.999939,0.0,0.0,0.0
61,1.016663,0.0,0.0,0.0
62,1.033325,0.0,0.0,0.0
63,1.049988,0.0,0.0,0.0
64,1.066711,0.0,0.0,0.0
65,1.083374,0.0,0.0,0.0
66,1.100342,0.0,0.0,0.0
67,1.116577,0.0,0.0,0.0
68,1.133362,0.0,0.0,0.0
69,1.149963,0.0,0.0,0.0
70,1.166626,0.0,0.0,0.0
71,1.183228,0.0,0.0,0.0
72,1.199951,0.0,0.0,0.0
73,1.216675,0.0,0.0,0.0
74,1.233276,0.0,0.0,0.0
75,1.249878,0.0,0.0,0.0
76,1.266663,0.0,0.0,0.0
77,1.283386,0.0,0.0,0.0
78,1.299988,0.0,0.0,0.0
79,1.316589,0.0,0.0,0.0
80,1.33374,0.0,0.0,0.0
81,1.349915,0.0,0.0,0.0
82,1.366821,0.0,0.0,0.0
83,1.383179,0.0,0.0,0.0
84,1.400085,0.0,0.0,0.0
85,1.416565,0.0,0.0,0.0
86,1.433228,0.0,0.0,0.0
87,1.449951,0.0,0.0,0.0
88,1.466553,0.0,0.0,0.0
89,1.483154,0.0,0.0,0.0
90,1.499939,0.0,0.0,0.0
91,1.516602,0.0,0.0,0.0
92,1.533264,0.0,0.0,0.0
93,1.549866,0.0,0.0,0.0
94,1.566589,0.0,0.0,0.0
95,1.583252,0.0,0.0,0.0
96,1.599915,0.0,0.0,0.0
97,1.616638,0.0,0.0,0.0
98,1.633301,0.0,0.0,0.0
99,1.649902,0.0,0.0,0.0
100,1.666565,0.0,0.0,0.0
101,1.68335,0.0,0.0,0.0
102,1.700012,0.0,0.0,0.0
103,1.717041,0.0,0.0,0.0
104,1.733276,0.0,0.0,0.0
105,1.749878,0.0,0.0,0.0
106,1.766602,0.0,0.0,0.0
107,1.783142,0.0,0.0,0.0
108,1.799866,0.0,0.0,0.0
109,1.816467,0.0,0.0,0.0
110,1.833252,0.0,0.0,0.0
111,1.849854,0.0,0.0,0.0
112,1.867004,0.0,0.0,0.0
113,1.883057,0.0,0.0,0.0
114,1.899841,0.0,0.0,0.0
115,1.916565,0.0,0.0,0.0
116,1.933167,0.0,0.0,0.0
117,1.949829,0.0,0.0,0.0
118,1.966492,0.0,0.0,0.0
119,1.983093,0.0,0.0,0.0
120,1.999878,0.0,0.0,0.0
121,2.016663,0.0,0.0,0.0
122,2.033142,0.0,0.0,0.0
123,2.049866,0.0,0.0,0.0
124,2.066528,0.0,0.0,0.0
125,2.08313,0.0,0.0,0.0
126,2.099976,0.0,0.0,0.0
127,2.116516,0.0,0.0,0.0
128,2.133118,0.0,0.0,0.0
129,2.149841,0.0,0.0,0.0
130,2.166443,0.0,0.0,0.0
131,2.183167,0.0,0.0,0.0
132,2.199768,0.0,0.0,0.0
133,2.216431,0.0,0.0,0.0
134,2.233154,0.0,0.0,0.0
135,2.250061,0.0,0.0,0.0
136,2.266541,0.0,0.0,0.0
137,2.283142,0.0,0.0,0.0
138,2.299805,0.0,0.0,0.0
139,2.316467,0.0,0.0,0.0
140,2.33313,0.0,0.0,0.0
141,2.350342,0.0,0.0,0.0
142,2.366455,0.0,0.0,0.0
143,2.383179,0.0,0.0,0.0
144,2.39978,0.0,0.0,0.0
145,2.416443,0.0,0.0,0.0
146,2.433105,0.0,0.0,0.0
147,2.449768,0.0,0.0,0.0
148,2.466492,0.0,0.0,0.0
149,2.483154,0.0,0.0,0.0
150,2.499878,0.0,0.0,0.0
151,2.516357,0.0,0.0,0.0
152,2.533142,0.0,0.0,0.0
153,2.549866,0.0,0.0,0.0
154,2.566406,0.0,0.0,0.0
155,2.583069,0.0,0.0,0.0
156,2.599854,0.0,0.0,0.0
157,2.616455,0.0,0.0,0.0
158,2.633362,0.0,0.0,0.0
159,2.649719,0.0,0.0,0.0
160,2.666382,0.0,0.0,0.0
161,2.682983,0.0,0.0,0.0
162,2.699707,0.0,0.0,0.0
163,2.716492,0.0,0.0,0.0
164,2.733032,0.0,0.0,0.0
165,2.749695,0.0,0.0,0.0
166,2.766479,0.0,0.0,0.0
167,2.783325,0.0,0.0,0.0
168,2.799744,0.0,0.0,0.0
169,2.816406,0.0,0.0,0.0
170,2.833069,0.0,0.0,0.0
171,2.849731,0.0,0.0,0.0
172,2.866394,0.0,0.0,0.0
173,2.883057,0.0,0.0,0.0
174,2.899719,0.0,0.0,0.0
175,2.916443,0.0,0.0,0.0
176,2.933105,0.0,0.0,0.0
177,2.949768,0.0,0.0,0.0
178,2.966431,0.0,0.0,0.0
179,2.983032,0.0,0.0,0.0
180,2.999756,0.0,0.0,0.0
181,3.016357,0.0,0.0,0.0
182,3.03302,0.0,0.0,0.0
183,3.049683,0.0,0.0,0.0
184,3.066467,0.0,0.0,0.0
185,3.083008,0.0,0.0,0.0
186,3.09967,0.0,0.0,0.0
187,3.116394,0.0,0.0,0.0
188,3.133057,0.0,0.0,0.0
189,3.149658,0.0,0.0,0.0
190,3.166626,0.0,0.0,0.0
191,3.183044,0.0,0.0,0.0
192,3.199646,0.0,0.0,0.0
193,3.216431,0.0,0.0,0.0
194,3.232971,0.0,0.0,0.0
195,3.249634,0.0,0.0,0.0
196,3.266357,0.0,0.0,0.0
197,3.282959,0.0,0.0,0.0
198,3.299622,0.0,0.0,0.0
199,3.316528,0.0,0.0,0.0
200,3.332947,0.0,0.0,0.0
201,3.349792,0.0,0.0,0.0
202,3.366272,0.0,0.0,0.0
203,3.382874,0.0,0.0,0.0
204,3.399597,0.0,0.0,0.0
205,3.41626,0.0,0.0,0.0
206,3.432983,0.0,0.0,0.0
207,3.449585,0.0,0.0,0.0
208,3.466187,0.0,0.0,0.0
209,3.48291,0.0,0.0,0.0
210,3.499512,0.0,0.0,0.0
211,3.516296,0.0,0.0,0.0
212,3.532898,0.0,0.0,0.0
213,3.5495,0.0,0.0,0.0
214,3.566284,0.0,0.0,0.0
215,3.582886,0.0,0.0,0.0
216,3.59967,0.0,0.0,0.0
217,3.61615,0.0,0.0,0.0
218,3.632813,0.0,0.0,0.0
219,3.649597,0.0,0.0,0.0
220,3.666199,0.0,0.0,0.0
221,3.682861,0.0,0.0,0.0
222,3.700378,0.0,0.0,0.0
223,3.716248,0.0,0.0,0.0
224,3.735779,0.0,0.0,0.0
225,3.749634,0.0,0.0,0.0
226,3.766174,0.0,0.0,0.0
227,3.782837,0.0,0.0,0.0
228,3.799561,0.0,0.0,0.0
229,3.816162,0.0,0.0,0.0
230,3.832886,0.0,0.0,0.0
231,3.849548,0.0,0.0,0.0
232,3.866699,0.0,0.0,0.0
233,3.882874,0.0,0.0,0.0
234,3.899658,0.0,0.0,0.0
235,3.916199,0.0,0.0,0.0
236,3.932861,0.0,0.0,0.0
237,3.949524,0.0,0.0,0.0
238,3.966309,0.0,0.0,0.0
239,3.982849,0.0,0.0,0.0
240,3.999512,0.0,0.0,0.0
241,4.016235,0.0,0.0,0.0
242,4.032959,0.0,0.0,0.0
243,4.049622,0.0,0.0,0.0
244,4.068115,0.0,0.0,0.0
245,4.085205,0.0,0.0,0.0
246,4.099548,0.0,0.0,0.0
247,4.11615,0.0,0.0,0.0
248,4.132935,0.0,0.0,0.0
249,4.149597,0.0,0.0,0.0
250,4.166138,0.0,0.0,0.0
251,4.1828,0.0,0.0,0.0
252,4.199524,0.0,0.0,0.0
253,4.216125,0.0,0.0,0.0
254,4.232788,0.0,0.0,0.0
255,4.249451,0.0,0.0,0.0
256,4.266357,0.0,0.0,0.0
257,4.282837,0.0,0.0,0.0
258,4.299438,0.0,0.0,0.0
259,4.316162,-8.157493,61.93671,70.74232
260,4.332764,7.561324,116.073,190.5179
261,4.349487,7.561324,116.073,190.5179
262,4.366272,3.463403,183.3163,118.9801
263,4.382813,-6.496868,197.4205,75.26482
264,4.399414,-24.5751,163.8065,93.66856
265,4.416138,-22.21206,112.4122,103.4072
266,4.4328,-13.47808,89.7554,104.8737
267,4.449463,-13.47808,89.7554,104.8737
268,4.466492,7.341473,48.98938,107.3688
269,4.482788,2.346627,26.00614,121.4015
270,4.499451,-0.6277847,24.23345,87.50428
271,4.516113,-0.6661184,24.50473,90.00713
272,4.532898,-4.591486,22.34091,73.98181
273,4.549561,-4.591486,22.34091,73.98181
274,4.566162,-0.3834977,15.24483,43.61253
275,4.582764,-0.6172564,16.25846,75.02869
276,4.599487,-0.6881171,24.51845,83.67002
277,4.616455,-0.6183487,38.21742,75.18682
278,4.632813,-0.7009615,60.08265,85.23195
279,4.649414,-0.7009615,60.08265,85.23195
280,4.666138,5.362692,74.64172,90.86707
281,4.682861,-0.6965819,76.27525,101.5446
282,4.699341,-0.934472,79.99132,119.6814
283,4.716125,-0.96649,63.37606,123.7041
284,4.732788,-1.091644,65.60698,139.7225
285,4.74939,-1.091644,65.60698,139.7225
286,4.766113,-1.039729,94.13615,133.0778
287,4.782776,-1.042875,110.8398,133.4806
288,4.799438,-1.003683,135.3885,128.4643
289,4.81604,-0.9674513,147.8517,123.8268
290,4.832886,-1.067834,141.5296,136.6752
291,4.849487,-1.067834,141.5296,136.6752
292,4.86615,-1.184422,116.1999,151.5975
293,4.88269,-1.208864,112.996,154.726
294,4.899414,-1.102071,130.4449,165.4619
295,4.916138,1.011733,144.1031,166.0382
296,4.9328,-0.1982228,145.2152,164.2336
297,4.949341,-0.1982228,145.2152,164.2336
298,4.966064,-0.8855348,136.3883,146.6408
299,4.982727,0.02588334,118.8172,141.847
300,4.999695,-0.9003087,123.4432,157.04
301,5.016113,10.93671,120.993,147.6123
302,5.032776,1.586163,177.8557,192.4197
303,5.049377,1.586163,177.8557,192.4197
304,5.066101,-0.69331,182.5497,155.1273
305,5.082886,-0.5634649,162.7919,124.5799
306,5.099365,-0.5370224,158.0457,118.7258
307,5.116089,-0.5605723,171.2528,123.9322
308,5.132935,-0.5367274,162.8465,118.6605
309,5.149414,-0.5367274,162.8465,118.6605
310,5.166077,-0.6097155,205.1519,121.7136
311,5.182739,-0.5393959,210.6859,109.3015
312,5.199463,-0.5251793,208.4914,106.4316
313,5.216431,-0.523558,199.3755,106.1031
314,5.232849,-0.4922822,178.8624,99.76483
315,5.249634,-0.4922822,178.8624,99.76483
316,5.266235,-0.5301034,193.9725,107.4296
317,5.282776,-0.480071,173.0486,97.29012
318,5.2995,-0.4733034,165.2363,95.91862
319,5.316162,-0.3646329,154.9577,73.8957
320,5.332764,-20.44594,160.249,87.74303
321,5.349548,-20.44594,160.249,87.74303
322,5.366211,-0.4237057,149.6798,73.47271
323,5.382996,-0.3535588,133.6291,61.41428
324,5.399475,-0.3583597,158.6164,62.24928
325,5.416138,-0.3291784,161.4979,57.18032
326,5.432739,-8.256053,175.6889,52.05661
327,5.449585,-8.256053,175.6889,52.05661
328,5.466125,-6.634197,169.0149,46.2555
329,5.482788,-0.4169201,173.264,44.34495
330,5.499512,-0.4828611,164.5724,37.14151
331,5.516052,-0.2890522,159.345,31.74625
332,5.533325,-13.39456,149.961,25.80932
333,5.549438,-13.39456,149.961,25.80932
334,5.56604,-8.706578,137.0431,14.22935
335,5.582703,-7.452451,143.5127,13.81435
336,5.599365,-12.87661,152.4314,8.471183
337,5.616028,-8.600116,148.0737,3.769481
338,5.63269,-1.552137,148.5073,-7.905255
339,5.649353,-1.552137,148.5073,-7.905255
340,5.666016,0.4159699,112.9798,-31.7601
341,5.682861,0.5619503,72.88302,-36.96926
342,5.699402,0.006983682,25.85437,-29.71162
343,5.716003,0.2129573,11.06974,-13.75564
344,5.732666,0.0634113,25.28413,-4.058408
345,5.749268,0.0634113,25.28413,-4.058408
346,5.765991,3.389222,50.76569,-15.99367
347,5.782715,2.005533,37.97689,-25.60234
348,5.799255,0.9525229,27.48232,-33.92324
349,5.816101,0.389903,21.4227,-27.681
350,5.832642,0.2343091,-21.25118,-16.7566
351,5.849243,0.2343091,-21.25118,-16.7566
352,5.865967,0.025757,-0.1957304,-0.02501873
353,5.882507,0.05340714,3.01071,-3.920025
354,5.899292,-1.379806,13.84484,-18.14534
355,5.916382,-8.384629,16.90604,-22.42753
356,5.932556,-16.76571,21.39444,-28.73469
357,5.94928,-16.76571,21.39444,-28.73469
358,5.965942,-20.39078,50.52983,-25.01176
359,5.982666,-23.43348,80.20557,-21.59051
360,5.999268,-12.91408,108.532,-33.39351
361,6.01593,-4.928133,104.9258,-37.0926
362,6.032593,-9.939971,83.9463,-34.70125
363,6.049316,-9.939971,83.9463,-34.70125
364,6.065979,-13.89212,64.08692,-20.36527
365,6.082581,-26.56223,73.86122,-17.446
366,6.099304,-16.8321,84.97746,-29.70529
367,6.115845,-19.94342,107.6124,-40.83583
368,6.132507,-11.64449,116.2319,-55.74787
369,6.149231,-11.64449,116.2319,-55.74787
370,6.165771,1.492659,90.80885,-46.3407
371,6.182617,1.101142,57.26479,-32.66201
372,6.199158,0.77503,29.19962,-22.97692
373,6.215881,3.500416,17.40455,-17.05047
374,6.232544,2.36072,18.83325,-6.978037
375,6.249207,2.36072,18.83325,-6.978037
376,6.265808,5.807038,16.80204,-2.158074
377,6.282532,1.502567,7.617814,-11.57689
378,6.299438,0.03600394,0.8246937,-0.7351248
379,6.315857,0.0002987441,0.006839914,-0.006100784
380,6.332581,-0.416195,-8.224871,13.31345
381,6.349182,-0.416195,-8.224871,13.31345
382,6.365906,-0.5757259,-11.52344,18.41657
383,6.382629,-0.7274123,-15.2312,23.26879
384,6.399231,3.664371,-24.98971,39.21739
385,6.415894,12.97676,-29.53976,45.9542
386,6.432495,17.13793,-38.83421,49.13253
387,6.449097,17.13793,-38.83421,49.13253
388,6.46582,19.43067,-85.87057,65.27285
389,6.482544,17.01216,-79.36176,55.91339
390,6.499207,51.20917,-65.32209,47.92455
391,6.515747,50.8876,-97.54746,65.57607
392,6.532471,15.45542,-94.71223,68.44376
393,6.549133,15.45542,-94.71223,68.44376
394,6.565918,-0.6785209,-103.1619,60.07701
395,6.582581,-0.7918067,-119.3896,68.76024
396,6.599182,-22.14335,-145.137,84.48827
397,6.615784,-3.556325,-124.7028,79.22131
398,6.632629,-10.27052,-113.2534,83.25842
399,6.649231,-10.27052,-113.2534,83.25842
400,6.665833,-17.63551,-87.94981,71.29315
401,6.682495,-8.490102,-89.58589,76.42254
402,6.699158,-13.12786,-76.8606,78.65372
403,6.715881,-13.22742,-84.39799,84.34797
404,6.732544,-1.440083,-73.17502,76.73684
405,6.749329,-1.440083,-73.17502,76.73684
406,6.765808,-1.681964,-43.11545,57.11007
407,6.782593,-0.7602195,-35.07194,40.93105
408,6.799194,-0.6961189,-40.81754,37.61482
409,6.815918,1.767702,-35.59008,38.6061
410,6.832581,-0.7104666,-37.97662,39.86245
411,6.849121,-0.7104666,-37.97662,39.86245
412,6.865784,5.631058,-52.38845,45.36708
413,6.882507,1.605132,-52.56317,50.97857
414,6.89917,22.27445,-63.33934,52.14656
415,6.915771,12.91133,-68.18932,54.73046
416,6.932556,-0.6421189,-64.05671,50.155
417,6.949219,-0.6421189,-64.05671,50.155
418,6.96582,-0.04539037,-63.87552,47.62719
419,6.983093,2.700234,-71.67024,52.20845
420,6.999146,4.335227,-72.45573,51.54284
421,7.015747,3.270763,-80.54492,55.70533
422,7.032532,0.5935962,-89.71939,59.97832
423,7.049133,0.5935962,-89.71939,59.97832
424,7.065796,-0.6914167,-91.62298,57.98929
425,7.08252,0.09526808,-93.13892,57.16369
426,7.099121,14.23536,-105.5863,62.95392
427,7.115723,14.93669,-111.6706,64.24465
428,7.132446,20.50507,-113.8136,62.98748
429,7.149048,20.50507,-113.8136,62.98748
430,7.165833,17.02357,-101.8376,52.0299
431,7.182556,25.52846,-116.5766,57.1
432,7.199036,30.38123,-113.1675,53.36315
433,7.215759,1.525152,-93.89776,42.65556
434,7.232422,13.01833,-91.62908,40.33279
435,7.249023,13.01833,-91.62908,40.33279
436,7.265808,-15.0977,-87.66414,36.02346
437,7.28241,-18.43849,-95.40659,37.91916
438,7.299255,-2.742842,-93.32265,35.74068
439,7.315735,-2.098112,-98.23564,31.96521
440,7.332458,-0.09503455,-85.95107,28.80744
441,7.349121,-0.09503455,-85.95107,28.80744
442,7.365723,-0.06293515,-93.70128,21.86387
443,7.382446,-1.098829,-86.46387,18.33658
444,7.399048,-20.19988,-87.59509,18.53327
445,7.41571,-20.3728,-88.58804,18.49055
446,7.432434,-7.734098,-99.2203,10.76778
447,7.449158,-7.734098,-99.2203,10.76778
448,7.465759,-0.482373,-82.5667,7.752257
449,7.482422,-0.0471294,-79.57543,6.115776
450,7.499023,-0.0438822,-82.67257,5.927135
451,7.516235,-0.04416201,-66.55224,5.96645
452,7.53241,-0.02991216,-58.15829,4.041247
453,7.549072,-0.02991216,-58.15829,4.041247
454,7.565796,1.465628,-37.6815,1.372755
455,7.582458,1.020301,-31.563,2.845488
456,7.59906,-0.0009366187,-16.61045,1.166224
457,7.615723,-0.01604015,-21.85439,2.60496
458,7.632507,-0.006041385,-8.530989,0.979482
459,7.649048,-0.006041385,-8.530989,0.979482
460,7.66571,-0.01260732,-17.81449,2.043968
461,7.682373,-0.01889031,-23.20383,3.062601
462,7.699036,3.705677,-20.40101,2.323012
463,7.715698,20.5527,-15.30185,0.5364619
464,7.732361,8.263494,-31.36087,1.617166
465,7.749084,8.263494,-31.36087,1.617166
466,7.765747,3.87598,-17.09961,-0.789526
467,7.782349,24.92447,-19.37724,2.599239
468,7.799011,0.2821616,-13.92225,1.23593
469,7.815735,0.004311055,-15.60906,-1.490358
470,7.832397,-0.0005326228,-12.03544,0.2640902
471,7.84906,-0.0005326228,-12.03544,0.2640902
472,7.865723,-2.708285,-0.05567717,0.000835927
473,7.882385,-0.02825636,-7.630507,-1.082407
474,7.899109,-0.0002039558,-0.1504403,-0.02134149
475,7.915649,-8.932517e-07,-0.0006588734,-9.346787e-05
476,7.932373,-1.020055e-08,-7.523945e-06,-1.067421e-06
477,7.948975,-1.020055e-08,-7.523945e-06,-1.067421e-06
478,7.965698,0.3836364,0.0,0.0006310039
479,7.982422,0.4056552,0.0,0.0005004152
480,7.998962,0.001776621,0.0,2.191635e-06
481,8.015747,7.780947e-06,0.0,9.598555e-09
482,8.032288,-13.44805,-9.230521,-1.335456
483,8.049133,-13.44805,-9.230521,-1.335456
484,8.065735,0.0009820975,-5.252822,-0.7539328
485,8.082397,0.001246248,-5.255139,-0.7586363
486,8.098938,15.04119,-14.96842,-1.432748
487,8.115601,3.892505,-10.39664,2.093364
488,8.132324,21.70392,-11.53483,1.644929
489,8.148987,21.70392,-11.53483,1.644929
490,8.16571,17.75905,-14.79669,1.89069
491,8.182373,11.51502,-12.33077,-0.3935345
492,8.198975,11.89978,-20.13227,0.843902
493,8.215637,16.2151,-17.58596,2.424877
494,8.2323,18.68317,-24.06769,-0.4739565
495,8.248962,18.68317,-24.06769,-0.4739565
496,8.265686,33.90253,-5.917461,-0.5138968
497,8.282288,51.91365,-4.735261,-1.396507
498,8.29895,58.30181,-1.64393,-1.217598
499,8.315674,57.44984,-0.8049627,-1.332271
500,8.332275,92.06745,-0.3474294,-2.478572
501,8.348938,92.06745,-0.3474294,-2.478572
502,8.365662,69.53678,-4.044899,-3.164068
503,8.382385,52.80047,-10.01627,-3.739028
504,8.398926,81.34217,-9.969429,-5.360168
505,8.415588,61.18009,-6.318634,-4.123773
506,8.432312,53.20377,-8.514029,-4.307146
507,8.449036,53.20377,-8.514029,-4.307146
508,8.465637,32.58134,-9.788183,-3.643643
509,8.4823,43.6111,-11.24685,-4.189976
510,8.498962,31.02421,-16.80446,-4.208674
511,8.515625,39.41458,-22.60889,-2.700304
512,8.532288,24.18851,-30.02836,-0.7281072
513,8.54895,24.18851,-30.02836,-0.7281072
514,8.565552,33.38809,-32.88526,-0.9011031
515,8.582458,14.30462,-20.26474,-0.787879
516,8.598816,31.56356,-38.03175,-3.518113
517,8.61554,32.56745,-45.45303,-6.40519
518,8.632385,38.24302,-37.11411,-8.098278
519,8.648926,38.24302,-37.11411,-8.098278
520,8.665649,40.9679,-55.60592,-7.460889
521,8.682251,34.72161,-42.27625,-5.867474
522,8.698853,52.60924,-49.25033,-9.042114
523,8.715515,35.90174,-37.29705,-4.331138
524,8.732239,11.02657,-42.58046,-1.411819
525,8.748901,11.02657,-42.58046,-1.411819
526,8.765625,1.494262,-48.67239,-0.02976283
527,8.782227,-25.23056,-48.52017,1.984795
528,8.79895,-13.6788,-38.24406,-0.9289628
529,8.815491,-10.91285,-32.2105,-0.2819998
530,8.832336,-11.61235,-40.45691,-0.862165
531,8.848938,-11.61235,-40.45691,-0.862165
532,8.86554,-29.89205,-35.08802,2.242108
533,8.882202,-23.98403,-32.98826,-0.751279
534,8.898865,-27.48435,-23.7565,0.3783768
535,8.915588,-22.34979,-23.68515,1.530419
536,8.932129,-32.61321,-36.18615,-1.168818
537,8.948853,-32.61321,-36.18615,-1.168818
538,8.966309,-48.04419,-53.38124,-6.386299
539,8.982117,-44.10714,-55.15776,-9.817236
540,8.998962,-50.85387,-67.72449,-12.82141
541,9.015686,-42.60907,-64.95887,-11.38837
542,9.032104,-17.46746,-104.1824,-18.40575
543,9.048889,-17.46746,-104.1824,-18.40575
544,9.065552,-2.020523,-120.1292,-29.0126
545,9.082153,-2.490141,-113.665,-35.7753
546,9.098877,-2.709899,-113.3361,-38.9327
547,9.115906,-2.533064,-108.2064,-36.39214
548,9.132141,0.1290186,-116.5313,-36.01392
549,9.148926,0.1290186,-116.5313,-36.01392
550,9.165527,27.09221,-99.5929,-32.25827
551,9.18219,6.809353,-89.23328,-36.16596
552,9.198853,31.26924,-86.36549,-39.71236
553,9.215515,30.44078,-71.45633,-34.40169
554,9.232178,43.80177,-62.67348,-32.26203
555,9.248962,43.80177,-62.67348,-32.26203
556,9.265503,46.45679,-40.98339,-23.37157
557,9.282166,50.73672,-33.04718,-20.21475
558,9.29895,50.90844,-34.63915,-17.26563
559,9.315491,52.74871,-42.49778,-25.98062
560,9.332092,53.81101,-39.32002,-25.01848
561,9.348999,53.81101,-39.32002,-25.01848
562,9.36554,61.15587,-46.88864,-24.64731
563,9.382202,72.11167,-35.01569,-20.51503
564,9.398865,60.18213,-36.07699,-16.58611
565,9.415588,57.53166,-29.80421,-13.31358
566,9.432129,68.5901,-20.9463,-12.92596
567,9.448853,68.5901,-20.9463,-12.92596
568,9.465515,15.32164,4.135025,5.337779
569,9.482056,6.344971,3.147084,0.8813196
570,9.499084,2.430287,14.09539,7.083446
571,9.515503,1.372623,19.56894,10.02229
572,9.532104,2.105524,30.71633,15.56243
573,9.548889,2.105524,30.71633,15.56243
574,9.565491,-0.6919239,43.22847,21.70402
575,9.582153,4.289042,66.59333,31.96585
576,9.598755,4.550249,65.19127,33.74135
577,9.61554,4.092978,52.30459,36.0074
578,9.632141,4.925653,50.44687,36.6843
579,9.648804,4.925653,50.44687,36.6843
580,9.665527,3.890424,33.431,29.02818
581,9.682129,4.20348,25.93732,31.36403
582,9.698792,3.833448,11.47064,28.60306
583,9.715515,3.700614,8.382586,27.61192
584,9.732178,3.226896,2.817302,24.0773
585,9.74884,3.226896,2.817302,24.0773
586,9.765381,3.053792,-5.033022,22.78569
587,9.781982,2.61526,2.533618,19.51361
588,9.798767,2.849885,11.46267,21.26426
589,9.815369,2.431546,20.72378,18.14285
590,9.832092,2.312441,31.95204,17.25414
591,9.848755,2.312441,31.95204,17.25414
592,9.865479,1.347203,31.08299,10.05208
593,9.882324,1.287947,38.59376,9.609946
594,9.898804,1.277988,37.47403,9.535637
595,9.915466,1.433818,52.8638,10.69835
596,9.932068,1.528988,67.65507,11.40846
597,9.948669,1.528988,67.65507,11.40846
598,9.965332,-12.31385,88.49884,8.941426
599,9.982056,-25.70392,74.81239,7.251956
600,9.998718,-0.5860664,66.2468,-2.113767
601,10.01538,-19.37369,54.09742,-3.610646
602,10.03229,-15.85069,43.72591,-3.206707
603,10.04871,-15.85069,43.72591,-3.206707
604,10.06549,-2.73528,11.62352,-13.15758
605,10.08209,-3.117065,-5.073673,-23.65582
606,10.09869,-4.014567,-11.02671,-30.52604
607,10.1156,-6.5391,8.318481,-49.72259
608,10.13208,-16.02152,13.57806,-65.6713
609,10.14874,-16.02152,13.57806,-65.6713
610,10.16547,-32.64166,-7.228574,-94.43903
611,10.18201,-20.43516,-20.15557,-100.858
612,10.19879,-23.59019,-34.78943,-94.85963
613,10.21539,-31.73734,-35.78347,-100.1175
614,10.23206,-20.98477,-46.13469,-112.5724
615,10.24872,-20.98477,-46.13469,-112.5724
616,10.26587,-13.82909,-39.35655,-109.9478
617,10.28204,1.858854,-30.30966,-96.7979
618,10.29871,11.25877,-30.94789,-100.4647
619,10.31543,1.575023,-32.31859,-96.29586
620,10.33197,0.3640751,-38.1696,-99.9287
621,10.34869,0.3640751,-38.1696,-99.9287
622,10.36548,-13.65191,-25.3201,-109.7117
623,10.38208,-14.69965,-25.15815,-115.834
624,10.39874,-15.31702,-20.2432,-113.6634
625,10.41541,-16.19129,-27.84909,-109.1693
626,10.43207,-16.66092,-28.61497,-96.56773
627,10.44867,-16.66092,-28.61497,-96.56773
628,10.46527,-13.63805,-24.59688,-94.93334
629,10.48199,-14.36092,-27.4943,-105.3502
630,10.49866,-21.64706,-46.03616,-105.3498
631,10.51532,-30.46316,-55.1493,-110.4815
632,10.53204,-15.38581,-74.54687,-111.458
633,10.54871,-15.38581,-74.54687,-111.458
634,10.56543,-10.7171,-61.99284,-87.59901
635,10.58203,-11.46335,-71.63374,-93.71635
636,10.59863,-11.63261,-74.58883,-95.10017
637,10.6153,-12.23817,-79.35214,-100.0509
638,10.63202,-11.67591,-82.98737,-95.45418
639,10.64917,-11.67591,-82.98737,-95.45418
640,10.66528,-11.34204,-90.23322,-110.2571
641,10.68201,-10.31716,-76.87511,-100.9977
642,10.69867,-9.091495,-89.43315,-117.6559
643,10.71539,-15.38404,-102.4064,-140.3582
644,10.73206,3.175678,-87.81684,-128.1135
645,10.74878,3.175678,-87.81684,-128.1135
646,10.76538,2.160787,-69.78661,-89.25605
647,10.78198,-3.958853,-77.67301,-101.1751
648,10.79889,0.09469675,-60.60415,-101.4927
649,10.81531,5.421559,-64.4084,-99.81062
650,10.83197,9.21432,-61.85874,-113.6114
651,10.84863,9.21432,-61.85874,-113.6114
652,10.8653,6.88734,-60.2943,-99.51447
653,10.88196,-2.882666,-65.25149,-87.92413
654,10.89868,2.054435,-56.99795,-76.53786
655,10.91528,1.784947,-55.41387,-89.05555
656,10.93201,0.04331312,-66.17901,-89.69109
657,10.94867,0.04331312,-66.17901,-89.69109
658,10.96533,2.244647,-68.50758,-79.12247
659,10.98193,12.35852,-65.53864,-68.47522
660,10.99866,14.81187,-58.6871,-67.45377
661,11.01526,16.59368,-51.6357,-58.56899
662,11.03192,9.825681,-48.25298,-57.61933
663,11.04858,9.825681,-48.25298,-57.61933
664,11.06531,4.535978,-61.10883,-54.82544
665,11.08197,9.653996,-77.50867,-74.60921
666,11.09857,2.502631,-78.03169,-77.73364
667,11.1153,3.917098,-81.7542,-88.89645
668,11.13196,2.51193,-77.06098,-91.65314
669,11.1485,2.51193,-77.06098,-91.65314
670,11.16528,-7.735155,-67.24759,-55.96001
671,11.18219,-6.987317,-56.41392,-61.16118
672,11.19855,2.852069,-49.11774,-56.57819
673,11.21527,-6.853099,-27.11122,-60.89606
674,11.23199,-4.024793,-35.03709,-71.10368
675,11.24854,-4.024793,-35.03709,-71.10368
676,11.2674,-10.07386,-45.16889,-58.74832
677,11.28204,-9.006411,-35.95065,-52.52262
678,11.29865,-8.934842,-24.59369,-53.25512
679,11.31525,1.393443,-18.51268,-54.5695
680,11.33203,-1.65168,-26.21579,-54.04338
681,11.34857,-1.65168,-26.21579,-54.04338
682,11.36542,-9.346915,-22.72167,-53.9852
683,11.38184,-7.482498,-17.80459,-49.41793
684,11.39856,-2.776409,-23.45312,-48.43412
685,11.41644,10.35036,-19.70275,-44.27876
686,11.43195,8.568274,-15.42348,-41.71546
687,11.44849,8.568274,-15.42348,-41.71546
688,11.46515,16.76763,-4.064587,-38.83345
689,11.48181,17.57199,-10.72864,-34.66605
690,11.49854,18.32945,-8.817392,-42.44893
691,11.5152,22.59672,-13.50418,-42.34725
692,11.53186,22.18678,-5.198902,-46.11679
693,11.54852,22.18678,-5.198902,-46.11679
694,11.56519,36.65235,-5.807323,-35.53562
695,11.58185,39.33879,-2.844076,-44.0286
696,11.59857,32.27843,-2.36629,-38.40295
697,11.6153,31.90502,-11.49477,-40.90673
698,11.6319,35.12863,-5.791919,-42.23521
699,11.6485,35.12863,-5.791919,-42.23521
700,11.66516,26.67124,-14.40296,-46.46895
701,11.68188,20.67122,-19.34517,-48.83051
702,11.69849,24.22305,-12.13685,-40.03971
703,11.71521,25.05101,-2.525252,-41.67128
704,11.73193,25.71521,-13.62294,-42.97678
705,11.7486,25.71521,-13.62294,-42.97678
706,11.7652,17.99961,-11.82527,-55.7865
707,11.7818,4.728837,-23.60423,-48.76328
708,11.79877,0.1391707,-18.81991,-35.71909
709,11.81519,0.4638469,-21.74386,-36.78156
710,11.83185,-4.175003,-15.0147,-34.9042
711,11.84863,-4.175003,-15.0147,-34.9042
712,11.86542,-9.103079,-24.97621,-34.43711
713,11.88184,-9.838776,-32.30216,-35.76497
714,11.8985,-9.362,-36.62809,-34.07899
715,11.91608,-9.75068,-30.83742,-35.49374
716,11.93182,-8.468201,-23.07621,-30.82535
717,11.94849,-8.468201,-23.07621,-30.82535
718,11.96521,-8.91083,-9.787663,-32.43658
719,11.98181,-8.054642,-2.668661,-29.31994
720,11.99847,-7.923472,-9.099092,-28.84247
721,12.01514,-7.970746,-2.108646,-29.01455
722,12.0318,-6.632466,-8.483264,-24.14304
723,12.0484,-6.632466,-8.483264,-24.14304
724,12.06506,-5.72873,1.24179,-20.85332
725,12.08179,-4.248579,1.026863,-15.46538
726,12.09845,-3.811338,0.9511563,-13.87376
727,12.11517,-3.829763,0.9735092,-13.94083
728,12.1319,-0.9884661,0.2543188,-3.598145
729,12.1485,-0.9884661,0.2543188,-3.598145
730,12.16504,-4.662252,-3.61461,-16.9712
731,12.18213,-4.230737,-15.28452,-15.40043
732,12.19861,-4.052253,-12.71069,-14.75073
733,12.21509,-3.082098,-17.6432,-11.21924
734,12.23187,-2.733914,-5.055991,-9.296552
735,12.24872,-2.733914,-5.055991,-9.296552
736,12.26514,-2.207886,-1.241289,-8.049784
737,12.2818,-1.306487,-0.1094071,-4.763448
738,12.29852,-2.735743,0.6634475,-9.974515
739,12.31512,-0.01854176,-0.6315981,-1.319466
740,12.33197,-0.02725976,0.005868954,-0.1047097
741,12.34839,-0.02725976,0.005868954,-0.1047097
742,12.36511,2.893505,1.740765,22.59457
743,12.3819,6.265339,11.12607,22.89636
744,12.39844,4.502245,15.6935,16.4155
745,12.4151,1.585564,9.458554,5.780965
746,12.43188,0.1591388,0.1397683,0.5802198
747,12.44836,0.1591388,0.1397683,0.5802198
748,12.46509,4.201365e-06,3.689973e-06,1.531817e-05
749,12.48187,-0.2249084,1.616072e-08,0.06158701
750,12.49841,-0.592601,0.07084689,-0.8662053
751,12.5152,-4.150631,0.9647645,-12.70862
752,12.5318,-3.540905,0.9908235,-12.93366
753,12.54846,-3.540905,0.9908235,-12.93366
754,12.56506,-5.141974,1.53894,-18.8387
755,12.58179,-3.019909,0.9273435,-11.06407
756,12.59851,-1.341116,0.7010294,-8.442648
757,12.61505,0.8517103,0.08590523,-1.307508
758,12.63177,7.99685,3.70961,-3.300802
759,12.64838,7.99685,3.70961,-3.300802
760,12.66516,-0.08602628,10.46568,-1.762283
761,12.6817,-0.05483988,0.7710304,-0.2070929
762,12.69843,-0.0002401785,0.00337683,-0.000906991
763,12.71527,0.3632079,-4.741464,1.313661
764,12.73169,1.187918,-0.02858177,-0.3204424
765,12.74835,1.187918,-0.02858177,-0.3204424
766,12.76508,2.841519,-5.482321e-07,-0.790671
767,12.78174,6.595591,-0.01677718,-1.631819
768,12.7984,4.767776,-0.2891079,2.337258
769,12.81512,7.948382,-0.001742756,-2.224771
770,12.83185,12.878,-1.050542e-05,-3.668984
771,12.84839,12.878,-1.050542e-05,-3.668984
772,12.86505,19.905,-2.773496e-10,-5.777549
773,12.88171,21.63848,0.0,-6.348289
774,12.89844,21.90125,0.0,-6.503704
775,12.91504,19.34912,0.0,-5.815166
776,12.93176,20.2872,0.07824165,-7.175416
777,12.94843,20.2872,0.07824165,-7.175416
778,12.96503,29.47703,-6.319355,-15.39636
779,12.98181,27.45485,-13.87083,-10.82881
780,12.99841,19.83761,-5.372006,-22.29043
781,13.01495,24.34664,0.1916023,-19.02911
782,13.03174,26.00173,0.1242726,-16.33245
783,13.04865,26.00173,0.1242726,-16.33245
784,13.065,21.52691,0.7224665,-19.82567
785,13.08167,22.78354,-2.312146,-10.44027
786,13.09857,26.79461,-10.27026,-18.27543
787,13.11505,25.99812,-5.524343,-18.78313
788,13.13184,20.75963,-16.29276,-12.81225
789,13.14844,20.75963,-16.29276,-12.81225
790,13.16504,12.45403,-24.00517,-14.82674
791,13.1817,7.740563,-31.34923,-16.96971
792,13.19861,1.322187,-24.70561,-18.41888
793,13.21503,-0.7752254,-23.30933,-11.65173
794,13.23175,0.191202,-11.90997,-2.025161
795,13.24835,0.191202,-11.90997,-2.025161
796,13.26501,-0.1568282,0.01017872,-0.08675844
797,13.28168,-2.167481,6.135783e-05,0.801276
798,13.29828,-0.02475197,7.006878e-07,0.009150328
799,13.31494,-0.0001084047,4.584294e-09,4.007471e-05
800,13.33167,-0.09386518,-0.9150761,-0.2536296
801,13.34875,-0.09386518,-0.9150761,-0.2536296
802,13.36493,-0.026662,0.008546667,-0.07204319
803,13.38184,-10.41685,3.743126e-05,3.849875
804,13.39844,-6.158099,1.646134e-07,2.270377
805,13.41492,-7.006386,1.879835e-09,2.573313
806,13.4317,-9.951571,0.9372563,-5.195415
807,13.44843,-9.951571,0.9372563,-5.195415
808,13.46497,-4.455522,-4.125213,-9.572227
809,13.48163,-9.880102,-2.244479,-14.43308
810,13.49835,-9.282276,-11.86628,-5.373424
811,13.51508,-0.7037609,0.1699784,-1.737411
812,13.53168,-3.098844,1.103929,-8.533842
813,13.54834,-3.098844,1.103929,-8.533842
814,13.565,-4.176926,-4.208962,-11.50394
815,13.5816,-3.968337,-15.54503,-10.92945
816,13.59845,-2.416373,-6.672346,-6.655087
817,13.61499,-0.893379,0.2921438,-2.460511
818,13.63159,-0.00538533,0.001761057,-0.01483208
819,13.64838,-0.00538533,0.001761057,-0.01483208
820,13.66492,0.001494659,-0.0005634465,0.004116536
821,13.68182,1.097312,-13.05069,3.022176
822,13.69824,-2.270232,-19.62253,-6.252589
823,13.71484,-3.735518,-20.29638,-10.28822
824,13.73157,-4.971084,-24.02531,-13.69117
825,13.74823,-4.971084,-24.02531,-13.69117
826,13.76501,-6.465867,-19.99904,-17.80805
827,13.78186,-7.898654,-22.45021,-20.10864
828,13.79834,-8.236676,-22.54608,-22.70043
829,13.81494,-6.376893,-22.76123,-17.58546
830,13.8316,-11.51503,-21.35633,-3.211892
831,13.84827,-11.51503,-21.35633,-3.211892
832,13.86499,-0.008797294,-0.6842391,0.007580788
833,13.88159,0.0821766,-0.002996716,-0.02966504
834,13.89832,3.122329,-1.438246,8.64257
835,13.91492,8.231911,-3.741725,22.78879
836,13.9317,7.658215,-1.277785,23.01245
837,13.94824,7.658215,-1.277785,23.01245
838,13.96497,1.413525,15.93411,26.71505
839,13.98157,2.420838,15.54543,22.82928
840,13.99823,-0.9147143,8.97336,32.46701
841,14.01489,-0.3852066,5.956742,23.78165
842,14.03149,-1.495748,5.586679,28.37369
843,14.0484,-1.495748,5.586679,28.37369
844,14.06488,9.144011,11.69467,30.00518
845,14.08167,13.28387,10.04229,55.80408
846,14.09875,21.63348,21.18734,65.64597
847,14.11493,18.22551,24.28231,61.85925
848,14.13159,18.98407,27.70684,77.30614
849,14.14819,18.98407,27.70684,77.30614
850,14.16486,15.18219,20.23214,74.61716
851,14.18164,19.67752,5.399946,83.18882
852,14.19818,10.79528,-1.343829,91.10354
853,14.21484,16.30419,-2.591767,103.1345
854,14.23163,2.272884,7.857088,89.67623
855,14.24817,2.272884,7.857088,89.67623
856,14.26477,-13.19767,0.8060665,83.88187
857,14.28162,-8.578664,1.109165,74.12731
858,14.29822,-12.22011,1.44535,82.56625
859,14.31488,-7.511639,1.88303,65.23741
860,14.33148,-3.819171,2.249001,61.93998
861,14.34833,-3.819171,2.249001,61.93998
862,14.36493,-2.038462,3.00964,57.27785
863,14.38153,-4.916128,3.195363,54.53363
864,14.39819,-12.01733,3.523839,56.50098
865,14.41492,0.04831478,3.689264,51.1562
866,14.43146,-10.16308,4.089538,56.13217
867,14.44836,-10.16308,4.089538,56.13217
868,14.46497,-17.14277,16.67976,50.07406
869,14.48157,-13.29747,4.667689,52.01323
870,14.49817,-11.92735,4.451766,41.06321
871,14.51489,-9.086889,4.395286,39.63798
872,14.53149,-1.683712,2.526933,21.36588
873,14.54822,-1.683712,2.526933,21.36588
874,14.56482,-7.339133,3.491022,32.46324
875,14.5816,-1.837205,5.477128,24.97861
876,14.59821,0.7836173,11.85081,34.63403
877,14.61481,-4.184546,19.10215,28.71496
878,14.63153,-9.124331,21.5901,26.44453
879,14.64825,-9.124331,21.5901,26.44453
880,14.66486,-1.811204,7.951504,4.502569
881,14.68158,1.998115,2.030351,7.539494
882,14.69824,5.3939,14.05586,21.53922
883,14.71484,9.857378,29.03888,37.01955
884,14.73145,12.92137,44.98383,48.51626
885,14.74805,12.92137,44.98383,48.51626
886,14.76489,8.797581,67.86995,33.03252
887,14.78149,6.625872,64.12204,24.87834
888,14.79834,5.961891,49.79313,22.38527
889,14.81488,7.237493,31.76208,27.17482
890,14.83154,5.093046,34.14339,19.123
891,14.84814,5.093046,34.14339,19.123
892,14.86487,9.34418,56.77074,35.08485
893,14.88141,9.362123,68.32254,35.15222
894,14.89807,5.578719,66.91742,20.94657
895,14.91553,2.438938,38.28223,9.157546
896,14.93152,3.246669,35.05001,12.19036
897,14.94824,3.246669,35.05001,12.19036
898,14.9649,6.774906,24.18458,25.43793
899,14.98151,9.249901,35.62475,34.73086
900,14.99817,7.289366,38.92402,27.36958
901,15.01471,4.22172,36.65034,15.85141
902,15.03149,1.157154,18.34741,4.344797
903,15.0481,1.157154,18.34741,4.344797
904,15.06476,-3.138782,-3.13742,-12.46122
905,15.08148,-22.01297,-6.931241,-23.81347
906,15.09808,-15.83047,-9.270769,-25.01956
907,15.11481,-23.33056,-13.98673,-39.7179
908,15.13147,-23.35896,-20.23952,-45.14872
909,15.14813,-23.35896,-20.23952,-45.14872
910,15.16479,-24.08394,-43.22097,-69.73723
911,15.18164,-18.51889,-53.34005,-70.25248
912,15.19806,-25.47906,-55.50068,-54.09779
913,15.21472,-29.88098,-31.57701,-53.03765
914,15.23138,-26.4114,-24.15959,-60.59009
915,15.24805,-26.4114,-24.15959,-60.59009
916,15.26471,-33.69405,-27.22749,-84.95533
917,15.28137,-28.66859,-44.49479,-94.85212
918,15.2984,-31.31902,-63.98419,-70.49689
919,15.31482,-22.35384,-56.24348,-61.56622
920,15.33148,-16.94644,-34.33472,-57.55999
921,15.34808,-16.94644,-34.33472,-57.55999
922,15.36481,-27.48863,-14.22289,-67.18472
923,15.38135,-29.87149,-25.94084,-80.02404
924,15.39807,-33.96288,-33.26036,-88.86452
925,15.41479,-32.34489,-61.73677,-74.88396
926,15.4314,-21.95774,-52.17016,-63.61921
927,15.4483,-21.95774,-52.17016,-63.61921
928,15.46466,-17.05475,-22.13155,-65.91912
929,15.48138,-19.49115,-14.63701,-80.13535
930,15.49799,-20.94123,-22.29423,-80.80208
931,15.51471,-14.82677,-19.29621,-61.06145
932,15.53143,-14.07733,-32.54979,-58.00581
933,15.54803,-14.07733,-32.54979,-58.00581
934,15.56476,-16.35214,-15.6722,-67.37954
935,15.58167,-12.87145,-10.89739,-62.85527
936,15.59808,-17.83196,-19.55981,-73.45768
937,15.61462,-16.39337,-14.82721,-67.42967
938,15.63165,-11.62671,-14.26029,-47.82245
939,15.64807,-11.62671,-14.26029,-47.82245
940,15.66479,-11.11601,-11.83633,-45.72183
941,15.6814,-9.595911,-5.166829,-40.35719
942,15.69806,-10.9876,-4.170602,-45.1186
943,15.71478,-8.753027,-11.49327,-35.93819
944,15.73138,-9.605371,-13.89602,-39.43771
945,15.74805,-9.605371,-13.89602,-39.43771
946,15.76471,-0.0478062,-20.73985,-33.02567
947,15.78137,2.941331,-22.13855,-25.74836
948,15.79797,-3.849917,-17.61414,-27.64504
949,15.8147,-0.2046694,-18.27727,-31.28607
950,15.83185,2.484613,-18.17689,-39.11496
951,15.84796,2.484613,-18.17689,-39.11496
952,15.86481,-4.671623,-25.98212,-22.10806
953,15.88141,-1.635321,-30.34906,-23.53653
954,15.89795,-6.716731,-22.08858,-31.57327
955,15.91473,-8.402319,-31.96664,-34.05964
956,15.9314,-7.202855,-31.51822,-29.00164
957,15.948,-7.202855,-31.51822,-29.00164
958,15.96466,-3.784705,-16.6898,-15.012
959,15.98157,-2.010662,-17.84374,-7.956149
960,15.99799,0.02152044,-11.22799,0.08515261
961,16.01471,0.5359968,-12.46583,2.12087
962,16.03131,0.5855588,-15.09571,2.31698
963,16.04797,0.5855588,-15.09571,2.31698
964,16.06451,1.009025,-23.49994,3.992583
965,16.08142,0.9714851,-20.85209,3.494707
966,16.09802,1.818162,-12.90852,7.180295
967,16.11462,4.946116,-4.47355,19.53731
968,16.13135,4.705261,-3.917384,18.58593
969,16.14801,4.705261,-3.917384,18.58593
970,16.16467,1.351123,-10.85904,5.336978
971,16.1814,0.6003556,-14.42694,2.371424
972,16.198,0.6853065,-16.82779,2.706983
973,16.21478,-0.9153584,-17.17292,-3.615695
974,16.23132,-2.694742,-9.002971,-10.64431
975,16.24799,-2.694742,-9.002971,-10.64431
976,16.26465,-4.221919,3.207496,-16.69817
977,16.28143,-4.194293,2.217037,-14.92073
978,16.29797,-2.354538,1.950535,-9.325303
979,16.31464,-0.4343445,0.3622938,-1.72158
980,16.33142,-0.6625443,5.178143,-3.488885
981,16.34808,-0.6625443,5.178143,-3.488885
982,16.36523,-1.90261,1.634814,-7.646648
983,16.38129,-3.21917,2.743779,-12.71691
984,16.39795,-0.7528547,12.94536,-2.973807
985,16.41467,-0.5045875,12.75081,-1.993137
986,16.4314,-0.07233623,1.826912,-0.2857304
987,16.44788,-0.07233623,1.826912,-0.2857304
988,16.4646,-0.0008708611,0.02188215,-0.003439929
989,16.48132,0.09717283,4.867204,-0.8410059
990,16.49792,0.0005857624,0.02933974,-0.005069623
991,16.51495,4.860009e-06,0.0002434287,-4.206213e-05
992,16.53131,-0.2658715,6.635457,-1.048389
993,16.54779,-0.2658715,6.635457,-1.048389
994,16.56464,-0.2583257,6.391018,-1.018634
995,16.58142,0.8590413,17.46186,3.387385
996,16.59796,-1.086019,26.28105,-4.282409
997,16.61456,-1.124295,26.36545,-4.433336
998,16.63116,-1.016961,23.44826,-4.010095
999,16.64789,-1.016961,23.44826,-4.010095
1000,16.66467,4.1916,24.82518,-5.75544
1001,16.68127,9.424092,30.80683,-8.311295
1002,16.69781,0.8397548,45.41589,-1.245639
1003,16.71454,-0.8294749,51.83484,-3.898054
1004,16.73138,1.37044,61.75068,-2.902014
1005,16.74786,1.37044,61.75068,-2.902014
1006,16.76459,1.088599,22.61265,4.241089
1007,16.78143,-0.9076033,16.97136,-3.536129
1008,16.79785,2.971448,13.90294,-3.917158
1009,16.81458,-0.1922678,3.910616,-0.8410808
1010,16.8313,8.76285,17.25505,-6.217011
1011,16.84796,8.76285,17.25505,-6.217011
1012,16.86481,-0.1350757,10.29284,-0.5259418
1013,16.88135,0.2684703,0.8010241,1.042422
1014,16.89832,-0.3522231,6.333166,-1.36763
1015,16.91455,-0.001542608,0.02773694,-0.005989719
1016,16.93115,0.0110867,-0.1969656,0.04304801
1017,16.94788,0.0110867,-0.1969656,0.04304801
1018,16.96454,0.1982922,-0.002961627,-0.05046669
1019,16.98126,0.0008684471,-1.297084e-05,-0.0002210256
1020,16.99786,3.803479e-06,-5.680752e-08,-9.680108e-07
1021,17.01465,2.290828e-08,0.0,-5.909905e-09
1022,17.03131,-2.13861,0.0,0.5507832
1023,17.04816,-2.13861,0.0,0.5507832
1024,17.06458,3.680439,-3.044956,14.31541
1025,17.08112,-0.4700457,-2.999737,14.51653
1026,17.0979,4.094783,-3.241322,16.05283
1027,17.1145,7.321788,-11.70755,28.57576
1028,17.1311,7.969337,-24.91532,31.10257
1029,17.14789,7.969337,-24.91532,31.10257
1030,17.16449,9.546624,-36.5696,37.25837
1031,17.18134,6.431565,-29.02621,25.10098
1032,17.19775,6.839636,-26.37047,26.69359
1033,17.21448,6.593338,-29.99542,25.73234
1034,17.23132,6.133725,-23.35783,23.93858
1035,17.24799,6.133725,-23.35783,23.93858
1036,17.26453,8.541421,-23.28992,33.33528
1037,17.28113,10.22572,-13.94089,39.90875
1038,17.29773,9.630033,-5.875153,37.5839
1039,17.31451,13.25514,-6.702087,51.73189
1040,17.33118,13.35208,-7.17479,52.11022
1041,17.34778,13.35208,-7.17479,52.11022
1042,17.36469,10.68119,-1.4637,41.81266
1043,17.3811,10.58779,8.478899,41.39306
1044,17.39783,10.48642,7.218729,40.99628
1045,17.41467,9.205718,12.29864,36.78463
1046,17.4314,7.081944,28.68604,41.51201
1047,17.44781,7.081944,28.68604,41.51201
1048,17.46472,5.793236,30.28035,30.71941
1049,17.48114,4.992796,32.18906,23.5838
1050,17.4978,6.154481,25.31021,25.41631
1051,17.5144,6.485875,26.04111,25.75882
1052,17.53113,4.051804,28.4936,16.08817
1053,17.54785,4.051804,28.4936,16.08817
1054,17.56464,4.496056,41.81318,21.6378
1055,17.58136,1.905684,33.15766,7.602556
1056,17.59778,-0.3063259,42.12924,-1.218158
1057,17.61444,0.710471,27.08676,2.825913
1058,17.6311,-0.819787,12.97771,-3.260718
1059,17.64777,-0.819787,12.97771,-3.260718
1060,17.66443,-0.6151109,9.533568,-2.446615
1061,17.68109,-0.8521123,13.16339,-3.389292
1062,17.69781,1.124261,8.054975,-2.599574
1063,17.71442,0.9675441,2.642843,-1.34866
1064,17.73126,2.863462,0.7268704,-12.7797
1065,17.74774,2.863462,0.7268704,-12.7797
1066,17.76459,12.85361,0.1774711,-6.271311
1067,17.78113,20.40169,12.39003,-8.760736
1068,17.79785,27.57318,7.264891,-9.294351
1069,17.81458,28.38151,1.890143,-8.120994
1070,17.83112,27.20515,2.929865,1.30558
1071,17.84778,27.20515,2.929865,1.30558
1072,17.8645,24.22282,5.619827e-05,-6.782938
1073,17.88116,14.06177,1.783517,-4.474505
1074,17.89777,16.11437,-0.5697663,5.279868
1075,17.91449,23.69957,-0.4185204,0.3793187
1076,17.93109,34.46309,-0.4024214,-3.088723
1077,17.94775,34.46309,-0.4024214,-3.088723
1078,17.9646,35.93246,-0.3014214,-5.503237
1079,17.98108,31.45898,-0.3574432,-9.557034
1080,17.9978,23.87691,-9.045077,-4.910359
1081,18.0144,15.62562,-6.594901,-3.081032
1082,18.03107,24.36515,-0.1869631,-4.941749
1083,18.04779,24.36515,-0.1869631,-4.941749
1084,18.06439,22.93682,-0.1693338,-4.37499
1085,18.08099,14.34613,-0.223362,-0.5429303
1086,18.09778,6.24563,-0.4058913,5.642193
1087,18.11444,2.055394,-0.1990511,3.127445
1088,18.13104,4.059706,-0.7004783,12.25752
1089,18.14777,4.059706,-0.7004783,12.25752
1090,18.16431,6.849066,-0.461522,20.89747
1091,18.18103,5.050767,0.009700839,18.20346
1092,18.19775,-7.070877,16.17671,18.1044
1093,18.21436,0.8534184,24.72259,10.54707
1094,18.23114,1.919907,19.03075,11.19795
1095,18.24768,1.919907,19.03075,11.19795
1096,18.2644,5.842431,26.84988,17.91738
1097,18.28101,1.092986,27.477,24.30754
1098,18.29773,5.009733,30.20185,30.37395
1099,18.31439,6.974308,33.15353,21.61191
1100,18.33105,5.065951,26.17611,15.52741
1101,18.34784,5.065951,26.17611,15.52741
1102,18.36438,7.407403,38.83607,22.66114
1103,18.38116,8.750112,30.0196,26.78037
1104,18.39764,15.36982,58.49172,47.04055
1105,18.41443,12.32196,59.69923,37.71235
1106,18.43103,13.80752,59.22139,42.25903
1107,18.44769,13.80752,59.22139,42.25903
1108,18.46436,11.26949,50.33212,34.49118
1109,18.48102,7.77453,34.15754,23.79457
1110,18.4978,8.002826,29.24215,24.49329
1111,18.51428,6.973702,41.78938,21.34357
1112,18.53107,7.893325,33.32991,24.15815
1113,18.54761,7.893325,33.32991,24.15815
1114,18.56433,10.13226,41.83966,31.05383
1115,18.58093,10.68363,40.93174,32.74371
1116,18.5976,8.669054,32.58858,26.96442
1117,18.61432,6.418302,28.68711,22.10252
1118,18.63098,2.842221,19.7984,25.52996
1119,18.64764,2.842221,19.7984,25.52996
1120,18.66437,0.8010119,28.33869,35.31145
1121,18.68109,8.237591,29.7782,32.12103
1122,18.69763,8.26486,27.98283,26.65306
1123,18.71442,5.667963,26.00985,17.62101
1124,18.73096,4.548927,23.50875,14.13869
1125,18.74768,4.548927,23.50875,14.13869
1126,18.76477,5.820653,23.03399,18.59592
1127,18.78094,-3.505715,23.8636,20.10945
1128,18.79767,1.886483,27.33761,18.73962
1129,18.81433,3.097982,35.46639,10.99085
1130,18.83105,6.372927,32.44213,20.96697
1131,18.8476,6.372927,32.44213,20.96697
1132,18.86432,3.4753,34.6472,17.42262
1133,18.88092,2.253768,38.69585,24.41031
1134,18.89758,2.590179,35.81895,21.75319
1135,18.91443,-11.24701,36.32338,25.14401
1136,18.93097,-12.26549,30.13858,10.93162
1137,18.94763,-12.26549,30.13858,10.93162
1138,18.96436,-23.71351,13.94814,11.15566
1139,18.9809,-32.44878,5.20718,-7.005315
1140,18.99768,-37.7405,-1.85465,-7.680228
1141,19.01434,-41.658,-4.349966,-16.73044
1142,19.03113,-37.19661,-4.961763,-22.95052
1143,19.04761,-37.19661,-4.961763,-22.95052
1144,19.06433,-33.81437,-3.234305,-13.32037
1145,19.08093,-35.17691,-1.881772,-3.651772
1146,19.09778,-18.07062,-1.146499,-3.28338
1147,19.11432,-20.31253,-0.9936225,-1.634184
1148,19.13086,-8.744916,-1.338944,-7.40957
1149,19.14764,-8.744916,-1.338944,-7.40957
1150,19.16425,-13.78922,-0.1402016,2.724738
1151,19.18115,-4.522523,-1.29148,-6.399533
1152,19.19763,-12.17205,-11.90086,6.382174
1153,19.21429,-3.177323,-3.6133,-1.05973
1154,19.2309,-9.621411,-1.731597,-4.961132
1155,19.24774,-9.621411,-1.731597,-4.961132
1156,19.26422,-13.9804,-0.5517073,1.166829
1157,19.28088,-0.06122904,-0.002416276,0.005110284
1158,19.29767,-0.0002681607,-1.05824e-05,2.238117e-05
1159,19.31427,-0.1346178,-0.07130159,-0.5029458
1160,19.33093,-2.436544,2.857026,-13.04431
1161,19.34778,-2.436544,2.857026,-13.04431
1162,19.3642,-7.141679,-3.55952,-26.6389
1163,19.38092,-5.806764,4.40261,-21.6595
1164,19.39758,-3.396683,-1.529752,-12.66979
1165,19.41425,2.910218,12.35925,-15.37148
1166,19.43097,8.637451,11.27664,-22.20185
1167,19.44751,8.637451,11.27664,-22.20185
1168,19.46411,-1.988545,8.185282,-27.64906
1169,19.48096,-6.277308,-1.269856,-23.23668
1170,19.49762,-10.81516,-2.308144,-20.90933
1171,19.51416,-4.103389,-1.718081,-15.07299
1172,19.53088,-0.5000062,1.531144,-1.846127
1173,19.54755,-0.5000062,1.531144,-1.846127
1174,19.565,0.2116415,8.665214,-4.604733
1175,19.58087,4.012743,11.5816,-21.13525
1176,19.59753,0.6753495,-1.644657,-16.54176
1177,19.61426,-0.2557019,-0.1206677,-1.097636
1178,19.63092,-0.002121532,-0.001001167,-0.009106975
1179,19.64746,-0.002121532,-0.001001167,-0.009106975
1180,19.66425,5.230735,11.79408,19.22613
1181,19.68097,4.595951,8.773517,16.89291
1182,19.69751,2.383796,13.19819,8.761897
1183,19.71417,0.6187268,1.462276,2.274197
1184,19.73083,-3.376072,-1.150168,-12.40911
1185,19.74756,-3.376072,-1.150168,-12.40911
1186,19.76416,-6.260345,-2.693313,-23.01057
1187,19.78094,-6.9279,4.720586,-21.7221
1188,19.79742,-8.154647,0.547788,-27.23246
1189,19.81415,-14.43325,-0.03007966,-33.76693
1190,19.83093,-12.49283,-2.490925,-40.76605
1191,19.84753,-12.49283,-2.490925,-40.76605
1192,19.86426,-17.63632,-4.591017,-51.48797
1193,19.88092,-12.20577,-4.331868,-41.61517
1194,19.89752,-10.91984,-2.915082,-38.06677
1195,19.91418,-7.764104,-2.082767,-28.99624
1196,19.93085,-8.237325,-2.080117,-30.77615
1197,19.94763,-8.237325,-2.080117,-30.77615
1198,19.96417,-9.4321,-8.224636,-35.2401
1199,19.9809,-8.035565,-17.03249,-30.02239
1200,19.99756,-6.589754,-19.7965,-24.62056
1201,20.0141,-5.634674,-25.54601,-21.0522
1202,20.03082,-5.737978,-22.95338,-21.43817
1203,20.04749,-5.737978,-22.95338,-21.43817
1204,20.06409,-6.215031,-12.69971,-23.22053
1205,20.08081,-5.991487,-24.38924,-22.38532
1206,20.09772,-5.866468,-27.27844,-21.91823
1207,20.11407,-6.577347,-23.06457,-24.57421
1208,20.1308,-6.577347,-23.06457,-24.57421
1209,20.14752,-7.498109,-35.84276,-28.01435
1210,20.16406,-9.466419,-31.7916,-35.36832
1211,20.18085,-8.225709,-38.10732,-30.7328
1212,20.19739,-8.980127,-42.6103,-33.55145
1213,20.21411,-6.88555,-39.36408,-25.72571
1214,20.23071,-6.88555,-39.36408,-25.72571
1215,20.24744,-9.829298,-29.56928,-36.72411
1216,20.26416,-8.286412,-27.43099,-30.9596
1217,20.28082,-10.99115,-23.432,-41.06502
1218,20.29742,-15.63384,-38.13843,-32.56485
1219,20.31415,-9.813374,-32.04257,-36.02448
1220,20.33081,-9.078144,-36.07734,-33.97053
1221,20.34741,-9.078144,-36.07734,-33.97053
1222,20.36401,-8.007034,-26.67687,-29.96512
1223,20.3808,-6.672977,-24.5764,-24.97261
1224,20.3974,-6.72458,-22.00707,-25.16573
1225,20.41406,-3.420138,-23.35091,-12.79935
1226,20.43073,-3.420138,-23.35091,-12.79935
1227,20.44739,-2.510031,-19.82146,-9.561876
1228,20.46393,-3.479922,-16.95807,-13.00275
1229,20.48096,-2.443727,-23.14161,-9.584104
1230,20.49738,-4.061588,-23.82636,-15.15196
1231,20.5141,-3.854115,-28.5636,-14.37605
1232,20.53076,-3.854115,-28.5636,-14.37605
1233,20.54755,-1.255212,-25.55192,-4.80753
1234,20.56396,0.7950606,-24.52333,-1.583783
1235,20.58075,0.4849307,-16.04053,-10.13782
1236,20.59747,0.2187294,-13.96754,-1.065472
1237,20.61395,-0.01637155,-16.97818,-1.232035
1238,20.63068,-0.01637155,-16.97818,-1.232035
1239,20.64734,5.026003,-12.47279,2.737929
1240,20.66412,0.372492,-12.64207,-3.120153
1241,20.68085,1.532303,-17.90964,5.580846
1242,20.69751,0.8095274,-9.272464,2.97528
1243,20.71417,3.819541,-2.587392,14.03913
1244,20.73065,3.819541,-2.587392,14.03913
1245,20.7475,7.089945,-3.052383,26.05985
1246,20.76404,8.331703,-3.453612,30.62407
1247,20.78064,9.978104,-3.963726,36.67559
1248,20.7973,8.783385,-5.091865,32.28428
1249,20.81409,9.618014,-9.90282,35.35204
1250,20.83075,9.618014,-9.90282,35.35204
1251,20.84729,16.23511,-4.42903,50.59748
1252,20.86395,14.37474,-4.111611,51.6015
1253,20.8808,10.57437,-2.826663,38.60891
1254,20.89734,11.25862,-2.783248,41.11512
1255,20.914,12.05739,-2.719259,44.03222
1256,20.9306,12.05739,-2.719259,44.03222
1257,20.94727,17.32548,-2.969176,63.27065
1258,20.96393,18.81247,0.7611948,68.70095
1259,20.98065,17.19966,-1.78475,62.81118
1260,20.99738,29.14439,-1.062946,60.70217
1261,21.01398,17.01926,11.52561,61.85076
1262,21.0307,17.01926,11.52561,61.85076
1263,21.04736,25.3931,4.19795,92.58318
1264,21.06403,23.42448,1.932387,85.40562
1265,21.08063,26.99809,3.370317,98.43501
1266,21.09735,23.81034,4.074409,86.81245
1267,21.1142,26.60613,5.826863,97.00591
1268,21.13068,26.60613,5.826863,97.00591
1269,21.14734,23.96753,7.401094,87.38556
1270,21.16443,20.32829,7.369286,75.36461
1271,21.18073,20.04564,10.31356,95.05861
1272,21.19733,7.194073,11.25968,96.65651
1273,21.21411,7.534328,11.83279,91.70703
1274,21.23065,7.534328,11.83279,91.70703
1275,21.24738,-1.823207,12.69184,86.41619
1276,21.26398,-0.8682734,12.52532,80.17139
1277,21.28064,-4.582923,11.54048,70.84443
1278,21.29736,1.187006,12.27231,70.10025
1279,21.31415,-6.923201,11.98984,64.8557
1280,21.33069,-6.923201,11.98984,64.8557
1281,21.34729,-9.738952,21.0886,65.70258
1282,21.36407,-5.866197,20.55848,54.79567
1283,21.38062,-16.43117,25.37798,54.75676
1284,21.39734,-13.19872,25.91853,53.07333
1285,21.41394,-14.90468,29.74544,50.34043
1286,21.43073,-14.90468,29.74544,50.34043
1287,21.44727,-18.78471,27.00093,40.64131
1288,21.46393,-32.888,27.18778,38.94434
1289,21.48065,-25.38824,28.93166,35.53407
1290,21.49738,-24.28519,32.20438,38.394
1291,21.51392,-23.26887,21.77749,37.6767
1292,21.53064,-23.26887,21.77749,37.6767
1293,21.54718,-16.05249,20.63417,28.86429
1294,21.56396,0.4619448,20.47638,29.97687
1295,21.58057,5.161586,13.00806,29.46286
1296,21.59735,-6.533572,22.76944,25.6926
1297,21.61395,3.893893,21.84403,18.99147
1298,21.63062,3.893893,21.84403,18.99147
1299,21.64734,6.81211,21.59875,32.39803
1300,21.66406,8.567145,33.26744,40.74487
1301,21.68054,6.113643,29.6944,29.07615
1302,21.69739,4.257169,25.09826,20.24686
1303,21.71393,3.201417,17.54647,15.22576
1304,21.73071,3.201417,17.54647,15.22576
1305,21.74725,-0.02578146,0.3976941,-0.1226152
1306,21.76398,-0.3684411,-0.579991,-1.752285
1307,21.78052,-0.5911545,-0.9322111,-2.811498
1308,21.79724,-0.1436917,-0.226283,-0.6833898
1309,21.81384,-0.0006293169,-0.0009910368,-0.002992996
1310,21.83063,-0.0006293169,-0.0009910368,-0.002992996
1311,21.84717,-1.25264,9.587203,-14.58774
1312,21.86401,13.03184,0.4679883,-33.67067
1313,21.88062,-7.332525,-11.40211,-53.36733
1314,21.8974,-10.33249,-28.68095,-49.26192
1315,21.914,-12.62752,-17.90023,-58.97716
1316,21.93048,-12.62752,-17.90023,-58.97716
1317,21.94745,-9.837957,-31.674,-45.96912
1318,21.96387,-13.5971,-40.40088,-63.62634
1319,21.98053,-12.89302,-48.12552,-60.33216
1320,21.99744,-18.84335,-71.14705,-88.17641
1321,22.01385,-17.07707,-76.75777,-79.91121
1322,22.03058,-17.07707,-76.75777,-79.91121
1323,22.04718,-16.79087,-81.88875,-78.57195
1324,22.06384,-19.36377,-76.13786,-90.61168
1325,22.08063,-18.33581,-67.44526,-85.80138
1326,22.09729,-20.52439,-84.78658,-96.04273
1327,22.11377,-17.72141,-95.05755,-82.92637
1328,22.13062,-17.72141,-95.05755,-82.92637
1329,22.14716,-15.34846,-108.9347,-71.82227
1330,22.16382,-7.02951,-100.5169,-66.7038
1331,22.18054,-7.477014,-80.28648,-72.30939
1332,22.19714,-12.07845,-84.07533,-70.82129
1333,22.21387,-12.1739,-96.29078,-70.17078
1334,22.23047,-12.1739,-96.29078,-70.17078
1335,22.24725,-9.738658,-85.5742,-51.24788
1336,22.26392,-4.510005,-85.54193,-46.63784
1337,22.27081,-2.226747,-73.04379,-40.99876
1338,22.28052,-1.332893,-97.15332,-63.67045
1339,22.29712,-3.826965,-73.04653,-39.13998
1340,22.3139,-3.826965,-73.04653,-39.13998
1341,22.33044,-0.2968534,-47.31505,-27.99963
1342,22.34723,8.966719,-33.98273,-28.6962
1343,22.36389,-0.5152855,-37.71446,-20.37039
1344,22.38049,10.43625,-29.21127,-18.04711
1345,22.39709,5.471405,-38.41702,-20.3574
1346,22.41382,5.471405,-38.41702,-20.3574
1347,22.43048,5.652849,-43.40383,-24.21894
1348,22.44714,8.016438,-39.06771,-20.71463
1349,22.46375,-0.1794309,-30.33625,-19.67094
1350,22.48047,3.514215,-26.60409,-23.51437
1351,22.49719,-3.419038,-17.86252,-19.30303
1352,22.51398,-3.419038,-17.86252,-19.30303
1353,22.53046,11.48016,-6.066725,-18.99007
1354,22.54718,4.66885,-11.36122,-19.97416
1355,22.56384,12.25064,-12.13259,-14.17392
1356,22.58044,6.259176,-4.960241,-6.202505
1357,22.59723,1.314651,-0.05664445,-0.3714867
1358,22.61383,1.314651,-0.05664445,-0.3714867
1359,22.63043,0.123757,7.38664,0.511381
1360,22.64709,0.7742797,2.527506,3.20193
1361,22.66382,1.107678,5.183846,4.580657
1362,22.68042,-7.339635,20.3811,22.3818
1363,22.6972,-8.450109,16.23794,18.48676
1364,22.71381,-8.450109,16.23794,18.48676
1365,22.73053,-3.949808,33.81586,29.54762
1366,22.74731,-14.53121,21.79764,30.53079
1367,22.76379,-22.38986,35.94432,23.50025
1368,22.78046,-31.51229,37.85349,19.05092
1369,22.7973,-45.68728,28.54515,21.8989
1370,22.81384,-45.68728,28.54515,21.8989
1371,22.83069,-42.6714,23.41744,17.46858
1372,22.84723,-18.91344,18.65478,11.96222
1373,22.86377,-0.959975,22.2249,9.397975
1374,22.88055,2.950748,10.73555,16.3819
1375,22.89709,2.056448,12.91411,10.09735
1376,22.91376,2.056448,12.91411,10.09735
1377,22.93042,-0.1856207,11.6778,-0.9106603
1378,22.94714,3.391107,4.861712,-1.182538
1379,22.96381,-0.01571875,3.119422,-0.224544
1380,22.98083,9.977203,2.791564,1.149406
1381,22.99707,26.10925,0.3908179,12.81984
1382,23.01379,26.10925,0.3908179,12.81984
1383,23.03046,47.59383,0.1625613,22.87486
1384,23.04712,50.15725,0.2617367,20.23608
1385,23.06378,43.46719,0.3525644,19.75138
1386,23.08038,33.75772,0.482284,22.60367
1387,23.09698,26.20835,-0.4259673,23.76842
1388,23.11377,26.20835,-0.4259673,23.76842
1389,23.13049,32.63609,-8.069061,19.61672
1390,23.14703,34.0808,-16.60457,10.45376
1391,23.16376,31.40376,-15.45059,1.544392
1392,23.18042,27.91495,-20.98584,-3.021474
1393,23.19714,25.54008,-31.15022,-1.803362
1394,23.21375,25.54008,-31.15022,-1.803362
1395,23.23041,0.528689,-34.09615,-7.009727
1396,23.24701,5.931919,-36.96573,-14.78283
1397,23.26373,2.250924,-38.16572,-28.15229
1398,23.28046,16.91508,-56.33384,-41.91911
1399,23.29718,14.29306,-53.82878,-29.76895
1400,23.31372,14.29306,-53.82878,-29.76895
1401,23.33038,-4.637031,-40.82904,-24.8882
1402,23.34717,-12.97865,-24.96951,-19.62537
1403,23.36371,-5.760563,-4.958219,-21.29188
1404,23.38043,-4.597673,-5.254717,-17.2327
1405,23.39709,-6.713286,-6.650776,-22.38797
1406,23.4137,-6.713286,-6.650776,-22.38797
1407,23.43036,-14.25702,-11.96726,-26.06245
1408,23.44708,-9.299974,-13.24621,-21.19468
1409,23.46362,-9.239141,-13.37388,-29.81815
1410,23.48047,-7.791213,-8.843175,-29.43886
1411,23.49701,-6.438185,-2.974703,-24.37478
1412,23.51361,-6.438185,-2.974703,-24.37478
1413,23.53033,-5.453343,-10.93133,-20.64642
1414,23.547,-4.390061,-9.136686,-17.14501
1415,23.56366,-4.848361,-0.4008058,-19.33163
1416,23.58038,-3.831629,0.140422,-14.44624
1417,23.59698,-2.793427,-2.258075,-11.05463
1418,23.61377,-2.793427,-2.258075,-11.05463
1419,23.63037,-2.804781,-5.330453,-10.54864
1420,23.64697,-2.295233,-13.42815,-8.632244
1421,23.66364,10.7171,-20.28066,-7.792667
1422,23.68036,-2.62598,-26.25097,-10.14896
1423,23.69696,-2.565593,-29.91729,-10.17227
1424,23.71368,-2.565593,-29.91729,-10.17227
1425,23.73047,0.01017591,-43.3659,-0.4901186
1426,23.74701,0.5135092,-40.47337,-11.31208
1427,23.76373,5.878109,-40.37606,-12.63233
1428,23.7804,2.162222,-45.43576,0.5379851
1429,23.79688,3.37637,-52.84217,-1.515933
1430,23.81372,3.37637,-52.84217,-1.515933
1431,23.83026,0.397897,-54.38361,1.454561
1432,23.84698,0.3233102,-53.28359,1.196048
1433,23.86365,0.1286627,-48.89857,0.4760025
1434,23.88031,0.1216361,-40.94051,0.4500072
1435,23.89697,0.06619724,-51.81462,0.2449045
1436,23.91364,0.06619724,-51.81462,0.2449045
1437,23.93024,-0.03559995,-30.39727,-0.1317063
1438,23.94696,-0.04728356,-23.37376,-0.1749311
1439,23.96368,0.9049654,-7.181587,3.348027
1440,23.98022,-0.007341111,-4.111517,-0.02715931
1441,23.99695,-0.01579489,-5.304038,-0.05843506
1442,24.01361,-0.01579489,-5.304038,-0.05843506
1443,24.03021,2.388809,-0.4653859,8.837684
1444,24.04694,3.511554,-0.6586084,12.99141
1445,24.06366,3.722319,1.217973,13.77116
1446,24.08026,4.80592,4.313908,17.78007
1447,24.09698,3.33167,11.51906,12.32591
1448,24.11365,3.33167,11.51906,12.32591
1449,24.13031,2.743353,11.54193,12.90925
1450,24.14691,5.403992,13.87524,20.04821
1451,24.16357,4.849426,17.7961,17.9705
1452,24.1803,6.249078,18.14693,24.00301
1453,24.19696,5.213794,32.43233,19.35577
1454,24.21362,5.213794,32.43233,19.35577
1455,24.23022,10.46755,42.20062,38.85278
1456,24.24701,10.55532,53.35663,39.17853
1457,24.26361,8.676956,67.08457,32.20655
1458,24.28027,11.062,84.38123,43.10198
1459,24.297,10.96247,81.28343,48.39043
1460,24.31354,10.96247,81.28343,48.39043
1461,24.33026,15.20051,75.12493,56.82424
1462,24.34698,15.78738,63.01373,58.98484
1463,24.36365,14.37782,44.91358,53.71823
1464,24.38037,16.49904,38.96492,61.64352
1465,24.39685,16.9342,37.34365,63.26938
1466,24.4137,16.9342,37.34365,63.26938
1467,24.43024,17.48325,23.38101,65.4358
1468,24.44714,17.55777,21.46683,68.8492
1469,24.46356,0.4796234,23.69894,75.56003
1470,24.48016,2.33775,7.641284,77.02705
1471,24.49701,-4.662698,7.148271,74.31937
1472,24.51367,-4.662698,7.148271,74.31937
1473,24.53027,-1.336704,8.255088,72.89851
1474,24.54694,0.3162067,7.4572,67.31981
1475,24.56354,-7.631252,6.840975,54.94384
1476,24.5802,-1.661649,6.252388,46.51569
1477,24.59082,-5.933585,0.2121402,50.93137
1478,24.59692,-5.933585,0.2121402,50.93137
1479,24.61359,-8.863947,-5.897187,22.03592
1480,24.63025,6.477228,-7.907276,33.37965
1481,24.64685,8.893379,-6.409501,37.12485
1482,24.66364,8.774547,-4.104548,36.39569
1483,24.68024,13.05439,-4.918773,53.03791
1484,24.69696,13.05439,-4.918773,53.03791
1485,24.71356,13.5832,4.640713,55.17741
1486,24.73022,13.87113,3.321925,56.34702
1487,24.74689,12.56714,4.883854,51.04998
1488,24.76355,11.43081,9.621873,46.43402
1489,24.78021,8.557403,7.548322,34.76171
1490,24.79688,8.557403,7.548322,34.76171
1491,24.81372,-0.9292367,12.17554,22.05416
1492,24.83026,-12.05691,0.7702966,5.8097
1493,24.84692,-12.95135,0.004643385,3.166051
1494,24.86359,-2.62589,2.033632e-05,0.636202
1495,24.88019,-2.170053,-1.740515,-7.527549
1496,24.89679,-2.170053,-1.740515,-7.527549
1497,24.91351,-3.005029,-2.793981,-12.42685
1498,24.93024,-6.145986,-5.647418,-25.41592
1499,24.9469,-4.701259,-4.06665,-19.44144
1500,24.96356,-4.633291,-4.130641,-19.16037
1501,24.98016,-9.89399,-4.520377,-22.60147
1502,24.99695,-9.89399,-4.520377,-22.60147
1503,25.01337,-3.258058,-0.177242,-0.1098637
1504,25.03021,0.7619855,14.29049,3.249211
1505,25.04694,3.054069,3.738508,12.6986
1506,25.06366,15.02985,3.81325,14.26495
1507,25.08008,3.721562,3.213596,14.89526
1508,25.0968,3.721562,3.213596,14.89526
1509,25.1134,5.873546,4.184134,23.30194
1510,25.13013,5.809155,0.2647384,24.06008
1511,25.14697,8.388973,0.5197917,34.75399
1512,25.1637,7.32743,-1.483483,30.35625
1513,25.18011,9.118212,-5.929084,37.77515
1514,25.19696,9.118212,-5.929084,37.77515
1515,25.21356,5.98776,0.2297492,34.94859
1516,25.23016,11.88348,-5.166287,49.38121
1517,25.24683,8.530222,3.417551,36.57718
1518,25.26343,13.24632,5.26954,55.08247
1519,25.28015,12.36462,1.753136,51.40981
1520,25.29681,12.36462,1.753136,51.40981
1521,25.31366,13.96007,3.821179,58.04337
1522,25.33002,12.75257,-2.325694,53.0228
1523,25.34686,12.35506,9.027833,51.37002
1524,25.3634,12.12915,14.61418,71.70425
1525,25.38013,-4.082706,4.398851,69.01467
1526,25.39679,-4.082706,4.398851,69.01467
1527,25.41345,-4.323336,3.934316,55.43192
1528,25.43011,-15.15659,14.97334,56.54626
1529,25.44678,2.731241,16.42015,62.21073
1530,25.46405,1.154457,16.93232,67.37558
1531,25.4801,-1.341349,25.3057,70.02525
1532,25.49683,-1.341349,25.3057,70.02525
1533,25.51337,-7.776076,26.48599,70.6524
1534,25.53009,-22.13803,24.7222,67.62191
1535,25.54681,-27.37578,25.57866,69.3026
1536,25.56342,-17.2175,25.79206,66.09914
1537,25.58008,-23.40386,24.66774,60.55987
1538,25.59692,-23.40386,24.66774,60.55987
1539,25.61371,-28.17804,28.88465,63.41442
1540,25.63,-43.56226,43.01954,75.69789
1541,25.6308,-45.85589,31.39535,58.51924
1542,25.64673,-41.93455,30.99199,64.17255
1543,25.66364,-47.64215,25.43327,60.66734
1544,25.68005,-47.64215,25.43327,60.66734
1545,25.69672,-18.70099,34.63268,45.45449
1546,25.71356,-13.91572,20.04293,41.41857
1547,25.73004,-10.2253,30.4702,34.55066
1548,25.74677,0.1533124,20.58926,35.49116
1549,25.76349,-4.832727,19.28613,36.42198
1550,25.78003,-4.832727,19.28613,36.42198
1551,25.79675,4.297607,17.17859,30.83362
1552,25.81342,-12.61325,22.43691,43.02513
1553,25.83002,1.438907,14.98015,26.8666
1554,25.84674,-4.327981,11.58053,21.49751
1555,25.86359,-1.100525,6.125199,11.12288
1556,25.88,-1.100525,6.125199,11.12288
1557,25.89673,-5.169059,0.00620843,0.8493909
1558,25.91345,-11.47582,-3.727462,2.127797
1559,25.93005,-12.3485,-6.351548,-9.319727
1560,25.94666,-10.15632,-0.05269813,1.527676
1561,25.96338,-2.86916,-2.661872,-4.30514
1562,25.98004,-2.86916,-2.661872,-4.30514
1563,25.99664,-2.124734,-7.582256,-13.34286
1564,26.01337,-4.217278,-17.62691,-26.48612
1565,26.03009,-4.656841,-27.17757,-22.64364
1566,26.04669,-6.001465,-29.02396,-19.95164
1567,26.06342,-2.769026,-25.13197,-17.40466
1568,26.07996,-2.769026,-25.13197,-17.40466
1569,26.09662,1.115729,-20.71255,-10.7751
1570,26.11353,0.4644409,-24.18679,-9.693633
1571,26.13,6.818587,-27.05783,-2.708701
1572,26.14679,0.2396161,-28.25272,1.302012
1573,26.16333,1.304305,-28.62671,1.292711
1574,26.18005,1.304305,-28.62671,1.292711
1575,26.19666,1.67384,-17.90932,10.45663
1576,26.21362,1.702179,-13.74613,10.63401
1577,26.22998,2.459964,-16.31719,15.36813
1578,26.24677,-9.978171,-20.24606,13.08356
1579,26.26331,-2.988002,-15.86378,16.64172
1580,26.28003,-2.988002,-15.86378,16.64172
1581,26.29669,-14.17471,0.3334973,33.68676
1582,26.31329,-29.35268,14.16896,32.57385
1583,26.32996,-37.07848,16.9361,35.76286
1584,26.34668,-46.38356,11.60974,27.65063
1585,26.36328,-34.90026,18.04125,36.96742
1586,26.38007,-34.90026,18.04125,36.96742
1587,26.39673,-52.87858,18.82024,40.85541
1588,26.41339,-64.22278,19.51285,41.15525
1589,26.43005,-42.61529,13.87573,28.42078
1590,26.44666,-70.60316,18.07135,38.12345
1591,26.46344,-57.84671,17.74027,35.44707
1592,26.47998,-57.84671,17.74027,35.44707
1593,26.4967,-77.3432,19.89202,39.37683
1594,26.51331,-92.74207,15.61523,37.22786
1595,26.53021,-76.0,20.39524,38.24894
1596,26.54669,-84.20518,18.55155,35.52625
1597,26.56335,-81.92897,15.55351,40.11393
1598,26.58002,-81.92897,15.55351,40.11393
1599,26.59662,-92.8997,12.61652,43.37144
1600,26.61322,-84.21099,2.002056,33.13048
1601,26.63,-67.68752,-3.958858,26.93007
1602,26.64679,-70.37164,6.572198,33.25417
1603,26.66333,-45.87909,13.34811,30.72575
1604,26.67993,-45.87909,13.34811,30.72575
1605,26.69659,-42.88124,6.884554,11.4167
1606,26.71332,-44.86457,2.802903,18.12767
1607,26.72992,-45.42645,8.549765,12.94519
1608,26.74658,-30.43704,2.834633,4.424054
1609,26.76337,-25.14332,3.5829,5.318576
1610,26.77997,-25.14332,3.5829,5.318576
1611,26.79651,-20.36403,3.603022,6.545109
1612,26.81323,-20.71527,2.539389,3.675654
1613,26.82996,-20.80778,8.506094,11.88347
1614,26.8465,-11.53957,0.4602874,0.6663319
1615,26.86322,-7.382627,0.003821113,0.01439789
1616,26.87994,-7.382627,0.003821113,0.01439789
1617,26.89661,-9.662464,-6.779967,0.08195534
1618,26.91339,-21.42398,-3.995734,-0.003932256
1619,26.92993,-5.392628,-2.794957,0.0141937
1620,26.94659,-5.988539,-0.995863,-0.01365327
1621,26.96326,-7.917232,-0.008262571,-0.03572034
1622,26.98004,-7.917232,-0.008262571,-0.03572034
1623,26.99664,-0.0009337987,-3.508291,0.03721562
1624,27.01324,-7.747631e-06,-0.02910793,0.0003087741
1625,27.02985,-4.670308e-08,-0.000175464,1.861305e-06
1626,27.04669,-7.62102e-11,-1.455806e-06,1.544459e-08
1627,27.06329,-22.05509,-8.775668e-09,-0.1269678
1628,27.0799,-22.05509,-8.775668e-09,-0.1269678
1629,27.09656,-34.61819,0.3427902,0.1887157
1630,27.11334,-29.59834,2.184105,2.719195
1631,27.12994,-17.82466,2.886752,3.778804
1632,27.14661,-0.1096323,2.077495,2.858229
1633,27.16315,-0.115996,7.555553,10.38921
1634,27.17987,-0.115996,7.555553,10.38921
1635,27.19653,-0.008330299,0.5675994,0.7791416
1636,27.21332,-3.100496,4.284785,5.837921
1637,27.22986,-11.7409,0.4509094,0.4774394
1638,27.24658,-9.885921,7.694215,10.37018
1639,27.26318,-4.113239,5.928671,8.012711
1640,27.27985,-4.113239,5.928671,8.012711
1641,27.29663,-19.45127,6.098697,7.896552
1642,27.31323,-24.45879,8.178744,10.53109
1643,27.32983,-21.69776,7.602873,9.72112
1644,27.3465,-23.11828,10.41017,13.33252
1645,27.36316,-39.34752,11.39105,14.09921
1646,27.37982,-39.34752,11.39105,14.09921
1647,27.39655,-5.994947,5.108841,6.52777
1648,27.41302,-0.4356139,1.770493,2.304084
1649,27.42987,1.184466,0.007754109,0.04327318
1650,27.44696,8.129764,6.433503e-05,0.220773
1651,27.46313,2.19555,2.342682,3.118464
1652,27.47992,2.19555,2.342682,3.118464
1653,27.49658,0.8719252,8.493423,11.00392
1654,27.51306,14.75191,13.0373,17.13323
1655,27.52985,0.03237018,4.322572,5.538052
1656,27.54657,20.90569,0.1085774,0.6634599
1657,27.56317,4.319211,-1.911408,0.1267027
1658,27.58014,4.319211,-1.911408,0.1267027
1659,27.59644,0.3537597,-29.41156,-14.01478
1660,27.61322,-3.721568,-34.52234,-17.33622
1661,27.63013,-8.232413,-45.32689,-25.53825
1662,27.64655,-22.84172,-55.50375,-42.69289
1663,27.66315,-6.793214,-63.14684,-52.03517
1664,27.67987,-6.793214,-63.14684,-52.03517
1665,27.69659,-12.8776,-104.874,-86.90712
1666,27.71326,-0.2195415,-101.7876,-73.15018
1667,27.72986,-4.211214,-61.25789,-72.17567
1668,27.74646,-5.156815,-61.82867,-94.02396
1669,27.75079,-1.755536,-47.53797,-74.18081
1670,27.76318,-1.755536,-47.53797,-74.18081
1671,27.77972,-16.86119,-48.81597,-80.53123
1672,27.79657,-16.39561,-41.59767,-81.89481
1673,27.81311,-15.64334,-40.75145,-70.8517
1674,27.82996,-3.650404,-43.63111,-77.22021
1675,27.8465,-1.622453,-37.92177,-68.67673
1676,27.8631,-1.622453,-37.92177,-68.67673
1677,27.8797,-9.338737,-34.74749,-66.22097
1678,27.89642,-0.2536465,-23.0018,-44.49853
1679,27.91357,2.503359,-29.29487,-57.69893
1680,27.92987,1.594443,-18.30007,-36.55879
1681,27.94641,1.106601,-12.58423,-25.3722
1682,27.96356,1.106601,-12.58423,-25.3722
1683,27.97992,10.55893,-8.329592,-16.87792
1684,27.9964,6.369894,-12.55437,-25.59053
1685,28.01312,9.467652,-12.65959,-25.89684
1686,28.02979,13.87596,-12.5442,-25.71189
1687,28.04633,21.84331,-8.820477,-17.78048
1688,28.06317,21.84331,-8.820477,-17.78048
1689,28.07983,45.75019,-7.972762,-15.6
1690,28.09644,48.77664,-10.77483,-21.85501
1691,28.11316,47.96308,-10.54053,-21.82616
1692,28.12982,46.95955,-12.32421,-26.23679
1693,28.14642,46.08232,-13.7114,-29.80905
1694,28.16309,46.08232,-13.7114,-29.80905
1695,28.17981,27.6064,-9.11415,-20.3787
1696,28.19647,17.17885,-10.74035,-24.3997
1697,28.21307,5.70923,-8.059053,-18.49045
1698,28.22974,0.09765317,-6.956507,-16.09802
1699,28.24646,0.02590458,-5.208203,-12.10653
1700,28.263,0.02590458,-5.208203,-12.10653
1701,28.27979,-19.1682,-0.004923114,-0.09028958
1702,28.29633,-29.5813,2.682939,6.061204
1703,28.31311,-33.23768,7.331673,16.67177
1704,28.32977,-53.77785,9.898724,22.0262
1705,28.3465,-74.75161,19.51022,26.18739
1706,28.36322,-74.75161,19.51022,26.18739
1707,28.37976,-99.23615,18.29337,29.43213
1708,28.39636,-101.9498,19.47396,32.53724
1709,28.41309,-95.10006,24.59335,28.17659
1710,28.42969,-109.8014,21.42005,28.32436
1711,28.44647,-91.47099,14.07115,23.21048
1712,28.46307,-91.47099,14.07115,23.21048
1713,28.47968,-103.7498,15.70807,23.01511
1714,28.4964,-119.6017,22.24939,33.22592
1715,28.51306,-109.3325,19.4402,26.97323
1716,28.52979,-108.3562,23.23121,31.03779
1717,28.54645,-119.7184,26.51397,26.68769
1718,28.56311,-119.7184,26.51397,26.68769
1719,28.57977,-110.2987,21.50335,22.56186
1720,28.59631,-79.28036,24.03262,15.73593
1721,28.61078,-94.04749,24.18823,15.86525
1722,28.61316,-67.31867,12.91559,12.25387
1723,28.6297,-45.15771,10.35704,7.648289
1724,28.6463,-45.15771,10.35704,7.648289
1725,28.66302,-23.97493,9.616927,6.003839
1726,28.67981,-28.67475,10.1358,5.087347
1727,28.69635,-6.398369,15.88307,0.7412686
1728,28.71307,-6.714407,2.553735,2.044562
1729,28.72974,-10.96404,1.572469,0.2807016
1730,28.74634,-10.96404,1.572469,0.2807016
1731,28.76306,-1.954362,0.003170594,-0.3681069
1732,28.77966,-2.751076,2.630609e-05,-0.5196316
1733,28.79645,-11.33539,3.374655,3.99184
1734,28.81305,-0.9201899,2.451098,4.279535
1735,28.82965,-0.4276961,4.876939,2.255737
1736,28.84674,-0.4276961,4.876939,2.255737
1737,28.86316,3.880002,0.0844499,0.782286
1738,28.87964,14.61827,1.002007,4.352333
1739,28.89655,3.30758,6.317122,12.04622
1740,28.91296,17.48246,5.903524,12.06165
1741,28.92969,-0.4551423,2.085396,3.652447
1742,28.94629,-0.4551423,2.085396,3.652447
1743,28.96301,-8.953865,2.725185,3.20788
1744,28.97968,-7.322426,2.068056,2.321059
1745,28.9964,-7.592835,3.60618,5.004539
1746,29.01294,-11.46682,7.31292,10.84738
1747,29.02979,-15.37416,6.464118,8.519416
1748,29.04633,-15.37416,6.464118,8.519416
1749,29.06299,-34.93047,6.128733,2.983337
1750,29.07965,-36.95817,15.22666,3.003068
1751,29.09631,-40.74032,8.793527,3.841757
1752,29.11292,-44.21122,11.70675,8.957146
1753,29.12994,-53.40061,7.422019,-0.7257217
1754,29.14636,-53.40061,7.422019,-0.7257217
1755,29.16302,-57.48363,18.0538,5.396849
1756,29.17963,-60.05162,9.6572,2.735246
1757,29.19666,-48.52896,11.14282,7.496439
1758,29.21283,-45.15145,8.182619,-0.9355141
1759,29.22955,-33.96259,7.706359,4.017911
1760,29.24634,-33.96259,7.706359,4.017911
1761,29.263,18.52736,15.5063,6.093219
1762,29.28003,25.53513,7.122249,6.616669
1763,29.29633,27.2435,0.1843343,6.710823
1764,29.31293,25.69912,0.001529402,6.060091
1765,29.32965,13.57288,6.698219e-06,3.181894
1766,29.34631,13.57288,6.698219e-06,3.181894
1767,29.36292,27.85102,1.917621,9.641212
1768,29.37976,32.03975,0.7186033,8.49406
1769,29.3963,46.35216,0.08262937,10.50314
1770,29.41296,46.83582,0.2071674,10.6171
1771,29.42993,62.14626,0.001248815,13.3095
1772,29.44617,62.14626,0.001248815,13.3095
1773,29.46295,65.15272,8.596651e-08,13.22433
1774,29.47961,85.39492,0.0,16.78524
1775,29.4964,81.89973,0.0,15.53929
1776,29.51288,76.30305,0.0,13.95796
1777,29.52954,90.57644,7.440127,15.91094
1778,29.54626,90.57644,7.440127,15.91094
1779,29.56293,88.44706,9.89001,14.10758
1780,29.57959,90.97655,27.22145,13.81198
1781,29.59631,60.04581,35.7776,11.71014
1782,29.61285,50.36843,45.13841,14.0237
1783,29.62952,40.98043,55.65473,23.1593
1784,29.64624,40.98043,55.65473,23.1593
1785,29.66315,21.3162,51.36099,17.45736
1786,29.6795,25.14022,78.36044,27.07669
1787,29.69623,1.123375,78.25803,23.32135
1788,29.71283,2.215139,67.7268,19.2628
1789,29.72961,0.3857633,94.96028,28.83597
1790,29.74634,0.3857633,94.96028,28.83597
1791,29.76282,-3.271036,85.56918,25.44039
1792,29.7796,-4.013469,90.23257,31.21269
1793,29.79626,-3.8526,81.56895,29.9616
1794,29.81348,-3.124009,60.94133,24.29537
1795,29.82959,8.036169,57.66585,18.78715
1796,29.84619,8.036169,57.66585,18.78715
1797,29.86285,-3.267727,47.55366,25.4989
1798,29.87952,-2.464761,55.87824,19.23094
1799,29.89618,-2.46575,43.08851,19.23863
1800,29.91284,-2.294142,34.02989,17.89968
1801,29.92963,-0.5061042,7.645325,3.948799
1802,29.94623,-0.5061042,7.645325,3.948799
1803,29.96283,-0.8700374,0.008807192,-0.1020148
1804,29.97961,-3.601591,-9.243084,-7.985198
1805,29.99615,-1.738648,-12.56973,-13.49944
1806,30.01282,-15.06049,-24.03322,-13.2658
1807,30.0296,-22.58057,-25.68835,-7.981127
1808,30.04645,-22.58057,-25.68835,-7.981127
1809,30.06287,0.6675159,-14.94983,-5.940988
1810,30.07971,1.762027,-27.30531,-13.19628
1811,30.09637,-2.490578,-9.195887,-3.148389
1812,30.11285,-7.29504,-14.8988,-4.310561
1813,30.12952,0.9439373,-16.70443,-7.277589
1814,30.14612,0.9439373,-16.70443,-7.277589
1815,30.16284,-8.249911,-9.259608,-0.280502
1816,30.17963,-16.01934,-6.049508,-1.995131
1817,30.19611,-30.96467,-9.382324,-4.210146
1818,30.21295,-30.7144,-29.02594,-15.55686
1819,30.22949,-27.20642,-47.39693,-23.58109
1820,30.24615,-27.20642,-47.39693,-23.58109
1821,30.26288,-43.49232,-53.40879,-15.49386
1822,30.27948,-30.06627,-57.80146,-12.40575
1823,30.29614,-38.65053,-49.15939,-3.4917
1824,30.31287,-23.54706,-26.97985,-6.10661
1825,30.32947,-20.07573,-25.50829,-15.85332
1826,30.34613,-20.07573,-25.50829,-15.85332
1827,30.36279,-1.64464,-42.67112,-24.4512
1828,30.37946,-4.523888,-51.63164,-38.04399
1829,30.39612,2.446021,-68.36439,-39.99636
1830,30.41272,0.9525462,-75.27967,-33.84027
1831,30.42944,3.220805,-72.09943,-22.22461
1832,30.44617,3.220805,-72.09943,-22.22461
1833,30.46307,2.322698,-40.83035,-14.08541
1834,30.47949,2.01295,-32.61382,-12.15902
1835,30.49609,2.01226,-28.41154,-2.774607
1836,30.51294,11.08039,-24.93247,2.029189
1837,30.52942,21.16913,-12.88914,3.680794
1838,30.54626,21.16913,-12.88914,3.680794
1839,30.56299,24.92325,6.00067,13.69048
1840,30.57941,4.846944,1.311911,2.887895
1841,30.59631,2.36527,1.198922,2.303017
1842,30.61285,0.2364083,0.005250838,0.04597905
1843,30.62946,0.4561761,-8.676898,-2.863319
1844,30.64612,0.4561761,-8.676898,-2.863319
1845,30.66278,-10.01161,-15.7967,-3.664199
1846,30.67938,-17.20101,-12.50896,-11.86601
1847,30.69611,0.2925793,-1.770047,-2.356269
1848,30.71265,0.00128139,-0.007752154,-0.01031959
1849,30.73016,-1.61648,18.21401,10.12529
1850,30.74615,-1.61648,18.21401,10.12529
1851,30.76288,-1.95398,41.46531,12.67285
1852,30.7796,-3.353318,52.25485,21.06256
1853,30.79626,-5.004459,76.07909,31.42995
1854,30.81274,-4.903501,73.25874,30.79588
1855,30.82941,-5.07077,93.46284,31.8464
1856,30.84607,-5.07077,93.46284,31.8464
1857,30.86273,-13.31119,78.94009,34.40423
1858,30.87964,-19.99406,67.86549,35.51031
1859,30.89612,-22.59371,56.72267,48.87038
1860,30.91278,-34.28837,43.98717,40.03423
1861,30.92938,-27.15357,45.38144,40.25086
1862,30.94611,-27.15357,45.38144,40.25086
1863,30.96265,-24.67565,31.08373,38.48086
1864,30.97937,-14.99268,31.06457,39.66545
1865,30.99615,-9.944985,30.64132,39.60186
1866,31.01276,-6.407034,35.92135,37.43629
1867,31.02936,-5.20176,23.72781,30.48425
1868,31.0459,-5.20176,23.72781,30.48425
1869,31.06274,-3.695835,17.30866,21.65989
1870,31.07941,-2.827907,13.55457,16.57329
1871,31.09601,-10.0903,17.32152,14.29266
1872,31.11267,-5.134447,9.901483,11.80675
1873,31.12952,-7.001099,3.824529,3.696814
1874,31.14606,-7.001099,3.824529,3.696814
1875,31.16266,-9.451797,0.0009453411,-1.647573
1876,31.17944,-12.57764,7.842922e-06,-2.210042
1877,31.19598,-3.443898,-2.574735,-0.4017359
1878,31.21265,-6.243205,-0.0294027,-1.105243
1879,31.22937,-0.08131904,-0.7298854,0.04373504
1880,31.24597,-0.08131904,-0.7298854,0.04373504
1881,31.26288,2.638101,-33.41163,-14.83472
1882,31.27936,2.42005,-23.84218,-13.60856
1883,31.29596,3.068804,-38.59999,-17.25667
1884,31.31268,-1.220092,-30.41914,-10.69186
1885,31.32947,3.071315,-37.40293,-17.33372
1886,31.34601,3.071315,-37.40293,-17.33372
1887,31.36261,2.464866,-59.19825,-20.3098
1888,31.37939,4.571678,-67.36475,-25.51915
1889,31.396,4.39468,-79.39472,-24.47909
1890,31.41296,2.62552,-70.00439,-14.62439
1891,31.42932,18.77331,-69.1152,-11.78728
1892,31.44611,18.77331,-69.1152,-11.78728
1893,31.46271,24.65177,-61.31111,-16.73566
1894,31.47943,9.179044,-63.48596,-21.45674
1895,31.49591,13.89956,-59.43783,-24.51222
1896,31.5127,23.17484,-65.79324,-27.90943
1897,31.5293,18.37528,-62.31001,-42.22984
1898,31.5459,18.37528,-62.31001,-42.22984
1899,31.56262,29.58869,-61.72086,-48.98685
1900,31.57935,25.55232,-61.75163,-62.39077
1901,31.59601,12.2251,-69.0826,-71.44277
1902,31.61249,11.81001,-67.19479,-69.3829
1903,31.62921,11.19648,-68.07504,-65.78143
1904,31.64624,11.19648,-68.07504,-65.78143
1905,31.66266,11.62607,-45.81062,-68.13602
1906,31.67926,12.85031,-44.14124,-75.31083
1907,31.69586,12.65349,-42.29879,-74.1573
1908,31.71265,12.04115,-39.27862,-70.39404
1909,31.72913,9.324255,-31.55144,-57.60608
1910,31.74591,9.324255,-31.55144,-57.60608
1911,31.76257,2.839833,-7.002007,-16.56119
1912,31.77924,2.406237,-0.1147405,-14.03243
1913,31.7959,12.41774,4.175365,-7.715956
1914,31.81268,3.672118,-1.130796,-19.70914
1915,31.83069,3.217339,-9.821077,-18.80127
1916,31.84601,3.217339,-9.821077,-18.80127
1917,31.86267,-0.1572723,-0.1708161,-0.3642927
1918,31.87952,-2.896478,25.03903,16.83915
1919,31.89587,7.448403,52.41639,37.78841
1920,31.91254,3.381351,49.59524,24.00624
1921,31.92926,11.73876,53.91061,31.36181
1922,31.9458,11.73876,53.91061,31.36181
1923,31.96259,5.597411,24.64835,23.57256
1924,31.97913,26.7036,12.62494,27.58642
1925,31.99597,36.94754,12.2874,28.59439
1926,32.01251,48.05272,17.57071,39.58765
1927,32.02911,58.37957,29.66216,61.95222
1928,32.04584,58.37957,29.66216,61.95222
1929,32.06262,42.36021,47.68744,81.23633
1930,32.07935,45.6064,43.15638,78.032
1931,32.09589,25.02836,36.62094,62.94744
1932,32.11249,16.51329,31.41444,59.65799
1933,32.12921,19.34718,32.98175,57.91887
1934,32.14581,19.34718,32.98175,57.91887
1935,32.16241,4.573773,52.01466,78.22894
1936,32.17914,-0.09630183,48.34398,70.41366
1937,32.19586,-8.724893,50.54578,70.91254
1938,32.21252,-5.954913,34.98016,48.19178
1939,32.22925,-8.856667,28.02024,37.52945
1940,32.24585,-8.856667,28.02024,37.52945
1941,32.26251,-5.613537,10.01473,19.57035
1942,32.27924,-8.659534,13.4883,19.57578
1943,32.29584,-7.055556,16.81799,21.5881
1944,32.31244,-4.895297,19.38367,25.04034
1945,32.32959,-4.376627,26.56575,34.26061
1946,32.34583,-4.376627,26.56575,34.26061
1947,32.36261,-3.925905,24.37322,30.83232
1948,32.37921,-3.853637,22.68958,30.26477
1949,32.39581,-5.629081,17.04615,20.83426
1950,32.41254,-11.64854,16.88545,21.32769
1951,32.4292,-8.747783,17.89465,21.09553
1952,32.44586,-8.747783,17.89465,21.09553
1953,32.46265,-4.6615,17.79584,21.15816
1954,32.47937,-2.246238,14.06837,16.80178
1955,32.49579,-4.33727,24.82439,29.32445
1956,32.51257,-2.799104,18.01845,21.13439
1957,32.52924,-3.321649,21.59243,25.09768
1958,32.54584,-3.321649,21.59243,25.09768
1959,32.5625,-4.378452,29.10257,33.08278
1960,32.57916,-5.305834,35.53887,40.08991
1961,32.59595,-6.841691,46.79943,51.69456
1962,32.61261,-3.957808,42.52132,47.07104
1963,32.62927,2.178306,45.77376,50.07436
1964,32.64581,2.178306,45.77376,50.07436
1965,32.66254,3.877714,33.32816,35.58573
1966,32.67914,-4.768409,36.27668,37.03362
1967,32.69586,-4.086857,30.9973,31.27733
1968,32.71265,-3.650148,27.95505,27.93302
1969,32.72919,-3.872598,29.97458,29.63531
1970,32.74603,-3.872598,29.97458,29.63531
1971,32.76251,-5.400353,24.49743,23.40959
1972,32.77917,-12.46958,31.67506,29.16424
1973,32.79578,-9.75327,28.23273,25.85993
1974,32.8125,-27.88084,25.54101,20.61217
1975,32.83002,-28.58389,30.77397,25.14854
1976,32.84576,-28.58389,30.77397,25.14854
1977,32.86261,-14.97671,41.6908,36.24902
1978,32.87933,-13.58058,48.48397,42.01628
1979,32.89575,-24.29361,40.87087,33.14741
1980,32.91254,-20.83565,34.80208,27.75942
1981,32.92914,-2.517846,18.88396,16.13819
1982,32.9458,-2.517846,18.88396,16.13819
1983,32.96246,-3.519523,18.64147,15.22331
1984,32.97913,-6.766714,3.725363,2.24937
1985,32.99579,-14.27001,0.02245666,-1.994857
1986,33.01263,-2.62925,0.0001863206,-0.3720484
1987,33.02911,-12.66012,1.545882e-06,-1.802844
1988,33.04572,-12.66012,1.545882e-06,-1.802844
1989,33.0625,-0.3391158,2.824676,2.376835
1990,33.07916,0.03528869,5.829115,6.613966
1991,33.09583,-1.858882,15.84271,13.23928
1992,33.11243,21.50086,17.99843,18.23403
1993,33.12915,1.797789,26.78838,22.68096
1994,33.14575,1.797789,26.78838,22.68096
1995,33.16235,3.77007,32.79095,27.40331
1996,33.17914,2.289315,29.14946,23.9709
1997,33.1958,-1.06727,35.09259,26.99935
1998,33.21252,4.184058,24.17602,19.80543
1999,33.22913,5.731495,43.06338,24.69274
2000,33.24573,5.731495,43.06338,24.69274
2001,33.26233,-0.3240708,19.95677,15.44261
2002,33.27911,-3.218,31.79472,24.01099
2003,33.29578,-0.007854946,24.64917,18.78941
2004,33.3125,0.9324999,23.43692,17.85449
2005,33.32904,4.013849,6.966294,5.787951
2006,33.3457,4.013849,6.966294,5.787951
2007,33.36237,8.299335,15.82636,12.90215
2008,33.37909,27.14608,25.13318,23.10542
2009,33.39575,22.97787,40.53266,32.57515
2010,33.41235,27.34875,31.9115,26.52663
2011,33.4292,15.05229,30.84904,23.89184
2012,33.44574,15.05229,30.84904,23.89184
2013,33.4624,18.9053,32.44344,24.9654
2014,33.47906,24.87478,39.49543,30.26245
2015,33.49567,16.74128,35.10658,25.9508
2016,33.51239,6.597683,35.564,24.74659
2017,33.52936,-2.342894,37.90236,20.10542
2018,33.54608,-2.342894,37.90236,20.10542
2019,33.56256,-0.07551237,0.9735121,0.632461
2020,33.57904,-1.903518,0.005868377,-0.2242051
2021,33.59601,-4.547881,-42.67031,-23.54174
2022,33.61243,-1.559121,-51.84499,-33.35232
2023,33.62903,-0.2167147,-72.29242,-37.86299
2024,33.64575,-0.2167147,-72.29242,-37.86299
2025,33.66241,19.38991,-92.71695,-56.92081
2026,33.67896,16.37972,-110.2812,-79.95314
2027,33.6958,12.70031,-140.7809,-97.38124
2028,33.71234,13.39005,-139.3995,-110.948
2029,33.72906,15.35511,-158.1663,-127.2691
2030,33.74567,15.35511,-158.1663,-127.2691
2031,33.76239,-2.561264,-166.6138,-138.058
2032,33.77899,-16.81965,-163.9507,-146.0273
2033,33.79572,-8.737476,-152.362,-153.236
2034,33.81238,-16.10831,-147.4071,-163.9113
2035,33.82898,-24.87914,-154.7149,-183.1738
2036,33.8457,-24.87914,-154.7149,-183.1738
2037,33.86249,-38.87182,-137.5715,-184.8862
2038,33.87909,-20.02333,-124.8637,-171.1771
2039,33.89575,-14.30015,-110.473,-158.0468
2040,33.91235,-12.08166,-85.40755,-134.5104
2041,33.9292,8.816777,-86.45848,-144.9936
2042,33.94562,8.816777,-86.45848,-144.9936
2043,33.96246,-3.112823,-56.51702,-120.6474
2044,33.979,-4.599499,-48.03193,-128.0476
2045,33.99573,13.06653,-39.30215,-91.9068
2046,34.01257,15.10866,-40.10359,-94.20293
2047,34.02899,13.13424,-28.45069,-81.83859
2048,34.04578,13.13424,-28.45069,-81.83859
2049,34.06274,24.24995,-12.95599,-66.60423
2050,34.07904,15.50845,-22.70835,-96.77119
2051,34.09576,11.86741,-29.71878,-74.33348
2052,34.11237,28.96512,-30.83012,-68.00668
2053,34.12903,29.38036,-29.32773,-66.34571
2054,34.14563,29.38036,-29.32773,-66.34571
2055,34.16229,29.80676,-23.47876,-54.79792
2056,34.17902,20.92313,-21.05343,-51.28466
2057,34.19562,26.80887,-28.41328,-71.44669
2058,34.21234,15.52041,-28.25788,-74.95058
2059,34.229,17.6676,-28.7718,-78.88258
2060,34.24561,17.6676,-28.7718,-78.88258
2061,34.26233,57.59422,-24.75671,-66.02073
2062,34.27893,48.04437,-17.15848,-46.00547
2063,34.29559,63.4838,-19.19553,-51.93216
2064,34.31226,41.74173,-18.49274,-55.76946
2065,34.32892,47.42404,-15.14186,-67.68288
2066,34.34564,47.42404,-15.14186,-67.68288
2067,34.36243,29.38878,-19.7032,-68.57903
2068,34.37897,36.73191,-17.95135,-64.03539
2069,34.39557,36.13775,-15.39809,-56.45864
2070,34.41241,48.27373,-8.826318,-58.11778
2071,34.42883,40.724,-11.35516,-65.71985
2072,34.44556,40.724,-11.35516,-65.71985
2073,34.46265,11.75145,-18.19846,-75.33623
2074,34.47888,23.11895,-18.73454,-63.77093
2075,34.49567,14.02874,-12.15468,-47.56715
2076,34.51227,20.29109,-8.793543,-44.10248
2077,34.52893,20.35968,-9.204186,-48.05296
2078,34.54559,20.35968,-9.204186,-48.05296
2079,34.56226,24.362,-9.574321,-54.10842
2080,34.57898,18.39915,-9.007703,-45.37341
2081,34.59564,13.78028,-14.97799,-44.1408
2082,34.61224,8.326356,-19.5297,-36.5479
2083,34.62891,2.977244,-4.699271,-31.23309
2084,34.64563,2.977244,-4.699271,-31.23309
2085,34.66229,5.76339,6.604654,-0.721453
2086,34.67889,0.8812612,-1.249269,-9.047247
2087,34.69556,-10.50768,-0.01036505,-1.063778
2088,34.71228,-3.784607,0.01257081,-4.171059
2089,34.72894,-18.08356,-2.359757,-18.77189
2090,34.74561,-18.08356,-2.359757,-18.77189
2091,34.76215,-14.95404,-14.33485,-14.56409
2092,34.77887,-23.48664,-5.260252,-10.27098
2093,34.79553,-25.34043,-2.04781,-2.822183
2094,34.81219,-9.620423,-5.025778,-1.078269
2095,34.82892,-18.8492,-1.940385,2.820098
2096,34.84558,-18.8492,-1.940385,2.820098
2097,34.86218,-19.63389,-7.243019,-2.287242
2098,34.87891,-22.09405,-21.01987,-2.813551
2099,34.89551,-21.80835,-15.01795,-2.798763
2100,34.91223,-23.5428,-20.2651,-3.201636
2101,34.92889,-41.98417,-17.12876,-5.62784
2102,34.94556,-41.98417,-17.12876,-5.62784
2103,34.96216,-57.07721,-28.27793,-14.44821
2104,34.979,-73.01666,-10.4425,-18.55163
2105,34.99554,-61.91677,-5.54847,-36.97533
2106,35.01215,-75.51307,-2.324452,-31.16533
2107,35.02893,-76.54811,-0.270661,-15.54105
2108,35.04547,-76.54811,-0.270661,-15.54105
2109,35.06219,-35.82538,-0.06386362,-7.142977
2110,35.07886,-16.53843,-0.0002796992,-3.083917
2111,35.09546,1.999819,-1.393874,-11.28573
2112,35.11212,1.159475,-1.69377,-14.19619
2113,35.12885,4.092093,-2.602215,-21.92768
2114,35.14551,4.092093,-2.602215,-21.92768
2115,35.16223,-6.396577,-2.303873,-22.49907
2116,35.17889,4.186445,-2.668635,-22.65508
2117,35.19556,4.675045,-2.603808,-24.92148
2118,35.21222,3.212891,-2.317439,-23.33027
2119,35.22888,6.728005,-3.938923,-41.56165
2120,35.24542,6.728005,-3.938923,-41.56165
2121,35.26221,2.134843,-1.009829,-11.35197
2122,35.27893,9.944167,-0.1209934,0.4523535
2123,35.29541,2.977178,-0.4568709,-4.859503
2124,35.31219,7.415997,-0.6650342,-6.575358
2125,35.32886,3.67681,-1.321858,-15.37351
2126,35.34546,3.67681,-1.321858,-15.37351
2127,35.36212,2.431532,-1.058644,-13.00141
2128,35.37897,3.793709,-1.606663,-20.35999
2129,35.39551,2.594285,-1.075489,-13.92309
2130,35.41223,1.044062,-0.4281555,-5.603304
2131,35.42883,0.7576021,-0.3072928,-4.065924
2132,35.44568,0.7576021,-0.3072928,-4.065924
2133,35.46216,1.785464,-0.6208466,-9.582288
2134,35.47894,4.317012,-1.625218,-23.16868
2135,35.49548,4.571908,-1.660223,-24.53666
2136,35.51215,3.382793,-1.175515,-18.15488
2137,35.52875,-10.01944,-1.143695,-21.01026
2138,35.54553,-10.01944,-1.143695,-21.01026
2139,35.56219,1.505142,-0.4617357,-8.063157
2140,35.57874,1.67544,-0.4950989,-8.971333
2141,35.59546,0.9580214,3.304126,-5.129826
2142,35.61224,1.662655,13.37359,-1.320026
2143,35.62872,0.1503948,13.51207,-0.7738687
2144,35.64545,0.1503948,13.51207,-0.7738687
2145,35.66223,3.098669,27.28011,-16.63004
2146,35.67877,1.88396,21.58716,-10.1109
2147,35.69543,-8.523201,21.00537,-7.237187
2148,35.71222,0.3015428,6.691351,-2.053009
2149,35.72876,0.009629353,13.98311,-0.05348053
2150,35.74542,0.009629353,13.98311,-0.05348053
2151,35.76215,-0.01381808,20.49831,0.07399029
2152,35.77881,-0.003846548,25.67591,0.02059674
2153,35.79541,-1.023344,26.70653,-0.2691542
2154,35.81226,0.007873614,23.00542,-0.1322256
2155,35.82874,-0.7210349,20.30168,-0.3122661
2156,35.8454,-0.7210349,20.30168,-0.3122661
2157,35.862,-5.005372,24.37993,-1.287498
2158,35.87878,0.06623928,34.11586,-0.5825142
2159,35.89539,0.7766402,30.18183,-4.124658
2160,35.91205,1.14174,29.90896,-6.05836
2161,35.92877,-4.752666,25.21048,-16.94017
2162,35.94543,-4.752666,25.21048,-16.94017
2163,35.9621,0.6919142,6.622867,-8.932006
2164,35.97876,-0.139703,1.63154,-18.35062
2165,35.99542,3.196487,-0.5613376,-17.14647
2166,36.01208,4.931014,0.2053426,-25.99357
2167,36.02869,4.039409,-0.6296376,-21.28971
2168,36.04535,4.039409,-0.6296376,-21.28971
2169,36.06195,4.346192,-0.5321286,-22.90658
2170,36.0788,3.699917,-0.3963604,-19.50039
2171,36.09546,1.409693,-0.1386853,-7.42978
2172,36.11212,1.794204,-0.1608202,-9.456342
2173,36.12891,2.942438,-0.2380052,-15.5081
2174,36.14539,2.942438,-0.2380052,-15.5081
2175,36.16205,2.188233,-0.1435096,-11.53307
2176,36.17877,4.968078,-0.002247822,0.7533712
2177,36.19531,0.04064883,-0.001210253,-0.09653427
2178,36.21204,0.5089936,0.03177255,2.741032
2179,36.22876,0.2893494,5.14215,2.548303
2180,36.24536,0.2893494,5.14215,2.548303
2181,36.26202,-2.037421,7.070425,16.44095
2182,36.27875,-1.163243,0.1576415,6.246805
2183,36.29535,-2.233636,0.2126231,11.90625
2184,36.31201,-0.3251798,9.371841,1.733311
2185,36.3288,-0.1401944,0.09174336,0.7472797
2186,36.34534,-0.1401944,0.09174336,0.7472797
2187,36.36206,-9.388265,-0.004733584,-2.028048
2188,36.37872,-5.930777,-0.08981102,-6.333032
2189,36.39532,0.3924121,-0.1996719,-12.71129
2190,36.41199,2.561528,-0.2379656,-17.52478
2191,36.42877,4.61962,-0.2426849,-24.38063
2192,36.44537,4.61962,-0.2426849,-24.38063
2193,36.46198,7.386046,-9.429335,-38.92812
2194,36.47876,6.671467,-13.82887,-35.16193
2195,36.4953,4.622627,-1.151942,-24.36353
2196,36.51276,4.205797,0.2491528,-22.16663
2197,36.52875,4.538657,0.3372984,-23.92096
2198,36.54535,4.538657,0.3372984,-23.92096
2199,36.56201,4.195918,0.4403197,-22.11456
2200,36.57861,-3.367591,-3.019403,-25.34811
2201,36.5954,-0.9936728,-1.903545,-26.11347
2202,36.61206,-5.250056,-2.53968,-14.49988
2203,36.62866,-14.16403,-7.396484,-18.91614
2204,36.64532,-14.16403,-7.396484,-18.91614
2205,36.66193,-10.94609,-1.358126,-5.003682
2206,36.67865,-2.92213,-12.92429,-0.9404913
2207,36.69525,-8.764411,-0.05660363,-1.75427
2208,36.71191,-0.05283228,-0.0003412094,-0.01057482
2209,36.72864,-0.6650915,-0.1047878,3.316431
2210,36.74524,-0.6650915,-0.1047878,3.316431
2211,36.76208,-1.350687,0.009385401,6.739726
2212,36.77863,-1.021702,1.648567,5.098143
2213,36.79529,-1.79725,-0.1053466,4.130609
2214,36.81195,-20.52806,-0.245664,5.45468
2215,36.82861,-18.29482,-0.002247047,-3.656777
2216,36.84528,-18.29482,-0.002247047,-3.656777
2217,36.862,-12.73537,-0.1241888,2.354314
2218,36.8786,-15.61651,-0.3786218,12.78498
2219,36.89526,-26.44906,-0.4531712,15.37556
2220,36.91193,-37.52222,-0.3390606,9.168498
2221,36.92865,-33.45185,-0.06740034,8.522758
2222,36.94525,-33.45185,-0.06740034,8.522758
2223,36.96191,-36.89547,1.1626,8.715278
2224,36.97858,-34.92723,2.770237,17.80714
2225,36.99524,-37.29422,9.33891,14.9645
2226,37.0108,-35.16861,11.03762,11.55603
2227,37.01202,-41.83856,4.49807,12.98396
2228,37.02863,-41.83856,4.49807,12.98396
2229,37.04517,-24.53892,9.734346,-0.03774192
2230,37.06195,-12.60978,0.08793703,-1.46837
2231,37.07855,-7.220283,0.02546088,3.370347
2232,37.09528,-11.16161,0.01911341,0.7558876
2233,37.11206,-26.04986,0.08176543,5.959812
2234,37.12872,-26.04986,0.08176543,5.959812
2235,37.14526,-20.24319,0.04513026,0.140023
2236,37.16205,-15.6886,6.964681,2.398583
2237,37.17853,-0.05486844,1.343747,-0.03907846
2238,37.19537,1.448574,12.82336,-0.1232446
2239,37.21191,0.2072997,0.07729982,0.05450631
2240,37.22858,0.2072997,0.07729982,0.05450631
2241,37.24524,0.003063521,2.80887e-06,0.0008509723
2242,37.2619,1.846705e-05,1.6932e-08,5.129701e-06
2243,37.27863,1.532177e-07,0.0,4.256595e-08
2244,37.29529,0.4250755,0.003369504,0.5079469
2245,37.31201,2.54164,3.847872e-05,0.7071791
2246,37.32855,2.54164,3.847872e-05,0.7071791
2247,37.34521,3.563465,0.01967158,2.981426
2248,37.36182,12.77775,0.0307891,6.388372
2249,37.3786,11.52737,2.805418,19.21954
2250,37.39526,5.14864,0.2818541,21.59419
2251,37.41199,9.947076,0.400845,28.09236
2252,37.42859,9.947076,0.400845,28.09236
2253,37.44525,29.11238,0.4252497,28.66999
2254,37.46185,19.86883,-0.07566702,15.16911
2255,37.47852,18.13633,-10.99743,17.97419
2256,37.49518,5.246086,-8.184486,12.75993
2257,37.51202,1.097029,-9.980186,11.13853
2258,37.52856,1.097029,-9.980186,11.13853
2259,37.54523,-0.1698817,-22.73791,0.7064373
2260,37.56183,-0.155671,-22.1467,0.6227409
2261,37.57867,-0.1821261,-28.73846,0.7282095
2262,37.59515,2.166934,-28.56956,-8.664204
2263,37.61188,3.479641,-26.62306,-16.18535
2264,37.62848,3.479641,-26.62306,-16.18535
2265,37.64514,17.42069,-18.42759,-9.335353
2266,37.66187,24.7631,-6.308427,-16.57465
2267,37.67853,24.77298,-0.2916181,-8.322522
2268,37.69519,29.65653,-0.1833728,-4.423866
2269,37.71185,31.15896,-0.1097625,-0.3288926
2270,37.72845,31.15896,-0.1097625,-0.3288926
2271,37.74518,36.43423,-0.1163721,-3.914266
2272,37.7619,37.5744,-0.1561181,-13.42214
2273,37.7785,42.92918,-0.1131399,-12.50061
2274,37.79517,27.89751,-0.02423321,-0.8066263
2275,37.81189,35.41935,-0.02331361,-7.224438
2276,37.82843,35.41935,-0.02331361,-7.224438
2277,37.84534,17.43141,0.0153356,-6.082357
2278,37.86176,7.678942,-8.729342,-2.652979
2279,37.87909,0.6143075,-8.010228,-2.781492
2280,37.89508,-0.00955174,-9.059875,0.04916658
2281,37.91187,-0.1508982,-12.9207,0.03963858
2282,37.92847,-0.1508982,-12.9207,0.03963858
2283,37.94513,-5.244631,-2.631083,-0.5115274
2284,37.96198,-2.694081,-2.0403,8.304459
2285,37.97852,-1.284563,-0.022994,4.92493
2286,37.99518,-1.576859,-0.001391366,2.815412
2287,38.01184,-1.56501,0.00317264,7.632463
2288,38.02863,-1.56501,0.00317264,7.632463
2289,38.0451,-1.508264,-8.267772,7.43081
2290,38.06183,1.31171,-6.099864,0.3589194
2291,38.07843,2.199914,-1.069102,0.4406273
2292,38.09515,2.84039,-0.006444596,0.5704299
2293,38.11176,15.11809,-0.0007627403,1.178747
2294,38.12848,15.11809,-0.0007627403,1.178747
2295,38.14514,18.90517,-0.1853871,-3.50631
2296,38.16187,27.50903,-1.325824,-8.6463
2297,38.17853,23.38594,0.07168102,-12.20226
2298,38.19507,24.21604,0.1190506,-12.027
2299,38.21185,27.56978,0.09411637,-6.105262
2300,38.22845,27.56978,0.09411637,-6.105262
2301,38.24524,29.39696,0.1976963,-10.66727
2302,38.26178,22.79786,-11.9263,-17.59933
2303,38.27844,22.14784,0.03235127,-7.180634
2304,38.29504,19.23156,-0.4055283,-5.456533
2305,38.31177,9.269077,-13.02497,-8.429939
2306,38.32843,9.269077,-13.02497,-8.429939
2307,38.34515,14.16054,0.1116355,-4.583231
2308,38.36182,8.715969,-0.3981512,1.377028
2309,38.37842,19.27447,0.2560515,-10.42094
2310,38.39508,20.92427,0.001121411,3.210904
2311,38.41205,27.95359,0.1942525,-5.3805
2312,38.42841,27.95359,0.1942525,-5.3805
2313,38.44507,28.44122,0.01515836,3.384829
2314,38.46185,36.30887,0.2475751,-6.250661
2315,38.47839,31.4476,0.1387167,-1.82775
2316,38.49518,30.07059,0.3115188,-8.858343
2317,38.51166,30.91679,0.3224607,-8.50051
2318,38.52832,30.91679,0.3224607,-8.50051
2319,38.54504,40.23665,0.2362214,-3.566562
2320,38.56171,42.49927,0.1180164,0.7441728
2321,38.57843,44.35894,0.09077404,1.733926
2322,38.59534,38.55644,0.06556491,1.818079
2323,38.61176,32.70157,0.3371341,-7.308897
2324,38.62823,32.70157,0.3371341,-7.308897
2325,38.64508,32.8888,0.1426303,-1.23948
2326,38.66168,46.81321,0.4721659,-9.272013
2327,38.67828,43.22601,0.1761815,-1.326344
2328,38.69507,33.65218,0.427186,-8.655244
2329,38.71167,15.27861,0.1181026,-1.917799
2330,38.72833,15.27861,0.1181026,-1.917799
2331,38.74506,0.08075968,0.0437938,-1.071102
2332,38.7619,7.396707,0.5447302,-12.60452
2333,38.77832,6.563967,0.003283659,0.3858646
2334,38.79504,12.38089,1.438122e-05,0.8716532
2335,38.81171,1.459441,1.642292e-07,0.1021831
2336,38.82831,1.459441,1.642292e-07,0.1021831
2337,38.84503,3.722779,0.05641693,0.2533168
2338,38.86176,13.87044,0.0003400839,0.9253396
2339,38.87836,4.479211,1.489443e-06,0.2951214
2340,38.89508,9.686848,6.523212e-09,0.6222361
2341,38.91162,17.27151,0.0,1.066657
2342,38.92889,17.27151,0.0,1.066657
2343,38.94537,40.51717,0.0,2.13453
2344,38.96161,42.77022,0.0,2.024022
2345,38.97833,33.45598,0.0,1.431607
2346,38.995,25.20259,0.3908504,-8.328988
2347,39.01172,5.484057,0.04620217,-0.8827885
2348,39.02826,5.484057,0.04620217,-0.8827885
2349,39.04498,17.49098,0.009072904,0.4035079
2350,39.06165,21.15312,0.006230277,0.5458421
2351,39.07831,23.97783,2.728633e-05,0.709483
2352,39.09601,22.74478,2.263918e-07,0.6080604
2353,39.11157,20.42475,-0.3098321,7.582323
2354,39.12823,20.42475,-0.3098321,7.582323
2355,39.14496,22.30637,-0.02780465,1.398951
2356,39.16162,20.65757,-0.4574497,11.20139
2357,39.17828,14.81575,-0.9018432,22.76223
2358,39.19495,11.5924,-0.6125242,16.28999
2359,39.21167,8.757723,-0.8499355,24.33487
2360,39.22827,8.757723,-0.8499355,24.33487
2361,39.24512,3.397546,16.89129,23.6168
2362,39.26154,-0.1593432,14.69174,20.93523
2363,39.27832,-0.2250626,24.23606,24.89267
2364,39.29498,-0.251133,19.60954,27.75993
2365,39.31158,-0.3490398,38.28122,38.58233
2366,39.32825,-0.3490398,38.28122,38.58233
2367,39.34485,-0.2779018,35.67317,27.99089
2368,39.36163,-2.379024,45.16914,37.37169
2369,39.37823,-10.58967,31.75241,35.42013
2370,39.39545,-7.373189,32.57365,34.13523
2371,39.41156,-0.5552192,34.99268,41.68495
2372,39.42841,-0.5552192,34.99268,41.68495
2373,39.44501,-0.4950204,45.19417,41.50986
2374,39.46155,-0.528414,46.20008,44.31021
2375,39.47827,-2.465762,39.0783,34.81366
2376,39.49487,-0.3839346,37.79964,30.12261
2377,39.5108,-0.9087602,40.64841,27.52233
2378,39.5116,-0.9087602,40.64841,27.52233
2379,39.52832,-7.286686,17.99627,23.51279
2380,39.54578,-0.3977858,27.58332,21.22262
2381,39.56165,-0.2524582,19.9247,18.56809
2382,39.57831,-0.1281334,14.89651,9.441912
2383,39.59491,-0.1002678,11.80043,7.388711
2384,39.61163,-0.1002678,11.80043,7.388711
2385,39.6283,-11.46895,0.03245396,-0.1716476
2386,39.64502,-4.102923,-1.095145,-19.81312
2387,39.66162,-11.72111,-4.86362,-44.00029
2388,39.67822,-2.665172,-14.30924,-39.20162
2389,39.69531,-3.546588,-14.90125,-25.36594
2390,39.71155,-3.546588,-14.90125,-25.36594
2391,39.72827,0.4248821,-1.820969,-37.36346
2392,39.74487,0.6767279,-1.005206,-35.10374
2393,39.7616,0.6946582,-4.407644,-35.93951
2394,39.7782,0.5908922,-3.214047,-30.57063
2395,39.7948,0.5214341,-1.181069,-26.97712
2396,39.81158,0.5214341,-1.181069,-26.97712
2397,39.82819,0.2848304,-1.949742,-14.7361
2398,39.84564,0.4329679,-7.69041,-22.4002
2399,39.86151,-1.357807,-11.81773,-25.05477
2400,39.87842,-6.904428,-22.97137,-30.09604
2401,39.8949,-14.24972,-37.05617,-23.34714
2402,39.91156,-14.24972,-37.05617,-23.34714
2403,39.92834,-32.7634,-50.73705,-6.304793
2404,39.94489,-36.57514,-53.38028,1.711665
2405,39.96161,-28.32662,-46.11094,1.261455
2406,39.97821,-25.35792,-45.33578,0.9783087
2407,39.99487,-27.59516,-43.6447,9.693642
2408,40.01154,-27.59516,-43.6447,9.693642
2409,40.0282,-37.15594,-55.94513,19.30625
2410,40.04486,-50.68805,-63.73148,20.19045
2411,40.06152,-51.77456,-68.30891,17.08284
2412,40.07819,-48.35906,-59.76395,13.69529
2413,40.09485,-49.56918,-52.66923,7.761025
2414,40.11163,-49.56918,-52.66923,7.761025
2415,40.12823,-64.82393,-47.68175,20.70024
2416,40.14484,-69.98548,-4.474714,18.89681
2417,40.16156,-82.71119,0.05290373,-4.273469
2418,40.17822,-63.09473,0.3387499,9.338301
2419,40.19482,-79.55795,0.7185903,19.08067
2420,40.21155,-79.55795,0.7185903,19.08067
2421,40.22827,-54.44703,0.4818037,9.019517
2422,40.24487,-63.67547,0.6183006,10.0131
2423,40.26154,-63.75004,0.1603621,-5.410288
2424,40.27814,-57.93773,0.46827,3.847138
2425,40.29486,-49.41516,0.5646322,6.730536
2426,40.31146,-49.41516,0.5646322,6.730536
2427,40.32819,-28.49517,0.6243004,10.33193
2428,40.34485,-23.08128,0.298288,2.854776
2429,40.36151,-26.09349,0.6121464,9.077917
2430,40.37817,-12.54237,0.9986161,18.90901
2431,40.39484,-14.67175,1.599597,28.61898
2432,40.41156,-14.67175,1.599597,28.61898
2433,40.42816,-6.578465,2.625626,41.56572
2434,40.44482,-8.375459,3.22947,46.64139
2435,40.46149,-10.62839,4.183755,55.29768
2436,40.47821,-8.790874,3.726055,45.71626
2437,40.49481,-9.000079,4.75953,54.76944
2438,40.51147,-9.000079,4.75953,54.76944
2439,40.52844,-6.593451,11.65644,49.7257
2440,40.54474,-4.825476,4.971135,46.28339
2441,40.5614,-7.978953,17.63181,42.04094
2442,40.57806,-9.139112,6.069243,48.93736
2443,40.59491,-8.794117,6.700703,46.25082
2444,40.61145,-8.794117,6.700703,46.25082
2445,40.62811,-9.84685,23.00465,51.78149
2446,40.6449,-7.580943,40.4091,39.8658
2447,40.66144,-6.171737,39.07358,32.45522
2448,40.6781,-6.522888,49.95528,34.30182
2449,40.69482,-4.08777,29.40431,21.4963
2450,40.71143,-4.08777,29.40431,21.4963
2451,40.72815,-3.616568,36.7588,19.0184
2452,40.74475,-3.890342,35.18854,20.45809
2453,40.76135,-5.73512,50.71824,30.15919
2454,40.77814,-6.453371,48.75022,33.93625
2455,40.79492,-4.52271,45.00153,23.78351
2456,40.81152,-4.52271,45.00153,23.78351
