sample,t,vx,vy,vz
0,0.0,0.0,0.0,0.0
1,0.01660156,0.0,0.0,0.0
2,0.03338623,0.0,0.0,0.0
3,0.04992676,0.0,0.0,0.0
4,0.06652832,0.0,0.0,0.0
5,0.08325195,0.0,0.0,0.0
6,0.09985352,0.0,0.0,0.0
7,0.1166382,0.0,0.0,0.0
8,0.1331787,0.0,0.0,0.0
9,0.1497803,0.0,0.0,0.0
10,0.166626,0.0,0.0,0.0
11,0.1832275,0.0,0.0,0.0
12,0.1998901,0.0,0.0,0.0
13,0.2165527,0.0,0.0,0.0
14,0.2332153,0.0,0.0,0.0
15,0.2498169,0.0,0.0,0.0
16,0.2665405,0.0,0.0,0.0
17,0.2832031,0.0,0.0,0.0
18,0.2998047,0.0,0.0,0.0
19,0.3164673,0.0,0.0,0.0
20,0.3331909,0.0,0.0,0.0
21,0.3505249,0.0,0.0,0.0
22,0.366394,0.0,0.0,0.0
23,0.3831787,0.0,0.0,0.0
24,0.3998413,0.0,0.0,0.0
25,0.416626,0.0,0.0,0.0
26,0.4331665,0.0,0.0,0.0
27,0.4498901,0.0,0.0,0.0
28,0.4664917,0.0,0.0,0.0
29,0.4832153,0.0,0.0,0.0
30,0.4997559,0.0,0.0,0.0
31,0.5166016,0.0,0.0,0.0
32,0.5331421,0.0,0.0,0.0
33,0.5498047,0.0,0.0,0.0
34,0.5665283,0.0,0.0,0.0
35,0.5831299,0.0,0.0,0.0
36,0.5998535,0.0,0.0,0.0
37,0.6165161,0.0,0.0,0.0
38,0.6331177,0.0,0.0,0.0
39,0.6497803,0.0,0.0,0.0
40,0.666626,0.0,0.0,0.0
41,0.6831055,0.0,0.0,0.0
42,0.6998901,0.0,0.0,0.0
43,0.7165527,0.0,0.0,0.0
44,0.7333984,0.0,0.0,0.0
45,0.7498779,0.0,0.0,0.0
46,0.7665405,0.0,0.0,0.0
47,0.7831421,0.0,0.0,0.0
48,0.7998657,0.0,0.0,0.0
49,0.8165283,0.0,0.0,0.0
50,0.8331909,0.0,0.0,0.0
51,0.8498535,0.0,0.0,0.0
52,0.866394,0.0,0.0,0.0
53,0.883667,0.0,0.0,0.0
54,0.8998413,0.0,0.0,0.0
55,0.9164429,0.0,0.0,0.0
56,0.9331665,0.0,0.0,0.0
57,0.9498291,0.0,0.0,0.0
58,0.9664307,0.0,0.0,0.0
59,0.9831543,0.0,0.0,0.0
60,0.9997559,0.0,0.0,0.0
61,1.016479,0.0,0.0,0.0
62,1.033081,0.0,0.0,0.0
63,1.049744,0.0,0.0,0.0
64,1.066406,0.0,0.0,0.0
65,1.083069,0.0,0.0,0.0
66,1.099792,0.0,0.0,0.0
67,1.116516,0.0,0.0,0.0
68,1.132996,0.0,0.0,0.0
69,1.149597,0.0,0.0,0.0
70,1.166382,0.0,0.0,0.0
71,1.183167,0.0,0.0,0.0
72,1.199646,0.0,0.0,0.0
73,1.216492,0.0,0.0,0.0
74,1.232971,0.0,0.0,0.0
75,1.249695,0.0,0.0,0.0
76,1.266785,0.0,0.0,0.0
77,1.282959,0.0,0.0,0.0
78,1.299744,0.0,0.0,0.0
79,1.316528,0.0,0.0,0.0
80,1.333069,0.0,0.0,0.0
81,1.34967,0.0,0.0,0.0
82,1.366333,0.0,0.0,0.0
83,1.383179,0.0,0.0,0.0
84,1.39978,0.0,0.0,0.0
85,1.416382,0.0,0.0,0.0
86,1.432983,0.0,0.0,0.0
87,1.449707,0.0,0.0,0.0
88,1.46637,0.0,0.0,0.0
89,1.483032,0.0,0.0,0.0
90,1.499939,0.0,0.0,0.0
91,1.516418,0.0,0.0,0.0
92,1.53302,0.0,0.0,0.0
93,1.549683,0.0,0.0,0.0
94,1.566345,0.0,0.0,0.0
95,1.58313,0.0,0.0,0.0
96,1.599731,0.0,0.0,0.0
97,1.616333,0.0,0.0,0.0
98,1.633118,0.0,0.0,0.0
99,1.650208,0.0,0.0,0.0
100,1.666382,0.0,0.0,0.0
101,1.683044,0.0,0.0,0.0
102,1.699646,0.0,0.0,0.0
103,1.71637,0.0,0.0,0.0
104,1.733032,0.0,0.0,0.0
105,1.749817,0.0,0.0,0.0
106,1.766357,0.0,0.0,0.0
107,1.782959,0.0,0.0,0.0
108,1.799622,0.0,0.0,0.0
109,1.816345,0.0,0.0,0.0
110,1.833008,0.0,0.0,0.0
111,1.84967,0.0,0.0,0.0
112,1.866333,0.0,0.0,0.0
113,1.883179,0.0,0.0,0.0
114,1.899719,0.0,0.0,0.0
115,1.916321,0.0,0.0,0.0
116,1.932922,0.0,0.0,0.0
117,1.949707,0.0,0.0,0.0
118,1.96637,0.0,0.0,0.0
119,1.982971,0.0,0.0,0.0
120,1.999634,0.0,0.0,0.0
121,2.016296,0.0,0.0,0.0
122,2.033264,0.0,0.0,0.0
123,2.049683,0.0,0.0,0.0
124,2.066284,0.0,0.0,0.0
125,2.083069,0.0,0.0,0.0
126,2.09967,-4.194348,50.85156,80.60881
127,2.116272,4.530232,71.21489,98.60529
128,2.132935,1.59041,73.27059,109.8682
129,2.149597,6.807983,93.03679,113.6969
130,2.166321,1.023285,120.912,96.72984
131,2.182983,1.023285,120.912,96.72984
132,2.199585,0.03271338,124.7186,79.11341
133,2.216248,0.03721093,107.5632,90.49178
134,2.23291,-0.3761164,89.35619,87.29102
135,2.249573,-0.002295712,77.45235,72.85954
136,2.266174,-1.017811e-05,49.22789,69.20008
137,2.282898,-1.017811e-05,49.22789,69.20008
138,2.299622,0.0,34.66425,69.18125
139,2.316528,0.2319229,34.35488,64.52622
140,2.332886,0.02066447,41.41708,47.21157
141,2.349548,0.01814749,48.64114,44.11461
142,2.366333,0.01948357,48.43403,47.3822
143,2.382874,0.01948357,48.43403,47.3822
144,2.399536,0.01593552,39.98055,38.75379
145,2.416321,0.01753926,27.78661,42.65396
146,2.432922,0.0182799,23.20199,44.45513
147,2.449524,0.02451685,21.825,59.62286
148,2.466248,0.02824126,23.16686,68.6803
149,2.48291,0.02824126,23.16686,68.6803
150,2.499512,0.02796823,38.92317,68.0163
151,2.516357,0.03110144,48.20077,75.63599
152,2.532898,0.02514645,45.01333,61.15398
153,2.549561,4.211905,48.00672,67.20251
154,2.566833,0.06485758,67.75903,56.51117
155,2.582886,0.06485758,67.75903,56.51117
156,2.599548,0.05655519,70.03078,68.76804
157,2.616272,0.05782587,89.61523,70.31374
158,2.632935,8.318563,87.30967,67.49749
159,2.649536,9.383536,107.1986,68.95173
160,2.666199,4.805693,103.3309,53.08274
161,2.683228,4.805693,103.3309,53.08274
162,2.699646,1.137685,106.0941,78.30262
163,2.716309,0.379638,100.5755,75.52929
164,2.732849,0.4931566,125.1553,96.02731
165,2.749573,4.977301,105.2397,71.57951
166,2.766296,0.3701001,143.0331,80.45147
167,2.783264,0.3701001,143.0331,80.45147
168,2.799683,0.3191511,145.9765,77.61399
169,2.816467,0.2736487,131.8842,66.54861
170,2.832886,0.3108996,152.7505,75.60764
171,2.849731,0.3131572,140.4451,76.15668
172,2.866638,0.3350044,158.828,81.4697
173,2.88385,0.3350044,158.828,81.4697
174,2.899597,0.3463087,179.3868,84.2188
175,2.916382,0.246776,139.9584,60.01345
176,2.932861,0.3170332,177.5718,77.09928
177,2.949463,9.963332,167.0007,60.24153
178,2.966125,1.904101,166.5947,69.39503
179,2.982788,1.904101,166.5947,69.39503
180,2.999451,1.234096,154.5459,58.43242
181,3.016113,0.7352462,158.6878,51.84964
182,3.032837,0.4098426,188.2519,61.79228
183,3.049438,0.3771651,235.2354,57.32318
184,3.066162,0.2649816,195.878,40.27517
185,3.082825,0.2649816,195.878,40.27517
186,3.099426,0.255335,219.1613,38.80897
187,3.116089,0.2758359,234.5942,41.92496
188,3.132813,-0.0696119,198.4572,40.37218
189,3.149475,0.2122169,219.9234,34.9981
190,3.166199,0.2285476,207.7571,37.056
191,3.182739,0.2285476,207.7571,37.056
192,3.199463,0.1417727,190.7017,22.98497
193,3.216064,-2.175236,159.2124,9.776786
194,3.232727,0.05272228,163.4907,15.26203
195,3.249451,0.02453022,163.4993,4.311738
196,3.266052,-0.00836987,163.4168,-1.453477
197,3.282776,-0.00836987,163.4168,-1.453477
198,3.299438,-0.1251788,138.8367,-21.74433
199,3.316101,-0.08192754,119.8781,-14.23132
200,3.332825,-0.09259215,121.8944,-16.08383
201,3.349365,-0.1323139,135.243,-22.98373
202,3.366089,-0.1540399,134.0582,-26.75768
203,3.382813,-0.1540399,134.0582,-26.75768
204,3.399353,-0.1193201,116.1219,-22.1152
205,3.416138,0.04791651,121.3469,-19.212
206,3.432739,-0.1324662,97.53477,-20.24957
207,3.449402,0.3411463,105.109,-9.96475
208,3.466125,7.798039,92.26962,-4.825254
209,3.482727,7.798039,92.26962,-4.825254
210,3.49939,21.84165,66.13795,11.57166
211,3.516113,18.87259,49.48778,16.86808
212,3.532776,13.56459,35.32626,3.481186
213,3.549316,8.355226,16.91474,6.545036
214,3.566101,0.5856047,15.60533,6.145978
215,3.582703,0.5856047,15.60533,6.145978
216,3.599365,0.2085783,-2.389122,13.0984
217,3.616028,0.1290794,-0.9293617,8.478334
218,3.632751,0.2623892,-3.951013,17.2448
219,3.649353,0.4251149,-6.483098,27.93953
220,3.666138,0.3853478,-5.952954,25.32595
221,3.682739,0.3853478,-5.952954,25.32595
222,3.699341,0.5191459,-8.299571,34.11947
223,3.716003,0.6880557,-11.27394,45.22061
224,3.732788,0.85703,-4.873902,56.326
225,3.74939,0.7245105,-5.638865,47.6165
226,3.765991,0.8186484,11.23209,53.80347
227,3.782776,0.8186484,11.23209,53.80347
228,3.799377,0.9881943,21.53997,64.94641
229,3.815979,9.273269,19.04125,62.83886
230,3.832703,4.167175,22.50646,68.82184
231,3.849304,6.820172,17.47815,77.34083
232,3.865967,17.37672,22.14173,72.87665
233,3.88269,17.37672,22.14173,72.87665
234,3.899414,6.126406,4.118167,79.50583
235,3.915955,16.13983,-1.482101,79.17903
236,3.932678,9.005,-11.70098,104.4182
237,3.94928,18.73985,-18.59834,77.99097
238,3.966064,21.09027,-29.06036,84.7963
239,3.982727,21.09027,-29.06036,84.7963
240,3.999268,23.39224,-26.07175,83.07888
241,4.015991,23.56082,-23.81398,99.73344
242,4.032715,13.04225,-1.502722,94.56982
243,4.049316,11.45174,-1.484903,96.90118
244,4.065918,3.797915,6.441246,99.76566
245,4.082764,3.797915,6.441246,99.76566
246,4.099304,12.47622,-4.073713,74.98596
247,4.116028,24.34516,-0.6362615,70.08789
248,4.132629,34.66981,5.946918,74.35007
249,4.149353,30.26892,16.0167,63.32169
250,4.166138,15.9718,22.16168,61.32808
251,4.182678,15.9718,22.16168,61.32808
252,4.19928,19.08645,36.10763,78.38163
253,4.215942,17.29031,26.72312,70.63994
254,4.232605,14.00633,18.94672,68.87018
255,4.249512,15.52618,7.112872,72.10061
256,4.265991,27.93845,-8.578706,74.97668
257,4.282837,27.93845,-8.578706,74.97668
258,4.299316,36.08197,-7.353729,67.29402
259,4.315918,22.24574,-9.394583,53.18202
260,4.332642,29.04132,-8.079945,58.69576
261,4.349304,25.08476,-7.174713,62.59083
262,4.365906,3.485977,-14.88635,55.41545
263,4.382751,3.485977,-14.88635,55.41545
264,4.399292,3.955664,-27.38326,54.93473
265,4.415894,23.88318,-38.9345,60.37641
266,4.432617,17.11218,-35.2468,58.76948
267,4.449585,15.19328,-29.60227,56.08846
268,4.466003,9.672812,-38.54962,55.23074
269,4.482666,9.672812,-38.54962,55.23074
270,4.499268,8.641806,-33.37579,41.74145
271,4.515991,2.492924,-30.86507,38.40157
272,4.532654,3.074385,-39.01444,47.85894
273,4.549255,2.438944,-31.36714,37.96897
274,4.565918,3.852228,-44.17384,52.56011
275,4.582642,3.852228,-44.17384,52.56011
276,4.599243,6.939568,-51.63057,58.92154
277,4.616089,5.926159,-57.21331,63.96215
278,4.632629,7.967289,-52.4913,57.36327
279,4.649231,4.549939,-45.8739,49.26571
280,4.665955,25.36745,-52.25276,53.69959
281,4.682556,25.36745,-52.25276,53.69959
282,4.69928,15.4772,-57.25593,57.13938
283,4.715881,3.848578,-55.80584,55.26957
284,4.732605,15.93907,-63.93029,61.18704
285,4.749207,3.925034,-59.2339,56.31789
286,4.765869,3.632997,-56.6491,52.81726
287,4.782532,3.632997,-56.6491,52.81726
288,4.799316,2.576345,-41.54821,37.45866
289,4.815857,2.301151,-37.69357,33.45748
290,4.832703,4.141157,-39.9923,34.8562
291,4.849304,2.285818,-38.14965,32.92636
292,4.865967,3.61022,-41.55695,33.37724
293,4.882568,3.61022,-41.55695,33.37724
294,4.89917,1.733843,-44.37884,24.90858
295,4.915894,2.214012,-60.24369,31.80836
296,4.932617,2.288425,-50.70079,32.87746
297,4.949219,2.501207,-63.92745,35.93446
298,4.96582,2.774029,-54.03074,39.85405
299,4.983459,2.774029,-54.03074,39.85405
300,4.999207,3.168088,-50.55318,38.35884
301,5.015869,15.19165,-58.17304,42.58961
302,5.032593,3.84966,-47.71311,34.93219
303,5.049133,19.71515,-45.92183,31.89642
304,5.065857,2.956367,-56.04372,39.77954
305,5.082581,2.956367,-56.04372,39.77954
306,5.099182,3.479381,-49.93262,34.28403
307,5.115906,2.040378,-41.32374,28.06127
308,5.132629,2.121009,-43.44587,29.0897
309,5.149292,2.108335,-43.80252,28.91656
310,5.165894,14.25095,-39.31294,24.72392
311,5.182495,14.25095,-39.31294,24.72392
312,5.199097,1.370742,-29.31232,18.68803
313,5.21582,1.359647,-29.40081,18.54287
314,5.232544,1.603141,-35.07664,21.86368
315,5.249146,1.602208,-35.44117,21.85095
316,5.265808,1.419495,-31.77513,19.35911
317,5.28241,1.419495,-31.77513,19.35911
318,5.299133,1.482885,-33.93673,20.22363
319,5.315796,19.02256,-29.22673,15.93912
320,5.33252,4.811679,-26.76924,15.38499
321,5.349182,1.754256,-23.68552,13.69504
322,5.366211,1.648953,-21.36921,12.26866
323,5.382446,1.648953,-21.36921,12.26866
324,5.39917,0.07238328,-17.51184,0.801566
325,5.415771,-1.936709,-19.88379,-0.772168
326,5.432495,-2.879914,-28.30266,-4.107991
327,5.449158,-0.3957004,-22.88654,-5.070832
328,5.465881,-0.3963468,-11.97167,-2.670063
329,5.482422,-0.3963468,-11.97167,-2.670063
330,5.499146,-0.02951668,0.3358827,-0.1908547
331,5.515808,-0.0802141,-4.796951,-1.080044
332,5.53241,6.277938,-21.38882,-5.346524
333,5.549133,17.60967,-41.74143,-10.55407
334,5.565735,8.882484,-64.73174,-5.303881
335,5.582458,8.882484,-64.73174,-5.303881
336,5.600464,1.289025,-72.29211,-0.8096135
337,5.615784,1.624053,-103.0088,3.330472
338,5.632446,0.3157707,-103.4764,3.970234
339,5.649109,-0.2772258,-121.1238,-3.579847
340,5.66571,-2.624798,-143.1564,-9.716492
341,5.682495,-2.624798,-143.1564,-9.716492
342,5.699097,-11.81993,-179.3894,-17.612
343,5.715759,-8.243033,-177.37,-19.54288
344,5.732422,-3.975805,-194.0288,-15.43334
345,5.750305,-1.638588,-198.2966,-17.39755
346,5.765808,-2.091394,-207.1962,-19.3221
347,5.782471,-2.091394,-207.1962,-19.3221
348,5.799133,-1.78987,-198.9646,-24.68832
349,5.815674,-2.033104,-175.8828,-28.04374
350,5.832397,-1.905232,-171.2589,-26.27993
351,5.849121,-18.60543,-155.1502,-20.76653
352,5.865845,-10.02227,-145.3302,-10.81676
353,5.882385,-10.02227,-145.3302,-10.81676
354,5.89917,-1.08173,-135.9892,-8.464372
355,5.915771,-14.29419,-147.2218,-10.16536
356,5.932617,-16.07651,-143.5674,-8.566645
357,5.949097,-16.66128,-134.1885,-12.86036
358,5.965698,-30.17015,-111.6821,-6.421124
359,5.9823,-30.17015,-111.6821,-6.421124
360,5.999084,-17.40589,-64.32381,6.037181
361,6.015625,-28.3027,-58.41208,10.68988
362,6.03241,-17.64685,-40.40964,13.73524
363,6.049072,-17.80151,-37.6288,12.74924
364,6.065735,-23.06784,-26.4343,9.478767
365,6.082458,-23.06784,-26.4343,9.478767
366,6.099121,-4.311181,-15.78954,5.00048
367,6.115784,0.2838429,2.579693,5.093241
368,6.132568,0.4870659,13.32409,8.162105
369,6.14917,0.4990378,13.73298,8.35988
370,6.165771,0.3785048,10.45471,6.340689
371,6.182495,0.3785048,10.45471,6.340689
372,6.199158,0.08676986,5.208242,1.453563
373,6.21582,0.0003800201,0.02281019,0.006366072
374,6.232666,1.774569,0.0001375009,-0.106626
375,6.249084,-0.1967843,-5.712584,-3.452475
376,6.265747,12.7259,-0.6395076,-1.163618
377,6.283386,12.7259,-0.6395076,-1.163618
378,6.299072,0.430605,-17.42459,0.9527653
379,6.315796,1.272092,-7.83361,-1.081421
380,6.332458,0.05859707,-23.21414,0.8538761
381,6.349121,0.257573,-16.00296,-2.039051
382,6.365845,0.6630875,-16.22169,2.51351
383,6.382385,0.6630875,-16.22169,2.51351
384,6.399109,1.42776,-4.458855,1.190075
385,6.41571,4.691957,-2.732011,0.4878776
386,6.432434,25.88221,6.94477,2.587505
387,6.449341,19.1122,3.178615,0.6784014
388,6.465698,20.42627,2.361562,0.06909961
389,6.482361,20.42627,2.361562,0.06909961
390,6.499023,19.082,4.3148,1.31958
391,6.515991,6.999722,9.382209,5.23743
392,6.532349,7.223292,19.73991,11.48389
393,6.549011,0.9105315,23.66682,12.60244
394,6.565674,0.7157776,22.16099,10.15949
395,6.582397,0.7157776,22.16099,10.15949
396,6.59906,1.501003,23.07876,1.418608
397,6.615723,1.704751,28.84875,4.756359
398,6.632385,0.2512543,24.47604,3.347712
399,6.648987,0.7039851,33.69291,9.82115
400,6.66571,0.249946,25.82993,3.4874
401,6.682312,0.249946,25.82993,3.4874
402,6.699036,0.4689437,27.19856,6.54301
403,6.715637,-6.073876,21.37703,5.932179
404,6.732483,0.1436179,27.63476,3.056728
405,6.749084,0.07796179,10.8544,1.098644
406,6.765686,0.197468,18.27327,2.77122
407,6.782349,0.197468,18.27327,2.77122
408,6.79895,-2.829744,13.78685,-4.154689
409,6.815735,-3.504158,5.796181,-1.594161
410,6.832397,-15.81071,11.89063,-3.949939
411,6.848999,-16.57247,0.8857512,-0.001731968
412,6.865723,-25.36505,8.414742,-0.9785562
413,6.882263,-25.36505,8.414742,-0.9785562
414,6.899414,-16.16256,3.892701,-0.1886846
415,6.915833,-3.667714,4.122303,-1.094409
416,6.93219,-14.66175,4.451845,-0.5097699
417,6.949036,-11.72664,-1.187439,-1.795362
418,6.965698,-30.51662,-4.114058,-2.095274
419,6.9823,-30.51662,-4.114058,-2.095274
420,6.999023,-23.96452,21.66164,4.242417
421,7.015625,-33.39315,14.74358,4.799753
422,7.032349,-19.45922,11.37494,1.44803
423,7.049561,-40.96403,5.871356,0.06922698
424,7.065674,-41.07426,3.635873,0.677505
425,7.082397,-41.07426,3.635873,0.677505
426,7.09906,-51.99342,9.673697,-1.197494
427,7.115662,-65.10865,11.05267,-0.6583506
428,7.132324,-46.58025,22.68176,5.700855
429,7.148987,-34.26472,17.59089,-0.7805161
430,7.165588,-35.48403,7.065955,4.833828
431,7.182251,-35.48403,7.065955,4.833828
432,7.198975,-41.76693,2.259908,2.199842
433,7.215576,-41.54582,3.278006,2.655874
434,7.2323,-40.14471,0.05152325,0.7054539
435,7.248901,-55.44713,0.0003105846,0.729808
436,7.265564,-41.78696,1.360246e-06,0.4124002
437,7.282349,-41.78696,1.360246e-06,0.4124002
438,7.29895,-26.6802,0.0,0.1206804
439,7.315552,-0.6562705,0.0,0.002698592
440,7.332214,-0.005445008,0.0,2.238994e-05
441,7.348877,-4.517666e-05,0.0,1.85767e-07
442,7.365479,-1.978572e-07,0.0,8.135911e-10
443,7.382324,-1.978572e-07,0.0,8.135911e-10
444,7.399048,-3.450349,0.0,0.01276908
445,7.415649,-0.01560875,-0.2429111,-0.1348143
446,7.43219,0.004106982,-3.388104,1.14363
447,7.448914,2.475708e-05,-0.02042365,0.006893858
448,7.465515,1.492369e-07,-0.0001231147,4.15565e-05
449,7.482239,1.492369e-07,-0.0001231147,4.15565e-05
450,7.498901,-0.02166224,-13.65828,-5.853384
451,7.515564,-0.6860442,-19.65685,-0.7948282
452,7.53241,-0.9630051,-17.25229,-2.200588
453,7.548828,-0.02567988,-25.26932,-6.918758
454,7.565613,-0.01635444,-18.72729,-5.673012
455,7.582214,-0.01635444,-18.72729,-5.673012
456,7.598877,-0.01577928,-24.44961,-5.481962
457,7.615784,-1.785926,-25.03089,-13.0822
458,7.632263,-4.544178,-33.0827,-19.23584
459,7.648926,-17.74352,-46.94636,-27.69548
460,7.665588,-1.449495,-28.53027,-17.03194
461,7.682251,-1.449495,-28.53027,-17.03194
462,7.698914,-1.351547,-34.23992,-20.91795
463,7.715698,-0.02919758,-37.21921,-22.98874
464,7.732117,-0.0003329899,-33.81359,-21.0952
465,7.749084,0.01159253,-44.59463,-28.20126
466,7.765564,-4.660773,-51.53751,-33.76978
467,7.782227,-4.660773,-51.53751,-33.76978
468,7.798889,-0.03590029,-51.67534,-34.50639
469,7.815613,0.03096467,-35.68352,-25.48374
470,7.832214,0.02981487,-18.3171,-24.17221
471,7.848877,12.12348,6.954342,-20.69713
472,7.865417,0.1220042,23.08668,-26.40821
473,7.882263,0.1220042,23.08668,-26.40821
474,7.89917,0.02454569,16.19604,-29.83499
475,7.91571,-1.734308,28.29969,-38.49892
476,7.932251,0.02332468,8.289791,-35.3606
477,7.949219,0.07052766,25.06219,-43.01979
478,7.965576,0.08018053,12.39208,-48.74859
479,7.982239,0.08018053,12.39208,-48.74859
480,7.99884,-12.84796,27.55183,-49.20282
481,8.015808,-0.07606842,7.905821,-52.88441
482,8.032166,-8.400115,6.544156,-47.77955
483,8.048889,0.111777,6.286307,-66.03024
484,8.065552,-21.53218,-11.95195,-70.30125
485,8.082703,-21.53218,-11.95195,-70.30125
486,8.098816,-22.82795,-16.35547,-72.88278
487,8.115601,-15.66044,-20.87444,-68.02837
488,8.132263,-5.749752,-26.07694,-69.33347
489,8.148987,-2.879785,-19.47464,-77.00645
490,8.165771,-10.96317,-26.69342,-92.70329
491,8.182129,-10.96317,-26.69342,-92.70329
492,8.198853,-12.09689,-33.72388,-96.0123
493,8.215637,-12.34772,-51.84142,-106.7576
494,8.232117,-20.57543,-52.69476,-117.0071
495,8.249023,0.8582116,-37.09563,-107.4917
496,8.265564,1.101044,-29.88275,-107.3739
497,8.282166,1.101044,-29.88275,-107.3739
498,8.298828,0.9148633,1.353369,-88.9916
499,8.315674,1.049881,-11.62549,-102.1251
500,8.332336,0.8126788,-14.39908,-79.05178
501,8.348816,0.7641751,-17.8733,-74.33369
502,8.365784,0.8752307,-19.70174,-85.13641
503,8.382141,0.8752307,-19.70174,-85.13641
504,8.398865,0.738149,5.702012,-71.80205
505,8.41571,0.8805819,-4.530993,-85.65693
506,8.432312,-12.85915,-6.074382,-73.47238
507,8.448914,-20.04373,-8.278482,-69.40582
508,8.465454,-3.407905,-6.441881,-60.80347
509,8.482239,-3.407905,-6.441881,-60.80347
510,8.49884,0.6871706,-6.038128,-57.62934
511,8.515503,0.6519868,-4.547431,-54.67247
512,8.532104,0.6548994,-9.99123,-54.91665
513,8.549194,0.5623941,-13.4962,-47.15962
514,8.56543,1.269424,0.4815124,-24.75758
515,8.582153,1.269424,0.4815124,-24.75758
516,8.598877,0.1548879,2.971592,-11.7569
517,8.615479,4.289467,4.259812,-10.33352
518,8.632263,0.2888624,-6.713559,-25.75674
519,8.648987,0.2303642,-10.55271,-23.32086
520,8.665405,0.3200163,-12.32034,-32.42601
521,8.682373,0.3200163,-12.32034,-32.42601
522,8.698792,0.3179222,-19.6862,-32.21392
523,8.715576,0.2392524,-14.27496,-24.24259
524,8.732117,0.3373023,-16.77734,-34.17764
525,8.748901,0.4234531,-17.90695,-42.90699
526,8.765503,0.4441849,-20.73411,-45.00767
527,8.782104,0.4441849,-20.73411,-45.00767
528,8.799194,-3.252656,-11.27837,-41.84921
529,8.81543,0.4524789,-15.91757,-46.16394
530,8.832092,0.5027896,-10.76933,-48.91727
531,8.848694,0.7144551,-5.169817,-53.75465
532,8.865356,0.6018327,-3.076729,-60.86989
533,8.882141,0.6018327,-3.076729,-60.86989
534,8.898804,0.6380049,-17.44751,-64.64675
535,8.915466,9.586016,-12.45214,-56.42926
536,8.932068,21.75008,-12.27791,-54.60777
537,8.94873,23.90673,-7.040336,-43.95979
538,8.965454,26.95506,-12.40049,-49.38706
539,8.982117,26.95506,-12.40049,-49.38706
540,8.998657,12.74024,-18.7059,-72.84732
541,9.01593,11.2974,-31.66003,-78.39915
542,9.032471,12.06425,-36.49251,-81.21346
543,9.049011,21.25634,-31.49657,-71.189
544,9.065491,18.01673,-25.99415,-60.3038
545,9.082275,18.01673,-25.99415,-60.3038
546,9.098755,27.13482,-10.03018,-42.03495
547,9.115723,24.90087,-7.201017,-44.06638
548,9.132141,27.03173,-14.4999,-50.91366
549,9.148804,16.61887,-4.831608,-46.65613
550,9.165894,31.15613,-12.93044,-34.25357
551,9.18219,31.15613,-12.93044,-34.25357
552,9.198792,46.35182,-6.944343,-21.86228
553,9.215454,65.9902,0.5683217,-28.9527
554,9.232239,87.95174,3.553995,-16.30725
555,9.249084,81.00842,-0.4708152,-14.3564
556,9.265503,78.0895,-1.884998,-24.48026
557,9.282288,78.0895,-1.884998,-24.48026
558,9.298706,61.27195,-0.2249,-33.32727
559,9.315674,54.74029,0.8451247,-25.14886
560,9.332153,49.548,-6.077568,-29.01684
561,9.348816,44.26961,1.312117,-28.41563
562,9.365417,45.65924,2.841662,-26.79512
563,9.382141,45.65924,2.841662,-26.79512
564,9.398682,60.23791,2.22434,-24.39028
565,9.415344,71.49551,2.511199,-23.9729
566,9.43219,73.02483,6.580667,-18.5549
567,9.44873,73.25955,-0.3433446,-22.18921
568,9.465393,55.64697,7.653612,-25.31216
569,9.482056,55.64697,7.653612,-25.31216
570,9.498718,42.41351,4.890177,-24.32956
571,9.515259,33.7053,-6.457877,-27.48709
572,9.532043,30.9228,-5.841109,-22.54448
573,9.549316,32.40829,-8.400191,-30.77392
574,9.565247,40.84308,-9.803029,-36.97355
575,9.58197,40.84308,-9.803029,-36.97355
576,9.598633,30.32721,-7.040059,-27.40109
577,9.615295,39.20779,-3.20977,-17.5445
578,9.632141,34.00042,-5.268278,-23.19488
579,9.648682,28.68521,0.2875305,-34.1744
580,9.665405,24.71071,-8.135798,-31.28331
581,9.682007,24.71071,-8.135798,-31.28331
582,9.699219,9.841464,-9.05509,-31.8829
583,9.715332,3.739899,-11.00123,-37.75914
584,9.731934,-2.909511,-12.71233,-42.92176
585,9.748596,8.496101,-9.650311,-35.39346
586,9.765442,0.963042,-6.923612,-24.58576
587,9.781799,0.963042,-6.923612,-24.58576
588,9.798645,12.16677,7.636724,-8.467084
589,9.815308,14.67983,20.77299,0.8040645
590,9.832092,9.028339,28.9207,3.81367
591,9.848572,8.263833,22.59675,7.830621
592,9.865295,11.93269,20.31446,-1.745237
593,9.881958,11.93269,20.31446,-1.745237
594,9.898621,14.71729,20.9682,-2.313478
595,9.915405,12.67118,21.43627,9.269115
596,9.931885,14.59955,24.76394,18.35858
597,9.948853,7.38429,45.78222,32.25713
598,9.965393,18.78874,63.89456,35.58692
599,9.981934,18.78874,63.89456,35.58692
600,9.998596,7.610259,66.098,33.32268
601,10.01544,6.493644,59.37639,28.43541
602,10.03198,-8.796261,43.36012,26.51597
603,10.04883,4.641183,38.62283,20.90384
604,10.06537,7.574986,30.58734,33.23805
605,10.08264,7.574986,30.58734,33.23805
606,10.09857,13.34974,42.53314,58.56895
607,10.1153,15.52253,46.75783,68.10158
608,10.1319,18.17766,40.68486,78.89419
609,10.14862,14.38146,43.07284,62.97276
610,10.16522,13.15629,28.42436,61.56264
611,10.18207,13.15629,28.42436,61.56264
612,10.19873,5.935174,33.59889,92.0601
613,10.21527,-4.730547,45.09922,95.10612
614,10.23193,7.486774,55.19316,123.4213
615,10.24866,-0.6226383,52.65664,122.2869
616,10.2652,7.677181,58.08229,123.7953
617,10.28204,7.677181,58.08229,123.7953
618,10.29858,11.82773,38.96622,121.9534
619,10.31525,1.921763,32.54784,109.7372
620,10.33203,19.84569,26.54274,115.8906
621,10.34857,25.15278,23.32993,128.6973
622,10.36511,25.15278,23.32993,128.6973
623,10.38202,24.3445,19.75301,120.8237
624,10.3985,21.0232,21.14802,119.8677
625,10.41522,21.62143,29.53001,112.502
626,10.43195,13.47307,29.86305,101.1987
627,10.44849,18.56151,30.15892,96.34243
628,10.46521,21.63794,36.36193,105.958
629,10.48193,21.63794,36.36193,105.958
630,10.49847,22.34099,51.37312,109.3758
631,10.5152,22.97249,54.2915,112.4674
632,10.53186,22.57455,54.71024,110.5192
633,10.54852,25.89626,59.20685,126.7814
634,10.56525,16.96049,36.93185,83.03419
635,10.58185,16.96049,36.93185,83.03419
636,10.59875,21.61314,41.44304,105.5453
637,10.61542,18.86566,32.83752,92.16785
638,10.6319,21.45964,31.19898,104.841
639,10.6485,14.65644,16.47588,79.66881
640,10.66516,14.65644,16.47588,79.66881
641,10.68188,12.59057,43.10609,89.46931
642,10.69843,15.83259,30.063,77.79735
643,10.71533,14.91457,31.31862,73.17189
644,10.73181,14.46933,44.61479,70.98695
645,10.74847,2.107788,40.86948,67.91531
646,10.76532,-4.235363,29.63504,36.7352
647,10.78186,-4.235363,29.63504,36.7352
648,10.7984,-21.22819,15.75583,16.44641
649,10.81512,-2.205147,11.50832,9.282226
650,10.83185,-22.01014,8.635572,10.97158
651,10.84845,-8.784153,8.442161,-2.862918
652,10.86523,-6.641848,4.204979,-1.313435
653,10.8819,-6.641848,4.204979,-1.313435
654,10.8985,-9.432583,-24.43145,-41.94269
655,10.91522,-23.81394,-59.27779,-75.21947
656,10.93188,-46.26545,-69.51166,-86.41112
657,10.94843,-63.64608,-85.17406,-102.9668
658,10.96521,-61.46568,-84.87745,-110.3186
659,10.98181,-61.46568,-84.87745,-110.3186
660,10.99854,-61.26329,-104.1732,-129.1136
661,11.0152,-54.81062,-139.4739,-165.654
662,11.03198,-47.20403,-136.4863,-179.1742
663,11.04846,-54.43097,-123.1635,-154.6281
664,11.06512,-54.43097,-123.1635,-154.6281
665,11.08179,-35.1654,-133.6561,-181.8859
666,11.09845,-36.77632,-118.2636,-153.7323
667,11.11511,-37.41748,-102.16,-139.6779
668,11.13171,-29.06914,-117.348,-171.5744
669,11.14874,-27.44573,-105.2745,-162.864
670,11.16516,-27.44573,-105.2745,-162.864
671,11.18188,-33.65803,-117.9761,-199.7329
672,11.1991,-28.79752,-92.76697,-170.8897
673,11.21515,-28.70422,-87.35791,-170.336
674,11.23193,-23.56782,-80.06882,-139.8557
675,11.24847,-24.28732,-73.49065,-144.1254
676,11.26508,-24.28732,-73.49065,-144.1254
677,11.28186,-13.87544,-43.49573,-101.4877
678,11.29877,4.06202,-41.15253,-107.1591
679,11.31506,2.918545,-29.77551,-80.72806
680,11.33173,-2.516894,-37.91883,-92.57746
681,11.34857,-5.91962,-31.31391,-90.23872
682,11.36511,-5.91962,-31.31391,-90.23872
683,11.38165,-3.088746,-24.32602,-75.59531
684,11.39868,0.7711939,-23.58934,-75.88888
685,11.4151,-1.838316,-22.64195,-75.82861
686,11.43182,6.453033,-22.03369,-77.80708
687,11.44836,3.259569,-28.51911,-68.8979
688,11.46509,3.259569,-28.51911,-68.8979
689,11.48199,3.649766,-19.14964,-51.73914
690,11.49835,0.4184953,-26.60237,-46.28321
691,11.51501,6.774374,-16.30077,-52.35486
692,11.53186,-2.986495,-17.01274,-57.18725
693,11.5484,7.356482,-11.72176,-44.15862
694,11.565,7.356482,-11.72176,-44.15862
695,11.58179,26.80272,-8.779972,-11.68704
696,11.59839,30.68098,-0.2002345,-6.259852
697,11.61505,37.54002,-0.001661325,-7.82888
698,11.63196,32.35255,-1.378384e-05,-6.872039
699,11.64838,25.24575,-16.85888,-12.1693
700,11.66504,25.24575,-16.85888,-12.1693
701,11.68207,14.16248,-19.27905,-24.62711
702,11.69836,15.30249,-8.172748,-32.91782
703,11.71503,24.52722,-4.318823,-25.23013
704,11.73175,27.88891,-0.4488299,-8.615664
705,11.74847,20.88342,-0.005125502,-4.929325
706,11.76501,20.88342,-0.005125502,-4.929325
707,11.78229,-3.367608,-9.909501,-14.58579
708,11.79828,-5.313479,-11.45966,-22.50601
709,11.81506,-3.030857,-26.85543,-12.83373
710,11.83173,-4.892286,-29.44415,-20.7155
711,11.84839,6.630549,-39.96443,-2.518986
712,11.86499,6.630549,-39.96443,-2.518986
713,11.88165,0.620775,-63.46589,2.607104
714,11.89832,2.633587,-70.73119,11.1104
715,11.91498,2.420492,-79.36277,16.35334
716,11.93195,-0.5660899,-95.3254,4.009534
717,11.94843,-7.093615,-90.52913,12.91115
718,11.96497,-7.093615,-90.52913,12.91115
719,11.98169,0.08995789,-83.55703,0.383766
720,11.99872,2.832529,-72.26553,12.01593
721,12.01508,2.833347,-82.50422,20.73656
722,12.03174,-2.183472,-84.4165,21.66054
723,12.04834,-3.631001,-85.31702,20.25575
724,12.06506,-3.631001,-85.31702,20.25575
725,12.08173,2.049831,-83.97528,21.52003
726,12.09839,-11.27609,-76.56501,23.72704
727,12.11493,-8.484096,-73.01328,22.84074
728,12.13177,-9.254537,-66.94852,21.44965
729,12.14832,-3.413786,-51.8972,14.0977
730,12.16498,-3.413786,-51.8972,14.0977
731,12.1817,-1.507041,-27.71468,11.14664
732,12.1983,0.963227,-12.12303,4.47034
733,12.21515,0.06319943,-4.194322,1.601505
734,12.23163,-0.6214731,-0.1808054,0.7642227
735,12.24841,1.984943,1.278233,8.854933
736,12.26489,1.984943,1.278233,8.854933
737,12.2818,-1.003615,12.15068,-4.459872
738,12.29877,-0.05323832,7.661952,-0.2370771
739,12.31494,-1.241033,14.99004,-5.528625
740,12.3316,-1.761882,21.06587,-7.848933
741,12.34827,-1.758774,20.84964,-7.835086
742,12.36548,-2.150801,25.22046,-9.581513
743,12.38159,-2.150801,25.22046,-9.581513
744,12.39838,-1.58863,37.75769,-7.07712
745,12.41492,-2.010694,41.57302,-8.957353
746,12.43158,-0.9977556,51.97403,-4.436322
747,12.4483,-1.187106,55.09138,-5.27823
748,12.46503,-1.187106,55.09138,-5.27823
749,12.48175,4.908539,59.24329,11.16214
750,12.49835,12.04541,61.14102,5.765582
751,12.51489,14.50842,47.16109,5.507836
752,12.53162,7.499093,55.58611,8.055424
753,12.54828,8.198719,47.46484,0.3378385
754,12.56494,8.198719,47.46484,0.3378385
755,12.58154,17.35731,14.04906,-5.199572
756,12.59827,19.09263,0.3375993,-4.690035
757,12.61487,29.59107,0.001478561,-7.169063
758,12.63171,27.05821,1.226747e-05,-6.649211
759,12.64819,27.63358,7.394887e-08,-6.887069
760,12.66492,27.63358,7.394887e-08,-6.887069
761,12.68176,20.37097,0.0,-5.219604
762,12.6983,31.16212,-8.419462,-5.402853
763,12.7149,35.68878,-5.0052,-24.24685
764,12.73157,38.145,-10.01773,-7.586956
765,12.74835,45.53045,-11.13787,-14.87217
766,12.76489,45.53045,-11.13787,-14.87217
767,12.78168,28.41186,-18.77601,-12.30024
768,12.79822,27.48031,-29.00023,-12.11515
769,12.81494,2.386426,-35.69308,-9.594151
770,12.83185,-3.025085,-41.60991,-10.67392
771,12.84827,-2.405904,-38.43247,-8.328486
772,12.86493,-2.405904,-38.43247,-8.328486
773,12.88153,-3.042999,-25.83554,-10.53236
774,12.89838,-0.4362043,-31.1333,-1.50978
775,12.9151,-1.510345,-29.7235,-5.22757
776,12.93158,-3.018975,-24.29955,0.08675467
777,12.94818,-0.6248279,-17.73738,0.743035
778,12.9649,-0.6248279,-17.73738,0.743035
779,12.98163,-9.741196,-13.50847,-4.199784
780,12.99817,-3.278128,-14.3736,-11.03859
781,13.01489,-0.9867673,-7.994831,-3.44382
782,13.03156,0.3034106,-20.31401,1.059973
783,13.04834,-3.2694,-22.91953,-11.42157
784,13.06488,-3.2694,-22.91953,-11.42157
785,13.08148,0.2798047,-11.93191,-9.056702
786,13.09839,-0.4749683,-24.34462,-1.737289
787,13.11511,-0.03133342,-19.55074,-0.1096243
788,13.13153,1.846865,-17.22751,6.43198
789,13.14832,7.832681,-8.642861,1.332586
790,13.16486,7.832681,-8.642861,1.332586
791,13.18146,3.124714,1.472676,10.86475
792,13.19836,1.249327,5.39734,22.84925
793,13.21484,3.808895,1.884835,13.37676
794,13.23163,5.875247,6.39284,20.46191
795,13.24841,3.940388,10.04753,13.72299
796,13.26483,3.940388,10.04753,13.72299
797,13.2818,2.782452,23.35493,9.6903
798,13.29816,2.031686,20.2815,7.075649
799,13.31488,4.618122,21.70642,16.08329
800,13.33154,3.576097,14.18217,12.45429
801,13.34821,4.630949,16.97994,16.12797
802,13.36481,4.630949,16.97994,16.12797
803,13.38147,5.819925,21.57388,20.33854
804,13.39819,3.723416,24.86904,13.00774
805,13.41479,6.622265,25.86224,23.13473
806,13.43158,8.559715,19.42861,29.90316
807,13.44812,11.23724,7.921296,39.25704
808,13.46472,11.23724,7.921296,39.25704
809,13.48151,8.362588,11.79682,43.521
810,13.49829,-0.7361537,7.668332,40.85075
811,13.51477,8.588954,7.409505,36.18717
812,13.53168,6.154507,7.692272,37.35004
813,13.54816,6.126713,7.934983,37.60648
814,13.56494,6.126713,7.934983,37.60648
815,13.58167,9.785327,9.685139,46.18291
816,13.59808,18.15361,15.9389,67.42082
817,13.61536,15.7134,14.0747,57.50449
818,13.63184,18.64702,15.11741,66.9166
819,13.64807,16.75284,8.494713,61.11726
820,13.66479,16.75284,8.494713,61.11726
821,13.68164,21.18081,20.37078,76.11977
822,13.69812,21.88903,20.17958,80.38067
823,13.71497,14.55176,10.71496,58.73266
824,13.73145,14.8623,13.52295,76.45191
825,13.74823,13.99371,12.81055,64.591
826,13.76477,13.99371,12.81055,64.591
827,13.78143,13.31458,17.3412,53.58596
828,13.7981,4.831468,11.59352,34.62766
829,13.81476,7.510143,13.74678,39.76407
830,13.83148,9.44127,13.64777,38.28084
831,13.84827,11.57799,16.20749,44.41845
832,13.86493,11.57799,16.20749,44.41845
833,13.88153,5.925133,30.52594,45.80962
834,13.89807,9.395367,16.16601,41.60736
835,13.91486,7.222584,17.96367,46.48234
836,13.9314,6.644223,14.88848,37.62661
837,13.94818,6.838638,17.79501,44.37321
838,13.96497,6.838638,17.79501,44.37321
839,13.98138,7.490112,19.60911,47.03403
840,13.99805,10.72026,18.78548,43.26248
841,14.01471,8.149008,14.07184,31.87064
842,14.03143,7.798643,14.37319,32.22721
843,14.04803,7.575393,13.01537,28.70344
844,14.06476,7.575393,13.01537,28.70344
845,14.08148,4.174703,7.470772,16.27056
846,14.09814,4.684533,8.757971,18.99561
847,14.11475,3.997614,7.089549,15.21612
848,14.13141,7.02768,12.56787,26.74045
849,14.14825,8.239324,14.87837,31.35075
850,14.16467,8.239324,14.87837,31.35075
851,14.18158,6.382318,16.50436,23.1921
852,14.19806,6.769884,15.66066,25.70774
853,14.21484,1.723337,4.78042,6.546299
854,14.23151,0.01038618,0.02883459,0.03945312
855,14.24799,-0.8099932,-1.514038,-3.076889
856,14.26477,-0.8099932,-1.514038,-3.076889
857,14.28137,-5.702217,-10.49155,-21.66079
858,14.29816,-7.088557,-12.90419,-26.92702
859,14.3147,-14.28826,-17.51008,-35.81692
860,14.3313,-12.96009,-11.92308,-49.20195
861,14.34845,-15.8175,-10.91404,-60.18536
862,14.36475,-15.8175,-10.91404,-60.18536
863,14.38141,-31.40497,-34.19595,-106.2644
864,14.39813,-30.62095,-34.69746,-107.1633
865,14.41467,-22.06237,-33.03084,-82.90494
866,14.43134,-21.28687,-27.47906,-81.38863
867,14.44806,-28.77232,-27.74657,-106.7394
868,14.46478,-28.77232,-27.74657,-106.7394
869,14.48138,-27.25683,-34.95251,-104.4105
870,14.49841,-21.4661,-26.27991,-82.22878
871,14.51477,-20.45111,-28.62297,-94.78858
872,14.53137,-20.69656,-23.14269,-79.21967
873,14.54797,-21.33087,-23.65388,-84.85312
874,14.56488,-21.33087,-23.65388,-84.85312
875,14.5813,-22.88348,-23.46035,-93.2806
876,14.59808,-24.82963,-22.48944,-94.34686
877,14.61469,-22.58705,-19.63245,-85.8007
878,14.63141,-18.99137,-15.44597,-72.14178
879,14.64801,-19.16,-14.87955,-72.78233
880,14.66467,-19.16,-14.87955,-72.78233
881,14.68127,-18.66061,-13.16163,-70.88531
882,14.69794,-20.95471,-13.88119,-79.59983
883,14.7146,-20.20196,-14.41157,-76.74039
884,14.73132,-18.98824,-27.86536,-72.12988
885,14.74799,-14.38748,-23.6595,-54.65316
886,14.76465,-14.38748,-23.6595,-54.65316
887,14.78119,0.1012909,-14.97447,-39.67102
888,14.79803,-11.25306,-6.079143,-48.35326
889,14.81464,-11.28066,-10.07538,-44.9169
890,14.83136,-12.34491,-17.27891,-46.6861
891,14.8479,-9.51265,-24.8724,-35.95522
892,14.86462,-9.51265,-24.8724,-35.95522
893,14.88153,-7.79513,-17.66616,-29.51244
894,14.89789,-5.138513,-22.95515,-29.75888
895,14.91473,-9.811255,-28.01992,-37.16912
896,14.93127,-9.326028,-29.74216,-35.25024
897,14.94794,-5.989766,-36.28776,-22.63961
898,14.96466,-5.989766,-36.28776,-22.63961
899,14.98126,-5.295282,-40.55291,-33.41025
900,14.99792,3.582416,-44.23339,-41.39737
901,15.01459,3.723629,-52.7906,-39.69173
902,15.03156,-0.06901329,-69.01723,-36.10431
903,15.04791,-6.853206,-69.64758,-33.36723
904,15.06476,-6.853206,-69.64758,-33.36723
905,15.0813,6.38236,-63.6069,-35.05654
906,15.0979,7.117021,-48.89451,-25.90791
907,15.11456,6.412174,-41.83714,-22.93651
908,15.13129,-2.974649,-35.58512,-28.70892
909,15.14795,-2.463193,-33.10855,-19.74075
910,15.16467,-2.463193,-33.10855,-19.74075
911,15.18127,3.960477,-34.15585,-21.82767
912,15.19788,4.865186,-28.1562,-20.98798
913,15.21466,3.384802,-25.85624,-21.41803
914,15.23126,-1.76809,-15.45009,-19.63437
915,15.24841,1.844105,-12.36362,-11.22384
916,15.26471,1.844105,-12.36362,-11.22384
917,15.28125,0.9105417,0.04824675,-3.353697
918,15.29791,6.292313,0.002792967,-1.904642
919,15.31464,9.275255,1.223217e-05,-2.639062
920,15.33136,11.00829,0.4987675,-3.296008
921,15.34784,7.872169,7.630352,-4.559937
922,15.3645,7.872169,7.630352,-4.559937
923,15.38129,4.113195,5.521848,-0.8850974
924,15.39795,12.58218,12.2488,7.493465
925,15.41553,12.61969,15.31043,6.235246
926,15.43109,7.888795,21.12639,11.95666
927,15.44781,11.57953,29.40624,6.329353
928,15.46448,11.57953,29.40624,6.329353
929,15.48114,9.71246,21.69309,0.1436652
930,15.4978,17.69255,15.00718,-7.41867
931,15.51447,12.13427,4.687858,-5.201722
932,15.53113,6.682751,10.14448,-15.07093
933,15.54803,10.70643,1.078698,-12.38023
934,15.56464,10.70643,1.078698,-12.38023
935,15.58124,12.34503,3.70539,-16.68643
936,15.59784,21.6521,3.553087,-13.63774
937,15.6145,21.47718,14.46768,-17.07735
938,15.63116,25.74419,10.66237,-13.94132
939,15.64807,20.91893,8.327437,-17.25558
940,15.66443,20.91893,8.327437,-17.25558
941,15.68115,19.8875,12.8666,-13.71996
942,15.69781,19.10507,0.07756045,-6.442105
943,15.71454,15.69864,0.0003396863,-5.301517
944,15.7312,13.23254,1.487701e-06,-4.498872
945,15.74786,12.3038,8.967933e-09,-4.205704
946,15.76453,12.3038,8.967933e-09,-4.205704
947,15.78125,11.37636,0.0,-3.946245
948,15.79846,20.49172,0.0,-7.174336
949,15.81451,22.47037,0.0,-7.929364
950,15.83112,19.04993,0.0,-6.784083
951,15.84802,26.32404,0.0,-9.496697
952,15.8645,26.32404,0.0,-9.496697
953,15.88116,30.79563,-0.002271264,-11.39618
954,15.89771,25.564,-0.1305072,-9.535543
955,15.91455,24.54206,-2.56867,-8.417315
956,15.93115,21.26927,-7.560186,-5.547041
957,15.94788,14.30389,-10.07654,-11.07048
958,15.96466,14.30389,-10.07654,-11.07048
959,15.9812,10.33767,-2.656274,-12.52059
960,16.00085,13.40851,-7.67228,-22.06821
961,16.01465,17.56343,-8.130161,-9.053736
962,16.03131,15.72155,-16.601,-6.752895
963,16.04773,13.95576,-5.619186,-15.89816
964,16.06445,13.95576,-5.619186,-15.89816
965,16.08112,-0.785974,-5.045647,-15.19229
966,16.09772,10.96433,-10.05852,-12.45941
967,16.11444,-3.871335,-12.17828,-13.21122
968,16.1311,-4.429894,-13.7984,-11.18884
969,16.14764,-5.45907,-9.804789,-13.35155
970,16.16443,-5.45907,-9.804789,-13.35155
971,16.18152,-5.089485,-2.553284,-12.92692
972,16.19775,-8.145278,-0.9515366,-20.35851
973,16.21448,-4.773684,-9.411061,-11.63714
974,16.23114,-4.464732,-14.43919,-10.88006
975,16.24774,-4.659212,-12.6142,-11.35396
976,16.26447,-4.659212,-12.6142,-11.35396
977,16.28113,-5.15039,-9.974934,-12.55091
978,16.29779,-6.594298,-9.771021,-16.06955
979,16.31445,-8.068786,-10.34378,-19.6627
980,16.33105,-4.157015,-14.5262,-10.13017
981,16.34778,-6.371,-13.27804,-15.52539
982,16.3645,-6.371,-13.27804,-15.52539
983,16.38104,-4.156019,-8.336457,-10.12774
984,16.38519,-3.921029,-1.869842,-9.555097
985,16.39777,-4.480695,-1.080779,-10.91894
986,16.41449,-5.078085,-11.97189,-12.37471
987,16.43109,-5.965192,-14.17263,-14.53649
988,16.44775,-5.965192,-14.17263,-14.53649
989,16.46442,-2.860482,-11.36582,-6.970664
990,16.48108,-3.634683,-4.051174,-8.857305
991,16.4978,-1.744937,-3.297172,-4.252211
992,16.5144,-0.9073455,-4.363834,-2.211097
993,16.53119,-0.2306341,-4.652983,-0.5620288
994,16.54779,-0.2306341,-4.652983,-0.5620288
995,16.56445,-0.05245051,0.005134393,-0.1278159
996,16.58112,-1.549847,3.095036e-05,0.6343508
997,16.59772,-3.086494,6.695734e-07,1.263589
998,16.61444,-0.4943268,5.555381e-09,0.2021396
999,16.63098,-3.266942,0.0,1.332781
1000,16.64789,-3.266942,0.0,1.332781
1001,16.66437,-2.883309,0.5431908,-6.116407
1002,16.68115,-1.172982,0.004506797,0.4163689
1003,16.69775,-0.0133951,5.146626e-05,0.004754806
1004,16.71472,-8.074628e-05,3.10241e-07,2.86622e-05
1005,16.73102,-6.699434e-07,2.574037e-09,2.378073e-07
1006,16.74774,-6.699434e-07,2.574037e-09,2.378073e-07
1007,16.76434,-3.117959,0.0,1.263038
1008,16.78107,-12.29808,0.0,4.964114
1009,16.79767,-6.291024,0.0,2.533354
1010,16.81439,-5.252306,-0.05414036,2.836404
1011,16.83099,-8.420724,1.81775,2.842245
1012,16.84778,-8.420724,1.81775,2.842245
1013,16.86481,-19.42377,6.605223e-05,7.636768
1014,16.88104,-22.25546,-0.07538881,9.67102
1015,16.89771,-29.35056,8.988027,8.697161
1016,16.91437,-37.60932,0.05418025,14.20277
1017,16.93103,-40.73969,0.0003266011,15.15323
1018,16.94775,-40.73969,0.0003266011,15.15323
1019,16.96442,-36.79238,1.633681e-08,13.18784
1020,16.98108,-45.82905,0.3598967,16.0057
1021,16.99774,-49.94553,6.623339,15.24542
1022,17.01434,-59.30631,3.558622,18.71998
1023,17.03101,-58.94417,4.3291,8.420842
1024,17.04773,-58.94417,4.3291,8.420842
1025,17.06433,-54.45979,1.88931,16.11639
1026,17.08124,-74.24478,9.413719,19.42826
1027,17.09778,-63.28828,2.892838,17.40321
1028,17.11438,-67.84261,16.50797,14.0598
1029,17.13098,-76.52442,9.718699,17.52491
1030,17.14777,-76.52442,9.718699,17.52491
1031,17.16431,-54.41062,1.28562,12.77761
1032,17.16516,-53.34912,1.956527,12.10321
1033,17.18109,-29.28699,2.604817,6.062671
1034,17.19757,-20.59315,9.232138,2.04807
1035,17.21429,-10.83514,9.473004,-0.2804856
1036,17.23102,-10.83514,9.473004,-0.2804856
1037,17.24792,-0.004304134,0.0003442239,0.0008775731
1038,17.26428,-0.04174167,0.6652346,-0.1836033
1039,17.28101,-0.2193966,3.495165,-0.9662181
1040,17.29761,-0.08631852,1.37299,-0.3801455
1041,17.31445,-0.06003369,0.9534205,-0.2643875
1042,17.33112,-0.06003369,0.9534205,-0.2643875
1043,17.3476,4.245892,0.2585061,-1.066721
1044,17.36432,1.22496,7.439414,-2.460659
1045,17.38104,3.994961,7.278449,-10.57713
1046,17.39771,0.6173704,9.017306,-2.901434
1047,17.41437,5.573803,0.1879287,-2.714864
1048,17.43103,5.573803,0.1879287,-2.714864
1049,17.44775,0.8624849,1.780587e-05,-0.1997103
1050,17.46436,11.07653,7.798319e-08,-2.572654
1051,17.48096,0.06676985,2.831251e-10,-0.01550808
1052,17.49756,-0.06211448,0.9651198,-0.2699467
1053,17.51465,-0.0002720386,0.00422687,-0.001182267
1054,17.53088,-0.0002720386,0.00422687,-0.001182267
1055,17.54767,-0.1790228,0.1923043,-0.7707806
1056,17.56433,-1.01898,0.05895575,-0.4737127
1057,17.58093,-7.570521,0.4049046,1.23409
1058,17.59766,-18.66614,6.173612,2.41443
1059,17.61432,-22.73838,6.330702,3.234327
1060,17.63092,-22.73838,6.330702,3.234327
1061,17.64758,-23.56674,13.39872,1.144947
1062,17.66431,-16.74021,9.872455,0.6609981
1063,17.68103,-29.7246,5.373673,4.690463
1064,17.69769,-31.23708,3.73561,5.365522
1065,17.71429,-37.89396,1.890668,6.380011
1066,17.73096,-37.89396,1.890668,6.380011
1067,17.74774,-47.57627,3.984595,7.781214
1068,17.76428,-64.0642,14.0438,-1.847855
1069,17.78119,-67.79683,4.905645,9.919551
1070,17.79779,-68.20379,7.167626,8.77206
1071,17.81445,-35.60883,0.1024976,5.47376
1072,17.83093,-35.60883,0.1024976,5.47376
1073,17.84766,-1.356928,0.001551541,0.2041599
1074,17.86426,-0.01126353,1.287298e-05,0.001694684
1075,17.88098,0.1034239,-0.0589794,0.6864495
1076,17.89752,0.2795981,-0.158533,1.854049
1077,17.91425,0.001685488,-0.0009510387,0.01117668
1078,17.93091,0.001685488,-0.0009510387,0.01117668
1079,17.94763,0.003140676,-0.001754842,0.02082618
1080,17.96442,1.893214e-05,-1.057827e-05,0.0001255412
1081,17.98083,1.141238e-07,-6.376632e-08,7.567681e-07
1082,17.99792,1.30326e-09,-7.281921e-10,8.642062e-09
1083,18.01453,0.0,0.0,0.0
1084,18.03094,0.0,0.0,0.0
1085,18.04755,-0.005309292,0.0,0.0007961987
1086,18.06421,-2.325275e-05,0.0,3.487058e-06
1087,18.08112,-1.929375e-07,0.0,2.885242e-08
1088,18.09784,0.0,0.0,0.0
1089,18.1142,-7.069985,0.0,1.051322
1090,18.13086,-7.069985,0.0,1.051322
1091,18.14771,-13.88579,0.0,2.024012
1092,18.16443,-15.09869,0.0,2.169112
1093,18.18091,-20.1882,0.0,2.832534
1094,18.19763,-25.16299,0.0,3.446162
1095,18.21417,-30.28036,6.366349,2.091585
1096,18.23102,-30.28036,6.366349,2.091585
1097,18.24756,-24.88991,0.6602466,2.91714
1098,18.26422,-28.14027,3.566307,2.32487
1099,18.28088,-30.03821,0.7356192,3.275476
1100,18.29755,-45.44307,9.164304,2.238831
1101,18.31427,-46.21725,4.528148,3.46532
1102,18.33093,-46.21725,4.528148,3.46532
1103,18.3476,-39.60895,-0.05759263,8.625119
1104,18.3642,-35.14674,0.06705929,4.041774
1105,18.38086,-20.74513,0.06551422,2.12438
1106,18.39752,-11.41371,0.1659,1.06777
1107,18.41418,-10.51875,0.3482965,1.237609
1108,18.43085,-10.51875,0.3482965,1.237609
1109,18.44763,0.003880345,-0.004500443,0.0557619
1110,18.46436,2.339091e-05,-2.712888e-05,0.0003361354
1111,18.48083,-0.1123222,4.652657,-1.419739
1112,18.4975,-0.0006770832,0.02804644,-0.008558255
1113,18.51428,0.5706839,2.528657,-0.8229827
1114,18.53088,0.5706839,2.528657,-0.8229827
1115,18.54791,1.506642e-05,6.675816e-05,-2.172727e-05
1116,18.56427,-0.01690469,0.6945904,-0.2125628
1117,18.58075,0.442745,0.007932012,-0.03783686
1118,18.59753,0.00193906,3.47393e-05,-0.0001657115
1119,18.61414,2.286109,1.521454e-07,-0.1837028
1120,18.63086,2.286109,1.521454e-07,-0.1837028
1121,18.64752,7.393979,0.0,-0.6033321
1122,18.66418,9.751814,0.0,-0.8037999
1123,18.68079,9.452629,0.0,-0.7908806
1124,18.69775,16.83696,0.0,-1.443576
1125,18.71411,19.03064,0.0,-1.671081
1126,18.73077,19.03064,0.0,-1.671081
1127,18.74774,23.55731,0.0,-2.205298
1128,18.76422,29.5141,-4.526441,-1.491234
1129,18.78088,44.94337,-0.05169058,-4.620581
1130,18.79785,43.0467,-0.0002263858,-4.745113
1131,18.81415,60.84413,-0.1418898,-7.195619
1132,18.83087,60.84413,-0.1418898,-7.195619
1133,18.84772,66.25756,-9.768693e-06,-9.157489
1134,18.86407,66.7039,-0.8178107,-8.092809
1135,18.88074,48.45815,-2.04265,2.439446
1136,18.8974,28.54378,-0.01231319,-4.592629
1137,18.91412,6.098466,-0.2555939,-0.9251877
1138,18.93103,6.098466,-0.2555939,-0.9251877
1139,18.94751,-2.424485,0.05505783,-0.3034315
1140,18.96417,-14.68796,0.0003318912,2.384049
1141,18.9809,-17.62487,0.515089,-3.682302
1142,18.99738,-7.017292,-0.2722104,1.165728
1143,19.01416,-13.59152,-0.001192182,2.147133
1144,19.03076,-13.59152,-0.001192182,2.147133
1145,19.04736,-7.937662,-3.147435e-08,1.230436
1146,19.06415,-8.458717,0.7542783,-8.185652
1147,19.08069,-3.236336,-5.9034,-4.783823
1148,19.09735,-5.12098,0.9951286,-11.82702
1149,19.11407,-6.175439,1.451259,-16.34561
1150,19.13092,-6.175439,1.451259,-16.34561
1151,19.1474,-4.252713,1.538838,-16.75338
1152,19.16412,-7.233436,2.574654,-26.98438
1153,19.18066,-5.123185,2.798931,-28.57274
1154,19.19739,-4.407594,3.018769,-29.68856
1155,19.21411,-4.022961,2.7819,-26.37121
1156,19.23065,-4.022961,2.7819,-26.37121
1157,19.24738,9.949272,0.679384,-7.859428
1158,19.2641,-2.567166,8.358711,-17.93308
1159,19.28076,1.774443,1.764832,-15.9859
1160,19.29736,-3.26299,2.561555,-22.11186
1161,19.31421,-3.643664,1.985253,-24.43595
1162,19.33075,-3.643664,1.985253,-24.43595
1163,19.34747,-2.125769,1.083296,-14.25519
1164,19.36407,-1.721298,1.23697,-11.54285
1165,19.38104,-3.454744,2.943302,-23.16716
1166,19.39734,-2.464564,-1.083953,-16.52712
1167,19.414,-2.650932,-6.707047,-17.77688
1168,19.43079,-2.650932,-6.707047,-17.77688
1169,19.44751,-2.176584,-4.661558,-14.61325
1170,19.46399,-1.346275,-6.814918,-9.053305
1171,19.46515,-2.236488,-8.292661,-15.04005
1172,19.48065,-0.1864471,-0.7859933,-1.253829
1173,19.4975,0.4804442,-12.53898,3.230916
1174,19.51398,0.4804442,-12.53898,3.230916
1175,19.53076,-3.644724,-5.697053,2.216338
1176,19.54749,-5.353973,-11.03224,4.017089
1177,19.56396,0.8373371,-17.23727,11.40218
1178,19.58063,0.7099519,-18.03521,6.95315
1179,19.59735,2.311806,-18.2556,17.92575
1180,19.61444,2.311806,-18.2556,17.92575
1181,19.63074,-8.764296,-25.12086,27.00725
1182,19.64728,-1.589904,-34.17945,22.07058
1183,19.66388,-5.412349,-35.09068,23.69392
1184,19.68073,-2.860357,-52.75397,22.75209
1185,19.69739,2.362188,-42.43108,23.34349
1186,19.71393,2.362188,-42.43108,23.34349
1187,19.73071,1.818242,-43.56993,25.24396
1188,19.74725,-2.698509,-38.37814,31.47245
1189,19.76471,-0.02925958,-37.70085,23.18931
1190,19.78058,-5.220126,-40.09433,14.86539
1191,19.79749,-9.608295,-41.72668,11.56195
1192,19.8139,-9.608295,-41.72668,11.56195
1193,19.83069,-2.804951,-31.12748,6.975259
1194,19.84735,-7.103317,-20.46528,5.205679
1195,19.86395,-3.464189,-2.763378,1.028963
1196,19.88074,-10.2269,-0.02292746,1.336869
1197,19.89728,-15.79169,-0.0001382078,2.030596
1198,19.91425,-15.79169,-0.0001382078,2.030596
1199,19.9306,-20.26554,16.91434,-8.252174
1200,19.94714,-18.81664,20.78584,-2.200108
1201,19.96399,-15.76754,26.10381,-3.749068
1202,19.98059,-20.88772,26.25783,-3.459825
1203,19.99725,-15.92832,22.95057,-3.292501
1204,20.01398,-15.92832,22.95057,-3.292501
1205,20.03058,-12.85026,25.08766,-4.357988
1206,20.0473,-1.993786,28.31273,-6.393778
1207,20.06415,-0.7003585,27.13852,-6.35452
1208,20.08087,-0.418729,16.22694,-3.841767
1209,20.09729,0.09689656,12.93682,-3.138016
1210,20.11395,0.09689656,12.93682,-3.138016
1211,20.13062,5.080688,5.664977,0.6586475
1212,20.14789,7.177382,7.355004,1.468014
1213,20.164,2.412977,4.452708,6.422289
1214,20.1806,7.661536,2.200587,10.57758
1215,20.19739,4.598893,-1.605585,18.92249
1216,20.21393,4.598893,-1.605585,18.92249
1217,20.23065,0.7654245,-0.961422,6.644834
1218,20.24731,0.1425922,-0.4690256,1.246264
1219,20.26398,-1.994397,-7.746693,2.548162
1220,20.28058,-9.599759,-16.2559,5.064667
1221,20.29803,-19.79579,-3.76087,3.099588
1222,20.31396,-19.79579,-3.76087,3.099588
1223,20.33063,-32.53764,-9.928933e-05,3.329676
1224,20.34729,-46.73424,0.2678747,1.921733
1225,20.36401,-75.17466,1.061679,-3.513067
1226,20.38055,-67.10027,0.5123968,0.3744401
1227,20.39734,-64.20966,1.452368,-9.092823
1228,20.41388,-64.20966,1.452368,-9.092823
1229,20.43073,-54.91572,0.2059654,0.7897578
1230,20.44751,-59.26704,4.634001,0.9487115
1231,20.46417,-45.34375,9.094544,-0.7648453
1232,20.48071,-41.68854,3.545061,0.1799181
1233,20.49719,-34.09671,7.751027,-1.212785
1234,20.51385,-34.09671,7.751027,-1.212785
1235,20.53064,-15.72159,-0.02368766,0.5326905
1236,20.54718,-14.3746,-0.0002705059,0.1925085
1237,20.56384,-15.19161,-1.630623e-06,0.16869
1238,20.58069,-16.15904,-9.82947e-09,0.1395397
1239,20.59723,-19.84353,1.38915,-12.46116
1240,20.60516,-19.84353,1.38915,-12.46116
1241,20.61383,-1.306127,0.1229962,-1.101407
1242,20.6308,-0.0212194,3.740196,-2.208076
1243,20.6474,5.540303,2.196354,-3.424138
1244,20.66394,6.698709,5.769914,-1.471578
1245,20.68115,16.38498,18.34835,-4.939543
1246,20.6972,16.38498,18.34835,-4.939543
1247,20.71405,11.92726,12.63778,-3.30425
1248,20.73065,0.0209924,14.2044,-3.629116
1249,20.74731,-0.03251903,15.12528,-3.89681
1250,20.76398,-0.02832566,12.62942,-3.281269
1251,20.78052,-0.01098553,4.871966,-1.272161
1252,20.79718,-0.01098553,4.871966,-1.272161
1253,20.81409,-0.03929156,17.19546,-4.550062
1254,20.83099,-0.07915854,21.41533,-9.166758
1255,20.84711,-0.04608796,19.68991,-5.337101
1256,20.86395,-0.04832075,20.50257,-5.595664
1257,20.88055,-0.05344328,22.4241,-6.188866
1258,20.89728,-0.05344328,22.4241,-6.188866
1259,20.914,-0.0469098,19.34379,-5.432273
1260,20.93054,-4.272069,18.52388,-5.208054
1261,20.94714,-5.873296,11.9585,-3.360047
1262,20.96387,-4.670892,11.07624,-3.136649
1263,20.98047,-15.54497,13.02711,-3.662265
1264,20.99713,-15.54497,13.02711,-3.662265
1265,21.01392,-21.13832,1.807036,-0.5289281
1266,21.03046,-25.05813,0.9812406,-0.3756647
1267,21.04718,-20.22051,2.640244,-0.3928605
1268,21.06396,-21.38717,1.244683,0.330046
1269,21.08057,-35.91136,2.828058,5.00607
1270,21.09723,-35.91136,2.828058,5.00607
1271,21.11383,-31.80576,0.7638848,0.8411106
1272,21.13055,-27.98166,1.187406,3.700168
1273,21.14716,-33.4643,-0.0500748,3.665129
1274,21.16382,-26.44726,-0.03552762,1.72334
1275,21.18048,-23.83719,-1.138133,11.99053
1276,21.1972,-23.83719,-1.138133,11.99053
1277,21.21399,-7.268154,-0.1973976,1.511182
1278,21.23041,-10.5832,-0.3820285,3.080775
1279,21.24707,-15.84068,-0.003169651,-0.7265492
1280,21.26398,-12.38517,-0.05527959,-0.09318945
1281,21.28046,-20.38559,-0.785342,6.329402
1282,21.29712,-20.38559,-0.785342,6.329402
1283,21.31403,-13.15369,-9.330845e-05,-0.7517616
1284,21.33044,-5.366884,-7.741704e-07,-0.313723
1285,21.34711,-5.437591,1.73773,5.698599
1286,21.36505,-14.03685,-0.2439649,1.814059
1287,21.38037,-15.27771,-0.1753068,2.942309
1288,21.39716,-15.27771,-0.1753068,2.942309
1289,21.41382,-25.52235,-0.5057585,3.13749
1290,21.43054,-25.84521,0.9508983,6.074286
1291,21.44714,-22.09625,-1.515338,13.63975
1292,21.46393,-28.46843,-1.554536,13.5863
1293,21.48041,-42.84311,-1.687261,13.92281
1294,21.49719,-42.84311,-1.687261,13.92281
1295,21.51385,-45.73829,6.831478,11.03934
1296,21.5304,-48.43615,3.053628,5.141588
1297,21.54712,-33.57317,0.9869297,7.492898
1298,21.56378,-6.737255,0.4964304,9.452348
1299,21.58038,-1.393481,0.2106912,11.96416
1300,21.59723,-1.393481,0.2106912,11.96416
1301,21.61377,-1.102266,3.30068,1.963491
1302,21.63049,-8.354889,9.46873,4.272096
1303,21.64716,-1.491827,0.8736296,1.515124
1304,21.6637,-0.1779467,0.1952315,-0.06414737
1305,21.68042,8.036512,0.506165,0.7780058
1306,21.69714,8.036512,0.506165,0.7780058
1307,21.71375,13.06063,2.531538e-05,1.483212
1308,21.73041,11.45678,1.526048e-07,1.281996
1309,21.74762,10.20628,0.0,1.129321
1310,21.76361,8.698437,0.0,0.9552379
1311,21.78033,1.717723,0.0,0.1879207
1312,21.79706,1.717723,0.0,0.1879207
1313,21.81421,-0.1475251,-4.572611,1.355708
1314,21.83051,-0.08197282,-2.501233,0.7521572
1315,21.84717,-0.1113041,-3.405779,1.02128
1316,21.8645,-0.4111918,-12.65666,3.772923
1317,21.88037,4.215196,-16.51637,0.6861751
1318,21.89709,4.215196,-16.51637,0.6861751
1319,21.91418,7.377665,-39.25674,12.20703
1320,21.93048,-0.541014,-48.55135,13.74057
1321,21.94702,2.073962,-39.09841,11.10631
1322,21.96381,-0.7976751,-28.68149,7.77472
1323,21.98065,-0.383402,-15.41643,3.616615
1324,21.99713,-0.383402,-15.41643,3.616615
1325,22.01373,0.7815866,-6.376941,-7.339591
1326,22.03027,0.4780395,-0.1731147,-4.489092
1327,22.047,0.3712803,-7.168802,-3.486556
1328,22.06378,0.9201381,0.6385978,-8.640677
1329,22.08044,1.113653,0.9128113,-10.4579
1330,22.09698,1.113653,0.9128113,-10.4579
1331,22.11371,2.238451,1.917539,-21.02046
1332,22.13086,2.000118,1.752182,-18.78237
1333,22.14697,1.390714,1.240524,-13.00887
1334,22.16376,0.8239399,0.7445206,-7.707216
1335,22.18036,0.2185236,6.426673,-2.044091
1336,22.19702,0.2185236,6.426673,-2.044091
1337,22.21375,0.4839478,17.00805,-4.526895
1338,22.23035,0.3247139,11.35628,-3.037406
1339,22.24695,0.4209736,2.689955,-0.6851976
1340,22.26373,3.406871,10.03808,-2.375998
1341,22.28052,10.63925,5.161928,6.302051
1342,22.297,10.63925,5.161928,6.302051
1343,22.31378,6.018453,16.38731,7.818907
1344,22.33032,5.653012,20.98799,3.04873
1345,22.34705,-0.1774989,25.23153,2.183516
1346,22.36371,-0.5587503,28.89022,5.374969
1347,22.38031,-9.445196,18.46603,11.54054
1348,22.39697,-9.445196,18.46603,11.54054
1349,22.41357,-11.38494,10.0879,13.01745
1350,22.4303,-26.93538,10.44907,5.601873
1351,22.44702,-32.11375,4.931932,-0.6626085
1352,22.46362,-31.14084,3.28655,0.5276842
1353,22.48035,-39.56092,1.855944,14.65148
1354,22.49713,-39.56092,1.855944,14.65148
1355,22.51361,-41.28396,5.458022,6.854612
1356,22.53033,-30.50556,-0.3068388,0.7931216
1357,22.547,-14.74397,-0.6863925,7.585417
1358,22.56366,-7.041927,-0.004137606,-0.9386814
1359,22.58038,-16.68843,-2.494169e-05,-2.383142
1360,22.59692,-16.68843,-2.494169e-05,-2.383142
1361,22.61377,-18.27391,-6.58906e-10,-2.686656
1362,22.63049,-17.21237,0.0,-2.56675
1363,22.64697,-12.406,0.6714046,-11.26869
1364,22.66388,-2.484752,0.005570574,-0.4537336
1365,22.68036,6.703716,3.357968e-05,1.010479
1366,22.69696,6.703716,3.357968e-05,1.010479
1367,22.71362,8.163753,7.246538,5.25602
1368,22.73047,0.1234617,9.304098,15.22344
1369,22.74695,1.734527,-0.3091999,20.13535
1370,22.76361,1.399341,-0.6498231,15.5266
1371,22.78021,1.170889,4.234099,35.44377
1372,22.79688,1.170889,4.234099,35.44377
1373,22.8139,10.51588,22.02667,40.09718
1374,22.83014,26.48473,20.68395,44.84557
1375,22.84692,21.92329,25.53489,32.69901
1376,22.86353,25.10732,16.27978,33.48749
1377,22.88025,35.52332,22.23175,30.20672
1378,22.89728,35.52332,22.23175,30.20672
1379,22.91364,37.61884,29.28495,36.65893
1380,22.93024,28.52362,40.96236,24.07767
1381,22.94714,21.07951,37.8897,36.27559
1382,22.96368,11.96944,28.58208,29.27549
1383,22.98022,4.752371,22.6408,40.83359
1384,22.99695,4.752371,22.6408,40.83359
1385,23.01361,-2.358969,14.10962,30.63818
1386,23.03021,-4.069488,6.542768,38.87064
1387,23.047,-3.491023,8.23669,33.30333
1388,23.0636,-2.706375,8.52756,25.8178
1389,23.08032,-3.118304,6.699094,29.74744
1390,23.09686,-3.118304,6.699094,29.74744
1391,23.11353,-6.045352,14.62496,33.91834
1392,23.13019,-4.969438,6.005095,28.95377
1393,23.14697,-11.54623,1.806339,37.90968
1394,23.16357,-20.68657,1.093458,20.42254
1395,23.18018,-11.05472,1.163902,21.57122
1396,23.19733,-11.05472,1.163902,21.57122
1397,23.2135,-21.7777,0.9454529,14.17987
1398,23.23016,-21.99284,1.085009,15.65241
1399,23.24695,-13.06953,0.6931657,9.705671
1400,23.26355,-12.60956,-3.825294,15.90393
1401,23.28027,-14.39681,-5.250595,18.74359
1402,23.29712,-14.39681,-5.250595,18.74359
1403,23.3136,-3.53347,2.029624,28.03457
1404,23.3302,-3.62481,2.227452,29.43019
1405,23.34686,-1.841325,1.168652,14.95135
1406,23.36389,-1.657891,1.068913,13.4619
1407,23.38019,-2.655291,0.008868663,-0.2147272
1408,23.39685,-2.655291,0.008868663,-0.2147272
1409,23.41351,-10.63766,-3.48053,-3.569345
1410,23.43024,-6.080798,-0.1515129,-1.810657
1411,23.4469,-11.22545,-0.411477,-6.842617
1412,23.46362,-14.23642,-1.230236,-18.46743
1413,23.48016,-5.22903,-2.825673,-41.05778
1414,23.49689,-5.22903,-2.825673,-41.05778
1415,23.51349,-5.466425,-7.906732,-52.96156
1416,23.53015,-11.28525,-4.292244,-49.26996
1417,23.54688,-6.08098,-8.798147,-44.40979
1418,23.56348,-9.624536,-2.034087,-50.07816
1419,23.58051,1.674527,-1.743534,-49.42538
1420,23.59698,1.674527,-1.743534,-49.42538
1421,23.61365,9.966372,-8.379385,-68.97411
1422,23.63019,5.667312,-17.44077,-62.47897
1423,23.64716,9.430669,-24.99674,-65.21394
1424,23.66345,15.64185,-25.16798,-59.62603
1425,23.68011,10.71796,-25.92632,-56.85856
1426,23.69684,10.71796,-25.92632,-56.85856
1427,23.71344,10.62052,-8.982659,-37.65813
1428,23.73035,8.820184,-14.79706,-46.5792
1429,23.74744,19.20622,-9.488681,-32.16232
1430,23.76349,12.55447,-23.70013,-40.11611
1431,23.78015,9.742796,-22.70269,-34.1927
1432,23.79688,9.742796,-22.70269,-34.1927
1433,23.81354,19.61422,-24.34037,-34.56842
1434,23.83026,26.32021,-26.82702,-23.20801
1435,23.8468,31.33762,-27.99604,-23.33114
1436,23.86334,18.78171,-23.32507,-23.10858
1437,23.88013,8.530503,-17.42242,-15.41465
1438,23.89709,8.530503,-17.42242,-15.41465
1439,23.91345,2.002776,-23.29962,-15.60276
1440,23.9303,2.319406,-29.69164,-17.08409
1441,23.94678,2.118403,-29.54857,-17.42881
1442,23.96381,1.985283,-23.1227,-16.34177
1443,23.98022,1.983086,-33.54644,-16.32372
1444,23.99677,1.983086,-33.54644,-16.32372
1445,24.01367,1.946187,-34.30198,-16.01999
1446,24.02515,2.312205,-26.7313,-19.03286
1447,24.03015,-0.4449393,-24.30532,-21.32008
1448,24.04681,2.594303,-22.06541,-21.43195
1449,24.06342,-5.064972,-17.64652,-25.16454
1450,24.08014,-5.064972,-17.64652,-25.16454
1451,24.09674,-0.7231517,-12.48424,-12.18472
1452,24.11414,1.596972,1.64869,-13.07268
1453,24.13013,1.840146,2.047807,-14.89256
1454,24.14673,2.285616,2.583222,-18.49628
1455,24.16345,1.791396,2.061069,-14.49681
1456,24.18018,1.791396,2.061069,-14.49681
1457,24.19678,2.323429,2.783515,-18.80227
1458,24.21344,0.8738179,1.058719,-7.071341
1459,24.2301,0.03732432,0.04534894,-0.3020457
1460,24.24683,0.395556,12.94826,-3.201023
1461,24.26343,0.6113131,19.84903,-4.94703
1462,24.28009,0.6113131,19.84903,-4.94703
1463,24.29675,0.133581,4.278151,-1.080999
1464,24.31335,0.4251438,13.54656,-3.440462
1465,24.33014,-1.232648,8.367802,9.975162
1466,24.34674,-1.596054,11.5929,12.95979
1467,24.36334,-2.11245,10.83181,17.15288
1468,24.38007,-2.11245,10.83181,17.15288
1469,24.39673,-0.1689928,7.183936,10.30423
1470,24.41339,-1.434143,3.412937,11.75881
1471,24.43011,-0.01637748,0.03897471,0.1342821
1472,24.44678,-9.872423e-05,0.0002349414,0.0008094586
1473,24.46344,0.1163128,0.1359117,-0.94766
1474,24.48004,0.1163128,0.1359117,-0.94766
1475,24.49677,1.30727,1.545372,-10.65099
1476,24.51337,0.8652303,1.031685,-7.049473
1477,24.53003,5.701745,2.018821,-13.10645
1478,24.54669,4.636418,1.583893,-10.11478
1479,24.56348,9.37488,2.085097,-12.6996
1480,24.58008,9.37488,2.085097,-12.6996
1481,24.5968,6.554146,1.268863,-7.486515
1482,24.61334,14.58778,14.49324,-15.27401
1483,24.63,8.245093,2.016952,-11.66553
1484,24.64697,10.00777,1.890248,-10.86727
1485,24.66345,8.322172,3.525711,-21.09201
1486,24.68011,8.322172,3.525711,-21.09201
1487,24.69659,12.38298,2.666996,-14.86348
1488,24.71338,15.44038,3.248166,-17.73476
1489,24.72998,23.85493,4.428578,-23.47158
1490,24.7467,30.45878,3.04584,-14.54309
1491,24.76343,37.74753,12.01527,-8.30337
1492,24.78003,37.74753,12.01527,-8.30337
1493,24.79742,18.75587,22.58253,-8.295275
1494,24.81384,6.334112,18.71509,-8.27604
1495,24.82996,0.1050458,0.612158,-0.465762
1496,24.84668,0.01839427,0.03889499,-0.205321
1497,24.86334,-10.1532,0.05038361,-1.184251
1498,24.88,-10.1532,0.05038361,-1.184251
1499,24.89667,-7.074551,3.467321e-06,-0.6388287
1500,24.91339,-10.74481,-0.2401118,0.3751567
1501,24.92993,-15.20266,-1.408622,6.612473
1502,24.9469,-13.21807,-2.456075,18.13623
1503,24.96332,-12.44855,-2.261989,12.02488
1504,24.97992,-12.44855,-2.261989,12.02488
1505,24.99658,-31.43791,6.071865,13.51832
1506,25.01331,-31.54037,0.6029481,17.3833
1507,25.02997,-33.93512,3.53563,18.05336
1508,25.04657,-41.72413,-0.3305233,20.60954
1509,25.06329,-39.89382,0.0009080839,11.05366
1510,25.08002,-39.89382,0.0009080839,11.05366
1511,25.09656,-65.7402,-5.240216,27.06267
1512,25.11328,-65.52795,-2.015535,21.23173
1513,25.13,-74.26623,-1.730621,17.96374
1514,25.14667,-75.87946,7.411875,25.45742
1515,25.16333,-92.45506,-3.022688,21.29626
1516,25.18018,-92.45506,-3.022688,21.29626
1517,25.19666,-73.30552,-2.461308,21.07253
1518,25.21344,-76.71371,-2.332186,16.11195
1519,25.22986,-72.97433,4.945487,19.48989
1520,25.24658,-73.26029,2.055373,7.206573
1521,25.26324,-58.67403,4.072592,13.8253
1522,25.27991,-58.67403,4.072592,13.8253
1523,25.28516,-51.88748,-2.027064,7.313274
1524,25.29669,-33.61275,2.94755,6.610708
1525,25.31323,-27.19628,6.391326,16.7509
1526,25.3302,-27.42126,7.719626,13.15734
1527,25.34662,-28.3042,4.997672,8.696718
1528,25.36346,-28.3042,4.997672,8.696718
1529,25.37988,-18.21578,2.845673,-4.664079
1530,25.39673,-0.283709,1.470789,-0.5307761
1531,25.41321,6.750196,0.1393221,1.934315
1532,25.42993,3.427939,0.2828827,-0.09387194
1533,25.44666,5.467976,0.8216545,-0.06175369
1534,25.46338,5.467976,0.8216545,-0.06175369
1535,25.47992,12.97422,0.4158028,-1.051931
1536,25.49664,13.87988,0.8389044,-5.723727
1537,25.51318,17.52554,0.7343928,-3.425011
1538,25.52991,17.94963,0.1021065,3.909736
1539,25.54657,15.47571,0.00117124,4.334091
1540,25.56323,15.47571,0.00117124,4.334091
1541,25.57996,11.26253,0.01270225,2.996081
1542,25.59668,3.158591,0.342802,-2.956909
1543,25.61322,0.0262065,0.002844192,-0.02453316
1544,25.63031,-7.832453,1.245652e-05,-2.183041
1545,25.64667,-11.67478,7.508847e-08,-3.264108
1546,25.66327,-11.67478,7.508847e-08,-3.264108
1547,25.67987,-23.21211,-1.522351,10.68875
1548,25.69647,-29.40536,-1.529987,9.151846
1549,25.7132,-20.36287,-0.5815925,0.8558498
1550,25.72986,-21.94999,-1.389374,10.24066
1551,25.74652,-30.31924,-0.8566935,1.441411
1552,25.76331,-30.31924,-0.8566935,1.441411
1553,25.77997,-32.11226,-0.9987812,3.17458
1554,25.79651,-36.19119,-0.9768206,1.876287
1555,25.81317,-34.41651,-0.9515114,2.344043
1556,25.83002,-48.81964,-1.65743,8.179274
1557,25.8465,-30.91592,-1.349577,10.07739
1558,25.8634,-30.91592,-1.349577,10.07739
1559,25.87994,-32.55141,-1.170401,7.903648
1560,25.89655,-36.24183,-1.048427,5.188218
1561,25.91327,-27.22641,-0.7880163,4.255125
1562,25.92987,-19.78424,-0.6095731,3.916491
1563,25.94647,-4.020637,-0.1589968,1.437244
1564,25.9632,-4.020637,-0.1589968,1.437244
1565,25.96515,-0.3516757,-0.06149118,1.001568
1566,25.98004,-4.737178,-0.08541521,-0.07976686
1567,25.99652,-9.389802,-0.5164097,6.417556
1568,26.0144,-4.277919,-0.004284597,-1.43085
1569,26.02985,-1.662515,-3.554886e-05,-0.5875379
1570,26.04651,-1.662515,-3.554886e-05,-0.5875379
1571,26.06317,-0.184081,-0.0001355467,-0.06272575
1572,26.07996,-0.1776775,-8.170818e-07,-0.06309459
1573,26.09644,-0.001071048,-4.925408e-09,-0.0003803372
1574,26.11322,4.264926,0.0,1.512904
1575,26.12988,0.03538565,0.0,0.01255241
1576,26.14642,0.03538565,0.0,0.01255241
1577,26.16315,0.004011632,0.0003372523,-0.004934723
1578,26.17975,2.418231e-05,2.032973e-06,-2.974674e-05
1579,26.19647,6.72594,4.826663,-0.5292401
1580,26.21307,2.493479,0.1750398,-1.989728
1581,26.22986,9.427668,0.1951814,-0.2534289
1582,26.2464,9.427668,0.1951814,-0.2534289
1583,26.26312,31.12331,1.729913,-2.240489
1584,26.27979,28.92974,1.330742,-10.18767
1585,26.29645,24.42683,0.8894059,-6.316436
1586,26.31317,29.64119,0.9512698,-5.410102
1587,26.32977,30.97627,0.5059507,2.145181
1588,26.34644,30.97627,0.5059507,2.145181
1589,26.3631,35.64463,0.0007696467,11.26234
1590,26.37976,29.97073,0.04867988,8.560255
1591,26.39709,29.9292,0.01348899,8.934503
1592,26.41309,31.84737,0.1875688,6.687016
1593,26.42987,37.94309,0.1495943,8.884815
1594,26.44647,37.94309,0.1495943,8.884815
1595,26.46307,44.99809,-12.16314,14.32733
1596,26.47986,35.85097,-0.0532701,9.777225
1597,26.4964,39.82627,-0.9620198,10.905
1598,26.51306,30.5465,-0.1436865,10.04251
1599,26.52972,15.35823,-1.789688,5.915531
1600,26.54657,15.35823,-1.789688,5.915531
1601,26.56299,2.915415,-20.7182,20.21138
1602,26.57977,0.1107454,-16.03383,5.078083
1603,26.59637,-1.833187,-25.82098,7.240373
1604,26.6131,-5.93452,-23.21368,5.333023
1605,26.6297,-9.506166,-10.66417,0.6926836
1606,26.64648,-9.506166,-10.66417,0.6926836
1607,26.66309,-23.58638,-2.270282,-5.498356
1608,26.67969,-30.79156,-3.62848,-7.383938
1609,26.69635,-23.80258,-10.37685,-10.27496
1610,26.71307,-35.10978,-8.199644,-7.297965
1611,26.72968,-41.40514,-10.2715,-22.85853
1612,26.7464,-41.40514,-10.2715,-22.85853
1613,26.76312,-23.75614,-0.0415418,-10.66629
1614,26.77972,-17.95461,-0.3649063,-5.186148
1615,26.79639,-4.423939,-0.003027589,-1.301171
1616,26.81305,0.2405848,3.451891,-0.9160103
1617,26.82977,5.698446,0.01511801,1.670032
1618,26.84637,5.698446,0.01511801,1.670032
1619,26.86304,0.0355245,3.991251e-07,0.01042205
1620,26.8797,12.24451,1.748021e-09,3.57589
1621,26.89642,12.61393,-0.3734038,3.767731
1622,26.91315,17.49653,-1.827352,5.551492
1623,26.92993,19.93221,-4.91377,7.053163
1624,26.94635,19.93221,-4.91377,7.053163
1625,26.96307,18.37437,-2.791945,5.872714
1626,26.97974,20.93802,-6.216259,6.923392
1627,26.99634,21.33461,-1.311056,6.137514
1628,27.013,26.12583,-0.07858586,-6.358761
1629,27.02966,37.26054,-0.5102271,9.790655
1630,27.04633,37.26054,-0.5102271,9.790655
1631,27.06311,39.47109,-1.007037,10.09739
1632,27.07977,34.20325,-5.045069,9.653471
1633,27.09637,35.96374,-4.095971,9.610754
1634,27.1131,35.07148,-13.36906,11.9747
1635,27.1297,34.69142,-14.84576,11.79942
1636,27.14636,34.69142,-14.84576,11.79942
1637,27.16345,25.08818,-25.42994,19.68345
1638,27.17969,10.51229,-26.41277,9.151583
1639,27.19629,-0.6445836,-30.07385,7.490951
1640,27.21301,-13.92041,-24.96073,10.25935
1641,27.22968,-2.760165,-29.48336,6.725962
1642,27.24634,-2.760165,-29.48336,6.725962
1643,27.263,-7.682701,-7.998839,1.041433
1644,27.27966,-15.43523,-1.795573,2.090263
1645,27.29669,-16.73944,-0.9307694,10.02271
1646,27.31299,-12.87059,-0.9116744,10.86259
1647,27.32959,-7.477375,-0.05506556,-0.8233731
1648,27.34637,-7.477375,-0.05506556,-0.8233731
1649,27.36304,-8.682764,-0.2348977,1.837343
1650,27.38013,-12.74305,0.7142269,-3.028894
1651,27.39636,-8.859503,0.004305393,-2.008786
1652,27.4129,-2.826526,1.885604e-05,-0.6430372
1653,27.42981,-10.08764,2.153093e-07,-2.312391
1654,27.44635,-10.08764,2.153093e-07,-2.312391
1655,27.46301,-0.995213,1.303405,-0.5501707
1656,27.47961,0.3827339,7.24072,-1.697437
1657,27.49634,0.004033123,0.07529393,-0.01763882
1658,27.51312,1.085751,4.482241,-0.8570728
1659,27.52966,6.043528,0.03718868,1.378788
1660,27.54663,6.043528,0.03718868,1.378788
1661,27.56299,1.460383,-0.3778838,0.007021888
1662,27.57965,6.84283,0.1035208,-0.04679334
1663,27.59637,10.10415,0.2737411,-1.80802
1664,27.61304,10.05852,0.7418544,-8.696913
1665,27.6297,10.65696,7.36483,-1.400787
1666,27.64648,10.65696,7.36483,-1.400787
1667,27.66296,0.5765092,9.676554,-2.312251
1668,27.67969,0.2060001,3.902214,-0.9253816
1669,27.69635,0.15662,2.960545,-0.7044842
1670,27.71301,0.001791547,0.03380516,-0.008058461
1671,27.72974,0.3472943,8.889828,-2.150671
1672,27.74628,0.3472943,8.889828,-2.150671
1673,27.763,-4.219947,0.0002346971,-0.9418609
1674,27.7796,-5.608877,-6.637734,0.404487
1675,27.7962,-17.4727,-0.02907084,-3.945087
1676,27.81299,-18.04592,9.076274,-6.398553
1677,27.82971,-8.362176,11.10382,-2.098164
1678,27.84625,-8.362176,11.10382,-2.098164
1679,27.86292,-1.633463,37.76704,3.874884
1680,27.87964,-5.726415,31.07607,24.68718
1681,27.89624,-4.527368,28.52041,19.52888
1682,27.91302,1.481914,23.67445,21.19623
1683,27.92987,0.03421275,16.22169,14.52759
1684,27.94623,0.03421275,16.22169,14.52759
1685,27.96307,5.822909,-1.462139,35.97856
1686,27.97961,16.42361,-1.42366,40.22063
1687,27.9964,24.32868,-1.677299,55.48272
1688,28.00519,27.67737,-1.228102,49.32525
1689,28.013,14.31721,-13.12812,39.62133
1690,28.0296,14.31721,-13.12812,39.62133
1691,28.04626,8.135276,-0.5233688,35.28105
1692,28.06311,-2.911961,-2.905243,32.37906
1693,28.08014,4.672782,-0.2254312,22.38313
1694,28.09625,5.116519,-0.121681,20.07005
1695,28.11292,4.063572,2.33532,24.12436
1696,28.12958,4.063572,2.33532,24.12436
1697,28.1463,-3.320917,0.01395947,16.5952
1698,28.16296,1.628908,0.04431351,16.17832
1699,28.17957,0.05983761,0.03907466,8.904991
1700,28.19666,12.1375,0.01982205,5.981589
1701,28.21295,-1.680649,0.06185078,8.769197
1702,28.22992,-1.680649,0.06185078,8.769197
1703,28.2464,-2.062418,0.09817011,10.26925
1704,28.26312,-1.0754,0.05563993,5.354657
1705,28.27966,-0.004709857,0.0002436824,0.02345143
1706,28.29633,-2.062744e-05,1.06724e-06,0.0001027086
1707,28.31287,-1.299441,6.433371e-09,-0.261528
1708,28.32959,-1.299441,6.433371e-09,-0.261528
1709,28.34625,1.598543,-0.06933381,-7.942918
1710,28.36292,3.869996,-0.1278822,-19.22862
1711,28.3797,4.214448,-0.0870395,-20.94007
1712,28.39618,17.18649,-0.02645372,-18.62572
1713,28.41296,20.44267,0.03009176,-14.76082
1714,28.42957,20.44267,0.03009176,-14.76082
1715,28.44623,16.04235,0.07679324,-8.879833
1716,28.46289,25.00461,0.1485562,-12.08482
1717,28.47949,23.20763,0.1975655,-13.24607
1718,28.49664,26.2381,0.2796619,-16.28408
1719,28.513,22.232,-4.144069,-21.88525
1720,28.52948,22.232,-4.144069,-21.88525
1721,28.5462,21.64878,-4.849768,-7.98252
1722,28.56287,19.92927,0.1471377,-4.044283
1723,28.57947,22.96002,-0.02342127,-6.328788
1724,28.59613,23.80708,0.2226761,-5.159716
1725,28.61292,25.35613,0.2370311,-5.270409
1726,28.62946,25.35613,0.2370311,-5.270409
1727,28.64618,32.02462,-1.83068,5.619099
1728,28.66284,17.44006,-17.15727,7.335974
1729,28.6795,11.1428,-19.20595,10.41823
1730,28.69611,6.435567,-16.55565,12.20162
1731,28.71289,2.277189,-18.58514,9.870604
1732,28.72955,2.277189,-18.58514,9.870604
1733,28.74615,-1.495236,-26.84756,9.806919
1734,28.76288,-1.842719,-33.54891,12.08445
1735,28.77948,-2.722438,-26.82788,17.85359
1736,28.79614,-3.776134,-19.05903,11.96891
1737,28.81281,-11.5152,-18.13828,8.787069
1738,28.82947,-11.5152,-18.13828,8.787069
1739,28.84619,-2.506739,-10.4007,14.22316
1740,28.86279,-1.730081,-4.069878,11.09244
1741,28.87946,-3.060286,-3.961426,19.63547
1742,28.89618,-1.910775,-5.184998,12.25998
1743,28.91278,-1.497356,-0.7846428,9.607388
1744,28.92944,-1.497356,-0.7846428,9.607388
1745,28.94629,-2.070805,-13.98435,13.28677
1746,28.96283,12.78992,-4.057133,3.497409
1747,28.97949,16.58839,-10.41827,4.961215
1748,28.99615,16.44282,-11.84881,5.208485
1749,29.01288,18.8607,-9.778533,-5.255611
1750,29.02948,18.8607,-9.778533,-5.255611
1751,29.0462,26.9395,-6.631322,0.7764102
1752,29.06305,26.27806,0.02189208,-5.355382
1753,29.07947,33.11274,0.05661807,-2.558598
1754,29.09619,33.21066,0.1526976,-10.76338
1755,29.11273,47.93159,0.2559598,-15.07864
1756,29.12946,47.93159,0.2559598,-15.07864
1757,29.14618,36.83542,0.172016,-6.392652
1758,29.16278,40.26831,2.730108,-12.92248
1759,29.17944,35.19301,0.3476494,-12.59107
1760,29.19611,27.90011,0.2871606,-10.02827
1761,29.21301,18.34959,9.359921,-10.63612
1762,29.22949,18.34959,9.359921,-10.63612
1763,29.24603,9.565736,1.417436,-1.435086
1764,29.26276,0.1759401,3.303652,-1.01723
1765,29.27948,0.06092672,1.876642,-0.6272233
1766,29.29608,1.349183,6.811341,-14.03881
1767,29.31281,0.01119403,0.05651299,-0.1164785
1768,29.32941,0.01119403,0.05651299,-0.1164785
1769,29.34607,-1.795599,0.07536072,-0.1912786
1770,29.36298,-13.32434,1.830284,-1.197795
1771,29.37946,-10.88818,0.7210491,-0.7211165
1772,29.39618,-13.39382,0.1881446,11.42522
1773,29.41278,-8.12464,0.4061331,-0.8688097
1774,29.42932,-8.12464,0.4061331,-0.8688097
1775,29.44604,-8.239912,6.33621,6.968517
1776,29.46277,-11.20623,6.411387,10.06455
1777,29.47943,-6.285563,8.703597,-2.621619
1778,29.48517,-1.55818,10.93232,-2.736538
1779,29.49609,-6.676754,6.892067,-1.962962
1780,29.51288,-6.676754,6.892067,-1.962962
1781,29.52942,-19.0568,-0.07661637,7.789533
1782,29.54614,-15.99952,-0.02058809,12.25265
1783,29.56274,-9.345351,-0.1718575,7.265996
1784,29.57941,-13.18513,-0.03996257,0.4777335
1785,29.59613,-0.1525071,-0.01658747,0.836087
1786,29.61279,-0.1525071,-0.01658747,0.836087
1787,29.62933,-0.0003731989,-6.286728e-05,0.003260879
1788,29.646,-0.005358034,-0.201487,0.04718052
1789,29.66315,-4.429393e-05,-0.001671717,0.0003914701
1790,29.67932,-3.67349e-07,-1.387003e-05,3.246633e-06
1791,29.69604,6.30355,6.252507,-0.7743292
1792,29.71265,6.30355,6.252507,-0.7743292
1793,29.72937,2.540722,0.7157243,0.1140277
1794,29.74615,1.22767,7.636871,-1.686534
1795,29.7627,2.602837,4.715688,-0.8398681
1796,29.7793,13.24955,0.02842639,1.448231
1797,29.79608,7.586574,0.0001713556,0.8267814
1798,29.81281,7.586574,0.0001713556,0.8267814
1799,29.82935,21.52692,4.523897e-09,2.247631
1800,29.84601,20.0608,0.0,2.044533
1801,29.86279,11.35716,0.0,1.138614
1802,29.87933,1.398916,0.0,0.1396676
1803,29.896,0.01161161,0.0,0.001159302
1804,29.91272,0.01161161,0.0,0.001159302
1805,29.92938,4.219354e-07,0.0,4.212598e-08
1806,29.94604,1.847922e-09,0.0,1.844963e-10
1807,29.96277,0.0,0.0,0.0
1808,29.97937,0.3728494,4.975178,-1.155788
1809,29.99597,0.06760924,2.806675,-0.6686453
1810,30.0127,0.06760924,2.806675,-0.6686453
1811,30.0293,0.003113447,0.1309488,-0.03131408
1812,30.04602,-0.7996066,7.348463,5.446415
1813,30.06274,-0.5461357,6.84877,5.448838
1814,30.07935,-1.121916,1.19356,11.23697
1815,30.09595,-2.771045,6.232007,27.75489
1816,30.11279,-2.771045,6.232007,27.75489
1817,30.12933,-3.27778,18.89212,33.69524
1818,30.14594,-3.558556,20.89969,35.94838
1819,30.16272,-2.80344,1.334396,28.31494
1820,30.17926,-10.26823,0.1394622,11.98762
1821,30.19598,-1.370359,0.1480686,13.38258
1822,30.21259,-1.370359,0.1480686,13.38258
1823,30.22925,-0.02705517,0.003120081,0.2721069
1824,30.24603,-0.1040582,6.289122,-1.601893
1825,30.26263,-13.10869,6.745751,-2.296579
1826,30.2793,-1.395918,1.779905,-0.5902579
1827,30.29602,-0.04690827,8.997036,-2.303242
1828,30.31268,-0.04690827,8.997036,-2.303242
1829,30.32928,0.1387211,5.368351,-1.366765
1830,30.34595,0.8938506,7.501535,-1.845663
1831,30.36261,-0.04090136,0.1990331,7.527071
1832,30.37927,-1.920887,0.2587832,19.11215
1833,30.396,-2.086087,0.3225238,20.72217
1834,30.41266,-2.086087,0.3225238,20.72217
1835,30.4292,-1.836142,0.3810126,18.23911
1836,30.44592,-2.011625,0.4747405,19.98225
1837,30.46265,-1.934489,0.5037851,19.21604
1838,30.47925,-1.4534,0.4021664,14.43719
1839,30.49609,-1.16086,0.1412978,11.53127
1840,30.51276,-1.16086,0.1412978,11.53127
1841,30.5293,-0.513512,0.1567211,5.100915
1842,30.54596,-0.9524813,0.2984628,9.461369
1843,30.56262,-0.8247676,5.210234,8.192739
1844,30.57928,2.52429,5.284729,14.12911
1845,30.58514,12.13969,13.87903,18.69263
1846,30.59595,12.13969,13.87903,18.69263
1847,30.61261,8.921627,15.08648,20.88597
1848,30.62921,-0.9806187,10.7432,18.18533
1849,30.64618,-2.14346,3.127922,22.46703
1850,30.66248,-1.630144,5.7214,17.03648
1851,30.67926,-0.2245076,0.1503981,2.346235
1852,30.69592,-0.2245076,0.1503981,2.346235
1853,30.71265,-0.001218752,0.0006694267,0.01273665
1854,30.72925,-1.011186e-05,5.554163e-06,0.0001056746
1855,30.74585,-4.428755e-08,2.42727e-08,4.628299e-07
1856,30.76257,-2.669674e-10,1.46317e-10,2.789961e-09
1857,30.7793,0.0977401,-0.05314922,-1.021439
1858,30.79639,0.0977401,-0.05314922,-1.021439
1859,30.81256,1.468603,6.466089,-15.70028
1860,30.82916,1.454851,8.14588,-15.14089
1861,30.84583,-8.099974,1.180121,-15.29752
1862,30.86255,1.863904,-0.9078006,-20.442
1863,30.87915,-5.675438,-0.5209217,-19.34152
1864,30.89581,-5.675438,-0.5209217,-19.34152
1865,30.91254,3.034966,-1.064464,-31.31457
1866,30.92926,2.883845,-0.8893916,-29.75075
1867,30.94586,2.886873,-0.7683044,-29.78195
1868,30.96259,2.94124,-0.6612868,-30.4733
1869,30.97913,14.07157,-0.6883531,-39.05389
1870,30.99591,14.07157,-0.6883531,-39.05389
1871,31.01251,32.00405,-3.767212,-27.3007
1872,31.02924,37.38498,-1.411029,-23.51757
1873,31.0459,38.6469,-0.3826647,-16.0454
1874,31.06256,45.42474,-0.3372838,-21.59053
1875,31.07922,52.56754,0.04400151,-10.78811
1876,31.09583,52.56754,0.04400151,-10.78811
1877,31.11249,31.99168,0.09023798,-11.96822
1878,31.12927,40.70826,0.03651346,-2.527931
1879,31.14587,39.91957,-0.876754,-4.056067
1880,31.16254,38.05552,-7.228227,-0.4938565
1881,31.17914,38.72001,-8.34776,3.576413
1882,31.19586,38.72001,-8.34776,3.576413
1883,31.21259,29.17754,-9.145076,3.237232
1884,31.22913,9.191722,-1.423229,0.6257713
1885,31.24585,4.005762,-9.338049,6.630945
1886,31.26257,2.340879,-10.35877,8.681154
1887,31.27917,-0.1098946,-5.821861,5.063983
1888,31.29584,-0.1098946,-5.821861,5.063983
1889,31.3125,-7.788405,-7.952155,3.391145
1890,31.32959,-13.73565,-7.597576,3.189506
1891,31.34583,-16.72405,-0.0758788,10.05214
1892,31.36255,-18.02546,-1.383957,5.256229
1893,31.37921,-25.91813,-0.008602691,1.16259
1894,31.39581,-25.91813,-0.008602691,1.16259
1895,31.41254,-40.28506,-0.2036711,-1.771366
1896,31.42908,-52.82962,-0.3805313,-2.644247
1897,31.44592,-58.54537,0.02006497,-16.82634
1898,31.46252,-61.54515,0.003947331,-6.077978
1899,31.47913,-68.51069,0.374474,-9.051378
1900,31.49579,-68.51069,0.374474,-9.051378
1901,31.51276,-81.5923,0.3338822,-28.28605
1902,31.52924,-76.00153,0.1913078,-29.50961
1903,31.54626,-92.85731,0.3618327,-40.9339
1904,31.56244,-98.28197,-8.596129,-31.81036
1905,31.5791,-85.56837,-9.67426,-34.73898
1906,31.59576,-85.56837,-9.67426,-34.73898
1907,31.61249,-48.29421,-2.234186,-27.23836
1908,31.62915,-16.87942,-2.293434,-14.1445
1909,31.64575,0.255573,0.1903702,-8.31608
1910,31.66248,0.7979075,0.1301259,-4.775862
1911,31.67902,4.58581,0.3468468,-11.55627
1912,31.6958,4.58581,0.3468468,-11.55627
1913,31.71259,15.81516,0.8217531,-12.09812
1914,31.729,17.62666,0.4250393,-9.55143
1915,31.74585,24.07497,0.3412425,-5.788198
1916,31.76239,28.00979,0.6535554,-13.05894
1917,31.77905,26.46632,-0.7603335,0.05679375
1918,31.7959,26.46632,-0.7603335,0.05679375
1919,31.8125,24.25533,-9.14757,4.654501
1920,31.82904,29.29024,-1.442179,4.564137
1921,31.84576,20.21399,-9.198687,4.16645
1922,31.86304,17.53719,-3.123465,3.179522
1923,31.87909,27.01839,-10.03905,6.07258
1924,31.89575,27.01839,-10.03905,6.07258
1925,31.91248,23.35884,-7.33842,4.748851
1926,31.92914,18.63095,-15.30743,6.691499
1927,31.94574,14.52641,-19.23107,16.48828
1928,31.96234,21.0015,-16.74447,15.23852
1929,31.97913,10.92924,-25.2699,17.18433
1930,31.99585,10.92924,-25.2699,17.18433
1931,32.01239,2.209013,-32.39505,24.52654
1932,32.02917,-2.098341,-33.58318,26.90219
1933,32.04578,-0.506555,-33.27113,25.70539
1934,32.06244,-1.815454,-35.33587,28.20593
1935,32.07904,0.8357455,-33.73788,23.44736
1936,32.09595,0.8357455,-33.73788,23.44736
1937,32.11237,5.981397,-34.98049,22.97462
1938,32.12909,20.94014,-33.46651,12.09816
1939,32.14575,27.24856,-45.89593,25.77664
1940,32.16254,25.63013,-46.40426,16.27811
1941,32.17914,36.61036,-36.49689,15.24299
1942,32.19574,36.61036,-36.49689,15.24299
1943,32.21246,27.21351,-28.6361,7.176742
1944,32.22913,26.16364,-15.20278,4.658628
1945,32.24579,25.4044,-15.64976,4.543916
1946,32.26239,24.30532,-10.69684,-5.492005
1947,32.27905,13.84611,-0.9111609,-9.064156
1948,32.29572,13.84611,-0.9111609,-9.064156
1949,32.31256,13.23491,1.066924,-4.375726
1950,32.32904,1.144522,1.661585,-14.92272
1951,32.3457,-0.7020879,17.85751,-25.1246
1952,32.36273,-8.732421,15.90306,-19.99764
1953,32.37952,-7.024687,16.6293,-29.3821
1954,32.39661,-7.024687,16.6293,-29.3821
1955,32.41278,-7.156377,18.87231,-30.887
1956,32.42944,-12.12789,15.89224,-33.7574
1957,32.44592,-14.34555,23.07512,-34.6748
1958,32.46252,-2.252396,15.17073,-19.60618
1959,32.47906,3.454409,17.41166,-10.49059
1960,32.49628,3.454409,17.41166,-10.49059
1961,32.51306,30.77615,0.235268,2.361592
1962,32.52942,31.25629,0.001030387,2.36896
1963,32.54626,33.0966,-1.858713,2.707902
1964,32.56274,34.65498,-8.264007,13.07542
1965,32.5791,42.5987,-16.61737,21.67264
1966,32.59595,42.5987,-16.61737,21.67264
1967,32.61279,50.76864,-14.95415,30.1458
1968,32.62946,61.82407,-14.80121,23.89057
1969,32.64575,73.61982,-26.65609,29.319
1970,32.66241,80.65409,-33.4248,31.34023
1971,32.67889,86.8133,-42.4593,25.02727
1972,32.69635,86.8133,-42.4593,25.02727
1973,32.71228,72.90292,-41.32917,20.84394
1974,32.729,56.98853,-39.95987,26.70088
1975,32.74561,44.99436,-44.89241,25.34398
1976,32.76221,41.95755,-41.7586,13.97524
1977,32.77899,28.03774,-42.57584,6.038933
1978,32.7959,28.03774,-42.57584,6.038933
1979,32.81268,0.7711278,-36.61122,4.312307
1980,32.82953,0.1129165,-26.55214,3.04469
1981,32.84576,-0.1204549,-6.626175,0.7541705
1982,32.86279,-1.269134,-2.828302,0.3626241
1983,32.87958,0.4106893,-0.2380413,12.17845
1984,32.89575,0.4106893,-0.2380413,12.17845
1985,32.91254,-0.5283859,0.2539943,0.06136241
1986,32.9292,-6.99231,6.736756,-0.5256415
1987,32.94659,-4.080059,1.393079,-0.02394066
1988,32.96259,-15.75491,5.711048,-0.1631277
1989,32.97937,-13.98133,6.012092,-13.84208
1990,32.99573,-13.98133,6.012092,-13.84208
1991,33.01282,-17.99183,8.221892,-14.16455
1992,33.02924,-15.57785,8.328638,-23.55044
1993,33.04584,-22.80204,8.677029,-22.14131
1994,33.06256,-24.75658,9.78278,-18.87214
1995,33.07935,-27.09795,18.12401,-16.80949
1996,33.0957,-27.09795,18.12401,-16.80949
1997,33.11261,-13.66699,24.28081,-13.12374
1998,33.12927,-2.074137,18.77826,-5.376325
1999,33.146,0.9518156,17.47087,-2.338396
2000,33.16241,14.92474,19.13433,-2.764171
2001,33.17908,30.44365,9.636815,-1.776352
2002,33.19592,30.44365,9.636815,-1.776352
2003,33.21252,50.22015,0.1944317,-1.286857
2004,33.22925,52.58015,-0.005181985,-1.468115
2005,33.24585,49.48819,-0.2167726,5.018433
2006,33.26276,23.75838,-0.1846069,5.128603
2007,33.2793,1.112636,-0.03641796,1.194449
2008,33.29578,1.112636,-0.03641796,1.194449
2009,33.31268,-13.47015,7.844731,-0.521475
2010,33.3291,-16.67155,0.5677739,0.5922326
2011,33.34766,-23.19126,0.8020744,-1.833209
2012,33.36237,-33.50647,11.48097,-0.5185392
2013,33.37927,-42.81913,24.21811,-14.53583
2014,33.39557,-42.81913,24.21811,-14.53583
2015,33.41254,-70.85129,35.11342,-4.337492
2016,33.42938,-68.65571,35.86694,-5.325674
2017,33.44586,-62.09517,33.17713,-9.14726
2018,33.46222,-60.11096,26.69026,-6.58322
2019,33.47931,-53.99729,22.4528,-8.41172
2020,33.49609,-53.99729,22.4528,-8.41172
2021,33.51288,-42.5342,11.62665,-6.165315
2022,33.52942,-46.45563,7.862999,-3.212646
2023,33.54553,-29.35525,12.48781,-3.466364
2024,33.56274,-17.82376,20.15688,-4.387886
2025,33.57922,-10.00174,20.50278,-4.1505
2026,33.59674,-10.00174,20.50278,-4.1505
2027,33.61261,0.0456534,5.341685,-0.9506609
2028,33.62982,0.3706034,1.612049,-7.631978
2029,33.64685,0.6274263,0.4248241,-12.92075
2030,33.66266,0.4685936,0.3229662,-9.649868
2031,33.67993,0.5555742,0.9148558,-11.44108
2032,33.69598,0.5555742,0.9148558,-11.44108
2033,33.71246,7.51661,13.14837,-11.61191
2034,33.72913,0.7513952,5.416615,-14.10359
2035,33.74609,0.4865031,10.38474,-4.657417
2036,33.76221,5.260183,11.59103,-6.799922
2037,33.77887,7.051818,14.28823,-3.693951
2038,33.79547,7.051818,14.28823,-3.693951
2039,33.81213,4.649293,6.731135,-1.062696
2040,33.82959,5.114629,1.434608,-0.0463422
2041,33.84546,0.6517383,12.66661,-2.379604
2042,33.86206,1.591796,3.077783,8.811859
2043,33.87885,2.568419,0.8092926,4.880719
2044,33.89539,2.568419,0.8092926,4.880719
2045,33.91205,10.79474,-0.0113161,0.7200345
2046,33.92889,14.44227,-0.0003333913,0.5494136
2047,33.9455,32.24689,-1.460131e-06,1.087761
2048,33.96228,36.8678,-3.172974e-08,1.09184
2049,33.97974,40.15787,-0.2927279,8.71408
2050,33.99548,40.15787,-0.2927279,8.71408
2051,34.01221,36.10609,-0.0714698,2.38693
2052,34.02887,33.05676,-0.4595041,12.95065
2053,34.04553,21.83535,-0.03849583,1.180836
2054,34.06213,20.72583,-0.1271969,3.629045
2055,34.07886,23.44762,-0.2611985,7.431144
2056,34.09546,23.44762,-0.2611985,7.431144
2057,34.11212,14.19643,-2.252732e-05,-0.07524639
2058,34.12964,7.004976,-0.0474888,1.324461
2059,34.14545,9.192536,-0.0003940096,-0.06422947
2060,34.16223,10.31725,-0.2587473,7.550251
2061,34.17883,4.749553,-0.04842517,1.399962
2062,34.19543,4.749553,-0.04842517,1.399962
2063,34.21228,0.0004539987,-0.001043345,0.03199119
2064,34.2287,1.988348e-06,-4.56947e-06,0.0001401097
2065,34.24542,8.708233e-09,-2.00126e-08,6.13629e-07
2066,34.26208,3.802832e-11,-1.206369e-10,3.699133e-09
2067,34.2793,-0.009778407,4.953211,-0.951176
2068,34.29541,-0.009778407,4.953211,-0.951176
2069,34.31201,0.142714,8.74693,13.88224
2070,34.32867,0.1186566,18.6176,11.5421
2071,34.3454,-10.69881,17.95691,12.47374
2072,34.36218,-23.83004,16.95567,5.72819
2073,34.37891,-24.41789,17.14707,1.550681
2074,34.39539,-24.41789,17.14707,1.550681
2075,34.41211,-33.30393,11.4949,4.383973
2076,34.42987,-23.37875,16.42374,2.247876
2077,34.44556,-15.08076,20.87963,-0.6066215
2078,34.46216,-0.8916352,19.98153,-0.3559311
2079,34.47876,4.621469,16.83583,6.656257
2080,34.49542,4.621469,16.83583,6.656257
2081,34.51227,19.50293,22.12813,29.10708
2082,34.52869,15.72905,20.65961,24.8772
2083,34.54541,14.79037,32.78279,38.68126
2084,34.56213,14.5561,26.12208,32.17522
2085,34.57941,19.50764,25.77278,35.14186
2086,34.5954,19.50764,25.77278,35.14186
2087,34.61212,5.390656,8.452661,27.59143
2088,34.62878,1.12741,8.339214,22.59126
2089,34.64557,2.605757,7.858628,28.49899
2090,34.66205,2.75465,3.475923,29.18265
2091,34.67877,0.0855466,2.426185,15.01431
2092,34.6955,0.0855466,2.426185,15.01431
2093,34.7121,0.05001849,0.2910178,10.13633
2094,34.729,0.03314309,0.1944073,6.716704
2095,34.74536,-2.618457,0.001171896,0.05233337
2096,34.76208,-0.007861736,-12.48662,3.065828
2097,34.77887,-0.09698634,-6.326416,1.55079
2098,34.79535,-0.09698634,-6.326416,1.55079
2099,34.80518,-0.02298396,-13.74148,-0.2503856
2100,34.81207,-1.355075,-10.36231,-10.58905
2101,34.82874,-12.61443,-17.80557,-17.26714
2102,34.84546,-13.98654,-29.27476,-30.97754
2103,34.86212,-7.398048,-28.48276,-24.77559
2104,34.87915,-7.398048,-28.48276,-24.77559
2105,34.89539,-4.322793,-5.321062,-22.91033
2106,34.91205,-7.327521,-0.3724742,-26.94442
2107,34.92871,-1.866966,0.007818794,-25.20707
2108,34.9455,-8.783732,0.09858377,-26.90581
2109,34.9621,-0.0346645,-1.118734,-26.7799
2110,34.97894,-0.0346645,-1.118734,-26.7799
2111,34.99542,0.07153182,-20.19566,-28.99461
2112,35.0119,0.08855776,-21.40025,-35.89407
2113,35.02869,0.05831596,-27.66334,-23.63651
2114,35.04541,0.04814698,-25.78477,-19.51484
2115,35.06201,0.04220781,-15.99369,-17.10759
2116,35.07874,0.04220781,-15.99369,-17.10759
2117,35.09528,0.03802097,-2.295748,-15.41059
2118,35.11194,0.966669,0.03971866,-1.989238
2119,35.12872,0.00835612,0.008054581,-0.2268706
2120,35.14539,9.143747,0.1806119,-4.860982
2121,35.16205,0.07474397,-6.61105,1.330564
2122,35.17902,0.07474397,-6.61105,1.330564
2123,35.19531,3.382557,-0.0002402281,-0.001342557
2124,35.21198,0.5388486,-1.294061,0.2672875
2125,35.22888,4.843372,-7.109021,1.65599
2126,35.24524,0.0338361,-13.81858,2.824838
2127,35.26245,0.009200536,-23.44167,5.446326
2128,35.27869,0.009200536,-23.44167,5.446326
2129,35.29541,0.009880095,-31.00549,6.006872
2130,35.31201,0.9774942,-24.23828,11.36144
2131,35.32867,1.786543,-20.5661,5.732671
2132,35.34528,2.811068,-18.09196,18.65493
2133,35.36194,1.449947,-17.83109,8.913453
2134,35.37872,1.449947,-17.83109,8.913453
2135,35.39532,0.174291,-2.732671,15.76567
2136,35.41235,0.03845988,-0.6283989,8.402923
2137,35.42859,0.04234012,-0.2617287,9.360015
2138,35.44537,-0.1006183,-0.4756209,18.82192
2139,35.4621,0.06297074,8.390711,15.50392
2140,35.47864,0.06297074,8.390711,15.50392
2141,35.4953,0.03634474,-0.1652589,8.838684
2142,35.51196,0.05216929,-0.2119808,12.68705
2143,35.52881,0.03563354,-0.1341961,8.665718
2144,35.54523,0.04397478,-0.1481744,10.69423
2145,35.56213,0.05701378,4.737678,13.86518
2146,35.57861,0.05701378,4.737678,13.86518
2147,35.5954,0.2935704,9.668643,21.7527
2148,35.612,0.2634945,7.968265,9.843283
2149,35.62854,0.07268821,17.59065,14.46772
2150,35.64532,0.1049446,18.22739,21.26668
2151,35.66205,0.05777069,19.21078,11.70767
2152,35.67859,0.05777069,19.21078,11.70767
2153,35.69537,-0.9974625,22.46756,1.157423
2154,35.71191,0.03914673,20.56793,10.9909
2155,35.72852,0.02222182,30.06974,5.42093
2156,35.7453,0.05439223,28.43664,13.22772
2157,35.76196,0.03534269,25.61269,8.594987
2158,35.77869,0.03534269,25.61269,8.594987
2159,35.79547,0.03907288,30.98599,5.174377
2160,35.81183,1.066301,39.9332,9.642451
2161,35.82855,0.07979128,26.1669,14.45515
2162,35.84534,0.04816537,24.39289,9.750734
2163,35.86188,0.03579216,21.31321,7.253475
2164,35.8786,0.03579216,21.31321,7.253475
2165,35.89539,-0.6760215,3.430944,8.635203
2166,35.91193,-0.9351509,2.117818,5.419616
2167,35.92865,-12.90508,0.2502169,8.017996
2168,35.94568,-0.02701902,0.4158917,13.785
2169,35.96185,0.05067513,0.4281381,13.82021
2170,35.97876,0.05067513,0.4281381,13.82021
2171,35.99524,0.0340018,0.3071125,9.187675
2172,36.01184,0.03597027,0.3407532,9.719576
2173,36.02856,0.04025711,0.3946781,10.87793
2174,36.04517,0.003009183,0.02983361,0.8131154
2175,36.06219,0.007679438,-8.700363,2.075071
2176,36.07855,0.007679438,-8.700363,2.075071
2177,36.09521,-0.7522504,-0.2576243,0.07568167
2178,36.11194,-0.9935863,0.02678336,0.7393585
2179,36.12866,-2.655381,-0.1979558,0.05791747
2180,36.14532,-0.01743032,-7.910865,1.867047
2181,36.16193,-0.7427109,-1.485115,0.351375
2182,36.17865,-0.7427109,-1.485115,0.351375
2183,36.19519,-6.303993e-05,-0.01540074,0.003608183
2184,36.21185,0.0002442863,-0.5087379,0.1189666
2185,36.22845,1.472569e-06,-0.003066696,0.000717136
2186,36.24524,0.01918953,0.3576557,9.33344
2187,36.2619,0.01019748,0.1920989,4.95987
2188,36.27856,0.01019748,0.1920989,4.95987
2189,36.2951,-0.7399785,0.2936002,7.425347
2190,36.31189,-7.861903,0.1083004,2.720264
2191,36.32959,-0.1059554,0.2231736,5.473936
2192,36.34521,-1.001448,2.290858,10.29725
2193,36.36194,-1.001448,2.290858,10.29725
2194,36.37854,-1.42377,2.456345,13.86033
2195,36.3952,-0.01073888,1.429137,2.747276
2196,36.4118,-1.89932,1.828503,-0.04121654
2197,36.42853,-0.01575846,0.0151709,-0.0003419693
2198,36.44525,-6.901626e-05,6.644296e-05,-1.4977e-06
2199,36.46179,-5.725681e-07,1.394331,-0.3290615
2200,36.47845,-5.725681e-07,1.394331,-0.3290615
2201,36.49518,0.0,8.525117,-2.033971
2202,36.51184,0.0,19.7543,-4.755711
2203,36.52856,5.049734,17.15895,11.38814
2204,36.54504,7.247243,22.78372,17.00554
2205,36.56171,7.247243,22.78372,17.00554
2206,36.57837,5.476385,26.33605,26.15291
2207,36.59521,9.536178,25.19457,23.66031
2208,36.61182,7.644046,15.6522,21.06991
2209,36.62848,0.5465825,19.92277,18.77967
2210,36.6452,0.2123338,11.58719,13.90051
2211,36.6618,0.2123338,11.58719,13.90051
2212,36.67853,0.01844605,0.2547851,3.264129
2213,36.69519,-3.675509,0.2689258,3.758091
2214,36.71204,-0.01609738,0.001177796,0.01645906
2215,36.72845,-5.34133,5.158315e-06,0.02203538
2216,36.74512,-0.03219779,3.107886e-08,0.0001328303
2217,36.76196,-0.03219779,3.107886e-08,0.0001328303
2218,36.7785,0.001182965,0.02081388,0.2880771
2219,36.7951,0.0008254222,0.01458567,0.2007367
2220,36.81207,3.615089e-06,6.387989e-05,0.0008791532
2221,36.82849,0.01065309,0.1893052,2.590725
2222,36.84509,0.01478973,0.2642866,3.596714
2223,36.86176,0.01478973,0.2642866,3.596714
2224,36.87842,0.00453771,-1.340386,1.103525
2225,36.89508,0.01152813,-10.68561,2.803526
2226,36.91193,0.008630014,-8.063952,2.098732
2227,36.92841,0.01560415,-14.67924,3.794771
2228,36.94507,-5.337554,-9.119548,2.365403
2229,36.96179,-5.337554,-9.119548,2.365403
2230,36.97852,-14.94367,-11.80707,-13.89549
2231,36.99506,-9.511697,-9.657064,-21.72586
2232,37.0119,-6.53633,-11.94926,-17.975
2233,37.02838,-3.542385,-4.033483,-18.70114
2234,37.0451,-1.088925,-0.8466014,-13.81586
2235,37.06201,-0.6966985,-0.9733137,-16.68472
2236,37.07837,-0.6966985,-0.9733137,-16.68472
2237,37.0954,0.1572687,-1.65295,-31.4161
2238,37.11169,0.07335118,-1.433378,-29.53646
2239,37.12842,0.06779321,-4.72495,-27.47696
2240,37.14502,0.07405687,-1.989635,-25.72848
2241,37.16193,0.03077907,-0.558134,-10.69312
2242,37.17883,0.03077907,-0.558134,-10.69312
2243,37.19507,0.00236336,-0.030463,-0.8210673
2244,37.21167,0.0004190091,0.5082822,-0.1455701
2245,37.22852,0.002529891,3.493063,-0.8789225
2246,37.24561,1.885293,0.02898158,-0.002640987
2247,37.26172,1.885293,0.02898158,-0.002640987
2248,37.27875,2.779818,0.3651358,9.739873
2249,37.29523,1.06654,0.6204684,16.02144
2250,37.31189,1.876211,0.3180887,16.79333
2251,37.32843,-0.006287667,1.187309,26.78245
2252,37.34528,-0.03193484,1.911014,39.05087
2253,37.36163,-0.03193484,1.911014,39.05087
2254,37.37842,7.710247,-6.725589,46.6037
2255,37.39496,0.2098679,-3.103933,39.74231
2256,37.41168,13.7602,-10.29362,48.82688
2257,37.42834,13.7184,-11.94845,40.56274
2258,37.44501,1.33851,-7.26044,37.51933
2259,37.46167,7.455923,-9.616508,40.20584
2260,37.47833,7.455923,-9.616508,40.20584
2261,37.49518,0.06709617,-15.87144,27.04504
2262,37.51166,0.04577399,-13.19069,18.55211
2263,37.52844,0.04041872,-13.88247,16.38243
2264,37.54504,-1.04334,-15.42355,20.31176
2265,37.56165,-1.04334,-15.42355,20.31176
2266,37.57831,-3.709465,-0.6562617,3.696646
2267,37.59497,-1.114972,0.06781037,0.7916307
2268,37.61188,-7.856382,0.9543011,9.415247
2269,37.62878,-0.08569315,1.028271,10.05889
2270,37.64539,0.002750529,0.7879681,7.64653
2271,37.66174,0.002750529,0.7879681,7.64653
2272,37.67841,0.00159087,0.538534,3.868893
2273,37.69501,0.0001370392,1.031149,0.3332675
2274,37.71173,1.564947e-06,0.01177541,0.003805814
2275,37.72833,6.853891e-09,5.157195e-05,1.666807e-05
2276,37.74493,7.827496e-11,5.888066e-07,1.903579e-07
2277,37.76166,7.827496e-11,5.888066e-07,1.903579e-07
2278,37.77844,-1.048785,12.20308,-14.37053
2279,37.79498,-2.051391,1.724548,-15.67472
2280,37.81171,-4.082742,1.170068,-23.1856
2281,37.82837,-0.4418498,10.41208,-12.7932
2282,37.84497,-0.2718177,14.59645,-13.10131
2283,37.86169,-0.2718177,14.59645,-13.10131
2284,37.8783,0.02190682,29.6622,-12.49806
2285,37.89502,0.05052271,32.39608,-20.49955
2286,37.91174,0.452581,35.91882,-9.185102
2287,37.92871,1.989683,28.32965,2.240344
2288,37.94495,0.01357555,17.94351,-0.9495164
2289,37.96161,0.01357555,17.94351,-0.9495164
2290,37.97833,-0.007071391,8.880136,14.33954
2291,37.99493,10.77535,2.400099,22.6037
2292,38.0116,2.11061,2.169526,20.96181
2293,38.02856,7.812805,2.535898,23.83632
2294,38.04492,10.99632,-3.774097,30.34608
2295,38.06183,10.99632,-3.774097,30.34608
2296,38.07831,7.879521,-7.718037,43.29189
2297,38.09491,18.54672,1.8119,26.36012
2298,38.11188,10.95262,-8.02814,21.48809
2299,38.12823,0.1861098,-6.016692,18.74392
2300,38.14496,0.1484615,-11.91813,20.00452
2301,38.16187,0.1484615,-11.91813,20.00452
2302,38.17828,0.07400753,1.299459,9.998698
2303,38.19501,-1.48517,0.1836792,1.40718
2304,38.21161,-0.009952162,0.1345257,1.019475
2305,38.22821,-8.257205e-05,0.001116146,0.008458478
2306,38.24493,0.06281262,1.19329,8.985521
2307,38.26166,0.05874022,2.477723,8.40287
2308,38.26514,0.05874022,2.477723,8.40287
2309,38.27826,0.09755757,3.777748,13.95575
2310,38.29498,0.06701979,4.110099,9.587274
2311,38.31213,0.06766201,15.2419,9.679144
2312,38.32819,-0.1622562,2.651358,8.179365
2313,38.34497,-0.1622562,2.651358,8.179365
2314,38.36157,-4.085237,1.489497,1.15496
2315,38.37848,-1.543411,0.0170096,0.02055573
2316,38.39496,-0.8431368,7.44958e-05,0.003870364
2317,38.41156,-1.532481,3.262643e-07,0.00630183
2318,38.42822,-0.01750047,3.725839e-09,7.196499e-05
2319,38.44537,-0.01750047,3.725839e-09,7.196499e-05
2320,38.46161,-0.01765475,9.132208,-4.293244
2321,38.47827,-0.02267376,4.948743,-5.514029
2322,38.49487,-0.02020298,12.43036,-4.913162
2323,38.51147,-0.006075948,1.219118,-1.47761
2324,38.52832,5.434094,0.2477142,-2.36762
2325,38.54486,5.434094,0.2477142,-2.36762
2326,38.56158,19.53882,-0.552904,-4.141832
2327,38.57837,26.81728,-0.2546395,-2.129466
2328,38.59491,29.18988,-0.04960744,-0.7682133
2329,38.61169,24.78819,-0.1937826,-0.3900653
2330,38.62823,37.8374,-1.323211,-0.4589686
2331,38.64484,37.8374,-1.323211,-0.4589686
2332,38.6615,27.09332,-0.7019106,-0.5279827
2333,38.67834,29.54105,-4.968045,0.4438194
2334,38.69476,46.16897,-9.34767,0.8890769
2335,38.71155,45.2394,-11.57121,3.142863
2336,38.72852,50.13323,-6.843899,1.460142
2337,38.74487,50.13323,-6.843899,1.460142
2338,38.76154,32.14401,-10.23054,16.85476
2339,38.7782,26.82995,-4.346362,10.43481
2340,38.79474,12.2222,-7.357284,7.866271
2341,38.81195,2.468802,-10.67943,12.00104
2342,38.82825,0.8901938,-10.21469,9.63053
2343,38.84509,0.8901938,-10.21469,9.63053
2344,38.86176,-5.283043,-11.55095,4.821493
2345,38.87811,-2.513395,-16.32603,6.859663
2346,38.8949,-17.46478,-13.63152,4.354386
2347,38.9115,-23.98221,-9.663653,3.631554
2348,38.92816,-27.22789,-0.110356,1.427444
2349,38.94495,-27.22789,-0.110356,1.427444
2350,38.96155,-42.7452,-4.01006e-06,1.881931
2351,38.97821,-52.55643,5.656548,-10.66002
2352,38.98517,-49.08693,-2.845502,-18.25727
2353,38.995,-54.91322,-2.546408,-16.14931
2354,39.01154,-64.57446,3.220082,-26.09529
2355,39.02808,-64.57446,3.220082,-26.09529
2356,39.04474,-52.40406,-2.257513,-16.20603
2357,39.06146,-59.95972,-0.2997027,-3.798995
2358,39.07837,-46.7029,-0.3155104,-2.671402
2359,39.09485,-18.58914,-0.002617758,-0.2182035
2360,39.11151,-3.541634,-0.01871112,-0.180978
2361,39.12811,-3.541634,-0.01871112,-0.180978
2362,39.14478,8.206906,-0.6564915,-4.795065
2363,39.16174,23.25992,-0.2531055,0.2301786
2364,39.17834,22.36956,-1.294735,0.2437837
2365,39.19489,33.33719,-0.007804723,0.1102485
2366,39.21155,41.42212,0.3455497,2.536817
2367,39.22821,41.42212,0.3455497,2.536817
2368,39.24481,32.25745,0.02473676,-0.1349337
2369,39.26147,32.17322,-0.4427775,0.2122366
2370,39.27808,16.88652,-1.845699,0.1722807
2371,39.29486,20.70598,-3.741913,0.5024168
2372,39.31165,25.58462,-14.04821,2.813015
2373,39.32806,25.58462,-14.04821,2.813015
2374,39.34503,27.93369,-4.969654,0.427843
2375,39.36145,24.79131,-0.7565251,3.836647
2376,39.37805,34.30098,-0.2661968,7.024841
2377,39.3949,47.10495,1.098688,13.43696
2378,39.41156,40.26973,-11.40403,15.92321
2379,39.42816,40.26973,-11.40403,15.92321
2380,39.44482,28.07795,-15.0545,7.707621
2381,39.46143,24.71743,-7.504011,6.640252
2382,39.47815,27.28019,-2.540242,13.85088
2383,39.49475,22.56737,-8.649539,7.400534
2384,39.51141,18.97432,-6.659133,12.76559
2385,39.52881,18.97432,-6.659133,12.76559
2386,39.54468,9.830848,-6.56991,23.33527
2387,39.5614,16.59607,-15.26504,22.34564
2388,39.57813,18.88432,-17.83354,28.21107
2389,39.59473,14.38176,-19.00277,37.29234
2390,39.61139,16.92212,-26.3957,28.42585
2391,39.62811,16.92212,-26.3957,28.42585
2392,39.64478,21.79122,-17.84544,20.83454
2393,39.66144,21.02384,-26.60276,29.45781
2394,39.67834,7.863436,-27.04232,22.83881
2395,39.69476,1.530286,-20.03144,17.10265
2396,39.71143,0.558645,-20.4032,7.518351
2397,39.72821,0.558645,-20.4032,7.518351
2398,39.74475,0.2523706,-17.61274,3.403455
2399,39.76135,0.175038,-10.46424,2.360554
2400,39.77808,7.956147,-9.803224,1.264592
2401,39.79486,13.96439,-0.08133632,-1.043159
2402,39.8114,14.93187,-0.0004902992,-1.156526
2403,39.82813,14.93187,-0.0004902992,-1.156526
2404,39.84473,17.67129,-1.294495e-08,-1.449253
2405,39.86139,14.79689,0.0,-1.238023
2406,39.87811,18.6371,3.480603,-2.526162
2407,39.89471,12.26041,-0.900241,-6.29262
2408,39.91144,10.77043,-0.9631512,-6.387029
2409,39.92816,10.77043,-0.9631512,-6.387029
2410,39.9447,14.29252,6.49811,-6.827425
2411,39.96124,-1.357354,7.383508,-16.55084
2412,39.97809,-1.959033,8.27037,-21.90256
2413,39.99463,-2.092863,1.659036,-23.3924
2414,40.01135,-1.966415,7.614378,-21.97904
2415,40.02814,-1.966415,7.614378,-21.97904
2416,40.04462,-2.246808,2.102072,-22.55948
2417,40.06152,-4.100241,9.066553,-21.74533
2418,40.078,-2.443336,13.14782,-23.99508
2419,40.0946,-8.599065,14.96663,-30.05148
2420,40.11133,-8.02409,21.19384,-25.77992
2421,40.12805,-8.02409,21.19384,-25.77992
2422,40.14459,-0.4439819,22.35409,-5.101925
2423,40.1615,-0.5813218,31.196,-6.683283
2424,40.17798,-0.4772094,25.16531,-5.486343
2425,40.19464,-0.3709332,22.67499,-4.264515
2426,40.21149,-0.2084229,10.71845,-2.39618
2427,40.22797,-0.2084229,10.71845,-2.39618
2428,40.24475,-0.2188934,11.06661,-2.516557
2429,40.26147,-0.2189692,11.00831,-2.517427
2430,40.27795,-0.3140206,16.46011,-3.610206
2431,40.29468,-0.5321291,27.68554,-6.117739
2432,40.31146,0.04307542,19.13115,0.495226
2433,40.32819,0.04307542,19.13115,0.495226
2434,40.3446,-0.2697513,12.81674,-3.101255
2435,40.36139,2.875024,2.790424,-0.9340692
2436,40.37799,0.01813161,0.2921518,-0.07319978
2437,40.39465,-0.002767452,0.1368253,-0.0333575
2438,40.41132,-3.160346e-05,0.001562503,-0.0003809326
2439,40.4281,-3.160346e-05,0.001562503,-0.0003809326
2440,40.44464,-1.209273e-09,5.677724e-08,-1.383676e-08
2441,40.46143,0.1192039,0.2045828,1.363957
2442,40.47797,0.4178403,0.7191145,4.781019
2443,40.49469,1.178916,-5.095438,13.48941
2444,40.51129,1.776946,-6.637575,20.3322
2445,40.52789,1.776946,-6.637575,20.3322
2446,40.54468,7.405871,0.09798346,17.93333
2447,40.56134,5.041133,-4.88716,20.8208
2448,40.57788,15.15612,-6.258243,24.13963
2449,40.59467,4.877357,-12.30987,28.28699
2450,40.61121,3.344197,-22.99339,25.77675
2451,40.62805,3.344197,-22.99339,25.77675
2452,40.64465,1.005452,-13.58345,10.88434
2453,40.66125,0.3913133,-16.97807,4.236368
2454,40.67798,-0.3344749,-13.61806,3.096227
2455,40.69458,0.1086946,-5.569565,1.237915
2456,40.7113,0.2291569,-0.02439265,-0.01570161
2457,40.72803,0.2291569,-0.02439265,-0.01570161
2458,40.74451,20.23817,1.856001,8.603139
2459,40.76123,23.65221,3.035219,14.75209
2460,40.77789,27.31881,2.868121,13.20245
2461,40.79456,17.56343,2.128599,9.893156
2462,40.81128,9.181166,2.909223,14.84977
2463,40.82794,9.181166,2.909223,14.84977
2464,40.8446,0.5113865,0.9136423,4.855309
2465,40.86121,0.1933111,0.3477522,1.843975
2466,40.87793,-0.8514217,0.05310968,0.3729577
2467,40.89459,-3.651172,0.6562077,3.873636
2468,40.91125,0.8899999,3.602615,8.793189
2469,40.92804,0.8899999,3.602615,8.793189
2470,40.94458,2.349656e-05,9.511132e-05,0.0002321458
2471,40.9613,-8.649962,0.2618627,0.8369924
2472,40.97797,-0.3565776,11.4891,-2.564905
2473,40.99457,-1.576573,19.68434,-4.328859
2474,41.01123,-0.4320646,18.05611,-4.122161
2475,41.02814,-0.4320646,18.05611,-4.122161
2476,41.04449,-0.4266358,17.71342,-4.13553
2477,41.06128,-0.04885843,2.021132,-0.4736024
2478,41.07788,0.04843271,0.3654753,0.4694758
2479,41.09454,-0.6071763,0.002203103,0.06524607
2480,41.11121,-9.124161,0.486219,3.495157
2481,41.12799,-9.124161,0.486219,3.495157
2482,41.14459,-6.523359,2.404062,13.1117
2483,41.16125,-10.69884,1.931804,10.97485
2484,41.17804,-21.39217,14.10172,7.427279
2485,41.19452,-25.99942,0.2034037,3.155348
2486,41.21124,-33.70019,0.001226127,3.005589
2487,41.22778,-33.70019,0.001226127,3.005589
2488,41.24457,-30.08513,7.462375,5.713718
2489,41.26147,-25.38831,11.10979,10.36001
2490,41.27783,-13.94898,14.5993,10.86505
2491,41.29449,-7.889761,12.96371,15.38131
2492,41.31116,-1.648828,4.806585,19.57178
2493,41.32788,-1.648828,4.806585,19.57178
2494,41.3446,1.459338,4.844607,22.0036
2495,41.36133,-2.170149,7.848561,28.16867
2496,41.37799,-0.625731,3.038675,14.12953
2497,41.39447,1.395261,4.136886,18.95268
2498,41.41138,0.4482386,1.327376,6.04552
2499,41.42786,0.4482386,1.327376,6.04552
2500,41.44452,6.795096,2.692374,11.73371
2501,41.46136,10.29056,1.443464,5.697329
2502,41.47784,15.50378,2.637809,10.55025
2503,41.49475,14.57593,1.819981,6.918747
2504,41.51117,11.84279,0.6189943,1.792198
2505,41.52783,11.84279,0.6189943,1.792198
2506,41.54449,20.85317,1.768382,6.036165
2507,41.56128,13.58637,2.775387,11.00761
2508,41.57788,13.575,3.796239,15.35961
2509,41.59454,18.42132,4.344464,17.15443
2510,41.61115,20.53483,3.496395,13.13964
2511,41.62518,20.53483,3.496395,13.13964
2512,41.62781,12.27188,2.297223,8.546842
2513,41.64471,8.02163,3.341573,13.2147
2514,41.66119,1.290383,2.640197,10.83072
2515,41.67773,1.510677,3.95841,16.16164
2516,41.69452,1.262501,3.341152,13.54584
2517,41.71124,1.262501,3.341152,13.54584
2518,41.72784,0.008171597,1.349333,5.4594
2519,41.74438,-0.9269398,3.739737,15.13938
2520,41.76129,0.9214731,2.53559,10.08623
2521,41.77783,-0.138801,1.345462,5.391177
2522,41.79468,-1.964571,0.7312899,3.092971
2523,41.81116,-1.964571,0.7312899,3.092971
2524,41.82819,-1.723317,11.11159,7.188916
2525,41.84448,-0.5986308,0.8272951,3.000732
2526,41.86121,-11.21114,0.4310874,1.561983
2527,41.87775,-0.0137829,0.1032685,0.3999536
2528,41.89447,-0.0001573965,0.001179295,0.004567348
2529,41.91113,-0.0001573965,0.001179295,0.004567348
2530,41.9278,-3.013366e-09,2.235881e-08,8.76704e-08
2531,41.94452,12.00561,0.0,-1.094023
2532,41.96118,9.252996,0.0,-0.8508614
2533,41.97791,10.58835,0.1293142,-0.482046
2534,41.99445,13.06059,0.400155,0.3234455
2535,42.01129,13.06059,0.400155,0.3234455
2536,42.02777,14.01148,2.81497,9.487364
2537,42.04449,2.70546,-6.964937,3.674643
2538,42.06122,4.715161,0.2115743,0.9481865
2539,42.07794,4.993664,0.003334272,-0.4742832
2540,42.09503,7.846718,-0.3527821,-0.5647776
2541,42.11127,7.846718,-0.3527821,-0.5647776
2542,42.12775,13.59707,-3.637549,0.2257468
2543,42.14441,10.80268,-6.487665,1.962452
2544,42.16107,7.555902,0.2437593,3.126342
2545,42.1778,4.914798,-4.649942,2.06942
2546,42.19446,1.417942,-7.599377,9.834829
2547,42.21124,1.417942,-7.599377,9.834829
2548,42.22778,0.5149605,-4.072622,3.880558
2549,42.24445,9.144829,0.5275303,1.040754
2550,42.26111,0.4898649,0.3448814,2.261438
2551,42.27765,0.3053168,0.7648157,2.809332
2552,42.29443,0.9427316,2.389572,8.716599
2553,42.31116,0.9427316,2.389572,8.716599
2554,42.32776,0.7502641,2.771633,10.06568
2555,42.34442,0.3986905,1.034932,3.733719
2556,42.36102,-3.091362,0.3788839,1.710787
2557,42.37769,0.252885,-8.984465,2.499702
2558,42.39441,0.8298624,2.123173,7.763204
2559,42.41107,0.8298624,2.123173,7.763204
2560,42.42773,16.5755,-0.5235774,3.203934
2561,42.44446,1.393797,3.402437,12.07433
2562,42.461,2.416685,4.01262,14.04113
2563,42.47864,12.30818,1.305274,3.693647
2564,42.49438,11.84391,-1.206845,8.680393
2565,42.51099,11.84391,-1.206845,8.680393
2566,42.52765,12.76434,-2.907664,4.770872
2567,42.54437,0.9386395,-6.10637,7.480412
2568,42.56104,1.026989,1.820347,9.167492
2569,42.5777,0.1441264,2.61456,9.62288
2570,42.59442,0.9800991,-5.514569,8.860703
2571,42.61108,0.9800991,-5.514569,8.860703
2572,42.62762,9.362097,-0.7468948,-0.1236827
2573,42.64447,18.96718,-12.64103,0.7367954
2574,42.66095,9.111601,-6.491768,1.429867
2575,42.67767,17.67366,-8.448816,13.41583
2576,42.69434,9.851715,-8.386027,11.45779
2577,42.71094,9.851715,-8.386027,11.45779
2578,42.7276,0.2837553,0.4754901,2.130162
2579,42.74432,1.150839,2.142409,9.668368
2580,42.76093,1.477115,-3.601789,12.41459
2581,42.77771,0.4697505,-3.144442,3.948079
2582,42.79425,0.8579853,-6.104573,7.21105
2583,42.81097,0.8579853,-6.104573,7.21105
2584,42.82764,2.468469,-10.29018,20.74657
2585,42.8443,1.676141,-3.82164,14.08735
2586,42.86237,2.070069,1.289821,17.39816
2587,42.87775,1.947746,-9.865026,16.37009
2588,42.89435,7.820876,-13.32525,9.485029
2589,42.91101,7.820876,-13.32525,9.485029
2590,42.9278,0.06161323,-1.391891,0.5139899
2591,42.94427,0.5986648,1.275597,5.01397
2592,42.96094,0.7011682,0.4752422,1.783469
2593,42.97754,5.773701,3.059757,9.104421
2594,42.99426,3.056184,4.506024,14.01707
2595,43.01093,3.056184,4.506024,14.01707
2596,43.02789,12.48726,2.284382,5.716143
2597,43.04425,18.80587,1.732911,3.133418
2598,43.06116,31.15041,0.3216948,-2.948663
2599,43.0777,23.7949,2.141894,6.067412
2600,43.0943,24.58188,-0.6705598,-2.049835
2601,43.11108,24.58188,-0.6705598,-2.049835
2602,43.12769,29.19981,-9.179957,-2.12276
2603,43.14441,20.65135,-0.04020485,-2.906402
2604,43.16119,32.87659,-0.2579174,-4.683234
2605,43.17773,27.50757,0.9749557,0.8012385
2606,43.19434,36.2357,0.005877079,-5.404802
2607,43.21155,36.2357,0.005877079,-5.404802
2608,43.22754,36.36339,-4.986682,9.25816
2609,43.24457,24.88078,-6.477794,0.08065218
2610,43.26099,25.09485,0.7429097,-1.392935
2611,43.27771,16.47915,2.215704,6.529884
2612,43.29425,24.42995,2.485414,3.68836
2613,43.31091,24.42995,2.485414,3.68836
2614,43.32758,7.294814,1.284815,2.747303
2615,43.34418,11.68858,1.26074,1.903771
2616,43.3609,0.9609081,1.672617,4.993563
2617,43.37756,0.3054271,0.5965078,1.784698
2618,43.39435,0.0939986,0.1843532,0.5508584
2619,43.41089,0.0939986,0.1843532,0.5508584
2620,43.42743,0.2936669,0.5783495,1.721071
2621,43.44421,2.10394,4.154828,12.33039
2622,43.46088,-4.578021,0.1789602,1.324998
2623,43.47754,1.100141,2.263725,6.697832
2624,43.49426,0.3182469,0.6354957,1.873446
2625,43.51093,0.3182469,0.6354957,1.873446
2626,43.52771,-16.48942,0.2432497,3.528405
2627,43.54425,1.449642,3.065545,9.0016
2628,43.56097,-4.611378,0.01342596,0.8195338
2629,43.57758,-9.689378,0.04430252,1.766246
2630,43.5943,0.1163588,0.440858,1.306462
2631,43.61096,0.1163588,0.440858,1.306462
2632,43.62756,-4.731073,1.163893e-05,0.7912922
2633,43.64429,-0.9978555,5.097424e-08,0.1664666
2634,43.66089,2.005967,4.124467,12.05137
2635,43.67755,2.095493,4.310812,12.56131
2636,43.69434,-3.664232,5.621021,17.35363
2637,43.71094,-3.664232,5.621021,17.35363
2638,43.72748,-1.360093,7.353558,21.80927
2639,43.74426,-5.719556,7.864924,23.84238
2640,43.76086,-7.305049,4.857822,15.26576
2641,43.77753,-4.656689,4.698932,14.27745
2642,43.79425,-2.022475,6.803527,19.74671
2643,43.81091,-2.022475,6.803527,19.74671
2644,43.82751,3.345331,8.238597,22.50348
2645,43.84442,3.814431,8.779836,23.65365
2646,43.86084,3.306321,7.674242,20.49367
2647,43.86517,1.036227,2.420233,6.422843
2648,43.87744,0.5466524,1.284825,3.397196
2649,43.89417,0.5466524,1.284825,3.397196
2650,43.91083,0.0006718119,0.001580958,0.004175005
2651,43.92749,0.7329226,1.726911,4.554781
2652,43.94421,-1.788215,0.0104099,0.3151579
2653,43.96088,-2.441164,0.1789832,0.8743881
2654,43.97748,-0.0106914,0.0007838809,0.003829499
2655,43.9942,-0.0106914,0.0007838809,0.003829499
2656,44.01074,-2.822597e-07,2.069495e-08,1.011012e-07
2657,44.02795,0.0,0.0,0.0
2658,44.04419,4.661726,0.0,-0.748165
2659,44.06091,17.0489,0.0,-2.743387
2660,44.07751,0.1027716,0.0,-0.01653727
2661,44.09424,0.1027716,0.0,-0.01653727
2662,44.11078,7.027361,0.0,-1.139688
2663,44.12756,20.78808,-1.820718,6.803352
2664,44.1441,23.14564,-6.58226,9.918175
2665,44.16107,21.30371,-9.759817,11.60938
2666,44.17773,22.25483,3.910282,10.68736
2667,44.19421,22.25483,3.910282,10.68736
2668,44.21082,20.77264,-5.010409,10.48998
2669,44.22748,29.86367,-12.88734,7.553573
2670,44.24426,31.00457,-6.143964,13.89432
2671,44.2608,14.31998,-14.70529,22.55316
2672,44.27759,21.26068,-12.4215,18.69966
2673,44.29413,21.26068,-12.4215,18.69966
2674,44.31116,18.05656,-15.80074,15.69369
2675,44.32751,7.369516,-1.506812,19.88279
2676,44.34418,7.528843,-11.66851,14.66444
2677,44.36084,11.99024,-13.79878,11.64963
2678,44.37756,11.08362,-13.46018,6.171193
2679,44.39404,11.08362,-13.46018,6.171193
2680,44.41083,9.818272,-21.30048,14.86821
2681,44.42743,22.69105,-9.550949,14.3519
2682,44.44421,3.099013,-8.533334,11.65475
2683,44.46088,2.104376,-7.153472,11.01372
2684,44.47754,2.158683,-6.576716,9.890041
2685,44.49414,2.158683,-6.576716,9.890041
2686,44.51111,0.7362584,-7.663602,3.854406
2687,44.52747,1.29263,-7.590309,2.873882
2688,44.54413,1.668474,-4.62745,1.42734
2689,44.56079,17.76628,-3.001709,-1.562705
2690,44.57739,20.31152,4.325827,6.632503
2691,44.59412,20.31152,4.325827,6.632503
2692,44.61084,17.5845,3.951983,6.098128
2693,44.62744,18.33457,1.603657,0.2332073
2694,44.64404,30.2678,2.516277,3.316643
2695,44.66089,33.24562,-3.67867,4.741707
2696,44.67743,27.94299,-0.7485445,1.686009
2697,44.69415,27.94299,-0.7485445,1.686009
2698,44.71075,20.98716,-0.2293347,-4.252596
2699,44.72748,17.12065,0.2082431,-3.121835
2700,44.74414,22.35184,1.41283,-1.397628
2701,44.76086,22.77007,0.006187674,-4.89039
2702,44.77747,18.74192,5.133875e-05,-4.077623
2703,44.79413,18.74192,5.133875e-05,-4.077623
2704,44.81073,30.36303,1.957932,-2.113165
2705,44.82764,32.46201,4.498343,3.34167
2706,44.84412,30.35586,6.274542,7.900037
2707,44.86078,29.58772,7.661764,11.21064
2708,44.87762,22.33899,5.428763,7.526195
2709,44.89398,22.33899,5.428763,7.526195
2710,44.91089,14.26829,5.206018,8.785714
2711,44.92737,18.00315,1.462197,-0.8625013
2712,44.94421,0.1085238,0.008814191,-0.005199199
2713,44.96069,1.11252,2.124316,4.682897
2714,44.96515,3.211214,6.154502,13.52268
2715,44.97748,3.211214,6.154502,13.52268
2716,44.99408,2.611397,5.049057,10.99683
2717,45.01074,1.897838,3.681463,7.991962
2718,45.0274,-0.3229468,3.048966,7.045173
2719,45.04413,-7.298009,3.385332,9.446538
2720,45.06079,-17.85325,1.109503,6.735415
2721,45.07739,-17.85325,1.109503,6.735415
2722,45.09406,-4.526891,0.7839753,2.838045
2723,45.1106,-7.616306,0.01696035,1.807489
2724,45.12738,-10.59465,0.5717202,3.743423
2725,45.14398,-5.344054,0.002503924,1.235322
2726,45.16071,-7.602734,1.509377e-05,1.742809
2727,45.17743,-7.602734,1.509377e-05,1.742809
2728,45.19415,-1.343599,1.430105e-09,0.3062492
2729,45.21063,-0.688848,-0.9918541,0.31358
2730,45.22736,-0.005715299,-0.00822931,0.002601741
2731,45.24396,-4.628977,-0.0001780311,1.051116
2732,45.26086,0.1632809,0.4422911,0.9639563
2733,45.27734,0.1632809,0.4422911,0.9639563
2734,45.29395,0.2504919,-0.9533235,1.113487
2735,45.31085,3.85653,-5.639068,17.01654
2736,45.32733,2.759267,5.604768,12.17496
2737,45.34399,3.167518,6.19615,13.97632
2738,45.36078,1.510183,-6.668453,6.663514
2739,45.3772,1.510183,-6.668453,6.663514
2740,45.3941,0.7971475,0.8872793,3.517324
2741,45.41064,1.627565,0.6614165,7.181446
2742,45.42725,2.054472,4.309482,9.065127
2743,45.44507,1.439771,3.041339,6.352827
2744,45.46063,3.3992,7.218763,14.99859
2745,45.47729,3.3992,7.218763,14.99859
2746,45.49408,1.077466,2.305168,4.754197
2747,45.51068,2.821469,6.068205,12.44942
2748,45.52734,3.61011,7.805193,15.9292
2749,45.54407,3.939943,8.571899,17.38455
2750,45.56067,3.263803,7.145365,14.40116
2751,45.57721,3.263803,7.145365,14.40116
2752,45.5946,2.840405,6.265471,12.4552
2753,45.61066,3.232895,7.190012,14.23739
2754,45.62756,-0.3707054,2.309334,4.882329
2755,45.64404,-1.430859,0.0191603,0.3634711
2756,45.66064,-13.48371,8.391508e-05,3.038567
2757,45.67725,-13.48371,8.391508e-05,3.038567
2758,45.69403,-1.426182,4.196935e-09,0.3201408
2759,45.71063,-3.800987,2.474775,0.4662789
2760,45.72729,-9.834416,0.01083861,2.188907
2761,45.74408,-19.17677,0.722559,4.142734
2762,45.76062,-3.789927,0.00435562,0.8386123
2763,45.77734,-3.789927,0.00435562,0.8386123
2764,45.78516,2.236651,5.590742,11.09625
2765,45.79401,2.487333,5.702154,11.2597
2766,45.81055,0.5910115,5.726112,11.70335
2767,45.82751,1.943548,4.529929,8.913784
2768,45.84393,0.1207447,0.2789068,0.5479934
2769,45.86066,0.1207447,0.2789068,0.5479934
2770,45.87732,-17.81984,0.1766995,4.271043
2771,45.89398,-11.0509,0.001466057,2.416915
2772,45.91071,-26.51718,8.837461e-06,5.746616
2773,45.92725,-15.44297,-1.568648,0.09528875
2774,45.94397,-38.19614,-1.596196,4.814088
2775,45.96075,-38.19614,-1.596196,4.814088
2776,45.97723,-47.89139,-4.704843,0.05174802
2777,45.99396,-38.62796,-0.8890803,5.871112
2778,46.01062,-43.14408,-0.01014464,8.404177
2779,46.02728,-45.13234,-8.416905e-05,8.639966
2780,46.04388,-42.86796,-9.611849e-07,8.024054
2781,46.06073,-42.86796,-9.611849e-07,8.024054
2782,46.07727,-51.10548,0.0,9.131603
2783,46.09393,-63.73643,0.0,11.06426
2784,46.11066,-59.81183,0.0,10.0792
2785,46.12738,-72.3662,0.0,11.76679
2786,46.14398,-65.34991,0.0,10.24014
2787,46.16058,-65.34991,0.0,10.24014
2788,46.17743,-85.38934,0.0,12.30307
2789,46.19391,-58.08413,-3.10068,1.695818
2790,46.21051,-55.22741,-1.341203,4.579403
2791,46.22723,-61.30953,-2.238212,3.206145
2792,46.24402,-47.86345,6.600436,4.841896
2793,46.26074,-47.86345,6.600436,4.841896
2794,46.27789,-10.06507,4.940447,0.4323684
2795,46.29388,-3.207939,2.588054,-0.02202297
2796,46.31061,-0.22947,0.01133473,0.02516966
2797,46.32727,-0.003606631,0.0001781465,0.0003955228
2798,46.34387,-1.924367,0.6382052,1.53508
2799,46.36072,-1.924367,0.6382052,1.53508
2800,46.37714,-0.1916731,3.191921e-05,0.02239173
2801,46.39386,0.02047091,0.09042946,0.183052
2802,46.40515,0.0001233996,0.0005451131,0.001103446
2803,46.41052,7.438587e-07,3.285967e-06,6.651625e-06
2804,46.42719,12.48869,2.726333e-08,-1.459895
2805,46.44391,12.48869,2.726333e-08,-1.459895
2806,46.46057,9.713022,0.05491076,-1.148002
2807,46.47723,0.05855056,0.0003310046,-0.006920212
2808,46.49396,-0.04587277,2.565657,-0.3940748
2809,46.5105,2.019733,5.410995,10.82352
2810,46.52716,17.63366,0.5385365,-2.068675
2811,46.54382,17.63366,0.5385365,-2.068675
2812,46.56042,1.432932,6.016889,12.1207
2813,46.57715,0.8849733,4.44802,7.490329
2814,46.59387,0.785122,3.315479,6.645237
2815,46.61053,-17.0607,6.100749,14.39283
2816,46.62726,-19.90063,0.0367756,2.400978
2817,46.64398,-19.90063,0.0367756,2.400978
2818,46.6604,-21.66071,0.001432016,2.453761
2819,46.67731,-31.38998,8.632258e-06,3.473306
2820,46.69403,-18.51293,3.780612e-08,2.002227
2821,46.71039,-38.03391,0.0,3.986942
2822,46.72717,-46.36856,6.714033,3.654466
2823,46.74377,-46.36856,6.714033,3.654466
2824,46.76056,-50.65854,3.410372,11.60491
2825,46.77722,-50.31862,3.884986,12.30424
2826,46.79395,-46.66323,4.761531,13.49813
2827,46.81073,-49.30737,3.554608,11.02998
2828,46.82715,-55.22834,7.176917,18.40714
2829,46.84399,-55.22834,7.176917,18.40714
2830,46.86047,-64.95224,3.965066,11.97031
2831,46.87708,-56.87918,7.073124,17.24659
2832,46.8938,-41.40493,7.413837,9.619691
2833,46.91052,-33.78472,1.364877,4.346056
2834,46.92731,-18.10213,0.5471939,1.968192
2835,46.94391,-18.10213,0.5471939,1.968192
2836,46.96051,-0.03230335,1.897489,-0.2446685
2837,46.97717,0.05670983,0.6155993,1.161455
2838,46.99384,17.68082,0.01331774,-0.8479618
2839,47.01044,0.1065808,8.027998e-05,-0.005111554
2840,47.02716,0.000466785,3.515968e-07,-2.238673e-05
2841,47.04376,0.000466785,3.515968e-07,-2.238673e-05
2842,47.06049,0.1094174,0.0,-0.005448567
2843,47.06519,0.5748793,0.0,-0.02886377
2844,47.07709,11.85651,0.0,-0.6050721
2845,47.09375,0.164889,0.0,-0.008414762
2846,47.11053,0.6051404,0.0,-0.03113155
2847,47.1272,0.6051404,0.0,-0.03113155
2848,47.14368,2.19892e-05,0.0,-1.131238e-06
2849,47.16052,1.824421e-07,0.0,-9.385765e-09
2850,47.17731,0.0,0.0,0.0
2851,47.19409,5.140552,0.0,-0.266576
2852,47.21051,12.92051,0.0,-0.6753521
2853,47.22705,12.92051,0.0,-0.6753521
2854,47.24396,0.000469497,0.0,-2.454051e-05
2855,47.26044,0.08759544,0.8649773,1.675758
2856,47.27704,0.0005280295,0.005214124,0.01010155
2857,47.29376,0.5786015,5.725201,11.06952
2858,47.31036,-6.771632,3.439641,7.012981
2859,47.32715,-6.771632,3.439641,7.012981
2860,47.34369,-14.71434,0.6435026,1.988607
2861,47.36041,-15.54931,1.689028,4.025724
2862,47.3772,-24.99454,3.166084,7.287299
2863,47.39404,-33.60413,0.2569684,2.015087
2864,47.41046,-35.49668,1.768443,4.897305
2865,47.42719,-35.49668,1.768443,4.897305
2866,47.44373,-38.35057,3.170678,7.404517
2867,47.46033,-43.10495,1.872323,4.902794
2868,47.47705,-51.36778,3.06425,7.181662
2869,47.49377,-40.85455,6.390107,13.01488
2870,47.51038,-41.69398,2.846041,6.153053
2871,47.52704,-41.69398,2.846041,6.153053
2872,47.5437,-40.23118,3.709116,7.819337
2873,47.56036,-36.32182,-1.369523,11.26238
2874,47.57776,-38.29045,9.318172,17.57678
2875,47.59387,-32.00051,7.372847,13.7217
2876,47.61041,-18.71613,5.574573,20.03431
2877,47.62695,-18.71613,5.574573,20.03431
2878,47.64368,-10.28503,6.175894,18.65057
2879,47.66034,-0.07218289,-4.927235,16.53899
2880,47.67706,-0.03825084,10.96775,22.82508
2881,47.69373,-0.03999792,11.57751,24.31427
2882,47.71033,-0.04368547,14.98175,26.55975
2883,47.72736,-0.04368547,14.98175,26.55975
2884,47.74377,-0.03812566,13.29538,23.17956
2885,47.76031,-0.0229433,8.038729,13.94901
2886,47.77698,-0.008980659,3.155485,5.460041
2887,47.7937,-0.0151058,5.32263,9.183991
2888,47.81036,-0.02108353,7.449871,12.81832
2889,47.82709,-0.02108353,7.449871,12.81832
2890,47.84375,0.3831205,3.008114,5.152084
2891,47.86066,-0.005106852,3.955006,6.760567
2892,47.86517,-0.0001370073,0.07769383,0.1328074
2893,47.87708,-8.258865e-07,0.0004683421,0.0008005694
2894,47.89368,-8.193848e-09,3.885785e-06,6.642239e-06
2895,47.91034,-8.193848e-09,3.885785e-06,6.642239e-06
2896,47.92694,-0.001389219,0.6594284,1.126153
2897,47.94373,-1.586447e-05,0.007530472,0.01286033
2898,47.96033,-1.096781,8.599571e-05,-0.001657122
2899,47.97693,-0.0048035,3.766296e-07,-7.257584e-06
2900,47.99365,-3.985414e-05,3.124857e-09,-6.021541e-08
2901,48.01038,-3.985414e-05,3.124857e-09,-6.021541e-08
2902,48.02698,-2.797911,0.0,-0.005752498
2903,48.04376,-0.02321398,0.0,-4.772788e-05
2904,48.06024,-5.455253,0.0,-0.01345919
2905,48.07697,-2.149536,0.0,-0.006187225
2906,48.09381,-16.52808,0.0,-0.06796368
2907,48.11047,-16.52808,0.0,-0.06796368
2908,48.12695,-19.45982,-2.172757,-3.160462
2909,48.14368,-15.27789,-2.371046,-1.602321
2910,48.16028,-22.34324,-15.19703,-11.51755
2911,48.17706,-6.689939,-24.99659,-16.88437
2912,48.19385,-15.09011,-27.21478,-23.28621
2913,48.21039,-15.09011,-27.21478,-23.28621
2914,48.22693,-4.537704,-52.35726,-17.0644
2915,48.24371,-3.110305,-45.24113,-10.32594
2916,48.2608,-7.147396,-40.72919,-9.581982
2917,48.27704,0.1882023,-42.65289,-13.72674
2918,48.29364,0.3137082,-43.89386,-19.57665
2919,48.31024,0.3137082,-43.89386,-19.57665
2920,48.32703,-0.03944734,-68.29304,-33.42144
2921,48.34393,-0.5743592,-74.05457,-32.60247
2922,48.36029,-0.4830956,-54.75174,-34.45424
2923,48.37701,0.3744907,-36.59076,-21.95473
2924,48.39368,-0.1137777,-20.2656,-16.30412
2925,48.41022,-0.1137777,-20.2656,-16.30412
2926,48.42706,-1.809027,-12.19999,-8.621184
2927,48.44397,0.2332231,-6.884627,-13.24328
2928,48.46021,0.02051417,-7.641593,-1.111316
2929,48.47693,8.984451e-05,-0.03346737,-0.004867157
2930,48.49371,17.87996,-0.0002776753,0.3234927
2931,48.51019,17.87996,-0.0002776753,0.3234927
2932,48.52692,-0.1707503,4.852587,9.462585
2933,48.54352,-2.831746,6.842169,3.380582
2934,48.5603,-0.1896586,4.962942,9.592615
2935,48.57703,-11.3567,4.097999,7.72058
2936,48.59363,-0.4507191,7.951619,15.3281
2937,48.61041,-0.4507191,7.951619,15.3281
2938,48.62689,-6.047077,9.32699,10.56039
2939,48.6438,-15.78075,24.0445,14.58929
2940,48.66034,-16.67329,21.38696,14.86861
2941,48.67719,-15.57251,29.77659,15.31188
2942,48.69366,-27.25559,34.1184,16.41706
2943,48.71021,-27.25559,34.1184,16.41706
2944,48.72687,-41.30351,23.48949,8.821731
2945,48.74359,-48.94803,23.66787,10.51983
2946,48.76025,-58.73658,7.772258,7.86321
2947,48.77692,-52.17644,10.1562,6.086624
2948,48.7937,-55.14237,9.641217,5.216002
2949,48.81024,-55.14237,9.641217,5.216002
2950,48.82697,-46.21674,9.056698,8.764764
2951,48.84351,-45.15405,9.653045,11.76735
2952,48.86023,-36.21933,7.042906,8.238503
2953,48.87683,-27.17481,5.783332,8.392859
2954,48.89349,-29.78066,3.60733,3.263239
2955,48.91022,-29.78066,3.60733,3.263239
2956,48.92688,-12.31226,3.775305,3.248121
2957,48.94354,-20.21892,2.365712,1.658586
2958,48.96033,-15.31283,7.675382,7.263873
2959,48.97687,-0.2042742,4.619302,0.4642404
2960,48.99353,-0.2850566,8.437715,1.59486
2961,49.01013,-0.2850566,8.437715,1.59486
2962,49.02698,-1.090935,17.5036,9.862939
2963,49.04358,-0.04730112,9.578751,0.5824136
2964,49.06024,18.53212,18.98642,0.7977452
2965,49.0769,0.2581727,19.22506,-1.885833
2966,49.09381,-0.3375054,16.64352,4.363512
2967,49.11029,-0.3375054,16.64352,4.363512
2968,49.12689,0.05882322,19.06717,-0.7594035
2969,49.1438,18.46631,25.60361,11.28417
2970,49.16016,-0.3159068,18.26622,5.199678
2971,49.17755,0.3210436,16.86372,0.0001630155
2972,49.19354,1.57394,22.65606,6.686646
2973,49.21014,1.57394,22.65606,6.686646
2974,49.22687,0.1237733,21.48259,9.617494
2975,49.24377,2.366036,21.68254,4.15978
2976,49.26001,4.256966,19.97857,1.226261
2977,49.27679,11.9389,16.06999,5.125295
2978,49.29352,-0.070199,14.08482,2.612494
2979,49.31018,-0.070199,14.08482,2.612494
2980,49.32678,0.913004,13.57174,-1.504677
2981,49.34357,1.54791,0.1126033,0.09727377
2982,49.36017,7.295927,0.0006787781,0.5137818
2983,49.37677,0.8232977,2.159865e-06,0.05764532
2984,49.39355,10.25247,2.416072e-08,0.7136203
2985,49.4101,10.25247,2.416072e-08,0.7136203
2986,49.42682,0.0009714295,0.0,6.721467e-05
2987,49.44342,8.059848e-06,0.0,5.576731e-07
2988,49.46027,9.204103e-08,0.0,6.368458e-09
2989,49.47681,0.0,0.0,0.0
2990,49.49353,0.0,0.0,0.0
2991,49.51019,0.0,0.0,0.0
2992,49.52686,-0.156534,0.01089575,0.007704798
2993,49.54364,-3.864177,0.0001244261,-0.2703491
2994,49.56012,-5.414213,-0.3640145,-0.3255093
2995,49.57678,-23.50397,1.710914,1.239491
2996,49.59369,-14.12696,2.237679,3.277013
2997,49.61023,-14.12696,2.237679,3.277013
2998,49.62677,-32.23768,-1.723112,12.40344
2999,49.64355,-39.92948,2.670144,6.324313
3000,49.6601,-44.40662,-3.982213,8.299451
3001,49.67676,-48.28141,-4.714021,12.13629
3002,49.69348,-54.39201,7.366581,9.974465
3003,49.71057,-54.39201,7.366581,9.974465
3004,49.72681,-51.05678,7.188083,13.13659
3005,49.74341,-51.93864,8.380586,8.489876
3006,49.76007,-42.50307,7.560663,8.345283
3007,49.77679,-39.41389,11.71566,14.82748
3008,49.7934,-32.69857,8.369125,9.959929
3009,49.81024,-32.69857,8.369125,9.959929
3010,49.82678,-31.34738,7.453083,8.374254
3011,49.84344,-17.26653,4.722406,5.553522
3012,49.86017,-27.08999,5.481129,5.515854
3013,49.87671,-23.19464,5.42727,5.846822
3014,49.89349,-23.45341,3.845859,3.226305
3015,49.9101,-23.45341,3.845859,3.226305
3016,49.92682,-17.1866,5.205767,6.093108
3017,49.94342,-17.06177,8.351495,11.05381
3018,49.96008,-12.82972,2.999612,3.092508
3019,49.97668,-3.384244,0.5547776,0.4379612
3020,49.99359,-0.1055623,0.3874121,0.598415
3021,50.01013,-0.1055623,0.3874121,0.598415
3022,50.02673,-5.279601e-06,1.937606e-05,2.992917e-05
3023,50.0434,19.5268,1.607611e-07,2.535336
3024,50.06,0.08552022,0.0,0.01110384
3025,50.07666,-7.54123,0.0,-0.9822975
3026,50.09448,-13.72595,3.990896,4.49615
3027,50.11011,-13.72595,3.990896,4.49615
3028,50.12665,-0.3101792,0.3922864,0.5774108
3029,50.14343,-0.461419,0.7175066,1.068933
3030,50.16003,-0.002781456,0.004325164,0.006443578
3031,50.17664,-0.02221141,0.1084859,0.1677615
3032,50.19336,-0.0002536476,0.001238876,0.001915786
3033,50.20996,-0.0002536476,0.001238876,0.001915786
3034,50.22662,0.3450219,-13.96346,2.082429
3035,50.24335,0.09312388,-12.43505,1.810432
3036,50.25995,-0.2704361,-14.21826,6.557486
3037,50.27667,-1.148538,-14.78034,8.798527
3038,50.29327,-0.3822117,-20.65717,2.915879
3039,50.31,-0.3822117,-20.65717,2.915879
3040,50.3266,-0.4771706,-26.08618,3.374229
3041,50.34332,-0.3108878,-18.67934,2.362844
3042,50.35999,14.07242,-15.26593,2.054955
3043,50.37677,25.3343,-16.25179,-1.48894
3044,50.39331,6.986217,-2.437216,0.9497285
3045,50.40991,6.986217,-2.437216,0.9497285
3046,50.42657,0.00912001,-0.9863944,0.122268
3047,50.44336,7.470066,-0.513907,1.020294
3048,50.46027,1.107684,-7.299519,-7.710751
3049,50.47754,0.9964798,-13.35834,-7.764245
3050,50.49335,1.708019,-18.45888,-13.36998
3051,50.51013,1.708019,-18.45888,-13.36998
3052,50.52686,3.355211,-16.18368,-17.31752
3053,50.54327,23.11557,-21.03119,-19.23904
3054,50.56,12.95531,-14.22657,-21.39364
3055,50.57672,16.39312,-10.39652,-14.95264
3056,50.59338,22.2099,-4.876772,-5.306842
3057,50.60999,22.2099,-4.876772,-5.306842
3058,50.62677,19.37389,-6.579647,-8.787758
3059,50.64331,14.85557,-6.729013,-9.445387
3060,50.66003,13.13741,-8.83316,-13.21323
3061,50.67664,9.538182,-8.274578,-12.77985
3062,50.6933,12.49108,-8.797629,-13.40991
3063,50.7099,12.49108,-8.797629,-13.40991
3064,50.72662,13.33096,-8.994699,-18.64841
3065,50.74329,4.05053,-7.914342,-28.57825
3066,50.76007,2.822901,-4.485546,-25.35203
3067,50.77673,2.907139,6.646946,-26.17452
3068,50.79327,2.403597,-2.340513,-31.75915
3069,50.81,2.403597,-2.340513,-31.75915
3070,50.82666,-5.72821,2.932043,-22.37416
3071,50.84326,1.18832,-0.3477989,-28.37457
3072,50.85992,1.633327,12.00755,-14.47768
3073,50.87665,1.344306,18.40009,-11.79505
3074,50.89319,0.6273765,33.62132,-5.504243
3075,50.90985,0.6273765,33.62132,-5.504243
3076,50.92657,13.62586,30.69177,-9.444336
3077,50.9433,16.84955,22.01681,-10.41864
3078,50.95996,29.95961,8.683635,-11.41273
3079,50.97662,44.464,7.717368,-0.5598541
3080,50.99323,62.81993,11.87495,-0.9686095
3081,51.00995,62.81993,11.87495,-0.9686095
3082,51.02649,39.31286,13.48081,0.0827259
3083,51.04333,39.57956,13.96013,1.155401
3084,51.06006,47.58359,0.2193937,-1.793658
3085,51.0766,42.77842,-2.920377,-3.498137
3086,51.09326,45.62156,-3.909971,-3.903182
3087,51.10986,45.62156,-3.909971,-3.903182
3088,51.12659,25.92741,-6.856624,-11.20277
3089,51.14337,22.30693,-3.791461,-4.254953
3090,51.15985,8.758901,-3.468316,-6.011684
3091,51.17657,13.01936,-3.969378,-6.202939
3092,51.1933,0.5073435,-5.095671,-4.374668
3093,51.21002,0.5073435,-5.095671,-4.374668
3094,51.22656,-0.0002067069,-0.02141802,0.003355621
3095,51.24323,-1.246039e-06,-0.0001291088,2.022784e-05
3096,51.25989,-9.421699,-1.474384e-06,-0.601314
3097,51.27661,-1.480935,0.3474475,0.5676547
3098,51.29333,-3.257058,1.641086,2.912569
3099,51.31042,-3.257058,1.641086,2.912569
3100,51.32678,-12.48818,3.690716,6.159816
3101,51.3432,-11.11323,6.422011,11.38647
3102,51.35986,-19.06485,1.493293,1.528038
3103,51.37659,-0.23914,0.9903643,1.847551
3104,51.39337,-0.03259122,0.2475623,0.4632131
3105,51.40985,-0.03259122,0.2475623,0.4632131
3106,51.42651,-1.106669,0.001119219,-0.07355548
3107,51.4433,-9.952797,9.286045e-06,-0.6886316
3108,51.44519,-21.2338,-1.305258,-1.282237
3109,51.4599,-18.65901,-10.22668,0.3176603
3110,51.4765,-17.86394,-11.86535,0.6044675
3111,51.49316,-17.86394,-11.86535,0.6044675
3112,51.50983,-0.2431421,-17.34646,2.700765
3113,51.52661,0.2429202,-24.81882,3.845136
3114,51.54333,4.976882,-25.63918,4.239281
3115,51.56,1.651654,-26.97406,4.097018
3116,51.5766,5.080092,-39.42567,5.993676
3117,51.59332,5.080092,-39.42567,5.993676
3118,51.6098,-0.2585029,-27.37805,3.654237
3119,51.62659,0.08358189,-26.50189,-1.179763
3120,51.64313,0.6844396,-26.84328,-9.661171
3121,51.65985,0.8661239,-24.12382,-12.22573
3122,51.67657,-1.646956,-19.94484,-13.63677
3123,51.69379,-1.646956,-19.94484,-13.63677
3124,51.7099,1.50105,-22.49013,-21.06694
3125,51.7265,1.126194,-9.739259,-15.80455
3126,51.74316,0.593363,-4.299646,-8.327008
3127,51.75977,0.24866,-1.792624,-3.489591
3128,51.77655,0.8735162,-5.71809,-12.25856
3129,51.79315,0.8735162,-5.71809,-12.25856
3130,51.80981,0.8972437,-6.260222,-12.59154
3131,51.82642,1.316838,-9.301889,-18.47996
3132,51.8432,0.3960541,-2.789409,-5.558058
3133,51.8598,0.07932398,7.397708,-1.1132
3134,51.87646,0.04903041,5.694966,-0.6880722
3135,51.89313,0.04903041,5.694966,-0.6880722
3136,51.90991,-0.4626881,17.84942,6.531049
3137,51.92657,-0.7988592,14.65266,11.27626
3138,51.94312,6.181772,9.604187,10.53913
3139,51.95984,-0.5702453,8.873857,8.689496
3140,51.9765,-0.08168057,9.260564,5.601504
3141,51.9931,-0.08168057,9.260564,5.601504
3142,52.00983,-1.098372,12.80579,18.72141
3143,52.02643,-1.338467,22.44878,19.25399
3144,52.04327,-1.496437,23.96132,21.49947
3145,52.05975,-1.355754,20.19894,16.29946
3146,52.07648,-10.82933,18.85132,21.82713
3147,52.09308,-10.82933,18.85132,21.82713
3148,52.11017,-37.39557,28.06386,22.67287
3149,52.12646,-55.03481,13.70074,20.79819
3150,52.14313,-80.1616,16.62675,23.67384
3151,52.15973,-70.71598,9.511001,10.92051
3152,52.17645,-71.43291,12.19358,15.17911
3153,52.19318,-71.43291,12.19358,15.17911
3154,52.20972,-49.66135,12.07204,16.3634
3155,52.22644,-30.32539,9.021985,12.77099
3156,52.24335,-27.03609,8.472995,12.00145
3157,52.25995,-31.68715,9.903294,13.83158
3158,52.27643,-40.76377,7.466919,8.312787
3159,52.29315,-40.76377,7.466919,8.312787
3160,52.30975,-53.6442,10.63764,11.70628
3161,52.32648,-59.59406,13.14444,14.85111
3162,52.34308,-62.53687,15.42295,17.84733
3163,52.35986,-55.07665,7.669238,5.280082
3164,52.3764,-45.92384,9.362918,9.159616
3165,52.39319,-45.92384,9.362918,9.159616
3166,52.40973,-19.64081,1.716785,-0.07023482
3167,52.42645,-2.409183,0.2127626,-0.007268389
3168,52.44312,-0.04630973,0.1451775,0.2364105
3169,52.45972,10.20114,0.001204523,1.540395
3170,52.47656,14.12598,5.275366e-06,2.118386
3171,52.49335,14.12598,5.275366e-06,2.118386
3172,52.5097,0.6199124,0.0,0.09244286
3173,52.52698,0.01659627,-0.0567213,-0.09268589
3174,52.54315,-0.1018478,-7.540309,0.6831354
3175,52.55981,-0.001857596,-0.106388,0.01245778
3176,52.57629,10.21571,-0.1065265,1.3409
3177,52.5932,10.21571,-0.1065265,1.3409
3178,52.60968,15.9384,-5.327827e-06,2.343277
3179,52.62634,11.11719,-4.401322e-08,1.620457
3180,52.64307,6.768135,0.0,0.9780074
3181,52.65979,15.80843,0.0,2.264441
3182,52.67639,5.41091,0.0,0.7728025
3183,52.69305,5.41091,0.0,0.7728025
3184,52.70966,20.05407,0.0,2.855769
3185,52.72638,10.23106,0.2557755,1.881717
3186,52.74316,14.61444,0.002920879,2.067655
3187,52.75964,9.765825,1.279238e-05,1.366135
3188,52.77637,27.30343,-1.351483,3.961847
3189,52.79303,27.30343,-1.351483,3.961847
3190,52.80969,25.44671,-6.791788,1.94941
3191,52.82635,13.20154,-19.98962,-2.49714
3192,52.84296,20.63566,-20.03841,-6.006526
3193,52.85968,4.15096,-15.42338,-3.228848
3194,52.87634,0.6330684,-20.24925,-4.578824
3195,52.89313,0.6330684,-20.24925,-4.578824
3196,52.90967,1.588369,-19.66342,-12.07778
3197,52.92639,-2.290212,-15.55377,-14.50249
3198,52.94305,-5.845754,-24.24201,-16.98095
3199,52.95966,0.7944571,-24.69584,-21.57726
3200,52.97632,1.415945,-20.35398,-22.49008
3201,52.99292,1.415945,-20.35398,-22.49008
3202,53.0097,3.402023,-14.72539,-25.38423
3203,53.02637,2.680166,-11.32402,-19.99791
3204,53.04291,3.097962,0.1392371,-23.11526
3205,53.05969,2.98524,-12.28189,-22.27419
3206,53.0766,2.36241,-11.04329,-20.44373
3207,53.09296,2.36241,-11.04329,-20.44373
3208,53.10956,0.557952,18.57751,-4.137653
3209,53.12665,0.5514874,17.17639,-4.089347
3210,53.14294,1.372504,16.8998,-10.17728
3211,53.15979,1.344251,13.52048,-9.967778
3212,53.17633,1.794695,5.306856,-13.30788
3213,53.19293,1.794695,5.306856,-13.30788
3214,53.20959,3.439654,-8.075183,-25.50544
3215,53.22644,3.992567,-7.318341,-29.60536
3216,53.24298,-13.61887,-13.2396,-32.85027
3217,53.25958,-7.407983,-4.473322,-38.77932
3218,53.27631,3.584914,-15.27637,-41.39865
3219,53.29309,3.584914,-15.27637,-41.39865
3220,53.30963,3.03821,11.05956,-22.25284
3221,53.32629,1.813278,23.21377,-13.28072
3222,53.34302,0.9169058,30.87881,-6.715552
3223,53.36029,0.7174631,34.3066,-5.254805
3224,53.37659,0.1411054,30.61459,0.07715424
3225,53.39294,0.1411054,30.61459,0.07715424
3226,53.40961,-2.784925,14.11827,20.46004
3227,53.42627,-1.408073,9.373299,18.06406
3228,53.44293,-3.896032,14.90026,28.75769
3229,53.44519,-3.469196,13.35249,25.56602
3230,53.45972,-4.363742,16.997,32.15797
3231,53.47626,-4.363742,16.997,32.15797
3232,53.49304,-5.221578,10.75753,38.36128
3233,53.50958,-24.03084,20.13932,34.10898
3234,53.52631,-25.78977,11.34915,32.84632
3235,53.54291,-21.12851,13.27638,28.55212
3236,53.55963,-29.13997,9.92022,21.21628
3237,53.57623,-29.13997,9.92022,21.21628
3238,53.59296,-42.66693,1.95715,12.19749
3239,53.60956,-46.05418,5.739063,15.37222
3240,53.62622,-46.21627,-9.299257,13.97946
3241,53.64294,-45.42216,-10.07261,16.48588
3242,53.65955,-50.94712,-10.83562,18.48567
3243,53.67627,-50.94712,-10.83562,18.48567
3244,53.69293,-41.72775,-18.09517,12.86838
3245,53.70959,-39.46864,-11.90457,16.45372
3246,53.7265,-27.71516,-20.85313,6.006422
3247,53.74286,-28.11331,-2.673644,12.58586
3248,53.75964,-37.64961,-8.074277,6.61
3249,53.77631,-37.64961,-8.074277,6.61
3250,53.79297,-40.21117,-5.078202,0.3325391
3251,53.80963,-50.49963,-7.815185,0.244459
3252,53.82623,-49.06334,-9.043018,-7.906022
3253,53.8429,-44.95599,-7.200894,1.053416
3254,53.85956,-41.95375,-11.46206,-7.054074
3255,53.87622,-41.95375,-11.46206,-7.054074
3256,53.89313,-24.6692,4.387705,2.253727
3257,53.90942,-0.1039648,9.860107,-0.2019822
3258,53.92621,-0.8675318,2.677253,4.174009
3259,53.94287,0.007967045,0.549032,-0.03837916
3260,53.95947,0.9452579,4.872437,-0.4140163
3261,53.9762,0.9452579,4.872437,-0.4140163
3262,53.9928,0.001991436,0.0781119,-0.009401038
3263,54.00958,-0.4494994,1.370175,2.168779
3264,54.02612,-0.3295953,1.005087,1.590256
3265,54.04333,-19.67727,1.373965,-1.82132
3266,54.05951,-0.2899216,0.3974837,0.5945687
3267,54.07617,-0.2899216,0.3974837,0.5945687
3268,54.09351,-2.364892,7.148089,11.24126
3269,54.1095,-0.51157,6.828156,2.45735
3270,54.1261,10.51337,14.72956,0.3319038
3271,54.14307,12.98671,7.565107,1.705728
3272,54.15948,8.898709,1.170064,1.670567
3273,54.17615,8.898709,1.170064,1.670567
3274,54.1933,5.467705,10.68813,3.188962
3275,54.20953,13.13599,7.156427,9.624461
3276,54.22607,0.04999644,0.05518524,0.07950766
3277,54.24286,0.0003013809,0.0003326593,0.0004792759
3278,54.25952,-11.25953,1.456925e-06,-2.280574
3279,54.27618,-11.25953,1.456925e-06,-2.280574
3280,54.29346,-11.53002,-8.000696,-15.44822
3281,54.30969,0.3350738,-5.8879,-9.597826
3282,54.32629,-17.15082,-8.675519,-17.82799
3283,54.34332,-2.947229,-14.69154,-24.97416
3284,54.3595,1.727816,-11.59388,-18.9996
3285,54.37616,1.727816,-11.59388,-18.9996
3286,54.39294,3.891037,-11.69191,-18.97023
3287,54.40942,3.549507,-10.54358,-17.1976
3288,54.42609,3.04312,-8.989125,-14.74368
3289,54.4433,3.603255,-10.57486,-17.45748
3290,54.45941,5.062328,-14.71933,-24.52658
3291,54.47607,5.062328,-14.71933,-24.52658
3292,54.4942,5.407881,-15.40306,-26.20075
