sample,t,vx,vy,vz
0,0.0,0.0,0.0,0.0
1,0.01654053,0.0,0.0,0.0
2,0.03326416,0.0,0.0,0.0
3,0.04995728,0.0,0.0,0.0
4,0.06661987,0.0,0.0,0.0
5,0.08331299,0.0,0.0,0.0
6,0.09997559,0.0,0.0,0.0
7,0.1166077,0.0,0.0,0.0
8,0.1332092,0.0,0.0,0.0
9,0.1500244,0.0,0.0,0.0
10,0.1665955,0.0,0.0,0.0
11,0.1835632,0.0,0.0,0.0
12,0.1999512,0.0,0.0,0.0
13,0.2166443,0.0,0.0,0.0
14,0.2331848,0.0,0.0,0.0
15,0.2498474,0.0,0.0,0.0
16,0.2666016,0.0,0.0,0.0
17,0.2832031,0.0,0.0,0.0
18,0.2998962,0.0,0.0,0.0
19,0.3165894,0.0,0.0,0.0
20,0.3331604,0.0,0.0,0.0
21,0.3499146,0.0,0.0,0.0
22,0.3665771,0.0,0.0,0.0
23,0.3831787,0.0,0.0,0.0
24,0.3999329,0.0,0.0,0.0
25,0.416626,0.0,0.0,0.0
26,0.4332581,0.0,0.0,0.0
27,0.4499817,0.0,0.0,0.0
28,0.4665222,0.0,0.0,0.0
29,0.4832458,0.0,0.0,0.0
30,0.4998169,0.0,0.0,0.0
31,0.516571,0.0,0.0,0.0
32,0.5332031,0.0,0.0,0.0
33,0.5498352,0.0,0.0,0.0
34,0.5669556,0.0,0.0,0.0
35,0.5832825,0.0,0.0,0.0
36,0.599823,0.0,0.0,0.0
37,0.6166382,0.0,0.0,0.0
38,0.6331482,0.0,0.0,0.0
39,0.6498108,0.0,0.0,0.0
40,0.6665955,0.0,0.0,0.0
41,0.683197,0.0,0.0,0.0
42,0.6998291,0.0,0.0,0.0
43,0.7167969,0.0,0.0,0.0
44,0.7330933,0.0,0.0,0.0
45,0.7499695,0.0,0.0,0.0
46,0.766571,0.0,0.0,0.0
47,0.7831421,0.0,0.0,0.0
48,0.7999268,0.0,0.0,0.0
49,0.8166199,0.0,0.0,0.0
50,0.8330994,0.0,0.0,0.0
51,0.8498535,0.0,0.0,0.0
52,0.8666687,0.0,0.0,0.0
53,0.8831177,0.0,0.0,0.0
54,0.8998413,0.0,0.0,0.0
55,0.9166565,0.0,0.0,0.0
56,0.9331665,0.0,0.0,0.0
57,0.9500122,0.0,0.0,0.0
58,0.9667053,0.0,0.0,0.0
59,0.9831238,0.0,0.0,0.0
60,0.9998169,0.0,0.0,0.0
61,1.016571,0.0,0.0,0.0
62,1.033173,0.0,0.0,0.0
63,1.049774,0.0,0.0,0.0
64,1.066498,0.0,0.0,0.0
65,1.08316,0.0,0.0,0.0
66,1.099884,0.0,0.0,0.0
67,1.116455,0.0,0.0,0.0
68,1.133118,0.0,0.0,0.0
69,1.149841,0.0,0.0,0.0
70,1.166565,0.0,0.0,0.0
71,1.183105,0.0,0.0,0.0
72,1.199829,0.0,0.0,0.0
73,1.216522,0.0,0.0,0.0
74,1.233215,0.0,0.0,0.0
75,1.250885,0.0,0.0,0.0
76,1.266449,0.0,0.0,0.0
77,1.283142,0.0,0.0,0.0
78,1.299866,0.0,0.0,0.0
79,1.316528,0.0,0.0,0.0
80,1.333221,0.0,0.0,0.0
81,1.349792,0.0,0.0,0.0
82,1.366394,0.0,0.0,0.0
83,1.383118,0.0,0.0,0.0
84,1.399719,0.0,0.0,0.0
85,1.416412,0.0,0.0,0.0
86,1.433105,0.0,0.0,0.0
87,1.449677,0.0,0.0,0.0
88,1.46637,0.0,0.0,0.0
89,1.483154,0.0,0.0,0.0
90,1.499725,0.0,0.0,0.0
91,1.516418,0.0,0.0,0.0
92,1.533234,0.0,0.0,0.0
93,1.549713,0.0,0.0,0.0
94,1.566528,0.0,0.0,0.0
95,1.583252,0.0,0.0,0.0
96,1.59967,0.0,0.0,0.0
97,1.616455,0.0,0.0,0.0
98,1.633514,0.0,0.0,0.0
99,1.64975,0.0,0.0,0.0
100,1.666382,0.0,0.0,0.0
101,1.683136,0.0,0.0,0.0
102,1.699646,0.0,0.0,0.0
103,1.716309,0.0,0.0,0.0
104,1.733063,0.0,0.0,0.0
105,1.749664,0.0,0.0,0.0
106,1.766357,0.0,0.0,0.0
107,1.783112,0.0,0.0,0.0
108,1.799622,0.0,0.0,0.0
109,1.816437,0.0,0.0,0.0
110,1.833008,0.0,0.0,0.0
111,1.849701,0.0,0.0,0.0
112,1.866364,0.0,0.0,0.0
113,1.882996,0.0,0.0,0.0
114,1.899628,0.0,0.0,0.0
115,1.91629,0.0,0.0,0.0
116,1.933014,0.0,0.0,0.0
117,1.949677,0.0,0.0,0.0
118,1.966339,0.0,0.0,0.0
119,1.983063,0.0,0.0,0.0
120,1.999725,0.0,0.0,0.0
121,2.016602,0.0,0.0,0.0
122,2.032959,0.0,0.0,0.0
123,2.049622,0.0,0.0,0.0
124,2.066345,0.0,0.0,0.0
125,2.083038,0.0,0.0,0.0
126,2.099762,0.0,0.0,0.0
127,2.116211,0.0,0.0,0.0
128,2.132965,0.0,0.0,0.0
129,2.149628,0.0,0.0,0.0
130,2.16629,0.0,0.0,0.0
131,2.183044,0.0,0.0,0.0
132,2.199677,0.0,0.0,0.0
133,2.216339,0.0,0.0,0.0
134,2.23291,0.0,0.0,0.0
135,2.249573,0.0,0.0,0.0
136,2.266388,0.0,0.0,0.0
137,2.28302,0.0,0.0,0.0
138,2.299713,0.0,0.0,0.0
139,2.316284,0.0,0.0,0.0
140,2.332947,0.0,0.0,0.0
141,2.349609,0.0,0.0,0.0
142,2.366364,0.0,0.0,0.0
143,2.382935,0.0,0.0,0.0
144,2.399841,0.0,0.0,0.0
145,2.416229,0.0,0.0,0.0
146,2.433014,0.0,0.0,0.0
147,2.449829,0.0,0.0,0.0
148,2.466278,0.0,0.0,0.0
149,2.483002,0.0,0.0,0.0
150,2.499664,0.0,0.0,0.0
151,2.516541,0.0,0.0,0.0
152,2.532959,0.0,0.0,0.0
153,2.549652,0.0,0.0,0.0
154,2.566315,0.0,0.0,0.0
155,2.583008,0.0,0.0,0.0
156,2.599609,0.0,0.0,0.0
157,2.616272,0.0,0.0,0.0
158,2.632935,0.0,0.0,0.0
159,2.649628,0.0,0.0,0.0
160,2.66629,0.0,0.0,0.0
161,2.682983,0.0,0.0,0.0
162,2.700073,0.0,0.0,0.0
163,2.716339,0.0,0.0,0.0
164,2.733032,0.0,0.0,0.0
165,2.750122,0.0,0.0,0.0
166,2.766296,0.0,0.0,0.0
167,2.782928,0.0,0.0,0.0
168,2.799622,0.0,0.0,0.0
169,2.816284,0.0,0.0,0.0
170,2.832947,0.0,0.0,0.0
171,2.84964,0.0,0.0,0.0
172,2.86618,0.0,0.0,0.0
173,2.882935,0.0,0.0,0.0
174,2.899597,0.0,0.0,0.0
175,2.91626,0.0,0.0,0.0
176,2.932831,0.0,0.0,0.0
177,2.949493,0.0,0.0,0.0
178,2.966278,0.0,0.0,0.0
179,2.982849,0.0,0.0,0.0
180,2.999573,0.0,0.0,0.0
181,3.016357,0.0,0.0,0.0
182,3.032959,0.0,0.0,0.0
183,3.049591,0.0,0.0,0.0
184,3.066223,0.0,0.0,0.0
185,3.082916,0.0,0.0,0.0
186,3.099548,0.0,0.0,0.0
187,3.116211,0.0,0.0,0.0
188,3.132843,0.0,0.0,0.0
189,3.149597,0.0,0.0,0.0
190,3.166534,0.0,0.0,0.0
191,3.182892,-0.06018246,35.11058,73.17924
192,3.199524,-6.098657,34.77558,86.28111
193,3.216156,-6.098657,34.77558,86.28111
194,3.232788,-0.1704511,43.55771,103.3711
195,3.249542,-0.1287029,28.24985,78.2469
196,3.266205,-0.112219,19.0575,68.22665
197,3.282776,-0.0735486,5.411492,44.71591
198,3.29953,-0.05369741,0.4700199,32.64683
199,3.316132,-0.05369741,0.4700199,32.64683
200,3.332794,-0.05452096,3.159243,33.14753
201,3.349579,-0.07375865,1.835533,44.84362
202,3.366241,-0.07475284,3.228067,45.44806
203,3.382935,-0.07061714,6.784788,42.93365
204,3.399506,-0.08296926,-6.712173,50.44346
205,3.41626,-0.08296926,-6.712173,50.44346
206,3.4328,-0.1387541,6.951818,62.02755
207,3.449493,-0.1290637,9.880184,62.75004
208,3.466187,-0.1812111,9.451955,88.13768
209,3.482819,-0.1988006,15.59893,96.69305
210,3.499512,1.343231,4.818104,96.50402
211,3.516113,1.343231,4.818104,96.50402
212,3.532806,-0.1708499,-14.38924,103.938
213,3.549561,-0.1538469,-11.76254,93.53581
214,3.566162,-0.1407985,-1.258891,85.60235
215,3.582825,-0.1468206,4.784885,89.26368
216,3.599518,-0.1384894,5.36727,84.19849
217,3.616608,-0.1384894,5.36727,84.19849
218,3.632874,-0.1338277,12.64052,81.36427
219,3.649414,-0.1576602,4.577018,95.8539
220,3.666168,-0.1834126,16.45875,111.5107
221,3.68338,-0.172937,7.729604,105.1419
222,3.699524,-0.1736369,8.888367,105.5674
223,3.716187,-0.1736369,8.888367,105.5674
224,3.732819,-1.242115,7.761643,133.9971
225,3.749481,-0.2198523,18.51764,104.8384
226,3.766113,-0.2436766,27.8933,118.4864
227,3.782806,-0.2699953,35.65695,131.3206
228,3.799469,-0.2253562,32.59256,109.6092
229,3.816101,-0.2253562,32.59256,109.6092
230,3.832855,-0.2664517,51.61252,129.5973
231,3.849426,-0.2795256,59.03141,135.9562
232,3.866058,-0.315797,61.28388,153.5979
233,3.882813,-0.3468446,73.72942,168.699
234,3.899536,-0.3813205,94.49644,185.4674
235,3.916107,-0.3813205,94.49644,185.4674
236,3.932831,-0.2995201,99.89462,145.6812
237,3.949493,-0.6495723,89.32272,124.588
238,3.966125,-2.919084,84.01324,119.6835
239,3.98291,-2.927464,71.23933,112.8211
240,3.999542,-0.4863368,63.55316,114.6192
241,4.016144,-0.4863368,63.55316,114.6192
242,4.032776,-0.3267137,37.85914,79.45341
243,4.049561,-0.3254559,41.78101,79.1476
244,4.066132,-0.3141232,42.41717,76.39159
245,4.082947,-0.373875,54.23546,90.92263
246,4.099487,4.435041,68.28928,103.4689
247,4.116119,4.435041,68.28928,103.4689
248,4.132935,11.84373,83.56361,89.67503
249,4.149414,0.1727496,62.34528,76.38165
250,4.166107,-0.1336644,54.44995,82.06667
251,4.18277,-0.1330979,44.47449,80.92411
252,4.199432,-0.1371811,45.89539,83.4031
253,4.216431,-0.1371811,45.89539,83.4031
254,4.232758,-0.1253606,34.61092,76.21648
255,4.24942,-0.1290444,47.91649,78.45615
256,4.266083,-0.1380721,44.09486,83.94474
257,4.282837,-0.1194714,27.55998,72.63595
258,4.299561,-2.769069,28.75148,78.84695
259,4.31604,-2.769069,28.75148,78.84695
260,4.332764,-0.1598689,14.33037,63.35244
261,4.349335,-0.2131075,14.04589,86.36994
262,4.366913,-0.2346426,10.24351,95.1048
263,4.38266,11.63666,4.587629,90.01384
264,4.399384,3.943477,1.44732,81.4586
265,4.416382,3.943477,1.44732,81.4586
266,4.432739,6.570828,1.116778,85.51164
267,4.449371,17.06823,-5.592844,95.88403
268,4.466461,5.929854,6.743809,101.4586
269,4.482727,17.52174,20.4448,116.0665
270,4.499542,6.743823,33.69219,103.1823
271,4.516388,6.743823,33.69219,103.1823
272,4.532684,0.6680776,48.82872,94.968
273,4.5495,0.5812381,50.66004,100.7883
274,4.56601,0.5242063,44.01483,91.05679
275,4.582672,0.4436067,31.64416,77.05721
276,4.599457,0.4524004,38.72886,78.58475
277,4.615906,0.4524004,38.72886,78.58475
278,4.632599,0.3485028,25.96614,60.53709
279,4.649475,0.4046062,34.49293,70.28259
280,4.666016,0.380387,36.21154,66.07556
281,4.682831,0.3207935,31.22786,55.72381
282,4.699524,0.2848878,30.98209,49.48677
283,4.716064,0.2848878,30.98209,49.48677
284,4.732697,0.2595752,33.19824,45.08982
285,4.74942,0.2143867,41.73368,37.24029
286,4.766022,0.203756,40.28583,35.39368
287,4.782715,0.2006373,45.18561,34.85194
288,4.799316,17.41971,44.35345,33.54594
289,4.816071,17.41971,44.35345,33.54594
290,4.832672,0.1472799,41.22625,23.37471
291,4.849365,0.1783658,39.70864,28.91543
292,4.865936,1.376715,41.1155,22.3636
293,4.88269,11.91893,41.12866,28.91731
294,4.899292,12.1478,43.3639,29.57939
295,4.916016,12.1478,43.3639,29.57939
296,4.9328,11.76362,42.64345,21.2802
297,4.949371,0.2641945,34.46142,20.41523
298,4.966034,1.149254,42.19656,23.3366
299,4.982727,1.175843,45.26453,28.98689
300,4.999329,2.816384,55.20531,35.69344
301,5.016174,2.816384,55.20531,35.69344
302,5.032623,6.046495,78.39381,39.43562
303,5.049194,21.70977,71.22312,40.54454
304,5.065918,21.16343,67.56882,38.66293
305,5.082581,7.086965,69.77374,37.96654
306,5.099274,30.8921,66.64575,37.47573
307,5.116028,30.8921,66.64575,37.47573
308,5.132721,30.7529,60.20908,32.22722
309,5.149231,9.961324,44.72087,23.76739
310,5.165985,14.72648,29.93059,15.53578
311,5.182648,0.4348082,15.09501,7.91325
312,5.19928,0.09772731,9.141714,4.767219
313,5.215912,0.09772731,9.141714,4.767219
314,5.232635,0.2512421,24.31745,12.46768
315,5.249359,14.05311,32.55828,16.2268
316,5.266113,0.5180335,31.1978,15.62364
317,5.282593,0.3500048,34.34916,16.97927
318,5.299316,0.2830158,28.16002,13.7632
319,5.315918,0.2830158,28.16002,13.7632
320,5.332581,0.4196541,21.1616,20.40837
321,5.349426,0.3458079,36.19987,17.16043
322,5.365875,0.4270653,45.64734,21.19276
323,5.382568,0.3285089,35.64513,16.30198
324,5.399261,0.1169361,11.84823,5.802858
325,5.415863,0.1169361,11.84823,5.802858
326,5.432617,-3.615593,-23.22071,-5.204451
327,5.44928,-18.37615,-20.38139,1.610078
328,5.465942,-4.897738,-14.73508,5.004781
329,5.482605,0.1655002,-6.95796,10.1249
330,5.499847,0.2439309,-6.160177,13.19095
331,5.5159,0.2439309,-6.160177,13.19095
332,5.532776,0.190673,-13.85828,10.30327
333,5.549225,0.1571147,-20.43978,8.489902
334,5.565918,-17.33947,-12.50556,4.784363
335,5.582581,-0.05343381,-10.12185,2.853466
336,5.599182,-1.285687,-10.80431,3.726032
337,5.615997,-1.285687,-10.80431,3.726032
338,5.632538,0.09715553,-15.85883,5.497993
339,5.64917,0.09867921,-15.71737,5.580349
340,5.665833,1.39021,-10.67918,3.625503
341,5.682587,-0.007888708,-16.41684,-0.8772675
342,5.699188,0.5324387,-26.33208,-10.90798
343,5.715942,0.5324387,-26.33208,-10.90798
344,5.732574,-1.122587,-62.5864,-24.01456
345,5.749207,-17.66562,-50.01757,-16.70187
346,5.76593,-0.3821684,-35.21248,-13.78824
347,5.782532,-0.205345,-27.31561,-11.83862
348,5.799164,-0.1596698,-21.91504,-9.244172
349,5.815826,-0.1596698,-21.91504,-9.244172
350,5.832611,-0.4876451,-56.07482,-28.23316
351,5.849121,-0.4652795,-62.52497,-26.93826
352,5.865845,-0.3853802,-48.46505,-22.31233
353,5.882904,-0.2171539,-36.15016,-12.57254
354,5.899231,-0.06010423,-28.96751,-3.479851
355,5.915802,-0.06010423,-28.96751,-3.479851
356,5.932556,-0.1125871,-16.2622,-6.518451
357,5.949188,-0.08803964,-31.93299,-5.097226
358,5.965759,-0.07584898,-21.02118,-4.391424
359,5.982452,-0.837322,-20.92587,-5.205492
360,5.999115,0.04181243,-9.344995,2.91995
361,6.015808,0.04181243,-9.344995,2.91995
362,6.032806,0.02980855,-6.592174,2.121077
363,6.049194,-0.03181608,-19.14243,-1.982628
364,6.065765,-1.405908,-20.77475,-4.390254
365,6.08252,-1.454762,-33.86895,-5.021757
366,6.099152,-6.974429,-27.52529,-4.039176
367,6.115814,-6.974429,-27.52529,-4.039176
368,6.132507,-0.009639882,-0.4490654,0.1150917
369,6.149109,0.0003634495,-0.09473411,0.0295186
370,6.165833,0.03371979,4.289504,2.411735
371,6.182465,1.99935,20.43456,11.39464
372,6.199219,6.707067,23.70954,14.58815
373,6.21579,6.707067,23.70954,14.58815
374,6.232483,16.98023,21.7781,17.33168
375,6.249176,0.3020167,17.61141,15.03215
376,6.2659,2.124409,24.59377,14.27227
377,6.28241,3.642953,2.741331,7.796846
378,6.299133,15.18244,-1.621584,9.894678
379,6.315796,15.18244,-1.621584,9.894678
380,6.332489,3.573004,-16.14583,4.894636
381,6.34906,0.1144802,-17.47255,5.285089
382,6.365784,-0.01955935,-27.60165,-1.111293
383,6.382446,0.001568316,-16.74426,0.08866583
384,6.399109,-0.02236881,-11.90008,-1.264961
385,6.41629,-0.02236881,-11.90008,-1.264961
386,6.432404,-16.85548,-35.00013,-8.292521
387,6.449127,-0.3973536,-32.34678,-11.96489
388,6.465729,-12.84379,-44.45408,-13.16639
389,6.482483,-0.3477748,-49.52596,-14.42239
390,6.499023,-0.7611901,-60.0886,-17.15997
391,6.515778,-0.7611901,-60.0886,-17.15997
392,6.532593,-0.2547858,-65.82657,-15.48703
393,6.549133,-0.3365527,-83.03151,-20.45981
394,6.566101,-0.3477362,-70.32462,-21.1397
395,6.582458,-12.91151,-73.05344,-29.2891
396,6.59906,-7.312448,-75.36734,-31.06462
397,6.615784,-7.312448,-75.36734,-31.06462
398,6.63266,-25.30626,-60.406,-30.07994
399,6.649078,-0.4875441,-46.40005,-20.12848
400,6.665771,-0.7634379,-32.91181,-15.39161
401,6.682617,-0.2079688,-32.77799,-15.07911
402,6.699097,-0.2532787,-31.44363,-18.66299
403,6.715942,-0.2532787,-31.44363,-18.66299
404,6.732635,-14.51729,-33.78456,-22.41038
405,6.748993,-13.55724,-35.72119,-22.21166
406,6.766052,-6.725742,-24.81594,-15.36112
407,6.78241,-2.726334,-17.45498,-9.671712
408,6.798981,-0.7920698,-16.67637,-11.14096
409,6.815796,-0.7920698,-16.67637,-11.14096
410,6.832458,-1.916685,-20.58224,-12.31785
411,6.84903,-1.308882,-15.85978,-6.775612
412,6.865723,-13.54041,-14.26665,-3.75999
413,6.882385,-0.1408644,-0.0991658,-0.04231038
414,6.899078,-0.001168737,-0.0008227683,-0.0003510448
415,6.915649,-0.001168737,-0.0008227683,-0.0003510448
416,6.932434,0.01285465,0.8240174,0.5944517
417,6.949066,5.629863e-05,0.003608894,0.00260348
418,6.965729,3.393708e-07,2.175458e-05,1.56939e-05
419,6.98233,1.124546e-09,1.804955e-07,1.302253e-07
420,6.999023,1.284197e-11,2.061204e-09,1.487133e-09
421,7.015717,1.284197e-11,2.061204e-09,1.487133e-09
422,7.032928,0.0,0.0,0.0
423,7.049042,0.0,0.0,0.0
424,7.065643,0.0,0.0,0.0
425,7.082458,0.0,0.0,0.0
426,7.099457,-0.005224997,-0.8379193,-0.6050677
427,7.115631,-0.005224997,-0.8379193,-0.6050677
428,7.132446,3.395536,-0.02498501,-0.04880791
429,7.149536,21.83917,-0.0001094251,-0.2335744
430,7.165649,22.20672,9.070207,-2.528319
431,7.182281,37.69282,0.5275851,-0.2770096
432,7.199005,38.1348,0.5328125,-0.6236642
433,7.215698,38.1348,0.5328125,-0.6236642
434,7.232422,41.52689,0.01522522,-0.9260373
435,7.249481,39.77609,1.375258,-1.325234
436,7.265686,19.38959,0.008290119,-0.5124602
437,7.282654,20.96332,3.630768e-05,-0.5863283
438,7.29895,3.993896,0.2113631,-0.1679095
439,7.315613,3.993896,0.2113631,-0.1679095
440,7.332489,23.81049,1.454991e-05,-0.7541507
441,7.34906,29.73808,3.147697e-07,-1.01534
442,7.365662,40.51106,6.809659e-09,-1.516595
443,7.382446,45.52676,0.0,-1.891864
444,7.398895,49.67129,0.0,-2.248259
445,7.415558,49.67129,0.0,-2.248259
446,7.432251,53.06273,0.0,-2.773577
447,7.448883,45.56628,0.0,-2.550865
448,7.465729,42.77208,0.0,-2.535612
449,7.482788,20.72536,-2.092352,-2.796399
450,7.498901,16.02057,-0.7842808,-1.584811
451,7.515625,16.02057,-0.7842808,-1.584811
452,7.532471,25.48572,-8.654078,-8.001245
453,7.548981,33.05998,-3.626027,-4.91881
454,7.565674,30.71279,-6.933324,-7.277089
455,7.582336,44.71476,-8.824647,-9.831302
456,7.598938,49.40173,-4.766201,-7.417629
457,7.615723,49.40173,-4.766201,-7.417629
458,7.632324,50.17157,-11.39486,-12.774
459,7.648926,49.78916,-3.185127,-6.857199
460,7.665649,60.00129,-7.801282,-11.49262
461,7.682251,78.47675,-3.043162,-10.101
462,7.699066,81.99049,-6.564193,-13.52743
463,7.715546,81.99049,-6.564193,-13.52743
464,7.732269,108.0149,-5.724152,-17.00525
465,7.74884,71.12978,-1.873471,-8.322912
466,7.765686,72.0091,-1.620573,-10.46898
467,7.782288,58.61696,-5.398858,-11.89796
468,7.798828,70.22128,-7.259748,-15.18625
469,7.815582,70.22128,-7.259748,-15.18625
470,7.832489,59.83622,-7.52348,-14.54973
471,7.848877,52.92772,-5.69173,-12.37242
472,7.865662,55.25426,-8.103575,-14.81065
473,7.882843,64.95889,-2.163893,-12.10441
474,7.898895,53.69603,-4.162518,-12.0289
475,7.91568,53.69603,-4.162518,-12.0289
476,7.932922,65.99748,-3.020325,-13.7787
477,7.948975,51.72013,-0.4294147,-9.506221
478,7.965637,56.19822,-0.006749481,-10.21379
479,7.982361,47.15214,-2.956025e-05,-8.745746
480,7.999207,43.94734,-6.395001e-07,-8.282222
481,8.015564,43.94734,-6.395001e-07,-8.282222
482,8.032471,19.96283,-1.056746,-4.663754
483,8.049438,15.51904,-2.083661,-4.622439
484,8.065613,-0.04500871,-3.938168,-3.040116
485,8.082733,-1.2036,-5.980433,-6.22745
486,8.098816,-1.587476,-10.88037,-8.183414
487,8.11557,-1.587476,-10.88037,-8.183414
488,8.133453,-5.651149,-21.52451,-15.78206
489,8.148926,-22.96718,-30.32266,-19.5795
490,8.165527,-15.31866,-30.74618,-21.68347
491,8.182312,-27.04357,-36.30846,-24.31319
492,8.198883,-21.34181,-36.77884,-26.13939
493,8.215668,-21.34181,-36.77884,-26.13939
494,8.232239,-5.251667,-40.62021,-19.32909
495,8.249725,-11.1025,-35.56771,-22.65811
496,8.265564,-27.49968,-39.75124,-18.23002
497,8.282227,-8.241925,-36.54308,-18.95323
498,8.298859,-4.004475,-26.50554,-19.01868
499,8.315552,-4.004475,-26.50554,-19.01868
500,8.333252,-3.406342,-21.95241,-18.64306
501,8.349091,-3.481396,-22.22004,-19.0757
502,8.36557,-3.235058,-21.01638,-17.72605
503,8.382843,-0.8466702,-13.13528,-11.64084
504,8.398865,4.286751,-0.9787983,-1.666619
505,8.415558,4.286751,-0.9787983,-1.666619
506,8.432617,1.433344,8.113846,7.025272
507,8.448853,5.497926,30.86652,26.31823
508,8.465576,7.502254,40.85678,33.50479
509,8.482208,9.975541,59.08948,35.48756
510,8.499298,11.12581,75.09199,42.2676
511,8.515656,11.12581,75.09199,42.2676
512,8.532257,12.61803,78.49339,42.11832
513,8.548889,19.13587,71.63451,39.30485
514,8.565552,7.765239,68.61376,41.11568
515,8.582184,7.701521,64.29226,41.0492
516,8.599121,8.36622,65.356,44.59453
517,8.615875,8.36622,65.356,44.59453
518,8.632202,8.594153,66.16396,46.66716
519,8.648865,0.567539,74.23713,52.80408
520,8.665497,6.332268,78.35242,53.41178
521,8.682251,8.700184,75.94637,49.87339
522,8.698853,-2.696337,79.81127,53.36383
523,8.715363,-2.696337,79.81127,53.36383
524,8.732117,-0.8667263,78.55832,49.57992
525,8.748871,-9.342309,73.21481,46.55003
526,8.765472,4.151086,57.84211,38.04095
527,8.782349,-3.865093,54.12584,32.53348
528,8.798737,-9.677223,36.70668,23.03576
529,8.815552,-9.677223,36.70668,23.03576
530,8.832062,-2.618592,11.53991,7.066031
531,8.848907,-9.199634,0.7406613,2.062849
532,8.865417,-26.25793,0.004464741,4.6498
533,8.882111,-7.237329,-6.60272,-1.907844
534,8.898804,-16.90729,-2.690718,3.662748
535,8.915558,-16.90729,-2.690718,3.662748
536,8.932617,1.509405,1.522122,8.587407
537,8.94873,1.975265,3.665137,11.21454
538,8.965454,2.441325,10.02925,13.8604
539,8.982727,1.110525,4.004074,6.304904
540,8.998749,-0.3913208,-1.571782,0.7091384
541,9.015381,-0.3913208,-1.571782,0.7091384
542,9.032104,-2.99722,-24.98766,-9.236915
543,9.048859,-2.945145,-35.81963,-11.29994
544,9.065765,-6.839171,-56.29523,-18.51413
545,9.082092,-8.217176,-27.59316,-6.100146
546,9.098907,0.2508396,-19.17647,1.633674
547,9.115448,0.2508396,-19.17647,1.633674
548,9.132172,0.8725972,2.108884,5.051308
549,9.148682,0.355066,-4.465867,2.055411
550,9.165741,0.1144533,-2.824816,0.662549
551,9.182098,0.9264837,-23.27444,5.363242
552,9.198853,0.846395,-21.53988,4.899623
553,9.215393,0.846395,-21.53988,4.899623
554,9.232269,4.037786,26.42914,23.52456
555,9.248749,4.392801,33.43749,25.55478
556,9.265381,4.370122,36.73324,25.42245
557,9.282318,0.0515408,24.56856,14.84981
558,9.298676,-9.044033,12.01239,8.074731
559,9.315399,-9.044033,12.01239,8.074731
560,9.332367,-14.77949,-11.26416,-3.61053
561,9.348724,-15.08529,-5.450552,2.377438
562,9.365631,-2.764702,-9.857141,0.2301813
563,9.383057,-5.342366,-0.7755924,1.053013
564,9.398712,-2.481996,-0.3701642,0.4950384
565,9.415375,-2.481996,-0.3701642,0.4950384
566,9.432556,-2.029171,5.971171,3.579123
567,9.4487,1.383102,11.14826,8.464181
568,9.465332,2.067848,23.81162,12.45906
569,9.482056,2.427862,28.28701,14.62753
570,9.498718,2.984603,35.15604,17.98181
571,9.515259,2.984603,35.15604,17.98181
572,9.532623,1.996596,23.95894,12.0292
573,9.548615,1.436488,17.36838,8.654634
574,9.565338,1.136256,13.48246,6.863248
575,9.582001,0.6652512,11.40208,5.669644
576,9.598724,-3.381095,1.740193,1.43785
577,9.615356,-3.381095,1.740193,1.43785
578,9.631958,-0.2492632,-0.281177,0.1028535
579,9.648712,0.4530188,-12.95329,2.76454
580,9.665314,0.1882274,-5.390015,1.145738
581,9.682007,0.2043107,-2.893668,1.243602
582,9.698669,1.173573,3.424892,7.143331
583,9.715302,1.173573,3.424892,7.143331
584,9.732513,3.025057,11.71904,18.41298
585,9.749023,2.535202,17.15592,15.43132
586,9.765442,2.914118,19.0567,17.73771
587,9.782013,3.192605,20.66015,19.43281
588,9.798798,2.493115,7.237886,15.17514
589,9.815247,2.493115,7.237886,15.17514
590,9.832001,0.617135,-9.226987,3.75639
591,9.848663,0.2941965,-5.20634,1.790721
592,9.865234,0.293278,-9.17391,1.785131
593,9.881958,0.2660153,-8.432193,1.619187
594,9.898651,-0.155893,-17.12483,-0.9488926
595,9.915436,-0.155893,-17.12483,-0.9488926
596,9.932159,-0.01306722,-16.09023,-0.1072816
597,9.948669,-0.06945276,-21.85666,-0.4219817
598,9.965332,-1.312638,-34.01094,-7.969305
599,9.9823,-2.935916,-54.98687,-17.82457
600,9.998566,-6.412973,-53.62763,-23.19083
601,10.01526,-6.412973,-53.62763,-23.19083
602,10.03198,-21.59324,-58.56054,-24.04803
603,10.04852,-11.10568,-32.48071,-6.388374
604,10.06528,0.41886,-18.28171,2.957021
605,10.08197,0.6362461,5.561693,3.925377
606,10.09854,1.323388,16.07529,8.160081
607,10.11526,1.323388,16.07529,8.160081
608,10.1319,-13.32233,20.18876,12.5207
609,10.14859,-0.8195665,22.81402,11.75655
610,10.16525,1.700541,41.82964,20.73692
611,10.18195,-9.673282,44.29429,23.3759
612,10.19879,-3.642801,40.37669,20.09153
613,10.21524,-3.642801,40.37669,20.09153
614,10.23187,-25.33859,15.00614,11.05342
615,10.24866,-10.99934,6.180707,4.619309
616,10.26535,-16.03362,6.01969,5.30891
617,10.28195,-15.78463,0.02636403,2.445855
618,10.29877,-27.69908,-16.9282,4.454211
619,10.31519,-27.69908,-16.9282,4.454211
620,10.332,-12.81888,-0.0008466481,1.938544
621,10.34854,-2.066583,-1.894139,-0.1166174
622,10.36523,-13.61667,-28.47603,-3.288898
623,10.38193,-2.740664,-38.4173,-17.8427
624,10.39853,-9.935582,-47.23322,-18.26738
625,10.41531,-9.935582,-47.23322,-18.26738
626,10.43185,-12.7765,-43.51592,-19.63141
627,10.44858,-2.991278,-40.18446,-19.77033
628,10.4653,-2.240682,-29.89354,-15.02452
629,10.4819,-2.236185,-29.74182,-14.99562
630,10.49857,-11.54066,-38.026,-18.35525
631,10.51517,-11.54066,-38.026,-18.35525
632,10.53192,-5.845916,-64.53756,-34.73452
633,10.54849,-5.16664,-54.51609,-29.95167
634,10.56531,-3.704265,-44.63324,-25.0109
635,10.58185,-3.808664,-45.23074,-25.75764
636,10.59851,-3.822295,-44.80066,-25.85047
637,10.61523,-3.822295,-44.80066,-25.85047
638,10.63263,-4.665941,-52.89069,-31.55613
639,10.64865,-8.997739,-47.29843,-27.98856
640,10.66522,-3.666667,-39.96784,-24.59503
641,10.68185,-2.121467,-23.12164,-14.38734
642,10.69852,13.98909,-6.048225,-5.931394
643,10.71521,13.98909,-6.048225,-5.931394
644,10.73193,26.94761,3.007764,-2.108322
645,10.74854,8.226204,28.41856,5.243074
646,10.76511,26.68176,20.99456,5.490025
647,10.78186,15.77187,25.72247,3.725486
648,10.79846,7.030746,33.86811,6.673852
649,10.81519,7.030746,33.86811,6.673852
650,10.83228,3.712943,37.52628,8.91103
651,10.8486,10.98048,29.42389,7.993515
652,10.86526,24.30812,29.54553,5.991128
653,10.88196,0.5356363,27.78335,2.772219
654,10.89856,0.6015016,29.07222,3.843534
655,10.9151,0.6015016,29.07222,3.843534
656,10.93182,15.74334,37.84592,8.345685
657,10.94861,2.43137,39.50082,13.01396
658,10.96518,6.534708,47.80295,17.57144
659,10.98227,6.839524,51.39866,20.42611
660,10.99854,5.744924,49.81787,16.2418
661,11.01514,5.744924,49.81787,16.2418
662,11.03354,14.36818,25.83014,6.944337
663,11.04849,0.3257122,21.8854,1.340759
664,11.06522,-0.01254816,12.53735,-0.08097435
665,11.08194,0.006935429,1.560682,0.04308743
666,11.09851,0.2800056,2.242356,0.1510297
667,11.11511,0.2800056,2.242356,0.1510297
668,11.13239,0.481823,0.02914508,-0.0840848
669,11.14862,0.005502273,0.0003328279,-0.0009602229
670,11.16522,0.1774277,-6.81868,-3.783551
671,11.18198,-0.7713798,-17.03944,-9.312886
672,11.19855,22.38721,-15.89408,-12.51386
673,11.21515,22.38721,-15.89408,-12.51386
674,11.23181,16.42952,-18.13409,-7.873322
675,11.2485,2.262827,-15.30981,-9.035067
676,11.26523,2.93555,-5.164782,-3.429758
677,11.28186,7.293842,-0.03113355,-1.22838
678,11.29855,0.9901364,-0.0001363535,-0.164838
679,11.31509,0.9901364,-0.0001363535,-0.164838
680,11.33179,6.815948e-05,-9.384818e-09,-1.13472e-05
681,11.34918,4.108738e-07,0.0,-6.837005e-08
682,11.36526,-0.8840821,-9.553205,-5.312943
683,11.38181,-1.560271,-16.77995,-9.376537
684,11.39856,-1.298989,-13.87754,-7.80635
685,11.41507,-1.298989,-13.87754,-7.80635
686,11.43173,-3.149809,-32.96028,-18.92896
687,11.44858,-2.400187,-24.85914,-14.42406
688,11.46503,-1.955686,-20.1238,-11.75281
689,11.48184,-1.027464,-10.53329,-6.174605
690,11.49838,16.8037,-2.38013,-4.238556
691,11.51514,16.8037,-2.38013,-4.238556
692,11.5318,11.17859,-0.0002255126,-1.883898
693,11.54855,23.34184,-1.871054e-06,-3.97295
694,11.56516,27.27745,-1.12788e-08,-4.700547
695,11.58173,28.22443,0.0,-4.923508
696,11.59842,40.44673,0.0,-7.175605
697,11.61511,40.44673,0.0,-7.175605
698,11.6319,36.67775,0.1250785,-6.649403
699,11.64853,40.64293,0.001037764,-7.555063
700,11.66556,28.97554,4.545023e-06,-5.460666
701,11.68179,25.34146,1.990553e-08,-4.840569
702,11.69843,31.05962,-1.622045,-6.995
703,11.71503,31.05962,-1.622045,-6.995
704,11.73175,36.89205,-8.112506e-05,-7.346141
705,11.74896,39.86095,-0.2608277,-8.197978
706,11.76508,30.30108,-0.002978574,-6.191082
707,11.78177,26.15751,-2.471291e-05,-5.410187
708,11.79837,30.68196,-1.489706e-07,-6.424942
709,11.81537,30.68196,-1.489706e-07,-6.424942
710,11.8317,11.48617,0.0,-2.449664
711,11.84842,16.15769,0.0,-3.466806
712,11.86502,8.721442,0.0,-1.87503
713,11.88174,9.581403,0.0,-2.068159
714,11.8985,30.17972,0.0,-6.566306
715,11.91501,30.17972,0.0,-6.566306
716,11.93173,33.01909,0.0,-7.297922
717,11.94839,27.12193,0.0,-6.029625
718,11.96509,5.094162,-12.15703,-8.566566
719,11.98172,-0.01674098,-10.28191,-6.298006
720,11.99844,-2.183321,-20.2922,-12.04123
721,12.01505,-2.183321,-20.2922,-12.04123
722,12.03171,-3.754158,-28.05812,-16.78961
723,12.04837,-9.997246,-41.27707,-23.20203
724,12.06509,-6.61427,-46.14975,-17.81469
725,12.08173,-18.03187,-47.53368,-23.80926
726,12.09842,-14.81068,-43.26566,-23.43938
727,12.11505,-14.81068,-43.26566,-23.43938
728,12.13165,-27.20617,-46.59859,-25.73797
729,12.14838,-22.5702,-45.89497,-26.63064
730,12.16513,-10.29842,-42.40588,-27.56714
731,12.1817,-6.123399,-36.89521,-24.94138
732,12.1987,-6.646065,-44.54841,-30.77502
733,12.21506,-6.646065,-44.54841,-30.77502
734,12.23172,-12.60125,-81.23085,-58.37927
735,12.24838,-12.89864,-80.98414,-59.75701
736,12.26517,-12.72655,-77.77361,-58.95976
737,12.28168,-9.805046,-55.9549,-43.2966
738,12.29834,-7.866809,-46.13136,-36.49994
739,12.31503,-7.866809,-46.13136,-36.49994
740,12.33179,-6.18563,-34.04454,-30.34468
741,12.349,-4.824064,-27.13531,-22.36298
742,12.36508,-1.829809,-17.60921,-14.89262
743,12.38174,10.69464,-1.777751,-5.854211
744,12.39841,24.90197,9.222401,-7.418242
745,12.41495,24.90197,9.222401,-7.418242
746,12.43173,43.9201,35.08001,-1.522017
747,12.44836,53.88528,35.09238,-1.726936
748,12.46509,58.56465,40.11376,-2.320359
749,12.48166,70.53568,31.65957,-3.7361
750,12.49841,62.28519,23.66363,-5.579569
751,12.51498,62.28519,23.66363,-5.579569
752,12.53192,44.69696,9.428679,-13.2075
753,12.54825,45.03655,13.5177,-14.43061
754,12.565,42.37731,-0.7970597,-13.63836
755,12.58167,26.8268,-2.453982,-11.01103
756,12.59839,21.66029,-5.096653,-19.95931
757,12.61502,21.66029,-5.096653,-19.95931
758,12.63171,5.057888,-12.72231,-13.47484
759,12.64835,4.969544,-15.54277,-20.32711
760,12.6651,0.5066511,-17.83256,-17.346
761,12.6817,-4.077845,-9.581874,-15.53076
762,12.69833,-1.808729,-8.037434,-6.792606
763,12.71503,-1.808729,-8.037434,-6.792606
764,12.73184,-13.93299,-5.870643,-1.555621
765,12.74841,-21.04866,0.6370786,5.31021
766,12.76501,-12.54437,-5.930727,-2.020597
767,12.7822,-23.52065,-9.436478,-2.340921
768,12.79831,-23.52065,-9.436478,-2.340921
769,12.81516,-30.85673,-18.3095,-14.21123
770,12.8316,-40.28708,-18.8309,-21.02942
771,12.84839,-79.35704,-41.23566,-20.73708
772,12.86493,-64.96746,-35.81559,-29.09942
773,12.8822,-45.1331,-37.85598,-30.3173
774,12.89844,-41.99027,-35.73185,-25.269
775,12.91513,-41.99027,-35.73185,-25.269
776,12.93161,-6.216869,-23.30522,-21.7396
777,12.9483,-5.164182,-23.18162,-22.0892
778,12.96487,3.157428,-17.93385,-18.89823
779,12.98172,10.47633,-18.2374,-21.06116
780,12.99826,10.47633,-18.2374,-21.06116
781,13.01508,31.27336,-8.222533,-15.9953
782,13.03165,31.56475,-2.805608,-10.56019
783,13.04831,27.9602,-0.02326831,-6.858376
784,13.06516,34.748,-0.000265717,-8.569458
785,13.0816,33.70323,6.02821,-2.136606
786,13.09833,33.70323,6.02821,-2.136606
787,13.11487,18.12903,17.25077,4.461594
788,13.13177,20.65751,21.64864,7.343428
789,13.14868,7.51903,15.97823,11.15386
790,13.16492,18.87454,37.63306,24.37743
791,13.18161,22.8638,38.05011,16.99927
792,13.19836,36.57714,75.28252,34.60211
793,13.21484,36.57714,75.28252,34.60211
794,13.2316,35.98215,115.0374,43.41613
795,13.24823,25.60618,95.53382,31.32815
796,13.26532,44.30892,131.7459,57.37254
797,13.28156,18.36861,116.004,55.72528
798,13.29831,18.36861,116.004,55.72528
799,13.31488,13.94176,98.57674,49.71704
800,13.33206,10.29724,85.22511,38.64744
801,13.34827,1.346401,73.23936,28.44623
802,13.36484,10.4831,88.70985,39.52903
803,13.38187,8.075888,74.05315,30.4242
804,13.39825,8.075888,74.05315,30.4242
805,13.41501,9.103064,58.84972,34.2929
806,13.43161,-0.9875986,62.48648,28.92173
807,13.44818,6.810385,46.94796,26.07223
808,13.46527,-1.137593,58.66206,31.74142
809,13.4816,2.322129,40.82336,27.5325
810,13.49829,2.322129,40.82336,27.5325
811,13.51486,-28.7266,21.10695,22.11326
812,13.53241,-28.81425,8.531423,13.3008
813,13.54828,-60.45527,1.31309,16.20949
814,13.56528,-46.33183,0.005750853,11.53092
815,13.58163,-58.36591,3.466641e-05,14.21551
816,13.59827,-58.36591,3.466641e-05,14.21551
817,13.61511,-88.27505,-0.1041226,20.37461
818,13.63181,-83.22061,-0.0006276562,18.71697
819,13.64856,-65.20567,-0.2319379,14.14056
820,13.66489,-60.6561,-11.08569,5.391284
821,13.68198,-61.54554,-7.418557,7.795396
822,13.69818,-61.54554,-7.418557,7.795396
823,13.71487,-42.21563,-13.79806,-0.8811333
824,13.73163,-41.41318,-9.437391,1.691279
825,13.74808,-18.32776,-10.24437,-3.041775
826,13.76489,-28.79036,-15.71562,-2.787558
827,13.78152,-13.24806,-21.97894,-9.156058
828,13.79858,-20.61508,-21.95321,-10.95896
829,13.81522,-20.61508,-21.95321,-10.95896
830,13.83148,-32.12798,-17.56542,-6.516297
831,13.84824,-26.32937,-14.43367,-5.461622
832,13.86487,-0.5456371,-3.070816,-2.109796
833,13.88165,-0.1045324,-0.7985148,-0.5560742
834,13.89874,-0.0004578134,-0.003497202,-0.002435401
835,13.91479,-0.0004578134,-0.003497202,-0.002435401
836,13.93167,-0.0004596057,-0.003537931,-0.002466627
837,13.94833,-7.22402e-06,-5.560871e-05,-3.87701e-05
838,13.96475,-1.731498,-3.35212e-07,0.3218926
839,13.98151,-6.379277,-1.468105e-09,1.180508
840,13.99817,-6.379277,-1.468105e-09,1.180508
841,14.01471,-26.61325,-9.526667,-2.057292
842,14.03143,-26.93487,-2.87344,2.76216
843,14.0484,-36.29065,-4.747275,2.971244
844,14.06497,-51.8703,-12.06162,2.032669
845,14.08145,-48.29448,-9.47788,1.277297
846,14.09818,-48.29448,-9.47788,1.277297
847,14.11484,-43.69211,-7.546764,1.578273
848,14.13171,-40.59578,-0.7330407,6.662467
849,14.14828,-38.7931,-0.006081962,6.06393
850,14.16473,-41.43069,-6.945416e-05,6.317654
851,14.18143,-58.21582,-1.528857,7.513362
852,14.19806,-58.21582,-1.528857,7.513362
853,14.21472,-44.39947,-1.644916,5.041368
854,14.23163,-34.11896,-0.0136477,4.691294
855,14.24811,-25.41225,-0.0001132335,3.448285
856,14.26474,-27.94627,-0.8223732,3.142125
857,14.28143,-18.35898,-0.006823144,2.432459
858,14.2981,-18.35898,-0.006823144,2.432459
859,14.31479,-1.926233,-0.01270213,0.2431936
860,14.33203,-0.3567734,-0.0001053883,0.04654406
861,14.34811,4.005109,-6.280858,-5.142815
862,14.36478,7.312191,-19.54095,-15.40695
863,14.38165,16.93687,-30.40252,-24.93019
864,14.39816,16.93687,-30.40252,-24.93019
865,14.41476,-3.477563,-36.95612,-27.80043
866,14.43143,-4.315877,-43.25467,-32.01941
867,14.44809,19.14096,-43.92537,-29.83272
868,14.46472,0.8638735,-30.45949,-20.07624
869,14.4816,16.5736,-44.52256,-26.56379
870,14.49832,16.5736,-44.52256,-26.56379
871,14.51517,15.75737,-29.53412,-26.31824
872,14.53134,22.43619,-37.9464,-34.50125
873,14.54813,27.0774,-51.54826,-47.54384
874,14.56479,23.3634,-43.01804,-40.4849
875,14.58139,23.52185,-54.52574,-51.44795
876,14.59811,23.52185,-54.52574,-51.44795
877,14.61472,30.71714,-42.52779,-34.51666
878,14.63223,32.95596,-23.55867,-26.63326
879,14.64822,24.76067,-24.05379,-26.16674
880,14.6647,28.13811,-19.63578,-22.80436
881,14.68182,16.6747,-6.735134,-9.00014
882,14.69867,8.243529,-2.07578,-3.289303
883,14.71487,8.243529,-2.07578,-3.289303
884,14.73135,12.85757,-0.001067663,-2.124225
885,14.74811,9.381145,1.054987,-1.207556
886,14.76477,16.63777,4.692572,-1.563628
887,14.78146,13.68472,12.82821,1.386238
888,14.79797,13.68472,12.82821,1.386238
889,14.8147,-0.02323875,0.5158888,-0.1458518
890,14.83142,-0.1140082,-0.7449962,-0.6817175
891,14.84799,-2.459088,-0.3815779,0.05297029
892,14.8653,-12.56005,-0.003165912,2.081742
893,14.88147,-19.68023,-1.908495e-05,3.241548
894,14.89804,-19.68023,-1.908495e-05,3.241548
895,14.9147,-30.95175,10.35124,13.77143
896,14.9313,-27.2703,1.865772,3.845736
897,14.94839,-31.28971,1.538187,4.693947
898,14.96466,-18.00345,1.918797,4.552907
899,14.98135,-26.82539,0.01592005,4.082688
900,14.99802,-26.82539,0.01592005,4.082688
901,15.01462,-31.01225,0.01365135,4.591305
902,15.03137,-27.60973,8.2291e-05,4.036061
903,15.04797,-27.88747,3.604044e-07,4.029789
904,15.06473,-22.04708,-0.4092298,2.768327
905,15.08127,-31.36365,-1.913083,2.633945
906,15.09799,-31.36365,-1.913083,2.633945
907,15.11472,-36.24498,-0.4109173,4.520229
908,15.13147,-51.62023,-0.385756,6.429063
909,15.14801,-59.60748,-0.00606326,7.584217
910,15.16479,-66.98535,-0.2021997,8.005189
911,15.1814,-50.80145,-0.00167763,6.00053
912,15.19806,-50.80145,-0.00167763,6.00053
913,15.21478,-35.58865,6.464151,10.00908
914,15.23129,-21.65951,0.02831061,2.422941
915,15.24814,-3.891122,0.0003232986,0.4276127
916,15.26468,-16.32906,0.1089921,1.887669
917,15.28128,-0.09843235,0.0006570095,0.01137896
918,15.29807,-0.09843235,0.0006570095,0.01137896
919,15.31464,-15.12424,-1.371723,0.3605458
920,15.33148,-17.75852,-10.96827,-8.328492
921,15.34799,-30.8202,-6.049648,-2.439324
922,15.36465,-42.05581,-2.233917,2.14678
923,15.38138,-39.47142,-0.7541159,3.137625
924,15.39828,-39.47142,-0.7541159,3.137625
925,15.4147,-21.32585,-0.005703227,1.982223
926,15.4314,-2.966575,0.2443546,0.2027899
927,15.44803,-1.278719,0.003840732,0.1164653
928,15.46463,0.001265407,0.08062433,0.07518395
929,15.48132,0.492622,0.0006689317,-0.04487868
930,15.49792,0.492622,0.0006689317,-0.04487868
931,15.51462,28.36596,-0.9664403,-3.61822
932,15.5314,50.71037,-5.697366,-10.3813
933,15.54794,49.87283,-7.395262,-12.09533
934,15.56467,56.14682,-12.9796,-18.26955
935,15.58127,57.75289,-20.6878,-26.07416
936,15.5979,57.75289,-20.6878,-26.07416
937,15.61478,11.13235,-21.84465,-22.3491
938,15.63184,-0.4578408,-20.0426,-19.42205
939,15.64798,-13.54894,-19.24917,-17.24245
940,15.6647,-20.25653,-7.396991,-4.920384
941,15.68137,-33.29368,-3.435649,0.4138031
942,15.69791,-33.29368,-3.435649,0.4138031
943,15.7146,-18.08122,-0.0002365048,1.985396
944,15.73126,-28.45659,1.829344,4.863391
945,15.74799,-9.853319,10.31302,11.14059
946,15.76465,-14.85501,29.569,30.23462
947,15.78229,0.8865532,33.65872,32.17189
948,15.79794,0.8865532,33.65872,32.17189
949,15.81464,4.48319,52.75722,42.76913
950,15.83127,3.893818,53.62256,34.73932
951,15.84799,3.968847,52.23648,29.16537
952,15.8645,2.659333,45.18103,25.11866
953,15.88126,4.157967,29.3952,17.83432
954,15.89801,4.157967,29.3952,17.83432
955,15.91458,2.845356,34.35662,26.82296
956,15.93137,3.32474,44.71476,31.3438
957,15.94791,3.569911,45.72147,33.65514
958,15.96469,2.863788,44.54407,26.9982
959,15.98135,-13.06415,53.15501,37.41349
960,15.99814,-13.06415,53.15501,37.41349
961,16.01456,0.01682503,38.47336,30.22886
962,16.03119,-4.869076,45.40134,35.58797
963,16.048,-19.27988,43.9836,35.45243
964,16.06451,-6.024941,36.13352,27.72616
965,16.08127,1.288475,41.70518,30.72004
966,16.09793,1.288475,41.70518,30.72004
967,16.1152,-7.008842,25.42812,19.20692
968,16.13123,-14.71067,17.39046,14.06191
969,16.14819,-25.82614,6.790651,7.494709
970,16.16574,-6.915351,8.407051,6.734197
971,16.18118,-6.467611,13.31372,10.18601
972,16.198,-6.467611,13.31372,10.18601
973,16.21457,-22.08414,19.41048,15.98665
974,16.23141,-1.992228,20.96383,14.98902
975,16.24802,0.9790255,21.71514,15.37327
976,16.2645,-1.871605,25.32412,18.15437
977,16.28122,-14.96621,19.86886,20.01212
978,16.29785,-14.96621,19.86886,20.01212
979,16.31458,-23.63519,26.42209,22.90813
980,16.33124,-27.46092,14.65768,25.86496
981,16.34793,-1.316832,16.05666,20.04301
982,16.36462,-12.00965,17.81883,17.26258
983,16.38116,0.5097895,12.05741,17.37535
984,16.39777,0.5097895,12.05741,17.37535
985,16.41449,1.224542,5.444749,13.98001
986,16.43115,0.7441001,-5.799576,8.474187
987,16.44788,1.357833,-0.1920927,15.4633
988,16.46454,2.367524,-2.71813,15.79026
989,16.48111,1.66176,4.348077,18.76895
990,16.49783,1.66176,4.348077,18.76895
991,16.51459,1.58868,2.734185,18.00726
992,16.53113,0.8049762,-10.39546,9.124189
993,16.54782,23.84506,-15.00862,2.076302
994,16.56442,0.3989844,-24.36353,2.891839
995,16.58118,-0.2685361,-32.16854,-3.036602
996,16.59824,-0.2685361,-32.16854,-3.036602
997,16.61438,-1.32816,-29.54919,-14.98169
998,16.63113,-2.506645,-44.17551,-28.14827
999,16.6478,-3.308351,-57.10641,-37.15026
1000,16.66446,-5.074122,-85.44022,-56.97852
1001,16.68112,-8.79432,-88.62466,-60.64475
1002,16.69833,-8.79432,-88.62466,-60.64475
1003,16.71445,-4.864409,-65.62579,-54.87708
1004,16.7312,-4.076475,-71.75954,-53.78956
1005,16.7478,12.47509,-47.10628,-46.64959
1006,16.7644,-4.48768,-65.38605,-51.04187
1007,16.78116,-20.75184,-71.11623,-55.50191
1008,16.79791,-20.75184,-71.11623,-55.50191
1009,16.81451,-4.213514,-54.84675,-45.77446
1010,16.83121,-5.533509,-41.85151,-35.25123
1011,16.84778,-2.786092,-36.17491,-31.00573
1012,16.86447,-3.674361,-39.14507,-33.94177
1013,16.8811,-18.97153,-49.8311,-43.10034
1014,16.89789,-18.97153,-49.8311,-43.10034
1015,16.9144,-33.25802,-47.96495,-41.37628
1016,16.93121,-27.557,-44.08979,-38.99895
1017,16.94778,-30.26774,-26.19858,-22.31384
1018,16.96442,-7.476114,-8.291891,-7.285521
1019,16.98138,-0.7394629,-0.2734128,-0.2007196
1020,16.99789,-0.7394629,-0.2734128,-0.2007196
1021,17.0144,2.032492,28.14705,25.16458
1022,17.0311,1.210035,26.04517,14.98126
1023,17.04776,1.783291,42.42716,22.07865
1024,17.06445,1.021473,34.95961,12.6467
1025,17.08121,1.101772,42.89183,13.64087
1026,17.09775,1.101772,42.89183,13.64087
1027,17.11447,2.298704,58.75927,28.4599
1028,17.13104,2.604069,60.47588,32.24057
1029,17.14825,2.555245,67.01238,31.63609
1030,17.1644,2.414217,66.16033,29.89005
1031,17.18103,2.301745,61.9649,28.49754
1032,17.19781,2.301745,61.9649,28.49754
1033,17.21442,2.206427,63.01114,27.31742
1034,17.2316,2.807718,71.34759,34.5847
1035,17.24774,3.933629,87.09161,39.4385
1036,17.2645,17.67611,93.4211,36.97985
1037,17.28107,5.989412,98.86338,39.34697
1038,17.29779,5.989412,98.86338,39.34697
1039,17.31448,3.456134,84.48117,32.80221
1040,17.33099,14.29917,61.02934,25.50193
1041,17.34818,3.54209,65.47018,39.46324
1042,17.36444,3.394208,58.5807,39.94831
1043,17.38297,3.234006,57.04215,38.08731
1044,17.39767,3.234006,57.04215,38.08731
1045,17.41446,1.930797,34.91055,22.7393
1046,17.431,-2.228754,19.31627,12.75918
1047,17.44769,0.8888365,7.130586,10.84429
1048,17.46472,0.7804527,14.37157,9.239262
1049,17.48105,1.174636,14.56305,13.90168
1050,17.49768,1.174636,14.56305,13.90168
1051,17.51443,1.737287,7.176552,20.56058
1052,17.53119,2.56995,11.09326,30.41505
1053,17.5477,-13.91613,17.77033,37.05817
1054,17.56436,2.537044,18.52169,31.39729
1055,17.58102,-13.95053,24.0009,37.47726
1056,17.59775,-13.95053,24.0009,37.47726
1057,17.61465,2.594184,28.95458,32.41203
1058,17.63098,1.209377,23.31549,26.74753
1059,17.64777,1.972047,20.96894,23.99889
1060,17.66437,-12.00782,3.263463,11.01486
1061,17.681,-13.32044,-6.606684,7.184139
1062,17.69775,-13.32044,-6.606684,7.184139
1063,17.71426,0.2581335,-11.03214,3.234557
1064,17.73105,0.1977811,-11.91182,2.448866
1065,17.74765,0.1050515,-4.5067,1.300628
1066,17.76431,17.37054,-10.14964,1.543846
1067,17.78098,13.95355,-7.845333,1.137995
1068,17.7977,13.95355,-7.845333,1.137995
1069,17.8143,-0.7800142,-36.57547,-9.597296
1070,17.83105,0.2800414,-20.57748,3.431808
1071,17.84766,0.6826887,-6.385944,8.366511
1072,17.86435,0.9617605,9.52971,11.7866
1073,17.88092,1.08954,22.82841,13.35257
1074,17.89764,1.08954,22.82841,13.35257
1075,17.91428,0.8735941,14.416,10.7061
1076,17.93097,1.107475,21.17352,13.57236
1077,17.94763,1.764434,40.32702,21.62356
1078,17.96478,2.415434,56.21322,29.60172
1079,17.9809,2.057927,48.70712,25.22039
1080,17.99823,2.057927,48.70712,25.22039
1081,18.01434,1.281675,14.51961,7.283387
1082,18.03098,0.02435917,0.5163152,0.2604709
1083,18.04791,-0.1818072,-4.386197,-2.217065
1084,18.0643,-0.3857957,-9.287842,-4.704157
1085,18.08102,-0.2907555,-6.978656,-3.545293
1086,18.09772,-0.2907555,-6.978656,-3.545293
1087,18.1142,-0.02034207,-0.04385062,0.01200685
1088,18.13095,0.05676133,-2.512896,0.6967681
1089,18.14761,-0.03579749,-10.96066,-0.4386999
1090,18.16431,-0.02967136,-3.749485,-0.3636294
1091,18.18094,-0.5096113,-26.65604,-6.245408
1092,18.19766,-0.5096113,-26.65604,-6.245408
1093,18.21417,-21.411,-63.21194,-31.80545
1094,18.2309,-32.33405,-84.43273,-43.52401
1095,18.24753,-20.73483,-89.52203,-37.83424
1096,18.26422,-27.70824,-63.51913,-29.70104
1097,18.28098,-2.052687,-54.86629,-25.19981
1098,18.29749,-2.052687,-54.86629,-25.19981
1099,18.31427,-2.10997,-47.17181,-27.53352
1100,18.33099,-16.4255,-75.95314,-45.2001
1101,18.34784,-31.07154,-88.56475,-53.3913
1102,18.36435,-22.8055,-76.69724,-47.79832
1103,18.38144,-7.535076,-50.6592,-32.77287
1104,18.39752,-7.535076,-50.6592,-32.77287
1105,18.41431,-0.580357,-11.93759,-7.957244
1106,18.43094,-0.8131117,-16.64229,-11.15208
1107,18.44763,-0.4672979,-9.530807,-6.409155
1108,18.46414,-0.5587561,-11.34621,-7.663537
1109,18.48105,-0.1574431,-3.188667,-2.159388
1110,18.49799,-0.1574431,-3.188667,-2.159388
1111,18.51419,-0.09424704,4.761143,-1.292631
1112,18.53125,13.31204,12.03013,-3.699938
1113,18.54776,-0.1109561,17.16798,-4.166775
1114,18.56458,-0.2332134,11.58698,-3.192189
1115,18.58084,-0.1110132,5.474481,-1.514098
1116,18.59769,-0.1110132,5.474481,-1.514098
1117,18.6142,-0.4633788,-9.294188,-6.319572
1118,18.63086,-0.4435467,-8.885624,-6.049102
1119,18.64758,-0.690909,-13.76902,-9.422636
1120,18.66437,-0.6361938,-12.6124,-8.676428
1121,18.68082,-0.9415872,-18.55331,-12.84139
1122,18.69769,-0.9415872,-18.55331,-12.84139
1123,18.71423,-1.379865,-26.79113,-18.81864
1124,18.7308,-1.650929,-31.7234,-22.51542
1125,18.74762,-2.130303,-37.91166,-29.05313
1126,18.76447,20.64443,-34.94862,-28.01453
1127,18.78091,19.14849,-33.85195,-26.89022
1128,18.79773,19.14849,-33.85195,-26.89022
1129,18.81427,41.15564,-21.3746,-27.56797
1130,18.83118,44.91776,-21.78583,-21.81738
1131,18.84763,50.03189,-25.67931,-24.06577
1132,18.86426,41.56675,-22.06919,-22.20027
1133,18.88089,35.92777,-20.57216,-19.37654
1134,18.89746,35.92777,-20.57216,-19.37654
1135,18.91486,26.92336,-17.99051,-24.60564
1136,18.93082,8.315648,-32.22124,-31.93382
1137,18.94763,2.213252,-36.74776,-31.01704
1138,18.96457,0.8497942,-21.5709,-23.27395
1139,18.98111,-0.152956,-22.20979,-19.42784
1140,18.99753,-0.152956,-22.20979,-19.42784
1141,19.01422,25.24409,-7.405274,-17.96922
1142,19.03079,32.73577,-5.400927,-10.89996
1143,19.04755,36.48922,4.576802,-11.40058
1144,19.06415,37.10137,5.259342,-5.654191
1145,19.08081,42.06152,13.86824,-9.06964
1146,19.09747,42.06152,13.86824,-9.06964
1147,19.11414,35.4613,6.46064,-6.123575
1148,19.13077,34.44275,8.545448,-6.709806
1149,19.14832,32.02055,11.09511,-7.26717
1150,19.16422,22.40436,8.260497,-5.283366
1151,19.18091,21.40523,13.46574,-6.783557
1152,19.19754,21.40523,13.46574,-6.783557
1153,19.21436,17.01755,13.58994,-6.370091
1154,19.23083,15.85386,8.554912,-4.702932
1155,19.2475,12.72222,8.563424,-8.494174
1156,19.26425,39.39322,13.90043,-11.8193
1157,19.28085,50.21473,17.39817,-13.00972
1158,19.29745,50.21473,17.39817,-13.00972
1159,19.31412,51.45712,6.326305,-15.5034
1160,19.33081,40.18376,-0.8097195,-10.15313
1161,19.34756,35.5295,2.616477,-17.75951
1162,19.3645,29.98742,-2.821074,-7.170066
1163,19.3808,33.39087,-2.777384,-7.642762
1164,19.39749,33.39087,-2.777384,-7.642762
1165,19.41418,29.10086,-11.34924,-14.4309
1166,19.43076,17.77951,-6.33954,-8.344539
1167,19.44745,14.14879,-1.675812,-3.766798
1168,19.46414,4.531835,-3.069203,-3.394621
1169,19.4808,4.686746,-1.489138,-2.063069
1170,19.49753,4.686746,-1.489138,-2.063069
1171,19.5141,26.52424,-7.091749,-10.60276
1172,19.53137,22.96267,-1.516966,-5.221749
1173,19.548,28.00226,-12.73637,-15.87986
1174,19.56418,30.70279,-8.018026,-12.32146
1175,19.58075,21.48067,-16.90039,-18.5918
1176,19.5976,21.48067,-16.90039,-18.5918
1177,19.61404,32.25777,-21.47326,-21.86201
1178,19.6308,25.91562,-14.0135,-15.0226
1179,19.64783,5.699979,-20.8831,-11.25735
1180,19.66412,3.692673,-17.43006,-0.8105483
1181,19.68088,0.1326655,-6.962586,-4.628963
1182,19.69736,0.1326655,-6.962586,-4.628963
1183,19.71432,-0.2889017,-1.806849,-1.576166
1184,19.73083,-1.332737,-6.606336,-5.324461
1185,19.74756,-4.965058,-1.596032,-0.5422725
1186,19.7641,-30.78854,-9.741488,-3.300281
1187,19.78091,-34.52668,-0.05872215,6.101277
1188,19.79758,-34.52668,-0.05872215,6.101277
1189,19.81403,-26.73274,-5.508069,-0.3638671
1190,19.83075,-28.72424,-0.05732621,4.861321
1191,19.84747,-24.40909,-0.0006546479,4.112709
1192,19.86411,-26.26359,-3.946249e-06,4.370299
1193,19.88074,-30.77661,0.1355153,5.013251
1194,19.89746,-30.77661,0.1355153,5.013251
1195,19.91406,-10.41963,2.599344e-06,1.681047
1196,19.93076,-25.39353,1.566897e-08,4.054015
1197,19.94736,-10.79569,0.0,1.709851
1198,19.96454,-10.81619,0.0,1.699423
1199,19.98062,-14.5599,0.0,2.269228
1200,19.99741,-14.5599,0.0,2.269228
1201,20.01401,-9.403253,0.02809166,1.436828
1202,20.03079,-6.744577,0.0001693378,1.031244
1203,20.04742,-26.65228,1.404978e-06,4.041697
1204,20.06412,-20.54532,1.165546e-08,3.089682
1205,20.08066,-29.10756,0.0,4.340591
1206,20.09735,-29.10756,0.0,4.340591
1207,20.11404,-34.54512,0.02855729,5.011759
1208,20.13074,-31.67585,0.0001250705,4.524001
1209,20.14749,-25.8503,1.965841e-06,3.637801
1210,20.16412,-22.7015,2.24493e-08,3.147099
1211,20.18079,-24.51501,0.1352494,3.304144
1212,20.19757,-24.51501,0.1352494,3.304144
1213,20.21481,-5.308137,9.310364e-06,0.7114061
1214,20.23065,-0.3680339,0.9886892,0.9413678
1215,20.24747,-0.002218526,0.005959865,0.00567461
1216,20.26392,0.06333069,0.5356339,0.4745008
1217,20.28079,16.19064,2.143664,-0.2401044
1218,20.29739,16.19064,2.143664,-0.2401044
1219,20.314,15.03547,7.990029,5.124804
1220,20.33066,13.25473,6.756215,3.057298
1221,20.3475,27.91389,12.86331,4.632895
1222,20.36465,28.26661,14.1024,7.432312
1223,20.38065,10.39149,36.45239,14.23435
1224,20.39734,10.39149,36.45239,14.23435
1225,20.41397,14.56212,28.47569,11.33467
1226,20.43063,31.26502,25.2129,0.8497295
1227,20.44724,29.13189,18.79878,-1.48437
1228,20.4639,27.91508,11.38157,4.666263
1229,20.48108,18.42259,0.2467238,-2.819858
1230,20.49753,18.42259,0.2467238,-2.819858
1231,20.51459,20.5357,0.36805,-3.313637
1232,20.53067,27.39879,-1.314691,-6.25549
1233,20.54733,14.17584,-4.632329,-6.272454
1234,20.56396,5.6382,-14.5333,-13.5685
1235,20.58063,4.028894,-15.35788,-14.11208
1236,20.59723,4.028894,-15.35788,-14.11208
1237,20.61395,-0.7492445,-10.18702,-8.899279
1238,20.63058,1.393906,-2.661472,-2.588738
1239,20.64758,-0.5666243,-4.084255,-3.542786
1240,20.66391,-0.9977413,-7.084435,-6.153172
1241,20.68063,-0.06184601,-0.4387116,-0.3813539
1242,20.69733,-0.06184601,-0.4387116,-0.3813539
1243,20.7139,1.08948,7.747251,6.71778
1244,20.73059,1.3033,16.2061,13.8185
1245,20.74722,1.506204,28.82647,9.336796
1246,20.76401,1.408114,26.90771,8.705347
1247,20.78073,4.565806,20.75724,0.2048546
1248,20.79724,4.565806,20.75724,0.2048546
1249,20.81393,0.4463394,29.42745,2.749499
1250,20.83063,0.005292101,27.85952,0.03261971
1251,20.84729,0.4034422,31.42035,2.487641
1252,20.86398,1.157338,32.36748,7.136194
1253,20.88058,1.516623,41.52294,9.351563
1254,20.89734,1.516623,41.52294,9.351563
1255,20.91403,2.061098,43.43176,12.70882
1256,20.93069,2.750302,42.79912,16.95847
1257,20.94736,1.213193,42.55836,7.480597
1258,20.96411,0.4578862,32.69445,2.823345
1259,20.98059,-0.141838,12.95683,-0.8723089
1260,20.99719,-0.141838,12.95683,-0.8723089
1261,21.01382,-0.3317137,2.304756,-2.040052
1262,21.03058,-6.490736,-3.800709,-2.102111
1263,21.04794,-0.05385296,-0.03153409,-0.01744099
1264,21.06381,0.5299166,4.071659,3.269385
1265,21.08066,0.2956271,19.84892,1.822865
1266,21.09741,0.2956271,19.84892,1.822865
1267,21.11389,-0.4613232,7.821325,-2.844538
1268,21.13065,-0.8380072,-2.642588,-5.167187
1269,21.14716,-1.579595,-2.62731,-9.739846
1270,21.16388,-4.094512,2.700541,-4.982002
1271,21.18063,0.4872772,21.91914,3.101442
1272,21.1972,0.4872772,21.91914,3.101442
1273,21.2139,0.04201447,41.04789,0.2597433
1274,21.23065,-0.9758557,48.91211,-6.032864
1275,21.24725,-1.682447,41.42873,-10.4011
1276,21.26389,-1.531929,38.26939,-9.47058
1277,21.28101,-0.8770738,42.19661,-5.422181
1278,21.29718,-0.8770738,42.19661,-5.422181
1279,21.31436,0.3018354,49.56081,1.865985
1280,21.33054,4.674073,49.53542,0.8856218
1281,21.34723,0.3106005,64.53435,1.792804
1282,21.36389,1.441496,45.02825,1.171737
1283,21.38052,8.497006,42.7921,0.06621901
1284,21.39719,8.497006,42.7921,0.06621901
1285,21.41388,-0.8304231,17.10498,-7.243546
1286,21.43158,10.18229,2.944994,-9.971553
1287,21.4472,-0.596779,9.773941,-4.465072
1288,21.46381,-0.6845891,9.544374,-4.173781
1289,21.48068,7.986669,9.147937,-5.622657
1290,21.49713,7.986669,9.147937,-5.622657
1291,21.51385,20.60044,-1.538706,-14.15835
1292,21.53049,19.84773,-10.82465,-26.48506
1293,21.54724,20.76485,-16.60202,-27.48026
1294,21.56384,14.05781,-13.81821,-25.75108
1295,21.58057,7.004929,-5.874605,-21.30163
1296,21.59726,7.004929,-5.874605,-21.30163
1297,21.61392,11.81874,24.31588,-13.50039
1298,21.63062,8.314114,27.71874,-12.72307
1299,21.64722,13.74048,35.56798,-18.82383
1300,21.66376,-2.69478,36.35682,-15.73209
1301,21.68048,-1.180761,32.91605,-9.367357
1302,21.6972,-1.180761,32.91605,-9.367357
1303,21.7139,-0.7653345,38.73951,-4.293528
1304,21.73059,3.28357,52.04769,-6.698606
1305,21.74719,-1.812084,40.45411,-10.34934
1306,21.76376,-1.820118,46.98917,-10.18763
1307,21.78055,-2.026061,33.94482,-11.33896
1308,21.79715,-2.026061,33.94482,-11.33896
1309,21.81381,-1.269225,34.40966,-7.103279
1310,21.83047,-1.168917,29.15285,-6.541902
1311,21.84714,4.925195,31.28808,-6.522234
1312,21.8638,-0.6199316,27.28093,-3.666264
1313,21.88046,-0.8889828,24.02246,-7.026801
1314,21.89709,-0.8889828,24.02246,-7.026801
1315,21.91385,-2.152988,22.47653,-12.0689
1316,21.93057,9.127692,22.92859,-13.44061
1317,21.94708,-2.21533,22.89803,-12.56173
1318,21.96439,-0.9230919,32.88343,-5.118731
1319,21.98047,-1.843909,32.13978,-10.22241
1320,21.99716,-1.843909,32.13978,-10.22241
1321,22.0137,-2.211962,44.50931,-12.26284
1322,22.03067,-2.876382,52.31132,-15.9463
1323,22.04703,-2.309674,56.85402,-12.80454
1324,22.06372,-1.702515,57.10593,-9.438525
1325,22.08047,-1.561049,55.9952,-13.49655
1326,22.09702,-1.561049,55.9952,-13.49655
1327,22.11404,-0.9823545,76.2542,-18.29606
1328,22.13046,-2.660218,67.65382,-14.73512
1329,22.147,-3.203323,67.48633,-17.67593
1330,22.16379,-3.225439,62.07581,-17.79763
1331,22.1803,-2.13493,56.14948,-11.78031
1332,22.19708,-2.13493,56.14948,-11.78031
1333,22.21381,-3.076775,61.96211,-16.97731
1334,22.23041,-2.472323,63.25101,-13.64201
1335,22.24704,-1.81695,52.26589,-10.02574
1336,22.26367,3.309765,48.26959,-5.485037
1337,22.28033,2.214823,48.64815,-11.83552
1338,22.29709,2.214823,48.64815,-11.83552
1339,22.31372,5.177772,55.59997,-6.405625
1340,22.33032,12.08495,61.4252,-5.830242
1341,22.34717,11.12526,50.48449,-7.398039
1342,22.36362,7.857296,48.20758,-5.657342
1343,22.38031,8.51703,41.03183,-7.944304
1344,22.39703,8.51703,41.03183,-7.944304
1345,22.41373,-0.5784475,37.31006,-7.929079
1346,22.4303,-1.842758,36.2939,-10.68775
1347,22.44711,1.664143,28.87687,-13.15642
1348,22.46365,4.609588,33.90545,-11.591
1349,22.48047,1.780558,33.49053,-9.768362
1350,22.49786,1.780558,33.49053,-9.768362
1351,22.5137,19.51517,43.7849,-15.48861
1352,22.53043,11.05087,50.37817,-11.67877
1353,22.54712,0.1801717,50.14825,-7.928816
1354,22.56369,6.116049,63.58725,-11.01528
1355,22.58038,1.382277,51.40519,-9.346037
1356,22.59702,1.382277,51.40519,-9.346037
1357,22.61362,0.1702922,44.58895,-3.339616
1358,22.63031,19.65248,38.15468,-9.289039
1359,22.64688,1.315684,36.41866,-2.056381
1360,22.66367,-0.03032174,26.74627,-0.2245601
1361,22.68036,-0.8192701,13.04842,-5.276442
1362,22.69702,-0.8192701,13.04842,-5.276442
1363,22.71362,15.06122,2.381674,-3.301812
1364,22.73038,1.019804,7.233725,-6.619315
1365,22.74701,8.370933,1.393057,-2.433084
1366,22.76364,1.142198,2.914942,-2.8242
1367,22.78033,-1.125384,9.897303,-8.602758
1368,22.79694,-1.125384,9.897303,-8.602758
1369,22.81369,-2.35788,13.50394,-11.63078
1370,22.83035,-2.959681,17.21652,-14.58162
1371,22.84695,-4.005564,23.72316,-19.73434
1372,22.86356,-4.322432,27.95446,-21.29546
1373,22.88046,-2.39466,30.5481,-11.79784
1374,22.897,-2.39466,30.5481,-11.79784
1375,22.9137,-1.444696,50.69376,-7.11763
1376,22.93033,12.06492,55.57532,-3.011875
1377,22.94693,0.3460322,56.92539,0.4723796
1378,22.96359,-0.9091115,49.1247,-7.628275
1379,22.98047,-1.988324,41.92309,-9.768642
1380,22.99689,-1.988324,41.92309,-9.768642
1381,23.0137,-2.522988,49.83884,-12.37786
1382,23.03043,-1.641734,49.83924,-8.054397
1383,23.04688,0.5675979,48.19302,-3.200224
1384,23.06363,11.22738,42.25304,0.61187
1385,23.08035,1.845515,31.60543,4.535134
1386,23.09689,1.845515,31.60543,4.535134
1387,23.11362,5.796159,2.406156,-0.6975777
1388,23.13019,1.112755,9.191297,-9.478503
1389,23.14688,0.004873459,0.0402545,-0.04151236
1390,23.1636,4.029295e-05,0.0003339874,-0.0003444403
1391,23.1803,2.428878e-07,2.013292e-06,-2.076303e-06
1392,23.19693,2.428878e-07,2.013292e-06,-2.076303e-06
1393,23.21356,0.0001323628,-0.0006607079,0.0006386337
1394,23.23032,7.978892e-07,-3.982778e-06,3.849714e-06
1395,23.24704,3.494462e-09,-1.744311e-08,1.686033e-08
1396,23.26373,-0.07028307,0.3505418,-0.3391069
1397,23.28018,-2.21339,11.01245,-10.67933
1398,23.29688,-2.21339,11.01245,-10.67933
1399,23.31357,0.004478802,8.441178,0.02160965
1400,23.33026,-0.541136,18.39331,-2.610912
1401,23.34686,9.479837,30.10741,-6.929359
1402,23.36362,-0.9078061,16.79834,-4.971161
1403,23.38019,-0.01515165,21.43856,-10.62051
1404,23.39691,-0.01515165,21.43856,-10.62051
1405,23.41403,-1.258254,25.25304,-6.046094
1406,23.43024,-0.6920285,19.40001,-3.325189
1407,23.44708,5.742772,12.01912,0.3252828
1408,23.46347,1.317948,18.15149,6.15562
1409,23.4801,1.824305,17.50726,8.74585
1410,23.49686,1.824305,17.50726,8.74585
1411,23.51346,0.1871235,4.595427,0.8972756
1412,23.53033,0.001550011,0.03813409,0.007432459
1413,23.54691,-0.04753377,0.3637963,-0.2279292
1414,23.56372,-0.545123,2.59763,-2.613919
1415,23.58026,-0.002387439,0.01137667,-0.01144801
1416,23.59708,-0.002387439,0.01137667,-0.01144801
1417,23.61349,-0.03396977,0.0006464121,0.006390225
1418,23.63016,-0.0001487751,2.831048e-06,2.798684e-05
1419,23.64691,0.4556635,4.405147,2.189462
1420,23.66348,0.1276809,1.235605,0.613505
1421,23.68021,0.728542,10.02426,3.500633
1422,23.69687,0.728542,10.02426,3.500633
1423,23.71356,-0.1920507,2.091778,-0.9228005
1424,23.73016,-0.3587649,2.121657,-1.72386
1425,23.7468,-0.2116193,1.008468,-1.016827
1426,23.76358,-1.986424,9.419712,-9.544739
1427,23.78021,-0.2928574,1.387608,-1.407175
1428,23.79675,-0.2928574,1.387608,-1.407175
1429,23.81351,0.1505865,1.4724,0.7235656
1430,23.83017,0.9351746,9.17005,4.4935
1431,23.8468,0.02858822,0.2806134,0.137366
1432,23.86343,0.0004493458,0.004410643,0.0021591
1433,23.88019,2.708678e-06,2.658756e-05,1.301516e-05
1434,23.89685,2.708678e-06,2.658756e-05,1.301516e-05
1435,23.91354,-4.003679,0.0,0.831517
1436,23.93008,-0.02413437,0.0,0.005012424
1437,23.94699,0.05603337,-0.2667408,0.2703266
1438,23.96353,0.5552257,-2.642428,2.673364
1439,23.98016,2.117038,-10.1001,10.19335
1440,23.99686,2.117038,-10.1001,10.19335
1441,24.01346,1.369941,-6.57326,6.596143
1442,24.03012,2.969599,-14.30702,14.29835
1443,24.04678,3.19307,-15.45918,15.37434
1444,24.06342,3.601142,-17.53474,17.33917
1445,24.08011,3.472171,-17.20942,16.71819
1446,24.09692,3.472171,-17.20942,16.71819
1447,24.11349,3.603152,-19.68271,17.34885
1448,24.13019,5.646074,-28.22729,27.18533
1449,24.14685,4.702233,-23.69464,22.64082
1450,24.16339,5.759491,-29.28395,27.73143
1451,24.18008,6.242066,-32.05014,30.05498
1452,24.19687,6.242066,-32.05014,30.05498
1453,24.21341,4.747841,-25.2694,22.86042
1454,24.23013,4.915066,-26.01338,23.6656
1455,24.2468,5.590055,-39.67092,26.9156
1456,24.26346,5.696414,-41.98039,27.42771
1457,24.28006,-9.937328,-42.94223,27.85577
1458,24.29675,-9.937328,-42.94223,27.85577
1459,24.31345,5.515018,-54.47356,26.61307
1460,24.33008,4.370347,-47.09473,21.08639
1461,24.3468,5.399189,-33.75452,26.0504
1462,24.36349,6.931993,-40.34936,33.44598
1463,24.3801,7.58916,-44.78767,36.61673
1464,24.39664,7.58916,-44.78767,36.61673
1465,24.41345,8.358673,-50.93967,40.24625
1466,24.43011,9.278269,-57.54595,44.67402
1467,24.44681,8.346331,-52.68694,40.18682
1468,24.46371,7.857565,-60.49217,37.83346
1469,24.48026,6.334301,-49.36634,36.67389
1470,24.4968,6.334301,-49.36634,36.67389
1471,24.51352,8.459755,-61.58514,41.03439
1472,24.53009,8.779902,-60.86948,42.45032
1473,24.54675,9.196148,-65.07534,44.46224
1474,24.56335,6.842079,-49.18287,33.08061
1475,24.58011,6.269275,-45.82257,30.31117
1476,24.59692,6.269275,-45.82257,30.31117
1477,24.6134,3.789791,-35.2406,22.87099
1478,24.63083,-13.59957,-28.08134,21.04281
1479,24.64682,-9.533544,-24.08516,17.81001
1480,24.66339,-6.180712,-23.58409,16.66601
1481,24.68008,-10.16966,-25.07694,18.29297
1482,24.69678,-10.16966,-25.07694,18.29297
1483,24.71338,2.095491,-26.85606,16.65338
1484,24.73007,2.859521,-23.43946,14.20525
1485,24.74673,2.518089,-20.75375,12.48505
1486,24.7634,5.031794,-14.32276,7.901346
1487,24.78015,1.807364,-14.89623,8.867642
1488,24.79675,1.807364,-14.89623,8.867642
1489,24.81335,1.653091,-13.83618,8.17883
1490,24.83005,0.4343196,-3.64529,2.14884
1491,24.84674,0.3289472,-2.768556,1.627499
1492,24.86343,0.2805928,-2.36596,1.388261
1493,24.88004,0.9920105,-8.380149,4.908071
1494,24.89676,0.9920105,-8.380149,4.908071
1495,24.91333,1.049511,-8.898843,5.192559
1496,24.93008,1.207438,-10.08739,5.973918
1497,24.94675,0.8620436,-10.40937,6.113204
1498,24.96338,-4.819167,-10.36775,7.964456
1499,24.9801,-1.109806,-19.00354,11.59434
1500,24.9968,-1.109806,-19.00354,11.59434
1501,25.01352,2.677966,-23.47502,13.33505
1502,25.03006,2.924265,-25.87532,14.56057
1503,25.04669,3.144183,-28.08607,15.65559
1504,25.06335,3.883101,-35.08533,19.33483
1505,25.08005,3.488326,-31.88286,17.36915
1506,25.09665,3.488326,-31.88286,17.36915
1507,25.11346,3.89198,-36.51553,19.37904
1508,25.1301,3.864353,-36.6828,19.24147
1509,25.14667,1.879168,-43.21249,15.8772
1510,25.1636,3.383697,-37.70797,19.34227
1511,25.17999,-14.07488,-39.69296,16.03983
1512,25.19666,-14.07488,-39.69296,16.03983
1513,25.21338,2.637092,-31.19674,15.31541
1514,25.23007,3.019666,-31.80236,15.20634
1515,25.24667,2.406465,-25.06528,12.11131
1516,25.26337,2.675513,-28.18129,13.46533
1517,25.28,2.409275,-30.42058,12.1254
1518,25.29666,2.409275,-30.42058,12.1254
1519,25.31339,-10.27567,-22.13885,11.01587
1520,25.32999,2.754524,-34.15255,14.1683
1521,25.34668,2.374654,-26.29636,11.97813
1522,25.36331,-2.283399,-27.53866,12.71836
1523,25.38,-6.954273,-20.05174,10.68466
1524,25.39679,-6.954273,-20.05174,10.68466
1525,25.4133,1.651535,-19.02238,8.367496
1526,25.42996,1.620909,-18.80978,8.210694
1527,25.44678,1.423818,-16.66686,7.22797
1528,25.46326,1.652179,-19.46877,8.387238
1529,25.47992,-2.965628,-18.73735,8.902645
1530,25.4967,-2.965628,-18.73735,8.902645
1531,25.51328,1.151354,-13.8729,5.858149
1532,25.52997,0.704705,-21.85008,3.585189
1533,25.54727,1.097512,-17.21653,5.583593
1534,25.56326,1.64425,-21.23305,8.36512
1535,25.57999,0.7091344,-8.74817,3.607721
1536,25.59662,0.7091344,-8.74817,3.607721
1537,25.61325,0.5573379,-6.938016,2.835457
1538,25.63007,0.7977749,-9.956578,4.05868
1539,25.64667,0.04067212,-2.681254,1.124533
1540,25.66324,-11.25175,-9.27906,6.111978
1541,25.67999,0.5849178,-8.044358,3.26737
1542,25.69669,0.5849178,-8.044358,3.26737
1543,25.71326,0.4160939,-5.275498,2.126123
1544,25.72995,1.087644,-13.83796,5.557535
1545,25.74661,0.5387774,-6.870789,2.752991
1546,25.76328,0.192917,-2.465933,0.9857481
1547,25.78058,1.048457,-13.44884,5.3573
1548,25.79657,1.048457,-13.44884,5.3573
1549,25.81329,0.8575781,-11.07814,4.381968
1550,25.83011,0.66799,-8.659608,3.413229
1551,25.84653,0.6341327,-11.06907,3.240228
1552,25.86325,1.164769,-22.6201,1.163876
1553,25.87997,1.716609,-24.7623,8.72347
1554,25.89655,1.716609,-24.7623,8.72347
1555,25.91333,1.711802,-33.36612,8.727757
1556,25.93054,1.070634,-49.9029,5.45871
1557,25.94662,0.9491721,-44.84231,4.839427
1558,25.96326,1.42244,-57.26846,7.252422
1559,25.97989,1.319036,-65.89187,6.725206
1560,25.99658,1.319036,-65.89187,6.725206
1561,26.01315,15.21424,-69.7308,2.288294
1562,26.02982,4.410189,-63.51654,3.718787
1563,26.04657,18.07814,-59.3165,3.212544
1564,26.06329,0.8761203,-47.35051,3.421262
1565,26.0799,0.730382,-52.20039,3.685676
1566,26.09662,0.730382,-52.20039,3.685676
1567,26.11319,4.439998,-43.23091,-2.214549
1568,26.12985,-0.7078379,-39.15915,-3.67785
1569,26.14661,22.47548,-39.90036,-7.975646
1570,26.16315,-0.8462024,-43.39165,-4.977908
1571,26.17984,0.40667,-40.26555,-10.95922
1572,26.19656,0.40667,-40.26555,-10.95922
1573,26.21317,7.20564,-34.31433,-9.512263
1574,26.23007,4.304149,-27.42577,-3.047163
1575,26.24652,7.574209,-39.45932,-8.455872
1576,26.26318,1.204446,-33.14137,-7.047652
1577,26.27988,-0.01912837,-23.86255,-5.004266
1578,26.29657,-0.01912837,-23.86255,-5.004266
1579,26.3136,-0.2986017,-27.12866,-1.681135
1580,26.32993,-0.869543,-25.04549,-4.293965
1581,26.34644,-0.1407403,-8.735247,-0.6948627
1582,26.36319,-1.296217,-16.81796,-6.399612
1583,26.37991,-0.9705194,-21.12931,-4.791595
1584,26.39645,-0.9705194,-21.12931,-4.791595
1585,26.4133,-0.004533142,-14.71135,-0.02238078
1586,26.43002,-1.17503,-17.27178,-5.801293
1587,26.4465,-2.598522,-10.66789,-3.582177
1588,26.4635,-1.420462,-25.29646,-6.922013
1589,26.4798,-1.507356,-25.33377,-7.456917
1590,26.49649,-1.507356,-25.33377,-7.456917
1591,26.51321,-1.466604,-20.37021,-7.256169
1592,26.52988,-1.359793,-20.98948,-6.72771
1593,26.54645,-1.205397,-29.02891,-5.963821
1594,26.56317,-0.5391427,-24.42637,-2.667462
1595,26.5798,-0.538497,-22.80449,-2.664268
1596,26.59653,-0.538497,-22.80449,-2.664268
1597,26.61313,-1.087344,-34.89423,-5.379745
1598,26.62979,-1.42716,-26.95732,-5.199159
1599,26.64645,-4.596701,-26.39804,-5.645616
1600,26.66321,-8.488381,-12.22546,3.397493
1601,26.67981,0.6053536,-13.7148,3.289493
1602,26.6965,0.6053536,-13.7148,3.289493
1603,26.71313,-0.1965875,-17.24125,-0.7804001
1604,26.72986,-1.93035,-9.157852,-0.06519282
1605,26.74646,-0.9877788,-22.90774,-4.881621
1606,26.76309,0.008006928,-15.60249,0.04069879
1607,26.77975,-4.5483,-6.642656,1.475428
1608,26.79651,-4.5483,-6.642656,1.475428
1609,26.81305,0.1665665,-3.472172,0.8359185
1610,26.82974,-12.91679,-6.889387,-1.527944
1611,26.8465,-0.5785713,-4.364892,-2.628196
1612,26.86313,-1.959016,-11.23615,-0.9553032
1613,26.87976,-0.2818956,-13.61493,-1.344868
1614,26.89651,-0.2818956,-13.61493,-1.344868
1615,26.91306,-0.1425514,-15.66795,-0.6624918
1616,26.92972,0.06644903,-3.7723,0.3356144
1617,26.94662,-0.6806967,-2.478489,0.3498923
1618,26.96307,-8.604719,-1.033346,1.947655
1619,26.97977,-0.07139245,-0.008573564,0.01615949
1620,26.9968,-0.07139245,-0.008573564,0.01615949
1621,27.01312,-0.3869807,-2.257883e-07,0.07606505
1622,27.02979,-14.12557,-2.341834,1.189559
1623,27.04645,-0.4707963,-1.553397,-0.9572628
1624,27.06311,-0.1406706,-1.09199,-0.7109004
1625,27.0798,-11.51956,-0.004782517,2.251214
1626,27.09647,-11.51956,-0.004782517,2.251214
1627,27.1131,-6.38703,-0.2968687,1.046165
1628,27.12982,-1.358744,-0.4379765,-0.0321548
1629,27.14636,-2.604359,-0.1787091,0.3840061
1630,27.16315,-26.89647,-2.240999,3.660844
1631,27.17978,-27.73785,-2.518048,3.732711
1632,27.19635,-27.73785,-2.518048,3.732711
1633,27.2132,-10.06342,-7.152691,-2.989933
1634,27.22986,-22.72701,-2.267497,3.166762
1635,27.24634,-8.186354,-6.122812,-2.674896
1636,27.26312,-3.416986,-19.55872,-6.69821
1637,27.27988,-24.49578,-11.23817,-3.172626
1638,27.29651,-24.49578,-11.23817,-3.172626
1639,27.31305,0.006339852,-0.1874097,0.04325376
1640,27.33032,2.776622e-05,-0.0008207856,0.0001894356
1641,27.34641,1.673761e-07,-4.947734e-06,1.141927e-06
1642,27.36313,9.280473e-10,-2.158024e-08,5.026572e-09
1643,27.37979,-1.278611,0.0,0.2355241
1644,27.39645,-1.278611,0.0,0.2355241
1645,27.41318,-1.846873,0.001464627,0.3396379
1646,27.42972,-0.01113304,8.828843e-06,0.002047353
1647,27.44644,-6.711047e-05,5.322068e-08,1.234154e-05
1648,27.46313,-0.9295624,0.1590511,0.2794468
1649,27.47977,0.3491086,2.919458,1.940774
1650,27.49652,0.3491086,2.919458,1.940774
1651,27.51306,0.4742104,3.91544,2.592339
1652,27.53,2.126198,17.64847,11.62315
1653,27.54642,2.720128,23.01871,14.86995
1654,27.56296,3.605971,30.41379,19.71252
1655,27.57965,3.91923,33.40779,21.425
1656,27.59656,3.91923,33.40779,21.425
1657,27.61298,2.973134,25.82354,16.25304
1658,27.62976,-6.242602,23.07943,16.02918
1659,27.64648,1.316754,20.57656,12.93895
1660,27.66302,-4.5858,20.00743,13.57401
1661,27.67987,-13.24284,17.02653,13.16288
1662,27.69635,-13.24284,17.02653,13.16288
1663,27.71304,-1.669304,7.120397,4.759832
1664,27.7298,-4.742802,14.11802,9.649253
1665,27.74634,-16.54154,15.27936,12.43128
1666,27.76294,-8.444477,11.23923,8.448409
1667,27.77969,-24.44176,15.92528,14.09165
1668,27.7963,-24.44176,15.92528,14.09165
1669,27.81296,-24.9373,19.62986,16.28819
1670,27.82974,-2.860504,5.149328,4.70931
1671,27.84637,-8.173953,1.852286,8.566861
1672,27.86295,-2.285907,-3.68013,1.576322
1673,27.87973,-16.77612,-5.535161,4.266343
1674,27.8963,-16.77612,-5.535161,4.266343
1675,27.91296,-4.463737,-7.843716,2.598436
1676,27.92981,-0.6935132,-8.04517,1.99135
1677,27.94635,-17.44508,-2.251647,3.476777
1678,27.96307,-6.840952,-11.43827,-1.075263
1679,27.97968,-7.730366,-17.37772,-5.954354
1680,27.99631,-7.730366,-17.37772,-5.954354
1681,28.01297,-1.368967,-24.19209,-8.121705
1682,28.02969,-1.942751,-33.78562,-11.52863
1683,28.04642,-1.712746,-32.28885,-10.16374
1684,28.06299,0.03108639,-23.16233,0.1844722
1685,28.0798,-0.6199285,-14.82168,-3.678768
1686,28.09628,-0.6199285,-14.82168,-3.678768
1687,28.11295,-10.31487,-33.76488,-6.402165
1688,28.12979,-20.19371,-28.65552,-8.093788
1689,28.14621,-19.74132,-21.72739,-3.945093
1690,28.1629,-6.530965,-12.90235,-5.35533
1691,28.17972,-17.74737,-0.107028,2.862286
1692,28.19623,-17.74737,-0.107028,2.862286
1693,28.21326,-0.9563866,-2.825606e-06,0.1567189
1694,28.22958,-0.01092164,-3.226757e-08,0.001789682
1695,28.24634,0.04639171,0.4538799,0.2835183
1696,28.26294,0.8044372,7.866265,4.909084
1697,28.27954,-21.75509,5.789058,7.26194
1698,28.29633,-21.75509,5.789058,7.26194
1699,28.31296,-6.002995,3.193478,2.585189
1700,28.32968,-2.431779,8.639844,5.883514
1701,28.34628,-0.884088,9.271046,3.296224
1702,28.36292,-12.28848,2.18723,3.356572
1703,28.37961,-15.77933,0.9598216,2.336238
1704,28.3963,-15.77933,0.9598216,2.336238
1705,28.41296,-13.18892,1.841051e-05,2.094454
1706,28.42957,-4.785139,11.39897,3.876104
1707,28.44626,-7.238477,18.16187,6.451676
1708,28.46298,-12.35485,0.1695365,1.934186
1709,28.47961,-19.68685,6.011732,6.576689
1710,28.49625,-19.68685,6.011732,6.576689
1711,28.51297,-30.61777,16.73956,4.571784
1712,28.52982,-35.12076,4.284436,7.01736
1713,28.54633,-24.46129,17.60049,10.39864
1714,28.5629,-21.68909,5.116004,3.406716
1715,28.57956,-11.47162,0.3738279,1.831051
1716,28.59668,-11.47162,0.3738279,1.831051
1717,28.61292,-0.1420314,1.358392e-05,0.02023258
1718,28.62958,-0.001178419,1.127043e-07,0.0001678676
1719,28.64618,-7.103615e-06,0.0,1.011579e-06
1720,28.66284,-4.282093e-08,0.0,6.097848e-09
1721,28.6795,0.7216669,0.0,-0.1030706
1722,28.69626,0.7216669,0.0,-0.1030706
1723,28.71286,-0.02023736,-0.2313206,-0.1418314
1724,28.72971,-8.863219e-05,-0.001013099,-0.0006211696
1725,28.74634,-5.34782e-07,-6.107011e-06,-3.744368e-06
1726,28.76285,-2.342149e-09,-2.674647e-08,-1.639896e-08
1727,28.77966,0.0,0.0,0.0
1728,28.79623,0.0,0.0,0.0
1729,28.81287,-9.020498,0.0,1.280766
1730,28.82965,-24.46019,0.0,3.452435
1731,28.84616,-25.4832,0.0,3.575456
1732,28.86292,-13.46374,0.0,1.87776
1733,28.87955,-9.508711,0.0,1.318189
1734,28.89624,-9.508711,0.0,1.318189
1735,28.91284,-19.77223,0.0,2.699596
1736,28.92957,-29.64029,0.0,3.997278
1737,28.94635,-22.46363,0.0,2.991825
1738,28.96283,-38.0662,0.0,4.974305
1739,28.97986,-27.22532,0.0,3.500757
1740,28.99622,-27.22532,0.0,3.500757
1741,29.01318,-23.51728,0.0,2.925709
1742,29.02951,-27.49793,0.0,3.363533
1743,29.04611,-24.83378,0.0,2.985847
1744,29.06281,-24.19987,0.0,2.869258
1745,29.07947,-3.895072,0.0,0.4585712
1746,29.09613,-3.895072,0.0,0.4585712
1747,29.11285,4.755507,0.0,-0.5618539
1748,29.12946,36.99535,0.0,-4.448071
1749,29.14612,38.61024,0.0,-4.7389
1750,29.16287,26.90973,0.0,-3.358989
1751,29.17953,18.81384,0.0,-2.372
1752,29.19611,18.81384,0.0,-2.372
1753,29.2128,0.0004966973,0.0,-6.26223e-05
1754,29.22943,4.121046e-06,0.0,-5.195706e-07
1755,29.24643,-17.06033,0.0,2.143795
1756,29.26282,-0.1028405,0.0,0.0129229
1757,29.27948,-3.341411,0.0,0.418485
1758,29.29626,-3.341411,0.0,0.418485
1759,29.31287,-2.600068,0.0,0.3245519
1760,29.32959,-24.72623,0.0,3.065787
1761,29.34613,-26.24109,0.0,3.231703
1762,29.36383,-2.623816,0.0,0.322039
1763,29.37949,-0.2855046,-2.636183,0.6092998
1764,29.39621,-0.2855046,-2.636183,0.6092998
1765,29.41278,-0.1231139,-10.9016,-6.793261
1766,29.42938,24.44868,-0.06571536,-3.052005
1767,29.44617,6.646267,-0.0002878091,-0.8214706
1768,29.46292,1.220785,-1.980156,-1.073091
1769,29.47946,-0.3119735,-4.190718,-2.581946
1770,29.49609,-0.3119735,-4.190718,-2.581946
1771,29.5127,-1.264002,-16.90571,-10.19445
1772,29.52939,-1.865627,-27.65638,-15.04668
1773,29.54614,-1.563745,-31.67225,-12.61194
1774,29.56274,-1.516144,-26.74413,-12.22803
1775,29.57944,-0.2815748,-18.08762,-6.497393
1776,29.59604,-0.2815748,-18.08762,-6.497393
1777,29.6127,24.59659,-20.12661,-15.01275
1778,29.62936,11.52703,-19.60437,-14.21572
1779,29.64606,4.859922,-27.8673,-14.83499
1780,29.66272,0.2114071,-9.37484,-6.229755
1781,29.67938,24.23576,-0.07778206,-3.177945
1782,29.69611,24.23576,-0.07778206,-3.177945
1783,29.71268,9.304423,33.01042,20.49129
1784,29.7294,4.771989,40.23237,25.47727
1785,29.74619,16.54102,51.17902,30.47367
1786,29.76285,-12.87461,51.88463,33.75237
1787,29.77951,4.010023,51.95858,31.48601
1788,29.79617,4.010023,51.95858,31.48601
1789,29.81277,-13.74596,32.60025,21.34307
1790,29.82935,-3.117335,24.17779,14.77969
1791,29.84616,-11.21233,20.7755,13.85676
1792,29.8627,-13.10756,13.20827,9.42407
1793,29.87946,-18.01029,10.87546,9.393826
1794,29.89606,-18.01029,10.87546,9.393826
1795,29.91275,-15.37794,-2.852411,10.14165
1796,29.92944,-15.89707,-3.60535,10.53359
1797,29.94611,0.8976349,-2.943058,7.873945
1798,29.96274,1.281803,-5.417128,10.37663
1799,29.97946,1.261038,-5.805636,10.20494
1800,29.99609,1.261038,-5.805636,10.20494
1801,30.01279,2.099679,8.63957,16.99158
1802,30.02936,1.967098,24.56084,15.91867
1803,30.04611,1.988302,15.39233,16.09026
1804,30.06268,1.725495,24.21288,13.96351
1805,30.07938,1.388348,17.19846,11.23516
1806,30.0961,1.388348,17.19846,11.23516
1807,30.11261,1.236225,6.053367,10.00411
1808,30.12936,1.07635,4.99825,8.710321
1809,30.14615,1.371954,-5.224226,11.10249
1810,30.16269,1.129273,-9.014872,9.138602
1811,30.17935,0.6850641,-8.615928,5.543858
1812,30.19611,0.6850641,-8.615928,5.543858
1813,30.21277,1.88011,-4.468585,15.21472
1814,30.22934,1.83618,1.749048,14.85922
1815,30.246,2.042508,10.57825,16.52892
1816,30.26273,1.744239,8.795775,14.11519
1817,30.27942,1.092072,1.868909,8.837552
1818,30.29599,1.092072,1.868909,8.837552
1819,30.31271,0.9364606,11.30472,7.578274
1820,30.32947,0.4190172,3.155634,3.390882
1821,30.34604,0.8361592,3.368598,6.766589
1822,30.36267,13.56056,0.1787987,4.603695
1823,30.37933,0.6277698,6.786434,4.604161
1824,30.396,0.6277698,6.786434,4.604161
1825,30.41266,0.06832653,-3.466397,0.5510365
1826,30.42966,0.1148668,-5.878062,0.9264256
1827,30.44601,0.2911521,-16.13708,2.348205
1828,30.46265,0.003493187,-10.94443,0.02817331
1829,30.47934,-0.5298471,-21.36481,-4.273332
1830,30.49603,-0.5298471,-21.36481,-4.273332
1831,30.51263,-1.164686,-18.60245,-9.393441
1832,30.52927,-1.828674,-29.22984,-14.74865
1833,30.54611,-1.614707,-25.26351,-13.02296
1834,30.56271,-1.217165,-18.88974,-9.816696
1835,30.57993,5.901438,-8.519362,-5.254865
1836,30.59592,5.901438,-8.519362,-5.254865
1837,30.61273,26.48102,-3.617764,-5.257905
1838,30.62927,24.57169,-4.795455,-5.742207
1839,30.64597,27.95027,-6.902709,-7.372373
1840,30.66266,41.98503,-12.59379,-12.39339
1841,30.67935,42.49844,-16.6697,-14.79711
1842,30.69595,42.49844,-16.6697,-14.79711
1843,30.71262,37.66693,-16.18724,-14.1421
1844,30.72946,27.1378,-4.272096,-6.22402
1845,30.74597,24.92369,-0.7858322,-4.05324
1846,30.76263,30.63224,-0.003441656,-4.51835
1847,30.77927,26.79462,-2.074647e-05,-3.995692
1848,30.79605,26.79462,-2.074647e-05,-3.995692
1849,30.81262,21.33232,0.0,-3.261874
1850,30.82932,29.27175,0.0,-4.549809
1851,30.84592,22.24413,0.0,-3.504336
1852,30.86273,31.19384,0.0,-4.980019
1853,30.87924,10.7219,0.0,-1.720769
1854,30.89603,10.7219,0.0,-1.720769
1855,30.91257,0.1059187,0.0,-0.01708836
1856,30.9292,-0.3095912,12.6573,-1.921888
1857,30.94595,-0.001355896,0.05543433,-0.008417161
1858,30.96255,-17.79441,0.0003341608,2.863297
1859,30.97919,-0.077933,1.463501e-06,0.01254019
1860,30.99603,-0.077933,1.463501e-06,0.01254019
1861,31.01263,-6.638221,0.0,1.065375
1862,31.02921,-17.37023,0.0,2.78044
1863,31.04599,-0.144119,0.0,0.02306902
1864,31.06253,-0.3867766,0.0,0.06174793
1865,31.07922,-0.4987337,0.0,0.07941131
1866,31.09592,-0.4987337,0.0,0.07941131
1867,31.11343,-4.020274,-5.284713,-2.277264
1868,31.12924,-1.105989,-12.44306,-6.719289
1869,31.14603,-1.119251,-13.00885,-7.065593
1870,31.1626,-0.7169709,-8.302451,-4.526812
1871,31.17926,-0.1761645,-2.036049,-1.112271
1872,31.19586,-0.1761645,-2.036049,-1.112271
1873,31.21262,-1.015239,-11.67755,-6.410037
1874,31.22934,-1.284176,-14.70032,-8.108056
1875,31.24588,-2.780006,-31.52107,-17.55246
1876,31.26276,-2.52866,-28.37315,-15.9655
1877,31.27936,-1.226248,-13.66847,-7.742307
1878,31.29599,-1.226248,-13.66847,-7.742307
1879,31.31256,1.088342,6.846433,1.914368
1880,31.32947,4.188368,22.95481,9.978418
1881,31.34589,0.8363746,26.67215,5.154294
1882,31.36255,9.606596,12.30043,1.373509
1883,31.37918,0.2430441,19.6499,1.167926
1884,31.3959,0.2430441,19.6499,1.167926
1885,31.41251,-2.488414,0.106037,0.3794747
1886,31.4292,-0.02841693,0.00121091,0.004333486
1887,31.4458,1.368594,15.48452,8.596816
1888,31.46259,2.008273,22.87054,12.61275
1889,31.47928,2.108237,24.21712,13.24055
1890,31.49576,2.108237,24.21712,13.24055
1891,31.5127,2.362985,27.67323,14.84046
1892,31.52924,1.819704,28.0219,14.96907
1893,31.54584,2.285157,27.70328,14.40516
1894,31.5625,1.035548,33.44912,9.009051
1895,31.57922,-11.14978,21.59455,11.4371
1896,31.59583,-11.14978,21.59455,11.4371
1897,31.61261,-11.32486,26.71807,14.86585
1898,31.62912,-1.370402,27.24409,14.37757
1899,31.64612,-1.089375,34.80558,18.03327
1900,31.6626,-6.681951,34.66779,18.59097
1901,31.67917,-0.6518336,26.34728,13.04384
1902,31.69583,-0.6518336,26.34728,13.04384
1903,31.71268,-0.03363161,0.08381416,0.04691861
1904,31.72916,-0.9312811,-12.41724,-6.055536
1905,31.74582,-2.488059,-26.61558,-12.99988
1906,31.76257,-1.551834,-20.3195,-10.05121
1907,31.77921,-19.67731,-24.40197,-9.46771
1908,31.79581,-19.67731,-24.40197,-9.46771
1909,31.8125,-3.742022,-41.16162,-19.73636
1910,31.82916,-6.32128,-47.82768,-24.38472
1911,31.84592,-21.30482,-48.18518,-22.75511
1912,31.86252,-4.000435,-47.75546,-25.5462
1913,31.87936,-3.531385,-43.09585,-23.41111
1914,31.89584,-3.531385,-43.09585,-23.41111
1915,31.91251,-0.9280104,-12.14961,-6.153742
1916,31.92914,-1.627395,-20.33171,-10.79144
1917,31.9458,-3.727995,-44.01274,-24.72076
1918,31.96243,-22.17635,-57.03621,-30.02455
1919,31.97916,-21.84597,-60.9348,-27.98559
1920,31.99588,-21.84597,-60.9348,-27.98559
1921,32.01266,-6.370649,-39.20441,-18.92087
1922,32.02936,-3.062288,-36.68063,-20.33513
1923,32.04568,-1.870123,-38.25567,-12.50474
1924,32.0625,-3.490829,-39.4808,-23.34332
1925,32.07907,-4.32037,-57.59286,-28.89052
1926,32.09583,-4.32037,-57.59286,-28.89052
1927,32.11243,-5.990668,-38.40754,-23.0482
1928,32.12909,-19.11008,-33.16239,-12.03131
1929,32.14572,-0.5401865,-14.40037,-3.131513
1930,32.16238,8.941963,-3.103777,-1.031472
1931,32.17917,0.05055655,-0.5284362,0.07209679
1932,32.19571,0.05055655,-0.5284362,0.07209679
1933,32.21243,0.002463772,0.009381556,0.005954314
1934,32.2291,1.079042e-05,4.108777e-05,2.607771e-05
1935,32.24579,-0.8993191,-9.147412,-6.030743
1936,32.26242,-1.848114,-18.71533,-12.39326
1937,32.27911,-1.12597,-11.36228,-7.550643
1938,32.29578,-1.12597,-11.36228,-7.550643
1939,32.31241,0.3857295,-0.08013508,-0.04819617
1940,32.32907,8.964927,-1.363434,-1.138138
1941,32.34579,0.1890849,1.497555,0.9940388
1942,32.36237,8.027582,11.77132,6.773752
1943,32.37903,10.37307,4.921985,1.760018
1944,32.3959,10.37307,4.921985,1.760018
1945,32.41296,2.326829,22.90624,14.96795
1946,32.42908,3.4221,34.69141,22.4386
1947,32.44568,5.047843,51.91536,33.10343
1948,32.4624,5.132179,53.73925,33.65653
1949,32.47906,5.107105,55.0764,33.4921
1950,32.49573,5.107105,55.0764,33.4921
1951,32.51233,4.490953,49.89214,29.55359
1952,32.52908,3.07267,44.35064,20.20623
1953,32.54568,4.041687,57.96941,26.57848
1954,32.56241,1.219273,53.26294,20.62693
1955,32.57904,0.7014573,44.74268,22.48843
1956,32.59567,0.7014573,44.74268,22.48843
1957,32.6124,2.366599,63.91092,25.25653
1958,32.62909,-15.7229,34.57811,17.33424
1959,32.64572,-7.13493,46.22006,15.78206
1960,32.66235,-0.9986271,24.56442,11.15543
1961,32.67905,1.415482,29.35835,9.62429
1962,32.69571,1.415482,29.35835,9.62429
1963,32.71237,0.01764424,0.2436819,0.1189933
1964,32.72906,7.72766e-05,0.001067237,0.0005211466
1965,32.7457,4.65827e-07,6.433356e-06,3.141497e-06
1966,32.76263,3.86507e-09,5.337705e-08,2.606569e-08
1967,32.77911,0.2601813,-11.16923,1.75464
1968,32.79568,0.2601813,-11.16923,1.75464
1969,32.81241,5.465387,-26.52312,3.311333
1970,32.82901,0.649765,-26.84984,3.98757
1971,32.84573,1.480949,-23.02437,3.203991
1972,32.8624,0.2843562,-13.16742,1.877395
1973,32.879,0.4216954,-20.23341,2.82751
1974,32.89569,0.4216954,-20.23341,2.82751
1975,32.91248,-8.881648,-22.00443,4.302762
1976,32.9292,-17.1098,-27.55865,6.164987
1977,32.94638,0.3381449,-26.13251,3.298378
1978,32.9624,-1.945965,-26.6756,3.775499
1979,32.97897,0.6618516,-18.73524,4.563278
1980,32.99573,0.6618516,-18.73524,4.563278
1981,33.0123,1.402747,-9.000903,9.513922
1982,33.02896,0.9063056,-13.44254,9.804765
1983,33.04565,1.463203,-0.885569,13.3815
1984,33.06238,-15.82882,-3.50238,14.94744
1985,33.0791,-11.34308,-5.15852,11.71083
1986,33.09576,-11.34308,-5.15852,11.71083
1987,33.11224,-23.07247,-3.438531,14.0922
1988,33.12894,-15.49212,-2.193063,10.11459
1989,33.1456,-24.78259,7.234611,14.81603
1990,33.16235,-4.20254,8.90049,11.5959
1991,33.17892,-10.26342,16.58447,10.00225
1992,33.19565,-10.26342,16.58447,10.00225
1993,33.21231,-4.62745,39.32424,19.69449
1994,33.22906,-2.565319,37.67172,18.33711
1995,33.24564,3.041706,48.02392,22.16361
1996,33.26233,2.613235,41.42678,18.85146
1997,33.2789,1.890933,30.54961,13.64019
1998,33.29565,1.890933,30.54961,13.64019
1999,33.31232,1.774255,28.7346,12.63987
2000,33.32898,1.69218,27.93419,12.16869
2001,33.34567,1.966338,48.36685,14.14136
2002,33.3623,1.990996,33.71608,14.3187
2003,33.37897,1.73265,29.61451,12.46074
2004,33.39566,1.73265,29.61451,12.46074
2005,33.41232,2.625317,46.33442,18.88056
2006,33.42889,16.91125,48.7509,16.89975
2007,33.44559,2.732273,47.04028,18.50331
2008,33.46252,2.477849,46.83425,17.75988
2009,33.47894,2.347821,53.52032,16.83406
2010,33.4957,2.347821,53.52032,16.83406
2011,33.51233,1.278576,36.60894,9.16753
2012,33.5289,1.313384,25.82297,9.417104
2013,33.54562,0.3263079,22.62906,2.339663
2014,33.56232,0.375435,23.6925,2.69191
2015,33.57892,0.1273976,2.715833,0.9134547
2016,33.59567,0.1273976,2.715833,0.9134547
2017,33.61237,0.01617775,0.6517526,0.1159962
2018,33.62909,0.01823819,1.044574,0.1307698
2019,33.64557,1.400217,1.798309,0.2138366
2020,33.66235,25.04923,11.04631,0.3320122
2021,33.67886,14.93133,18.58429,1.091203
2022,33.69562,14.93133,18.58429,1.091203
2023,33.71228,13.92992,7.773987,0.7888682
2024,33.72891,5.107678,0.8069481,-0.5621182
2025,33.74557,9.828187,0.4882064,-1.229224
2026,33.76221,1.012853,0.002942931,-0.144032
2027,33.77905,0.2759368,1.288896e-05,-0.0396371
2028,33.79559,0.2759368,1.288896e-05,-0.0396371
2029,33.81226,0.002364198,0.0,-0.0003406383
2030,33.82892,1.035432e-05,0.0,-1.491871e-06
2031,33.8457,4.534811e-08,0.0,-6.533846e-09
2032,33.86221,5.109778,6.29383,1.518281
2033,33.87891,12.69611,6.377747,0.4276811
2034,33.89581,12.69611,6.377747,0.4276811
2035,33.91214,26.75636,5.160507,-2.173485
2036,33.92886,12.61532,0.02260113,-1.894437
2037,33.94559,7.458196,-0.210053,-1.10991
2038,33.96219,2.865338,-12.50428,-4.697925
2039,33.97885,0.8144606,-0.07537647,-0.1498899
2040,33.99554,0.8144606,-0.07537647,-0.1498899
2041,34.01224,0.1822281,-12.45978,1.194842
2042,34.02887,-3.085516,-13.77996,-2.153357
2043,34.04553,0.01319586,-10.28673,0.1961062
2044,34.06223,-0.7660093,-21.59527,-5.036864
2045,34.07904,-0.8295614,-28.02532,-5.455266
2046,34.09558,-0.8295614,-28.02532,-5.455266
2047,34.11212,7.918984,-16.52347,-0.05626603
2048,34.12881,24.96282,-5.263356,-3.393882
2049,34.14551,6.247624,-6.666988,-0.371956
2050,34.1626,-0.04415159,-14.21669,-0.4604604
2051,34.17883,-0.2963789,-21.38225,-1.903107
2052,34.19556,-0.2963789,-21.38225,-1.903107
2053,34.21231,-0.6636046,-25.109,-4.257843
2054,34.22888,-0.1624073,-12.01752,-1.042043
2055,34.24548,0.07463242,-6.199563,0.4788592
2056,34.26215,0.02531643,-2.073179,0.1624362
2057,34.27884,0.04482388,-3.707851,0.2876006
2058,34.29556,0.04482388,-3.707851,0.2876006
2059,34.31223,0.04195203,-3.506966,0.2691741
2060,34.32883,0.0004790795,-0.04004848,0.003073887
2061,34.34552,-0.1300143,-2.9335,-0.8342023
2062,34.36227,-0.03765272,-10.99147,-0.2415887
2063,34.37878,1.403112,-21.99357,-3.592434
2064,34.39545,1.403112,-21.99357,-3.592434
2065,34.41232,6.881576,-18.77274,-3.83965
2066,34.4288,-0.390349,-30.50446,-2.756865
2067,34.44543,-0.7486581,-28.97098,-4.741227
2068,34.46219,-13.76616,-23.16708,-2.779164
2069,34.47876,-9.73853,-8.322919,0.3915124
2070,34.49548,-9.73853,-8.322919,0.3915124
2071,34.51215,-0.01959093,-1.040136,0.07178399
2072,34.52878,-8.580109e-05,-0.004555413,0.0003143875
2073,34.54572,0.5194724,8.932796,3.315141
2074,34.56216,0.6288419,10.85381,4.013104
2075,34.5788,1.218412,21.18743,7.775586
2076,34.59579,1.218412,21.18743,7.775586
2077,34.61218,1.838444,32.6379,11.6472
2078,34.62872,1.529551,27.66139,9.734693
2079,34.64551,1.327253,16.9663,5.862263
2080,34.66235,0.1542195,3.646786,0.9676989
2081,34.67883,0.2271606,0.5171629,0.1471208
2082,34.69559,0.2271606,0.5171629,0.1471208
2083,34.7121,0.7712577,0.9767795,0.2251651
2084,34.72913,0.2671725,4.796838,1.658879
2085,34.74545,0.03819167,0.6974174,0.2409665
2086,34.76215,7.258755,6.345263,1.09189
2087,34.77878,0.03179068,0.02778992,0.004782076
2088,34.79544,0.03179068,0.02778992,0.004782076
2089,34.8121,14.67737,20.81477,4.947795
2090,34.82877,6.802792,30.7373,9.571213
2091,34.8454,27.18316,43.61118,10.50451
2092,34.86212,13.97348,33.09414,6.767036
2093,34.87885,1.682826,36.68618,9.923192
2094,34.89539,1.682826,36.68618,9.923192
2095,34.91251,0.6322556,17.09466,3.908672
2096,34.9288,0.9800154,24.27005,6.058579
2097,34.94537,0.4781224,24.77892,2.955814
2098,34.96222,0.3954996,21.9291,2.445029
2099,34.97873,-1.086119,10.86165,2.565877
2100,34.99545,-1.086119,10.86165,2.565877
2101,35.01202,-2.0974,14.12363,-0.3152764
2102,35.02872,-2.642351,0.0851379,0.4190297
2103,35.04538,-0.02192331,0.0007063803,0.003476646
2104,35.06207,-0.3160169,-6.733873,-1.973086
2105,35.07874,-0.7736942,-21.8297,-4.83349
2106,35.09543,-0.7736942,-21.8297,-4.83349
2107,35.11227,-0.755215,-32.8618,-4.718052
2108,35.12869,-13.93079,-34.44848,-1.027329
2109,35.14539,-19.90129,-24.76112,0.5886456
2110,35.16205,-15.20049,-18.17681,2.40897
2111,35.17868,-6.655001,-17.42655,0.6999856
2112,35.1955,-6.655001,-17.42655,0.6999856
2113,35.21207,-29.89712,-21.84803,-0.9708336
2114,35.22952,-20.17106,-25.6998,-2.062051
2115,35.24539,-7.657526,-35.08616,-2.809883
2116,35.26205,-13.98509,-15.73121,2.034405
2117,35.27872,-7.370131,-4.409637,1.32292
2118,35.29559,-7.370131,-4.409637,1.32292
2119,35.31207,-21.82595,-5.917685,3.213338
2120,35.3287,-21.51822,-27.95839,-0.9364359
2121,35.34543,-31.6456,-28.62196,0.8274685
2122,35.362,-7.02602,-19.96695,-3.112107
2123,35.37872,-20.21772,-32.07814,-2.50387
2124,35.39532,-20.21772,-32.07814,-2.50387
2125,35.41202,-1.523616,-10.89274,-2.759954
2126,35.42871,-7.210518,-0.04770622,1.013761
2127,35.44531,-2.102371,12.53117,4.61652
2128,35.46201,-9.538002,8.900271,4.408657
2129,35.47861,-30.27055,15.85411,8.252622
2130,35.49533,-30.27055,15.85411,8.252622
2131,35.51205,-19.91341,16.61572,6.13184
2132,35.52863,-19.88988,29.83923,4.992016
2133,35.54535,-26.38035,35.28488,9.711319
2134,35.56216,-33.60661,34.12722,7.65855
2135,35.57867,-16.35313,28.34686,7.644661
2136,35.59534,-16.35313,28.34686,7.644661
2137,35.61206,-13.04039,15.79701,3.158306
2138,35.62866,-2.673891,10.19825,1.299696
2139,35.64536,-0.1554779,12.66312,3.230306
2140,35.66205,-0.7437522,4.526381,0.5403531
2141,35.67865,0.0104243,1.743149,0.1567384
2142,35.6954,0.0104243,1.743149,0.1567384
2143,35.71194,-0.2985544,0.5158665,0.06090438
2144,35.72864,0.02279101,1.074087,0.1967135
2145,35.74527,0.2609293,23.99468,2.083465
2146,35.76218,0.3672356,14.15244,2.932208
2147,35.77863,0.2835844,11.50073,2.264292
2148,35.79535,0.2835844,11.50073,2.264292
2149,35.81195,-0.2944542,11.27229,1.927144
2150,35.82861,0.1590933,13.91207,1.32349
2151,35.84531,-0.3610357,23.26847,3.678533
2152,35.862,-14.59032,28.19193,5.633241
2153,35.87872,-0.1966457,8.557446,0.180272
2154,35.89532,-0.1966457,8.557446,0.180272
2155,35.91254,-0.1448816,18.95208,-1.168467
2156,35.92856,-0.1139225,23.38931,-0.9188091
2157,35.94531,0.1352613,38.42235,1.090912
2158,35.96201,-0.1600664,14.93447,-1.29097
2159,35.97855,0.279222,22.33269,2.251986
2160,35.99533,0.279222,22.33269,2.251986
2161,36.01196,-12.65102,39.46489,6.349934
2162,36.02859,-4.812503,18.53236,1.879186
2163,36.04535,-0.1303851,19.59321,-0.8793446
2164,36.06265,-0.7896357,17.97988,-1.758282
2165,36.07861,-0.2774581,20.68734,-2.159462
2166,36.09525,-0.2774581,20.68734,-2.159462
2167,36.11197,-2.116585,11.81495,-1.032215
2168,36.1286,-0.2000657,14.12201,-1.537521
2169,36.1452,-0.09841809,7.32277,-0.8040073
2170,36.16193,-0.006811364,0.5052549,-0.05568243
2171,36.17865,-0.3709925,-10.19873,-3.032979
2172,36.19525,-0.3709925,-10.19873,-3.032979
2173,36.21198,-0.8714731,-23.64106,-7.124564
2174,36.22858,-2.144819,-6.003718,-1.488646
2175,36.2453,-1.979988,-0.3889807,0.1622562
2176,36.26193,-0.9820806,-0.003227332,0.1182487
2177,36.27853,-0.3471613,-4.664158,0.5557263
2178,36.29529,-0.3471613,-4.664158,0.5557263
2179,36.31189,-1.421547,-35.51561,-10.95446
2180,36.32849,-2.652804,-40.66327,-12.85697
2181,36.34521,-0.9392897,-25.1191,-7.810413
2182,36.36188,0.02913925,-16.44924,0.2443891
2183,36.37854,-0.01990094,-0.6551061,-0.166673
2184,36.39523,-0.01990094,-0.6551061,-0.166673
2185,36.41205,-0.9227006,-2.380482e-05,0.1097786
2186,36.42859,-3.004828,-7.639964,-2.17081
2187,36.44522,-26.51478,-16.67764,-2.432257
2188,36.46216,-16.1038,-32.85255,-9.206511
2189,36.47861,-18.13079,-28.21766,-7.555344
2190,36.49515,-18.13079,-28.21766,-7.555344
2191,36.51187,-8.67746,-1.05728,0.6168951
2192,36.52863,-18.33267,-0.004630497,2.042167
2193,36.54526,-36.536,-2.027988e-05,3.981867
2194,36.56186,-49.12805,-7.026766,2.804721
2195,36.5784,-53.22601,-6.661543,3.250093
2196,36.5954,-53.22601,-6.661543,3.250093
2197,36.61185,-55.97646,-33.72068,-3.015186
2198,36.62857,-45.79326,-26.08323,-2.691717
2199,36.64511,-51.42183,-31.61435,-4.169077
2200,36.66171,-48.0466,-33.99242,-0.1374518
2201,36.67844,-40.02649,-18.03479,2.765984
2202,36.6951,-40.02649,-18.03479,2.765984
2203,36.71176,-50.48651,-38.44333,-2.611082
2204,36.72852,-54.18878,-44.14541,-8.333953
2205,36.74548,-53.60606,-38.38874,-9.602939
2206,36.76184,-33.09604,-16.09042,-1.489132
2207,36.7785,-25.1563,-6.13483,1.712066
2208,36.79507,-25.1563,-6.13483,1.712066
2209,36.8118,-0.05220197,7.707112,-0.4122283
2210,36.82846,0.4028626,0.238056,0.04313525
2211,36.84515,1.020255,0.001042598,-0.06902043
2212,36.86194,0.4187258,4.566195e-06,-0.02862493
2213,36.87839,1.423255,2.752524e-08,-0.09788913
2214,36.89548,1.423255,2.752524e-08,-0.09788913
2215,36.91193,26.38618,13.06738,3.080765
2216,36.9285,14.87104,19.35334,6.070849
2217,36.94513,10.55386,30.82387,4.819248
2218,36.96185,16.00326,32.50261,6.593898
2219,36.97849,8.423808,19.55944,3.84027
2220,36.99518,8.423808,19.55944,3.84027
2221,37.01187,2.080985,22.26971,2.160508
2222,37.02847,3.593758,15.38241,0.8193115
2223,37.04517,2.325084,22.52449,4.578732
2224,37.06183,1.670825,27.6407,2.246213
2225,37.07852,0.4276619,29.46266,5.418275
2226,37.09512,0.4276619,29.46266,5.418275
2227,37.11179,0.4836367,29.19989,5.734355
2228,37.129,0.2617196,14.63333,3.3743
2229,37.14523,0.005986959,1.615327,0.07725403
2230,37.16183,3.608967e-05,0.00973727,0.000465691
2231,37.1785,-0.1322701,-4.954074,-1.707597
2232,37.19507,-0.1322701,-4.954074,-1.707597
2233,37.21173,-0.5155494,-21.28904,-7.014904
2234,37.22852,-1.627607,-14.67677,-2.342059
2235,37.24524,-0.06203881,-9.408978,-0.5877239
2236,37.2619,-0.7232664,-16.56152,-0.4685867
2237,37.27856,-0.03219874,-14.73896,-0.343922
2238,37.29507,-0.03219874,-14.73896,-0.343922
2239,37.31171,-0.627539,-41.52896,-8.144979
2240,37.32843,-0.4895565,-36.39079,-6.388368
2241,37.345,-2.913368,-36.23403,-3.007787
2242,37.36172,0.04043739,-13.11329,0.6847655
2243,37.37836,0.01945583,-2.782218,0.2565422
2244,37.39511,0.01945583,-2.782218,0.2565422
2245,37.41165,5.162062e-07,-7.345232e-05,6.772681e-06
2246,37.4285,2.29297e-09,-3.20553e-07,3.008402e-08
2247,37.44522,-1.960216,-1.932309e-09,0.1485948
2248,37.46173,-0.0162637,0.0,0.001232875
2249,37.47839,0.3469358,16.9137,4.579134
2250,37.49509,0.3469358,16.9137,4.579134
2251,37.51175,0.3713253,15.23699,5.220576
2252,37.52841,-23.63585,20.0697,5.642839
2253,37.54517,-12.72565,31.1333,5.101855
2254,37.5618,-1.825382,19.00423,2.545153
2255,37.57843,-2.635166,29.01942,3.740032
2256,37.59503,-2.635166,29.01942,3.740032
2257,37.61179,-2.300044,42.05614,5.905648
2258,37.62845,-1.681452,34.79759,3.898525
2259,37.64517,0.1250213,24.22386,1.864222
2260,37.66245,-10.25718,16.92915,1.142316
2261,37.67844,-10.75565,26.26545,3.75075
2262,37.69522,-10.75565,26.26545,3.75075
2263,37.71182,-15.8072,13.06553,0.4893677
2264,37.72839,-4.270267,9.802823,1.642054
2265,37.74506,-30.1699,11.81492,3.280284
2266,37.7619,-5.877048,7.457578,0.1725673
2267,37.77838,-4.280759,15.06208,-1.482463
2268,37.79504,-4.280759,15.06208,-1.482463
2269,37.8118,-28.10576,0.1594393,1.669977
2270,37.82834,-37.24892,0.0009611075,2.177332
2271,37.84509,-12.46196,-2.474811,-0.1269917
2272,37.86172,-21.10962,-6.313869,-0.9641588
2273,37.87833,-18.72318,-22.56912,-6.69168
2274,37.89502,-18.72318,-22.56912,-6.69168
2275,37.91174,-13.71365,-32.08446,-10.42417
2276,37.92834,-0.5546033,-25.61234,-9.01246
2277,37.94504,-3.890031,-13.4952,-4.549652
2278,37.96164,-1.407806,-2.068678,-0.3326388
2279,37.97845,-2.875747,-1.670814,-0.2593121
2280,37.99506,-2.875747,-1.670814,-0.2593121
2281,38.0116,-22.68566,-26.44129,-6.620842
2282,38.02832,-20.51819,-35.58916,-11.94738
2283,38.04498,-11.21444,-50.60416,-18.33985
2284,38.06177,-24.30718,-35.67725,-12.54173
2285,38.07831,-24.30718,-35.67725,-12.54173
2286,38.09509,-18.56926,-6.805137,-1.821829
2287,38.11163,-33.40849,-0.8324609,1.09045
2288,38.12839,-37.15754,-1.774499,0.8181058
2289,38.14505,-20.14633,-7.573138,-1.820183
2290,38.16171,-18.93457,-9.987463,-3.230385
2291,38.17834,-18.25798,-16.10495,-5.739788
2292,38.19534,-18.25798,-16.10495,-5.739788
2293,38.21167,-1.418718,-0.06270042,0.05217406
2294,38.22836,0.03874501,3.316917,1.317022
2295,38.24503,0.03858501,2.856452,1.131207
2296,38.26157,0.004714092,0.3490845,0.1380791
2297,38.27826,0.004714092,0.3490845,0.1380791
2298,38.29498,-1.940406,0.02342415,0.06249302
2299,38.31155,-0.7766318,0.0001412019,0.02554421
2300,38.32843,-0.003401362,6.184123e-07,0.0001118743
2301,38.34518,-0.2045981,6.845773,2.707797
2302,38.36166,0.0186044,11.50058,0.6472248
2303,38.3782,0.0186044,11.50058,0.6472248
2304,38.39496,-13.03056,13.3857,5.458893
2305,38.41162,-24.94114,10.46635,3.527312
2306,38.42834,-14.44481,28.62982,6.539982
2307,38.44498,0.1536168,30.88838,9.89365
2308,38.4617,-4.885195,30.95842,6.537377
2309,38.4783,-4.885195,30.95842,6.537377
2310,38.49496,0.4302682,39.96291,14.14025
2311,38.51163,2.999673,50.27095,11.99417
2312,38.52832,25.17111,39.77549,13.49846
2313,38.54504,0.4806924,33.97199,11.90645
2314,38.56161,1.093301,35.26578,11.081
2315,38.57837,0.5360844,24.1309,7.865287
2316,38.59589,0.5360844,24.1309,7.865287
2317,38.61163,0.1085537,19.19011,1.497266
2318,38.6283,25.07212,11.26034,0.2033518
2319,38.64496,0.1511754,8.899641,0.00215996
2320,38.66159,24.04871,10.49522,-2.165774
2321,38.67831,24.04871,10.49522,-2.165774
2322,38.69492,-0.00271171,0.7586311,-0.09927006
2323,38.71161,-1.634631e-05,0.004573064,-0.0005984046
2324,38.72855,-7.159097e-08,2.002833e-05,-2.620796e-06
2325,38.7449,-7.333062e-10,1.66173e-07,-2.173977e-08
2326,38.76157,0.0,0.0,0.0
2327,38.77826,0.0,0.0,0.0
2328,38.79495,9.643156,-0.8959938,-0.6382572
2329,38.81152,17.80183,-3.654011,-1.245197
2330,38.82831,0.0779655,-0.01600323,-0.005453506
2331,38.845,1.452974,-2.379783,-0.8637834
2332,38.86151,0.02648297,-16.13556,0.4958052
2333,38.87839,-15.68531,-15.49429,-4.756028
2334,38.89493,-15.68531,-15.49429,-4.756028
2335,38.9115,-32.16608,-35.08981,-8.948468
2336,38.92825,-19.37475,-34.09283,-10.28316
2337,38.94485,-27.98145,-27.87936,-5.607128
2338,38.96155,-0.158826,-17.78338,-1.216939
2339,38.97821,-0.158826,-17.78338,-1.216939
2340,38.99487,-0.02817874,-20.79341,-0.9253926
2341,39.01147,-0.08392332,-17.16215,-2.757177
2342,39.02829,-0.130657,-37.67632,-4.292547
2343,39.04483,-9.699505,-24.94688,-3.219528
2344,39.06155,-0.1324858,-20.44128,-3.011903
2345,39.07822,-0.1324858,-20.44128,-3.011903
2346,39.09488,-0.03241551,-10.73835,-1.033964
2347,39.11151,0.02164175,-12.0912,0.7310358
2348,39.12827,-13.23328,-20.11265,-1.145185
2349,39.14481,-3.079269,-29.84186,-6.724683
2350,39.16147,-27.99438,-35.39853,-3.736836
2351,39.17819,-27.99438,-35.39853,-3.736836
2352,39.19482,-8.511973,-17.89286,-2.071202
2353,39.21152,-11.42124,-13.46136,-1.011261
2354,39.22818,-29.87806,-13.53383,-1.958952
2355,39.24484,-22.26391,-18.43758,-2.785267
2356,39.26175,-8.453112,-18.76363,-5.777925
2357,39.2782,-8.453112,-18.76363,-5.777925
2358,39.29477,-28.37928,-25.27855,-9.047334
2359,39.31152,-34.57335,-20.32173,-6.588115
2360,39.32813,-27.11992,-2.114381,0.2012947
2361,39.34482,-22.968,-6.891417,0.9196684
2362,39.36157,-25.74027,-0.03018188,0.2885352
2363,39.37811,-25.74027,-0.03018188,0.2885352
2364,39.39478,-13.66353,-7.968206e-07,0.1123712
2365,39.41177,-10.83281,-3.418977e-09,0.07572669
2366,39.42819,-0.5786528,0.0,0.003807117
2367,39.44482,-0.262214,6.42196,2.564541
2368,39.46155,0.0121805,6.361911,2.172213
2369,39.47809,0.0121805,6.361911,2.172213
2370,39.49478,0.02533906,11.32496,4.108112
2371,39.51163,-17.94018,10.30231,4.150071
2372,39.52811,-18.21291,6.061618,2.283055
2373,39.54486,-8.540454,10.65296,3.495439
2374,39.56158,-25.19509,0.04665604,0.07731614
2375,39.57816,-25.19509,0.04665604,0.07731614
2376,39.59485,-42.11335,0.001612023,-0.08675075
2377,39.61176,-40.23027,7.06007e-06,-0.181971
2378,39.62814,-51.53599,5.853787e-08,-0.3814547
2379,39.64478,-41.45866,0.0,-0.4432586
2380,39.6615,-38.65711,0.0,-0.5404911
2381,39.67816,-38.65711,0.0,-0.5404911
2382,39.69495,-31.66625,0.0,-0.6120691
2383,39.7114,-38.13563,0.0,-0.8155534
2384,39.72812,-37.36262,0.0,-0.8605063
2385,39.74481,-25.29519,0.0,-0.624208
2386,39.76138,-29.07719,0.0,-0.7773581
2387,39.77811,-29.07719,0.0,-0.7773581
2388,39.79474,-29.55437,-0.5449091,-0.8435507
2389,39.81146,-18.11519,-0.002386502,-0.5735152
2390,39.82816,-31.08286,-1.0452e-05,-1.061254
2391,39.84482,-49.94941,-0.2557373,-1.949447
2392,39.86139,-54.2676,-0.001541596,-2.188636
2393,39.87811,-54.2676,-0.001541596,-2.188636
2394,39.89523,-44.3443,-0.007578502,-2.119758
2395,39.91141,-36.46643,2.411701,-0.8865859
2396,39.92813,-11.88058,0.01453785,-0.6055058
2397,39.94498,-0.3472582,6.367043e-05,-0.017983
2398,39.96136,-0.002881165,5.282669e-07,-0.0001492031
2399,39.97812,-0.002881165,5.282669e-07,-0.0001492031
2400,39.9949,-7.60643e-08,0.0,-3.944502e-09
2401,40.01147,-9.496513,0.0,-0.4963807
2402,40.02814,-25.71752,0.0,-1.376063
2403,40.04471,-38.31169,0.0,-2.113138
2404,40.0614,-33.173,-0.463529,-2.093602
2405,40.07809,-33.173,-0.463529,-2.093602
2406,40.09497,-53.58018,-0.002044875,-3.464658
2407,40.11163,-32.9282,-1.23266e-05,-2.223943
2408,40.12811,-39.04186,-7.430535e-08,-2.733629
2409,40.14478,-25.68684,0.0,-1.841
2410,40.16141,-33.91689,0.0,-2.486935
2411,40.17804,-33.91689,0.0,-2.486935
2412,40.19482,-0.7971162,0.0,-0.05943675
2413,40.21161,-0.4044754,0.0,-0.03032685
2414,40.22809,-0.00335589,0.0,-0.0002516187
2415,40.2449,-6.928404,0.0,-0.5223445
2416,40.26135,-25.80272,0.0,-1.955983
2417,40.27811,-25.80272,0.0,-1.955983
2418,40.29477,-28.00444,0.0,-2.192388
2419,40.31131,-40.96965,-0.9314662,-3.692859
2420,40.328,-62.97097,-0.00407948,-5.348481
2421,40.34464,-47.6905,-1.786662e-05,-4.227236
2422,40.36136,-46.78939,-1.077008e-07,-4.283128
2423,40.37811,-46.78939,-1.077008e-07,-4.283128
2424,40.39484,-34.23839,0.0,-3.276224
2425,40.41132,-29.31232,0.0,-2.84135
2426,40.42804,-13.92931,0.0,-1.361783
2427,40.44479,-25.83364,0.0,-2.547046
2428,40.46136,-11.57165,0.0,-1.150507
2429,40.47818,-11.57165,0.0,-1.150507
2430,40.49466,-33.89989,0.0,-3.469054
2431,40.51141,-13.11234,0.0,-1.358163
2432,40.52856,-16.83521,0.0,-1.771767
2433,40.54468,-31.31476,-13.29472,-8.607946
2434,40.56137,-32.85069,-15.06071,-9.561932
2435,40.57816,-32.85069,-15.06071,-9.561932
2436,40.59464,-6.351016,-7.34989,-3.645423
2437,40.61127,-25.97833,-2.445008,-3.907018
2438,40.62875,-16.17854,-0.01070824,-1.841588
2439,40.64471,-26.43955,-6.040331,-5.445166
2440,40.66141,-13.75956,-0.0364114,-1.600113
2441,40.67798,-13.75956,-0.0364114,-1.600113
2442,40.69464,-2.014836,-0.003138587,-0.2343664
2443,40.71149,-2.5195,-1.891955e-05,-0.2945212
2444,40.72806,-2.525902,-8.283529e-08,-0.2963244
2445,40.74472,-2.586236,0.0,-0.3044806
2446,40.76141,-18.70064,0.9191061,-1.849187
2447,40.77795,-18.70064,0.9191061,-1.849187
2448,40.79459,-10.94395,8.70835e-05,-1.311227
2449,40.81134,-2.591416,3.813937e-07,-0.3115743
2450,40.82834,-17.98126,1.670364e-09,-2.169447
2451,40.8447,-0.2570356,2.900385,0.8758085
2452,40.86139,-0.08919653,11.48283,0.7317334
2453,40.87799,-0.08919653,11.48283,0.7317334
2454,40.89468,-0.3565013,15.33364,3.150014
2455,40.91132,6.398605,33.68337,4.919613
2456,40.92792,-0.9697754,46.37368,8.760212
2457,40.94461,2.973374,58.45985,10.18354
2458,40.96136,8.655068,66.66044,12.84146
2459,40.97787,8.655068,66.66044,12.84146
2460,40.99466,-0.4563932,56.44678,7.17878
2461,41.01151,-0.5074478,39.88609,4.345372
2462,41.02798,-29.00084,37.53614,0.6214262
2463,41.04477,-47.05042,25.61625,-5.536345
2464,41.06119,-52.94384,15.60099,-5.125597
2465,41.07797,-52.94384,15.60099,-5.125597
2466,41.09457,-68.9994,6.880084,-9.137482
2467,41.11127,-60.14457,5.075756,-7.025988
2468,41.12799,-43.18695,12.91515,-1.44313
2469,41.14459,-45.20893,17.15118,-0.3956649
2470,41.16223,-36.53562,10.83886,-1.727228
2471,41.17798,-36.53562,10.83886,-1.727228
2472,41.19467,-24.00778,0.9909873,-3.663895
2473,41.21133,-29.44063,0.005973718,-4.391068
2474,41.22794,-25.4597,3.600986e-05,-3.860852
2475,41.2446,-56.21007,2.160389e-07,-8.713257
2476,41.26135,-64.06023,0.0,-10.17304
2477,41.27802,-64.06023,0.0,-10.17304
2478,41.29471,-54.78877,-15.42042,-9.173841
2479,41.31152,-68.45686,-17.63174,-14.64453
2480,41.32791,-35.90041,-23.39774,-7.502409
2481,41.34467,-37.17849,-27.03912,-9.04999
2482,41.36127,-34.43699,-26.47254,-8.632354
2483,41.37796,-34.43699,-26.47254,-8.632354
2484,41.39453,-41.73423,-40.8586,-13.83672
2485,41.41122,-36.59034,-41.82985,-14.1269
2486,41.42807,-45.85391,-29.28649,-13.18354
2487,41.44452,-49.09998,-17.71302,-9.734111
2488,41.46136,-22.14416,-17.70219,-4.796738
2489,41.478,-22.14416,-17.70219,-4.796738
2490,41.49457,-0.2736537,-1.946257,0.1767665
2491,41.51123,32.94413,-0.008523892,6.448379
2492,41.52789,47.59759,-5.138242e-05,9.193276
2493,41.54456,50.6407,0.1926295,9.680355
2494,41.56131,59.27991,5.110929,10.4829
2495,41.57788,59.27991,5.110929,10.4829
2496,41.59457,61.59087,4.321099,11.55366
2497,41.61136,51.6313,16.24122,14.90798
2498,41.62787,34.52966,13.98165,10.53193
2499,41.64456,44.49179,18.75984,14.23747
2500,41.66119,50.42411,24.9983,17.26377
2501,41.67773,50.42411,24.9983,17.26377
2502,41.69525,71.80599,32.20774,22.47674
2503,41.71127,73.88608,48.45111,21.75386
2504,41.72784,91.32448,57.53502,27.35725
2505,41.74469,83.42157,59.62019,23.42929
2506,41.76126,72.64811,60.86714,24.88804
2507,41.7778,72.64811,60.86714,24.88804
2508,41.79465,54.99901,59.71432,19.15864
2509,41.81122,34.40152,61.75322,14.41723
2510,41.82779,23.97005,41.06038,10.66855
2511,41.84464,30.39734,37.52903,12.04597
2512,41.86124,44.95279,48.88578,16.84988
2513,41.87787,44.95279,48.88578,16.84988
2514,41.89459,29.99913,21.8164,9.403511
2515,41.91116,23.34405,10.45014,5.335715
2516,41.92783,26.49631,14.91057,1.689039
2517,41.94452,-0.09753258,7.320373,1.982283
2518,41.96121,6.581011,15.45303,4.943922
2519,41.97781,6.581011,15.45303,4.943922
2520,41.99463,32.99771,21.13573,9.138201
2521,42.01132,26.42692,22.1798,8.607185
2522,42.02786,22.59018,27.9902,9.053321
2523,42.04456,28.98923,34.82265,8.032626
2524,42.06128,3.490029,25.51783,3.333819
2525,42.0784,0.1702919,12.79616,-1.382101
2526,42.09454,0.1702919,12.79616,-1.382101
2527,42.11127,-20.01784,0.2675779,-2.077913
2528,42.12775,-1.724142,10.44504,1.917152
2529,42.14459,-0.004810795,27.83403,-0.01837924
2530,42.16107,0.1024069,38.98969,-1.001272
2531,42.1778,0.1024069,38.98969,-1.001272
2532,42.19443,0.6934042,54.76283,-6.776005
2533,42.21103,0.6783161,68.57094,-6.628563
2534,42.22821,0.6663631,55.27227,-6.511757
2535,42.24454,15.25046,48.30395,-4.670056
2536,42.26105,0.9092861,59.54074,-6.064659
2537,42.2778,0.9092861,59.54074,-6.064659
2538,42.29453,0.6351199,31.78306,-6.232679
2539,42.31113,0.7956194,12.30727,-7.838402
2540,42.32782,-6.579343,-7.91637,-4.916401
2541,42.34445,-31.51535,-20.82509,-8.400649
2542,42.36102,-36.73767,-28.02293,-10.88553
2543,42.37781,-36.73767,-28.02293,-10.88553
2544,42.3945,-22.51712,-48.26701,-9.097019
2545,42.41116,-14.49797,-63.34536,-13.27043
2546,42.4278,-22.68183,-76.97713,-13.90693
2547,42.44449,-22.89626,-104.1051,-15.94555
2548,42.46109,-24.17812,-110.3211,-20.97503
2549,42.47775,-24.17812,-110.3211,-20.97503
2550,42.49448,1.500971,-136.7637,-19.47013
2551,42.51108,10.96428,-124.3372,-12.74181
2552,42.52774,1.13657,-100.5758,-9.401387
2553,42.54434,1.30772,-115.0277,-11.22398
2554,42.5611,16.11287,-88.79698,-9.081885
2555,42.57776,16.11287,-88.79698,-9.081885
2556,42.59451,14.10112,-61.91366,-7.4214
2557,42.61111,1.222494,-69.9462,-9.621459
2558,42.62781,14.92505,-41.39582,-5.709931
2559,42.64447,24.68366,-36.04915,-3.110538
2560,42.66132,39.07459,-27.90803,-0.6100269
2561,42.67795,39.07459,-27.90803,-0.6100269
2562,42.69443,47.58469,-24.15665,-3.806536
2563,42.71109,27.7241,-21.33934,-5.481246
2564,42.72778,40.45153,-11.91576,-0.5782106
2565,42.74438,38.94842,-7.665542,0.8381431
2566,42.76151,45.89597,-4.529208,2.65005
2567,42.77774,45.89597,-4.529208,2.65005
2568,42.7944,13.45503,-9.471807,-2.542387
2569,42.81107,8.685359,-17.61209,-4.413503
2570,42.82776,28.22503,-15.62426,-3.763398
2571,42.84439,11.97389,-11.65534,-3.460705
2572,42.86105,31.76921,-11.56774,-1.380645
2573,42.87781,31.76921,-11.56774,-1.380645
2574,42.89435,46.10785,-6.997923,1.064704
2575,42.91122,50.31895,-13.98115,-0.9320145
2576,42.92764,48.09909,-9.997612,1.584608
2577,42.94434,24.19788,-2.03895,1.719068
2578,42.96112,4.235871,-3.110385,-0.6529688
2579,42.97775,4.235871,-3.110385,-0.6529688
2580,42.99432,0.4226158,-13.1406,-5.347404
2581,43.01108,-3.351009,-22.36144,-2.529027
2582,43.02774,-12.12334,-17.84356,-7.325901
2583,43.04443,-9.229117,-13.7862,-4.478598
2584,43.06137,0.1128168,-14.65917,-2.030008
2585,43.07764,0.1128168,-14.65917,-2.030008
2586,43.09433,0.3627415,-29.18961,-4.759236
2587,43.11105,25.17992,-33.34585,-1.731587
2588,43.12772,5.369257,-24.91141,-2.41354
2589,43.14435,3.101799,-23.92715,0.008904013
2590,43.16101,4.556387,-28.15882,-0.685774
2591,43.1777,4.556387,-28.15882,-0.685774
2592,43.1944,0.1402696,-23.5661,-1.911379
2593,43.21109,0.147897,-26.97542,-2.017015
2594,43.22766,-10.03767,-35.80073,-6.450355
2595,43.24442,-22.28333,-46.22369,-11.31479
2596,43.26099,-20.73655,-40.90026,-12.54282
2597,43.27768,-20.73655,-40.90026,-12.54282
2598,43.2944,-23.77801,-19.52498,-3.876168
2599,43.31104,-24.29044,-17.37679,-6.737384
2600,43.32764,-5.808574,-0.4484342,-0.4636814
2601,43.34439,-5.64671,-0.003720612,-0.4699844
2602,43.36096,-0.03403864,-2.242802e-05,-0.002833088
2603,43.37762,-0.03403864,-2.242802e-05,-0.002833088
2604,43.39459,0.01774803,-0.4744356,-0.2132538
2605,43.41098,0.08872646,-2.365852,-1.065736
2606,43.4277,0.3768273,-16.72873,-4.526251
2607,43.44479,0.5690634,-35.35031,-6.83529
2608,43.46091,-18.03267,-46.7122,-8.806081
2609,43.47769,-18.03267,-46.7122,-8.806081
2610,43.49432,-23.79797,-59.44604,-12.63002
2611,43.51102,0.6338031,-63.58148,-9.845933
2612,43.52765,0.375262,-41.60114,-4.418118
2613,43.54434,-0.01245526,-17.81665,0.1458546
2614,43.56091,25.53376,-11.57438,2.872506
2615,43.57758,25.53376,-11.57438,2.872506
2616,43.59427,28.85612,-0.1127341,2.385538
2617,43.61105,6.373818,-0.0004937341,0.5201201
2618,43.62759,24.56718,-2.976253e-06,1.963955
2619,43.64429,35.99456,0.1270312,2.86358
2620,43.66095,34.43341,0.0007657502,2.59636
2621,43.67761,34.43341,0.0007657502,2.59636
2622,43.69434,21.16528,3.829829e-08,1.516936
2623,43.711,5.580787,0.0,0.3953674
2624,43.72754,0.05005962,-0.4883994,-0.2294133
2625,43.74432,0.05565216,-1.958781,-0.7834653
2626,43.76093,0.000243736,-0.00857874,-0.00343129
2627,43.77765,0.000243736,-0.00857874,-0.00343129
2628,43.79434,-0.4420916,14.78849,6.240321
2629,43.81097,18.03925,37.77889,14.07498
2630,43.82779,5.864079,41.07167,11.81915
2631,43.84427,16.49719,24.67483,6.505646
2632,43.86096,25.77679,33.13195,8.642234
2633,43.87772,25.77679,33.13195,8.642234
2634,43.89423,1.953311,0.2292747,0.1196832
2635,43.91098,0.01620642,0.001902268,0.0009929992
2636,43.92746,-1.136138,-23.67654,-4.025588
2637,43.94427,-10.21929,-23.37406,-10.07445
2638,43.96091,-4.762846,-46.37726,-14.11527
2639,43.97821,-4.762846,-46.37726,-14.11527
2640,43.99417,-0.8445107,-30.35743,-2.889644
2641,44.01089,0.3356846,-23.79553,-4.942487
2642,44.02762,0.3360083,-24.92896,-4.856605
2643,44.0444,0.2759992,-21.83342,-3.988918
2644,44.06091,0.4521191,-35.81855,-6.534314
2645,44.07758,0.4521191,-35.81855,-6.534314
2646,44.09424,-2.121259,-31.0179,-6.757799
2647,44.11093,-1.429454,-23.36342,-6.851074
2648,44.12772,0.2058129,-14.92169,-3.058821
2649,44.14432,-3.50819,-3.767897,-1.807142
2650,44.16086,-0.02114753,-0.02271306,-0.01089354
2651,44.17755,-0.02114753,-0.02271306,-0.01089354
2652,44.1944,-0.5777898,19.3974,8.418543
2653,44.21082,-0.684403,22.2832,9.775691
2654,44.22754,-0.5933706,34.30296,8.474565
2655,44.24429,-0.9419394,43.97128,13.45284
2656,44.26089,-1.156977,57.56709,16.62211
2657,44.27756,-1.156977,57.56709,16.62211
2658,44.29419,14.52131,72.50356,26.45513
2659,44.31085,26.65515,74.63802,25.75756
2660,44.32758,9.73667,82.43554,20.95921
2661,44.34433,8.137004,100.2509,22.54788
2662,44.36084,0.8017009,89.79169,18.13218
2663,44.37756,0.8017009,89.79169,18.13218
2664,44.3942,-1.471461,104.2625,27.25998
2665,44.41086,-1.892438,101.0167,29.16028
2666,44.42752,-1.651667,91.54123,31.48875
2667,44.44424,-1.272407,104.1874,35.78326
2668,44.46085,11.7634,101.0581,30.74181
2669,44.47754,11.7634,101.0581,30.74181
2670,44.49457,16.79728,45.37243,9.414335
2671,44.51126,18.02761,42.40966,7.993809
2672,44.52753,2.695446,34.61237,4.311332
2673,44.54416,18.64107,19.1323,1.29005
2674,44.56088,3.963526,18.78693,-0.6159981
2675,44.57761,3.963526,18.78693,-0.6159981
2676,44.59418,0.003666457,6.699817,0.9168763
2677,44.61139,-0.03954386,14.37633,4.075857
2678,44.62762,14.98052,17.58304,2.670705
2679,44.64426,18.51723,29.74519,4.715227
2680,44.66089,5.124369,20.85447,2.582356
2681,44.67752,5.124369,20.85447,2.582356
2682,44.69415,24.85047,25.31804,7.377633
2683,44.71082,4.97011,33.05802,5.331392
2684,44.72748,9.055401,36.30692,5.80205
2685,44.74442,15.57938,41.89921,6.336709
2686,44.76083,-0.09343636,44.52942,7.37468
2687,44.77737,-0.09343636,44.52942,7.37468
2688,44.79434,-0.2676425,48.26383,5.025396
2689,44.811,0.7163954,65.95945,6.637462
2690,44.82742,24.88306,62.81886,7.398824
2691,44.84415,24.77527,58.91351,4.352424
2692,44.86078,17.33223,52.83184,3.071765
2693,44.87753,17.33223,52.83184,3.071765
2694,44.89447,27.6114,36.95361,2.367595
2695,44.91077,43.1761,43.74562,0.3007886
2696,44.92746,51.7923,36.5756,-2.348445
2697,44.94418,57.3438,37.14825,-2.593654
2698,44.96072,81.80577,30.92602,-1.896833
2699,44.97754,81.80577,30.92602,-1.896833
2700,44.99429,105.2976,12.26636,0.5117961
2701,45.01077,103.5659,3.153073,1.35732
2702,45.02747,88.91182,7.423275,-0.1256554
2703,45.04416,104.0808,0.07594839,0.5866701
2704,45.06079,115.6094,0.0004578205,-0.09515229
2705,45.07745,115.6094,0.0004578205,-0.09515229
2706,45.09412,91.94234,-1.827294,-1.728088
2707,45.11069,85.96519,-0.01101501,-1.629134
2708,45.12863,102.6829,-6.639901e-05,-2.618416
2709,45.1441,79.77711,-0.1995049,-2.513656
2710,45.16074,74.04446,-0.001202625,-2.650337
2711,45.1774,74.04446,-0.001202625,-2.650337
2712,45.19418,115.5504,-1.71395,-5.710739
2713,45.21075,143.1507,-3.731056,-8.57818
2714,45.22745,128.5496,-4.094655,-9.182633
2715,45.24405,107.0746,-17.21319,-10.9879
2716,45.26068,85.90289,-20.47818,-10.87075
2717,45.27744,85.90289,-20.47818,-10.87075
2718,45.29401,74.3124,-19.12048,-10.90776
2719,45.31085,102.3008,-27.22068,-14.09166
2720,45.32733,107.1482,-27.38069,-14.58178
2721,45.34409,102.0124,-40.28131,-13.3452
2722,45.36072,75.5434,-54.07734,-13.08529
2723,45.37735,75.5434,-54.07734,-13.08529
2724,45.39417,57.43406,-61.9591,-12.16401
2725,45.41071,69.89409,-62.35376,-10.11754
2726,45.42737,84.64171,-56.85798,-11.19414
2727,45.444,66.22372,-43.4385,-5.012512
2728,45.46078,85.87041,-44.30529,-9.011255
2729,45.47729,85.87041,-44.30529,-9.011255
2730,45.49417,66.63108,-38.52979,-8.56254
2731,45.5112,89.61289,-42.17839,-14.57422
2732,45.52734,69.87793,-32.7318,-9.905867
2733,45.54404,55.17909,-23.02637,-7.313554
2734,45.56073,63.77648,-23.28815,-9.471123
2735,45.57733,63.77648,-23.28815,-9.471123
2736,45.59406,53.67625,-16.19372,-7.863493
2737,45.61066,51.68264,-7.215331,-8.596189
2738,45.62738,38.24759,-2.648167,-6.730968
2739,45.64404,26.30639,-0.011598,-4.866927
2740,45.66071,34.6423,-5.079496e-05,-6.484366
2741,45.67734,34.6423,-5.079496e-05,-6.484366
2742,45.694,-12.92011,-0.001587646,2.424053
2743,45.71069,-37.53304,-6.953307e-06,6.97755
2744,45.72729,-52.66753,-4.191486e-08,9.634361
2745,45.74399,-56.07666,0.0,9.996068
2746,45.76065,-69.27264,0.0,12.02532
2747,45.77728,-69.27264,0.0,12.02532
2748,45.79404,-74.6116,0.0,12.16339
2749,45.81073,-91.74323,-6.452849,12.37172
2750,45.82733,-103.368,-0.02826111,15.53592
2751,45.84393,-110.3347,-9.002192,12.94833
2752,45.86069,-106.7231,-17.68509,8.977661
2753,45.87738,-106.7231,-17.68509,8.977661
2754,45.89432,-87.78914,-25.72487,2.52222
2755,45.91068,-69.51546,-48.77244,-3.862746
2756,45.92773,-58.49294,-59.77158,-9.341437
2757,45.94397,-48.50774,-74.94295,-15.01243
2758,45.96069,-30.46565,-94.4252,-18.64962
2759,45.97733,-30.46565,-94.4252,-18.64962
2760,45.99402,-3.100717,-104.6745,-17.88892
2761,46.01059,1.934531,-107.6172,-16.2083
2762,46.02725,35.03609,-102.4251,-19.29036
2763,46.04422,38.40168,-87.52718,-16.57535
2764,46.06085,42.87862,-90.56153,-21.88246
2765,46.07736,42.87862,-90.56153,-21.88246
2766,46.0939,19.1523,-72.60871,-19.40346
2767,46.11057,29.75079,-49.48804,-18.21738
2768,46.12729,37.0921,-44.54457,-21.98673
2769,46.14395,42.83279,-35.15369,-20.85028
2770,46.16058,52.8055,-19.63787,-15.02558
2771,46.17722,52.8055,-19.63787,-15.02558
2772,46.19391,87.07465,-1.914582,-12.58774
2773,46.21054,90.99922,-0.1090666,-13.03294
2774,46.2272,89.43192,-0.2860741,-13.24816
2775,46.24387,76.12057,-0.001252899,-11.67139
2776,46.26053,62.28905,-5.486546e-06,-9.839256
2777,46.27719,62.28905,-5.486546e-06,-9.839256
2778,46.29391,61.7575,6.856464,-7.163171
2779,46.31058,52.62894,22.34187,1.085925
2780,46.32724,33.39595,25.99571,5.306659
2781,46.3439,25.14445,33.95108,6.005578
2782,46.36072,14.91357,33.3406,9.460642
2783,46.3772,14.91357,33.3406,9.460642
2784,46.39395,14.89794,20.69378,6.021164
2785,46.41068,1.234608,16.14332,6.601816
2786,46.42722,7.352852,7.476385,1.760295
2787,46.444,0.8151625,10.4115,4.24522
2788,46.46051,0.004913838,0.06276103,0.02559039
2789,46.47723,0.004913838,0.06276103,0.02559039
2790,46.49393,-25.31428,-12.02144,-0.4757214
2791,46.51056,-0.7700562,-16.57562,-3.708959
2792,46.52725,-0.9723172,-26.31666,-5.462434
2793,46.54398,-1.57348,-41.74973,-8.848034
2794,46.56058,-3.686869,-53.39985,-13.02223
2795,46.57758,-3.686869,-53.39985,-13.02223
2796,46.5939,-3.050771,-56.80555,-12.90586
2797,46.61057,-5.039112,-66.84544,-17.78518
2798,46.6272,-1.951411,-46.54115,-10.96318
2799,46.64392,-1.903685,-46.6019,-10.78166
2800,46.66064,-1.672274,-37.05997,-9.471384
2801,46.68542,-1.62411,-28.99918,-9.198597
2802,46.69394,-1.62411,-28.99918,-9.198597
2803,46.71054,1.354249,-25.86369,-12.14985
2804,46.7272,26.98485,-13.76006,-11.40288
2805,46.7439,16.0006,-0.6665884,-3.192786
2806,46.76053,20.68885,6.716012,-0.5172217
2807,46.77716,20.68885,6.716012,-0.5172217
2808,46.79388,5.004574,23.06895,7.289558
2809,46.81055,21.33839,26.22052,4.289195
2810,46.82715,18.49663,40.2884,5.597102
2811,46.84393,40.85888,31.34988,-2.201297
2812,46.8605,40.19234,47.68577,6.61017
2813,46.87714,40.19234,47.68577,6.61017
2814,46.89389,56.89306,35.40535,3.559076
2815,46.91058,57.64106,38.37556,2.842093
2816,46.92712,59.23873,25.61557,-1.012885
2817,46.94403,56.25384,21.74285,-2.472147
2818,46.96112,56.39499,21.21449,-4.618501
2819,46.9772,56.39499,21.21449,-4.618501
2820,46.99384,44.34456,12.54267,-4.504953
2821,47.01056,49.86946,17.6181,-3.77658
2822,47.02719,44.3722,23.25016,-0.3396164
2823,47.04388,46.64717,21.87201,-1.733609
2824,47.06052,27.91796,20.57051,2.026689
2825,47.07718,27.91796,20.57051,2.026689
2826,47.09378,19.55307,18.15672,2.772132
2827,47.1105,5.60693,13.6463,4.216767
2828,47.12714,0.504151,5.272156,2.019751
2829,47.14398,-6.752647,0.2206333,1.704742
2830,47.16055,-21.67802,0.1375205,5.21294
2831,47.17722,-21.67802,0.1375205,5.21294
2832,47.19382,-28.09827,6.87796e-06,6.58707
2833,47.21042,-57.58081,1.081068e-07,13.29898
2834,47.22717,-61.61707,0.0,14.01785
2835,47.24374,-52.77689,-2.418452,10.82416
2836,47.26062,-46.79516,-12.43657,5.234955
2837,47.27716,-46.79516,-12.43657,5.234955
2838,47.29382,-50.42096,-0.0003283332,10.62319
2839,47.31049,-52.86766,-1.979208e-06,10.93464
2840,47.32724,-36.07035,-1.193076e-08,7.352246
2841,47.34402,-43.88402,0.0,8.832201
2842,47.36047,-28.57908,0.0,5.690779
2843,47.37723,-28.57908,0.0,5.690779
2844,47.39377,-47.39399,0.0,9.153945
2845,47.41046,-52.03352,0.4844125,10.04487
2846,47.42709,-31.62449,4.588172,7.74453
2847,47.44385,-26.96168,6.827094,7.705946
2848,47.46054,-25.46185,15.2875,10.67273
2849,47.47705,-25.46185,15.2875,10.67273
2850,47.49417,18.64705,11.98766,1.27674
2851,47.51056,5.97254,12.85973,3.909364
2852,47.52713,3.718757,13.12721,4.395161
2853,47.54373,1.684945,12.97802,4.682652
2854,47.56091,0.6780123,9.789338,3.618937
2855,47.57712,0.6780123,9.789338,3.618937
2856,47.59375,1.020773,15.08689,5.503445
2857,47.61057,0.3830013,5.681999,2.064933
2858,47.62717,0.7472149,11.12708,4.028572
2859,47.64383,13.26025,3.859787,-1.023143
2860,47.66046,6.909404,1.32387,-0.7940442
2861,47.67712,6.909404,1.32387,-0.7940442
2862,47.69376,1.010395,12.94658,4.594066
2863,47.71045,1.096453,16.53847,5.866151
2864,47.72714,2.093623,23.69557,8.229281
2865,47.74374,0.7348827,11.22083,3.908233
2866,47.76044,2.143301,23.65419,3.231867
2867,47.77707,2.143301,23.65419,3.231867
2868,47.79388,0.363017,10.88247,1.934695
2869,47.81039,0.9512302,23.47902,5.070349
2870,47.82718,0.8716907,24.13259,4.646381
2871,47.84384,0.3572656,11.01431,1.904336
2872,47.86032,-4.607337,4.24718,1.743039
2873,47.87717,-4.607337,4.24718,1.743039
2874,47.89374,0.2793164,10.26633,1.492924
2875,47.9104,0.1812674,22.96893,4.010515
2876,47.92725,-0.6516465,8.081499,2.178921
2877,47.94379,-0.005406643,0.06705136,0.01807828
2878,47.96039,-0.2753353,0.0002936603,0.05126074
2879,47.97711,-0.2753353,0.0002936603,0.05126074
2880,47.99374,-14.20943,2.782374e-08,2.635549
2881,48.01038,-7.034839,0.0,1.301822
2882,48.02713,-9.486354,0.0,1.743383
2883,48.04367,-35.67638,0.0,6.480732
2884,48.06033,-32.56756,-0.1059589,5.838228
2885,48.07709,-32.56756,-0.1059589,5.838228
2886,48.09366,-59.91965,-0.2019816,10.23037
2887,48.11047,-70.51802,-0.001675821,11.82315
2888,48.12732,-65.16773,-7.339339e-06,10.62382
2889,48.14377,-59.12404,-6.089373e-08,9.364227
2890,48.16058,-69.10136,0.0,10.65338
2891,48.17706,-69.10136,0.0,10.65338
2892,48.1937,-45.90797,0.0,6.710887
2893,48.21045,-53.23595,0.0,7.580984
2894,48.22693,-32.51611,0.0,4.534953
2895,48.24371,-15.24393,0.0,2.094097
2896,48.26062,-29.12698,0.0,3.952446
2897,48.27701,-29.12698,0.0,3.952446
2898,48.29395,-25.24463,0.0,3.393913
2899,48.31036,-14.61039,-0.1426757,1.964996
2900,48.327,-14.63134,-0.000624867,1.954832
2901,48.34366,-15.42372,-4.459981,1.918361
2902,48.36032,-14.67764,-0.02688498,1.947884
2903,48.37714,-14.67764,-0.02688498,1.947884
2904,48.39365,-21.9723,-3.323858,1.726104
2905,48.41028,-29.18124,-0.02003637,3.769754
2906,48.42694,-25.68735,-0.3916452,3.30003
2907,48.44363,-32.0506,-0.3739144,3.913212
2908,48.46036,-25.53894,-0.002253974,3.176448
2909,48.47702,-25.53894,-0.002253974,3.176448
2910,48.49362,-16.35508,-1.11751e-07,1.986894
2911,48.51038,-31.56852,0.0,3.782418
2912,48.52686,-6.387297,0.0,0.7599735
2913,48.54364,-27.21083,0.0,3.203562
2914,48.56036,-19.84611,0.0,2.319959
2915,48.57697,-19.84611,0.0,2.319959
2916,48.5936,-22.76334,0.0,2.613546
2917,48.61029,-20.80248,0.0,2.353752
2918,48.62698,-41.37901,0.0,4.57857
2919,48.64407,-50.86608,0.0,5.458994
2920,48.66028,-58.12993,0.0,6.021039
2921,48.677,-58.12993,0.0,6.021039
2922,48.69366,-56.36469,0.0,5.440241
2923,48.71024,-28.7331,0.0,2.701744
2924,48.72705,-17.38092,0.0,1.598266
2925,48.74368,-18.25476,0.0,1.648346
2926,48.76038,-9.307878,0.0,0.8288968
2927,48.77692,-9.307878,0.0,0.8288968
2928,48.79361,-6.780203,0.0,0.5869421
2929,48.81024,-18.39109,0.0,1.561591
2930,48.82697,-19.18034,0.0,1.596835
2931,48.84357,-25.35598,0.0,2.068991
2932,48.86029,-37.72968,0.0,3.016195
2933,48.87695,-37.72968,0.0,3.016195
2934,48.8938,-30.77054,0.0,2.358022
2935,48.91031,-16.35573,0.0,1.226324
2936,48.92715,-37.53453,0.0,2.73668
2937,48.9436,-36.63066,-8.798409,-0.4261455
2938,48.9603,-37.03371,-0.1004752,2.512622
2939,48.97693,-37.03371,-0.1004752,2.512622
2940,48.99368,-29.40356,-3.651001e-06,1.900882
2941,49.01028,-42.9341,-4.169333e-08,2.686977
2942,49.02695,-28.80223,0.0,1.74311
2943,49.04352,-39.86838,0.0,2.330574
2944,49.06046,-27.63859,0.0,1.558648
2945,49.07697,-27.63859,0.0,1.558648
2946,49.09363,-28.02235,0.0,1.476277
2947,49.11035,-19.77932,0.0,1.009396
2948,49.12686,-37.79944,0.0,1.851105
2949,49.14355,-19.77319,0.0,0.9357298
2950,49.16025,-30.22003,0.0,1.367842
2951,49.17685,-30.22003,0.0,1.367842
2952,49.1936,-39.4815,-4.756114,-0.01040807
2953,49.21042,-33.3255,-0.02867008,1.292633
2954,49.22699,-22.9662,-0.0002378727,0.8502374
2955,49.24359,-29.72225,-4.917741,-0.5466311
2956,49.26025,-27.75483,-0.04080199,0.9001928
2957,49.27692,-27.75483,-0.04080199,0.9001928
2958,49.29355,-27.65644,-2.808746e-06,0.7848982
2959,49.31012,-32.20013,-1.16207e-08,0.8608478
2960,49.3269,-9.399912,0.0,0.2396964
2961,49.34351,-16.50122,0.0,0.4004103
2962,49.36026,-4.138183,0.0,0.09700989
2963,49.37692,-4.138183,0.0,0.09700989
2964,49.39349,-6.263228,-12.13954,-4.047219
2965,49.41025,-14.96591,-0.05316671,0.2832735
2966,49.42706,-12.94896,-0.0003204914,0.2448503
2967,49.44348,-38.36992,-0.7041376,0.6952201
2968,49.46017,-34.71208,-0.003083864,0.542582
2969,49.47708,-34.71208,-0.003083864,0.542582
2970,49.49353,-31.48875,-2.921885e-07,0.3496141
2971,49.51016,-45.29483,-0.5032958,0.1989686
2972,49.52689,-53.11228,-0.004175793,0.2824791
2973,49.54352,-56.46972,-9.159524,-0.09570745
2974,49.56015,-46.97634,-0.08524792,0.00103461
2975,49.57684,-46.97634,-0.08524792,0.00103461
2976,49.59354,-33.8894,-1.970103,-0.743039
2977,49.6102,-34.32625,-0.01634574,-0.2588507
2978,49.62683,-32.22921,-0.0001356189,-0.3181127
2979,49.64346,-39.97326,-1.027094,-0.7890803
2980,49.6604,-23.05531,-7.870538,-2.661109
2981,49.67685,-23.05531,-7.870538,-2.661109
2982,49.69348,-23.71849,-0.02191229,-0.4186887
2983,49.71017,-9.085623,-0.3679489,-0.2994772
2984,49.72681,-24.11226,-0.003052834,-0.4968752
2985,49.7435,-22.42042,-1.337029e-05,-0.4887023
2986,49.76016,-19.24468,-1.813267,-0.3639919
2987,49.77698,-19.24468,-1.813267,-0.3639919
2988,49.79355,-0.2926731,-9.068888e-05,-0.006977479
2989,49.81015,0.0007026637,-0.2394313,-0.08321876
2990,49.82684,-0.00914603,-8.869571,0.38297
2991,49.84348,0.03856847,-4.691159,-1.616854
2992,49.86057,-0.002208679,-2.512421,0.09259135
2993,49.87689,-0.002208679,-2.512421,0.09259135
2994,49.89346,-3.716572,-2.099753,-0.08055446
2995,49.91025,-7.054483,-3.337509,-0.8115356
2996,49.92676,-19.37186,-8.630851,-1.495607
2997,49.94345,-37.83238,-1.713463,-1.376803
2998,49.96014,-39.21304,-0.550874,-1.175774
2999,49.97687,-39.21304,-0.550874,-1.175774
3000,49.99344,-31.79505,-0.3148704,-1.206682
3001,50.0101,-21.24927,-0.003595724,-0.7878343
3002,50.02686,-46.05058,-1.574795e-05,-1.8188
3003,50.04346,-27.48594,-9.492939e-08,-1.130856
3004,50.06015,-34.09343,0.0,-1.458884
3005,50.07678,-34.09343,0.0,-1.458884
3006,50.09357,-17.01647,0.0,-0.7632008
3007,50.11014,-5.509707,0.0,-0.2493845
3008,50.1268,-8.119907,0.0,-0.3742211
3009,50.14359,-16.58531,-2.454006,-1.651051
3010,50.16019,-35.65675,-5.044209,-2.526195
3011,50.17673,-35.65675,-5.044209,-2.526195
3012,50.19345,-40.88851,-0.3349419,-2.306355
3013,50.21005,-24.43522,-2.569049,-1.259144
3014,50.22684,-32.22114,-0.01125149,-1.843228
3015,50.24338,-12.93093,-6.782453e-05,-0.7558967
3016,50.26007,-20.67365,-2.967253e-07,-1.234105
3017,50.27682,-20.67365,-2.967253e-07,-1.234105
3018,50.29343,-9.71455,0.0,-0.5919335
3019,50.31091,-0.05855977,0.0,-0.003568204
3020,50.32669,3.524973,0.0,0.2133312
3021,50.34335,0.01543809,0.0,0.0009343125
3022,50.36002,0.0001280882,0.0,7.751893e-06
3023,50.37683,0.0001280882,0.0,7.751893e-06
3024,50.3934,-2.547704,0.0,-0.1552384
3025,50.41006,-13.2818,0.0,-0.8202596
3026,50.42679,-2.735821,0.0,-0.1700886
3027,50.44336,-19.1589,0.0,-1.214854
3028,50.46002,-11.92503,0.0,-0.7660061
3029,50.47675,-11.92503,0.0,-0.7660061
3030,50.49341,-6.784416,-4.888242,-0.2646132
3031,50.51007,-27.71078,-0.04055724,-1.881446
3032,50.52682,-8.259618,-0.0002444809,-0.5680736
3033,50.54337,-11.69315,-0.367172,-0.804756
3034,50.56021,-9.545327,-0.003046388,-0.6800616
3035,50.57684,-9.545327,-0.003046388,-0.6800616
3036,50.59338,-11.93671,-7.268836,-1.565815
3037,50.61002,-28.13098,-9.411458,-4.908745
3038,50.62659,-17.39678,-4.212097,-1.727341
3039,50.64331,-5.143238,-4.686553,-2.060281
3040,50.66006,-1.14529,-0.29466,-0.08982544
3041,50.67667,-1.14529,-0.29466,-0.08982544
3042,50.69342,-0.109903,-2.028394e-05,-0.008604035
3043,50.70999,-13.704,-15.99685,-3.146812
3044,50.72684,-18.55942,-16.10059,-3.516284
3045,50.74347,-7.012054,-3.22046,-1.15815
3046,50.76004,-7.021235,-0.613291,-0.6261921
3047,50.7767,-7.021235,-0.613291,-0.6261921
3048,50.79346,-2.601228,-2.620403,-0.6221789
3049,50.81006,-14.44639,-13.98186,-2.327006
3050,50.82666,-17.72639,-35.94385,-8.493897
3051,50.84335,-19.17331,-38.42677,-13.31983
3052,50.86005,-16.56263,-41.27472,-14.11209
3053,50.87668,-16.56263,-41.27472,-14.11209
3054,50.89355,-0.9064285,-21.79036,-2.202227
3055,50.91003,-0.5248891,-14.63473,-0.1392262
3056,50.92667,-0.01668984,-7.311059,0.1576852
3057,50.94336,5.047444,-5.158226,0.5405313
3058,50.95996,14.27716,-4.430951,0.2740064
3059,50.97668,14.27716,-4.430951,0.2740064
3060,50.99353,0.001513093,-7.334951,0.002186709
3061,51.0101,-0.001605683,-1.06959,0.01923251
3062,51.02679,0.003955633,-0.6775633,-0.04681343
3063,51.04337,5.05211,-0.004084384,0.4245067
3064,51.06003,15.86803,-0.4097866,1.32879
3065,51.0766,15.86803,-0.4097866,1.32879
3066,51.09335,2.039073,-1.489042e-05,0.1680722
3067,51.10999,0.803308,-1.235442e-07,0.06588066
3068,51.12665,0.1526432,-8.821809,-1.818055
3069,51.14343,0.3824954,-30.31964,-4.663652
3070,51.16,-25.32456,-25.02111,-5.753692
3071,51.17661,-25.32456,-25.02111,-5.753692
3072,51.19333,0.3293368,-26.84587,-4.017095
3073,51.20996,0.5111632,-36.8798,-6.201598
3074,51.22662,0.5317787,-35.74559,-6.451614
3075,51.24329,0.7624072,-49.1353,-9.249631
3076,51.26001,0.8786966,-48.66359,-10.66047
3077,51.27664,0.8786966,-48.66359,-10.66047
3078,51.29337,10.87561,-46.33133,-10.97022
3079,51.31,2.486814,-48.06917,-12.35819
3080,51.32663,18.91844,-57.50059,-14.11048
3081,51.34329,6.603338,-59.5115,-18.60135
3082,51.35999,30.34953,-63.51126,-18.08157
3083,51.37662,30.34953,-63.51126,-18.08157
3084,51.39328,16.55278,-67.21603,-22.97915
3085,51.41022,2.568427,-53.58844,-19.6659
3086,51.42664,0.7961119,-39.19794,-10.41644
3087,51.44327,10.18279,-33.40105,-7.297295
3088,51.45996,15.2037,-11.8401,-3.017315
3089,51.47668,15.2037,-11.8401,-3.017315
3090,51.49323,36.45017,-22.32859,-6.812042
3091,51.51013,17.57544,-34.67772,-9.618787
3092,51.52667,9.61947,-19.4777,-4.447574
3093,51.54327,11.35337,-10.76007,-3.916229
3094,51.55994,15.20196,-8.775676,-0.002312651
3095,51.57663,15.20196,-8.775676,-0.002312651
3096,51.5932,0.2361051,-9.22411,-3.491017
3097,51.60995,24.69592,-18.82733,-4.64157
3098,51.62662,0.3710722,-9.691854,-3.359167
3099,51.64322,0.1332213,-16.32784,-1.987287
3100,51.66,0.3821665,-11.81001,-5.72848
3101,51.67657,0.3821665,-11.81001,-5.72848
3102,51.69327,18.60853,-12.26842,-4.810554
3103,51.70996,0.356328,-8.606106,-4.218956
3104,51.72653,0.622522,-19.27659,-9.500564
3105,51.74319,0.3818806,-11.78565,-5.832497
3106,51.75995,0.1377484,-4.238226,-2.103865
3107,51.77652,0.1377484,-4.238226,-2.103865
3108,51.7933,0.04014348,-1.230098,-0.6131214
3109,51.80997,0.006127188,-0.1875614,-0.09358208
3110,51.82657,0.2576902,-7.872195,-3.935767
3111,51.84329,-0.9154876,-3.339915,-1.739046
3112,51.85992,0.00545331,-0.3525078,-0.1770004
3113,51.87665,0.00545331,-0.3525078,-0.1770004
3114,51.89331,9.639109e-05,-0.002924168,-0.001466402
3115,51.90991,1.103322e-06,-3.339311e-05,-1.674569e-05
3116,51.92651,9.154147e-09,-2.770591e-07,-1.389373e-07
3117,51.94339,0.0,0.0,0.0
3118,51.9599,0.0,0.0,0.0
3119,51.97672,0.0,0.0,0.0
3120,51.99323,0.1457534,-4.363399,-2.190908
3121,52.00986,0.7409384,-6.417711,-3.197017
3122,52.02658,0.3225933,-9.746409,-4.922457
3123,52.04327,0.5735644,-17.38383,-8.815579
3124,52.05984,0.5266837,-15.89912,-8.095228
3125,52.07654,0.5266837,-15.89912,-8.095228
3126,52.0932,0.2508366,-7.519009,-3.855407
3127,52.10983,0.1461185,-4.366869,-2.24587
3128,52.12656,1.703078,-11.07451,-5.632362
3129,52.14316,0.1021097,-2.812439,-1.454645
3130,52.15985,0.3354695,-2.030576,-1.035545
3131,52.17651,0.3354695,-2.030576,-1.035545
3132,52.19318,0.1538601,-4.606068,-2.395152
3133,52.20981,1.308404,-10.36087,-5.347763
3134,52.22665,0.6094933,-18.02814,-9.458556
3135,52.24313,0.703558,-20.88534,-11.02316
3136,52.25983,0.7156426,-21.12002,-11.21305
3137,52.27652,0.7156426,-21.12002,-11.21305
3138,52.29312,0.9376221,-27.21473,-14.69114
3139,52.30978,1.124966,-32.9773,-17.62654
3140,52.32648,1.062244,-30.21529,-16.64378
3141,52.34314,0.9084191,-25.58934,-14.23357
3142,52.35989,0.7888079,-22.0086,-12.35945
3143,52.37653,0.7888079,-22.0086,-12.35945
3144,52.39316,0.9766763,-26.71288,-15.30306
3145,52.40982,1.588286,-42.9128,-24.88608
3146,52.42654,-12.27269,-43.39713,-26.4153
3147,52.44315,1.795561,-50.45876,-30.21152
3148,52.45984,-4.714887,-51.60238,-31.86676
3149,52.47653,-4.714887,-51.60238,-31.86676
3150,52.49313,-3.114507,-39.69987,-25.27284
3151,52.5098,-2.758976,-50.63632,-32.70909
3152,52.52652,-15.77533,-48.31599,-32.58701
3153,52.54312,-14.86662,-38.4665,-26.48586
3154,52.56003,1.824524,-43.9386,-29.41348
3155,52.57645,1.824524,-43.9386,-29.41348
3156,52.59317,1.498989,-33.81703,-23.15593
3157,52.60977,-0.2278178,-33.87612,-23.55824
3158,52.62643,1.50002,-32.06053,-22.43275
3159,52.64319,-15.77561,-30.25387,-22.60303
3160,52.65982,-4.964965,-34.0043,-24.8286
3161,52.67645,-4.964965,-34.0043,-24.8286
3162,52.69312,-3.938458,-26.36356,-19.64254
3163,52.70981,-0.3616889,-18.57447,-13.75155
3164,52.7269,0.8275764,-15.91739,-11.76413
3165,52.74313,0.5926042,-11.27085,-8.365234
3166,52.75974,0.408498,-7.742583,-5.766133
3167,52.77649,0.408498,-7.742583,-5.766133
3168,52.79309,-17.13093,-28.20172,-22.66958
3169,52.80975,-15.75503,-20.61127,-16.95524
3170,52.82645,-4.170257,-26.69376,-20.96391
3171,52.84308,-23.95732,-21.30101,-18.4046
3172,52.85974,-5.268065,-20.16595,-16.24031
3173,52.87671,-5.268065,-20.16595,-16.24031
3174,52.89307,-8.265964,-21.7254,-17.98121
3175,52.9097,-6.181273,-27.84593,-22.95942
3176,52.92657,-8.164213,-38.4601,-32.0592
3177,52.94318,-2.824128,-34.12926,-28.38125
3178,52.95981,-4.952478,-29.09868,-24.62824
3179,52.97647,-4.952478,-29.09868,-24.62824
3180,52.99304,-21.36178,-21.72635,-20.11311
3181,53.00986,-23.33383,-29.35002,-26.96521
3182,53.0267,-32.55663,-30.58424,-29.09898
3183,53.04315,-28.54524,-28.15202,-26.98926
3184,53.05997,-9.251445,-23.39905,-21.39548
3185,53.07669,-9.251445,-23.39905,-21.39548
3186,53.09323,1.416695,-18.19073,-16.08886
3187,53.10971,1.058155,-13.4948,-11.99426
3188,53.12637,0.8435674,-10.72258,-9.561613
3189,53.14304,0.5150729,-2.182827,-1.919555
3190,53.15973,0.003104884,-0.01315818,-0.01157117
3191,53.17636,0.003104884,-0.01315818,-0.01157117
3192,53.19305,8.19709e-08,-3.473844e-07,-3.054861e-07
3193,53.20972,-0.1101831,1.405942,1.25479
3194,53.22641,-0.0006641891,0.008475088,0.007563933
3195,53.24307,-2.908904e-06,3.711777e-05,3.312725e-05
3196,53.25974,-15.80357,-6.943695,-7.644572
3197,53.27655,-15.80357,-6.943695,-7.644572
3198,53.29303,-4.321866,-7.573363,-7.232516
3199,53.30991,0.5335749,-11.39917,-10.29039
3200,53.32642,0.6007734,-7.446116,-6.710244
3201,53.34305,0.002631167,-0.03261125,-0.0293884
3202,53.35974,0.05751238,-0.7094767,-0.6398655
3203,53.37637,0.05751238,-0.7094767,-0.6398655
3204,53.39304,0.4960545,-6.006368,-5.429658
3205,53.40973,1.066175,-13.12552,-11.91591
3206,53.42636,0.45367,-9.735462,-8.897787
3207,53.44302,0.5026215,-10.41544,-9.56491
3208,53.45978,0.5366753,-10.39357,-9.588959
3209,53.47629,0.5366753,-10.39357,-9.588959
3210,53.49304,1.202724,-14.24679,-13.2317
3211,53.50974,1.279763,-15.0234,-14.04417
3212,53.52637,1.391813,-26.08699,-24.68446
3213,53.54303,-0.06891577,-18.07157,-17.33606
3214,53.55975,0.9825563,-11.32821,-10.83504
3215,53.57639,0.9825563,-11.32821,-10.83504
3216,53.59302,11.76553,-0.009806206,1.067543
3217,53.60968,1.889345,4.876411,4.882502
3218,53.62637,3.18344,1.882629,2.104348
3219,53.64294,0.8121296,0.9915605,1.029119
3220,53.65967,0.004895556,0.005977174,0.006203576
3221,53.67633,0.004895556,0.005977174,0.006203576
3222,53.69299,-0.1222436,1.424171,1.360046
3223,53.70959,11.29565,4.89656,5.720442
3224,53.72638,0.06809071,0.0295167,0.0344831
3225,53.74295,0.0004104541,0.000177928,0.0002078657
3226,53.75977,0.1161537,-1.359416,-1.298254
3227,53.77634,0.1161537,-1.359416,-1.298254
3228,53.793,-0.008238906,-6.798991e-05,-0.0008059845
3229,53.80966,16.1813,-2.977708e-07,1.447704
3230,53.82632,23.91806,-3.400453e-09,2.120068
3231,53.8429,11.91428,0.0,1.046193
3232,53.85965,13.84467,0.0,1.204228
3233,53.87637,13.84467,0.0,1.204228
3234,53.89294,1.07359,-12.66916,-12.16978
3235,53.90961,-3.568985,-13.62568,-13.56611
3236,53.92633,-10.6619,-11.87681,-12.54168
3237,53.94296,0.9083721,-11.71697,-11.40216
3238,53.95956,0.9139245,-10.63992,-10.37171
3239,53.97641,0.9139245,-10.63992,-10.37171
3240,53.99283,7.254893,-12.82872,-12.03716
3241,54.01007,0.9178007,-10.30639,-10.14325
3242,54.02628,0.4006223,-4.617017,-4.559814
3243,54.04294,0.01112251,-0.1281341,-0.1266502
3244,54.05957,29.42305,18.31449,20.72773
3245,54.07629,29.42305,18.31449,20.72773
3246,54.09293,57.57289,42.93004,46.12392
3247,54.10968,34.77887,42.12092,42.34766
3248,54.12634,18.73193,36.56321,35.71325
3249,54.14291,16.49832,37.92497,36.30285
3250,54.15958,20.56958,38.78105,36.8261
3251,54.17636,20.56958,38.78105,36.8261
3252,54.19293,1.368774,44.25671,39.15769
3253,54.20963,10.83414,50.57278,44.56219
3254,54.22635,4.22239,51.43843,43.95279
3255,54.24289,4.923596,55.83688,46.7915
3256,54.25955,17.78517,64.54552,53.69337
3257,54.27655,17.78517,64.54552,53.69337
3258,54.29285,24.08004,58.43892,47.2298
3259,54.30963,18.14785,51.10102,40.39457
3260,54.32632,9.603858,56.01875,42.8901
3261,54.34293,20.16385,41.62355,32.17487
3262,54.35959,8.670112,27.15909,20.48495
3263,54.37622,8.670112,27.15909,20.48495
3264,54.39301,2.128378,11.92752,8.778698
3265,54.40958,0.01091914,0.120465,0.08808804
3266,54.4263,-16.98177,0.000726169,-0.9291235
3267,54.4429,-2.341317,-5.096273,-3.837123
3268,54.45959,-14.03889,-19.38554,-14.97602
3269,54.47626,-14.03889,-19.38554,-14.97602
3270,54.49283,0.2079852,-21.73894,-16.11638
3271,54.50958,-3.940468,-25.90695,-19.61766
3272,54.52628,-17.6985,-35.34995,-27.72777
3273,54.54291,-20.0754,-28.48669,-22.93262
3274,54.55951,-33.31547,-40.15299,-33.07428
3275,54.57623,-33.31547,-40.15299,-33.07428
3276,54.59286,-29.2753,-38.36182,-32.36469
3277,54.60953,-38.28264,-37.67759,-32.93828
3278,54.62622,-39.93594,-35.16109,-31.33461
3279,54.64291,-15.31874,-25.03003,-21.68791
3280,54.6597,-15.93687,-22.36184,-19.71709
3281,54.67621,-15.93687,-22.36184,-19.71709
3282,54.69287,-10.41943,-6.140365,-5.961144
3283,54.70975,-2.702282,-1.87238,-1.786394
3284,54.72617,-9.172262,-0.312815,-1.003436
3285,54.74286,-0.04017114,-0.001370015,-0.004394681
3286,54.75958,-0.0003332957,-1.136687e-05,-3.646221e-05
3287,54.77643,-0.0003332957,-1.136687e-05,-3.646221e-05
3288,54.79288,-0.3817976,5.681864,4.726976
3289,54.80966,-0.05936354,0.884173,0.7349707
3290,54.82614,-0.09851493,1.469736,1.219698
3291,54.84286,-0.7624464,5.537854,4.548656
3292,54.85959,-2.684569,13.43186,10.90852
3293,54.87622,-2.684569,13.43186,10.90852
3294,54.89282,-1.367774,20.6399,16.76159
3295,54.90948,-1.282308,19.51297,15.71499
3296,54.92633,-1.394168,21.39288,17.08586
3297,54.94284,15.1945,23.41608,19.15335
3298,54.95947,-0.9292529,16.11306,12.69137
3299,54.97614,-0.9292529,16.11306,12.69137
3300,54.99283,11.47793,13.37273,11.41486
3301,55.00937,-0.1669434,3.86023,3.007783
3302,55.02609,0.9143405,1.68062,1.386175
3303,55.04285,-0.05719109,1.05859,0.8218169
3304,55.05945,-0.1282737,2.071874,1.605795
3305,55.07617,-0.1282737,2.071874,1.605795
3306,55.09286,-0.4467309,2.65768,5.588171
3307,55.1095,22.64181,7.466116,7.635612
3308,55.12613,-0.03786491,2.881049,2.238582
3309,55.14288,8.66098,0.4303503,1.019732
3310,55.15942,0.02442312,0.4577438,0.3574477
3311,55.17609,0.02442312,0.4577438,0.3574477
3312,55.19272,-2.965385e-05,0.0005024986,0.0003876007
3313,55.20959,-0.03585069,0.5880928,0.4531487
3314,55.2261,-0.0001570129,0.002575631,0.001984625
3315,55.24271,-2.467907e-06,4.048341e-05,3.119406e-05
3316,55.2594,0.3507499,-5.74884,-4.433439
3317,55.27628,0.3507499,-5.74884,-4.433439
3318,55.29279,0.1235499,-2.023296,-1.561656
3319,55.30969,0.4082755,-6.674817,-5.160557
3320,55.32623,0.1480813,-2.416882,-1.871731
3321,55.3428,0.4202276,-6.841391,-5.31163
3322,55.35944,0.06509867,-1.058929,-0.8228398
3323,55.3761,0.06509867,-1.058929,-0.8228398
3324,55.39276,4.481293e-06,-7.289505e-05,-5.664303e-05
3325,55.40942,1.209005,0.5447313,0.5207104
3326,55.42612,0.2046193,1.485467,1.175499
3327,55.44269,1.93003,7.535711,6.022215
3328,55.45959,-0.05021773,2.98597,0.9004983
3329,55.4761,-0.05021773,2.98597,0.9004983
3330,55.49277,5.514771,15.87024,12.67628
3331,55.50937,-0.06946544,23.79646,18.21007
3332,55.52615,2.221498,28.75353,21.99151
3333,55.54279,-0.9308832,16.77972,12.58944
3334,55.55951,-0.4267329,7.532988,5.631897
3335,55.57611,-0.4267329,7.532988,5.631897
3336,55.59277,-2.402434,0.5911397,0.260265
3337,55.60944,-0.6289664,10.75673,7.992608
3338,55.62622,-1.575726,28.00615,20.67213
3339,55.64328,17.12178,36.41869,27.99791
3340,55.65936,18.94717,49.88576,37.48815
3341,55.67615,18.94717,49.88576,37.48815
3342,55.69269,1.157516,31.79029,22.48605
3343,55.70947,-1.354024,27.50773,19.12543
3344,55.7261,-1.116878,22.57646,15.58708
3345,55.74277,-24.42147,18.15528,10.75141
3346,55.75934,-1.711876,30.98074,21.02278
3347,55.77606,-1.711876,30.98074,21.02278
3348,55.79282,-1.319605,27.16972,18.09458
3349,55.80942,-1.100138,22.96583,15.17416
3350,55.82608,-7.596953,10.33543,6.277828
3351,55.84299,-12.51748,1.94054,0.3477697
3352,55.85938,-9.867159,2.219613,0.7162271
3353,55.87616,-9.867159,2.219613,0.7162271
3354,55.89276,-4.037954,7.500682,4.615237
3355,55.9093,-13.626,14.45651,8.376488
3356,55.92612,-24.67378,16.70436,8.894692
3357,55.94272,-0.8793147,15.15481,9.735986
3358,55.95938,-0.04844322,0.9358839,0.6011692
3359,55.97598,-0.04844322,0.9358839,0.6011692
3360,55.9931,-9.76506,-4.061408,-3.416915
3361,56.00949,-19.23315,-5.715456,-5.279575
3362,56.02597,-4.85481,-0.5015453,-0.7273635
3363,56.04269,-23.98816,-0.6124117,-2.404495
3364,56.05936,-0.1328456,-0.2211863,-0.1547943
3365,56.07602,-0.1328456,-0.2211863,-0.1547943
3366,56.09271,0.5991563,-11.03229,-7.16118
3367,56.10928,0.2380414,-4.371346,-2.845078
3368,56.12604,0.0525117,-0.9626002,-0.6276215
3369,56.14288,0.000229982,-0.004215835,-0.002748752
3370,56.15933,14.0637,-4.814356e-05,1.165001
3371,56.17603,14.0637,-4.814356e-05,1.165001
3372,56.19269,1.210133,12.37563,8.194742
3373,56.20932,1.094321,4.999792,3.353966
3374,56.22601,0.8457597,8.313588,5.48243
3375,56.24265,0.5933734,7.525896,4.935482
3376,56.25928,1.986892,8.335253,5.562991
3377,56.27591,1.986892,8.335253,5.562991
3378,56.29266,5.245521e-05,0.000220056,0.0001468665
3379,56.30927,0.05851562,-1.129575,-0.7282006
3380,56.32602,0.5439836,-10.46357,-6.769663
3381,56.34268,0.8631289,-16.51381,-10.7413
3382,56.35931,1.008179,-19.16928,-12.54639
3383,56.37601,1.008179,-19.16928,-12.54639
3384,56.39267,1.586076,-29.73441,-19.7381
3385,56.40933,0.9671685,-17.88056,-11.97436
3386,56.42599,0.9450775,-17.33405,-11.70086
3387,56.44269,0.973505,-17.7462,-12.05281
3388,56.45932,1.004559,-18.18462,-12.43729
3389,56.47598,1.004559,-18.18462,-12.43729
3390,56.49258,-4.401782,-37.76799,-26.88372
3391,56.50946,-4.364324,-35.72644,-25.80194
3392,56.52765,-10.81374,-48.83572,-36.28824
3393,56.54257,-5.243673,-44.67657,-33.29215
3394,56.55923,-1.332057,-44.42443,-33.34302
3395,56.57599,-1.332057,-44.42443,-33.34302
3396,56.59253,1.807992,-38.30626,-29.38737
3397,56.60931,3.11593,-46.54296,-36.237
3398,56.62601,3.600563,-52.78788,-41.79334
3399,56.64264,-19.81743,-46.7761,-39.60012
3400,56.65924,1.726694,-49.90532,-40.90505
3401,56.67599,1.726694,-49.90532,-40.90505
3402,56.69263,1.991517,-33.95802,-28.46674
3403,56.70932,1.068122,-14.3722,-12.11869
3404,56.72595,0.5329105,-7.10932,-6.014194
3405,56.74271,11.94825,-0.08118628,0.9799611
3406,56.75922,8.358229,1.807574,0.7788242
3407,56.77591,8.358229,1.807574,0.7788242
3408,56.79266,0.6825404,2.137154,1.873797
3409,56.80923,0.004114386,0.01288286,0.01129534
3410,56.82593,-1.301875,5.642048e-05,-0.1115729
3411,56.84262,-2.421247,-0.4184052,-0.5653869
3412,56.85919,-0.3954313,-0.002522166,-0.03653992
3413,56.87592,-0.3954313,-0.002522166,-0.03653992
3414,56.89252,-0.004722659,1.887704,0.0537237
3415,56.9097,-25.9418,0.008267452,-2.288462
3416,56.9259,-10.32039,-5.160981,-5.312288
3417,56.9425,-24.48588,-21.14119,-20.34987
3418,56.95926,-17.64907,-21.58717,-20.28704
3419,56.97583,-17.64907,-21.58717,-20.28704
3420,56.99255,-26.25553,-20.68333,-20.66813
3421,57.00916,-5.879053,-17.37059,-15.9036
3422,57.02585,-1.330746,-16.97742,-15.20255
3423,57.0426,-3.38957,-13.87204,-12.71056
3424,57.05927,2.250015,-25.84541,-23.0269
3425,57.0759,2.250015,-25.84541,-23.0269
3426,57.09314,-3.583875,-29.14796,-27.1523
3427,57.10919,1.616788,-5.700041,-16.64193
3428,57.12585,1.533828,-14.16637,-15.42934
3429,57.14261,12.90793,-10.91528,-11.53118
3430,57.15918,1.346768,1.786345,-12.8865
3431,57.17587,1.346768,1.786345,-12.8865
3432,57.19263,2.403738,-18.75173,-24.27785
3433,57.20929,2.328995,-24.73158,-23.52297
3434,57.22592,1.79933,-19.01474,-18.17333
3435,57.24258,1.380076,-1.764136,-13.93885
3436,57.25912,1.632945,-9.387145,-16.49283
3437,57.27579,1.632945,-9.387145,-16.49283
3438,57.29245,2.167023,-9.253575,-21.88705
3439,57.30927,2.930253,-18.88821,-29.59571
3440,57.32587,2.06866,-10.73531,-20.89359
3441,57.34262,2.476361,-23.39524,-25.01138
3442,57.35913,1.718772,-13.28569,-17.43279
3443,57.37579,1.718772,-13.28569,-17.43279
3444,57.39252,25.64577,5.939739,-11.09923
3445,57.40906,23.5146,3.603718,-12.39101
3446,57.42578,2.558942,0.5206949,-24.70263
3447,57.44437,3.328787,-24.05285,-32.20733
3448,57.45905,2.501036,-17.34996,-26.10782
3449,57.47574,2.501036,-17.34996,-26.10782
3450,57.49246,1.663237,0.05903369,-22.47544
3451,57.50922,3.556528,-13.81703,-37.03831
3452,57.52585,2.835968,-3.371314,-29.50976
3453,57.54254,2.033378,-9.859195,-21.15819
3454,57.55923,16.89464,-10.06791,-10.85344
3455,57.57584,16.89464,-10.06791,-10.85344
3456,57.59256,22.23422,-0.2577833,-4.95184
3457,57.60916,17.20186,-0.8548577,-17.21095
3458,57.62595,6.702597,3.565925,-23.32288
3459,57.64243,11.60119,15.52498,-24.96539
3460,57.65909,22.22683,24.23975,-32.62523
3461,57.67587,22.22683,24.23975,-32.62523
3462,57.69247,6.603236,36.54957,-44.93992
3463,57.70911,4.018687,30.4765,-40.78653
3464,57.72586,9.212562,25.90561,-36.70996
3465,57.74255,3.375813,16.36843,-37.16302
3466,57.75909,4.719073,5.980888,-52.50112
3467,57.77585,4.719073,5.980888,-52.50112
3468,57.79254,16.22557,-0.235696,-46.90252
3469,57.80914,8.431089,7.618708,-28.41321
3470,57.82605,6.133616,12.44238,-21.53492
3471,57.84247,29.13579,13.26463,-30.59639
3472,57.85919,6.654873,8.994585,-26.9886
3473,57.87576,6.654873,8.994585,-26.9886
3474,57.8927,3.780721,-18.58082,-44.34746
3475,57.90909,3.161415,-10.7827,-37.23169
3476,57.92578,2.387335,-5.771509,-28.116
3477,57.94241,2.092739,0.3108155,-24.64651
3478,57.95911,1.611648,-3.375661,-18.98063
3479,57.97589,1.611648,-3.375661,-18.98063
3480,57.99249,2.33015,-16.39787,-27.44254
3481,58.00906,2.438556,-19.18774,-28.71925
3482,58.02585,-2.708229,-22.37198,-33.94221
3483,58.04248,-4.218914,-26.73503,-41.07703
3484,58.05936,-2.145558,-14.62855,-22.66254
3485,58.07587,-2.145558,-14.62855,-22.66254
3486,58.09241,2.251145,-16.87498,-26.13206
3487,58.10931,1.908979,-15.18492,-22.1581
3488,58.12576,-16.62384,-34.97795,-34.03375
3489,58.14243,2.378322,-23.95733,-28.46168
3490,58.15918,-1.133739,-31.27167,-31.57643
3491,58.17596,-1.133739,-31.27167,-31.57643
3492,58.19247,0.2061166,-36.55506,-29.50196
3493,58.19833,2.276895,-33.08846,-28.05482
3494,58.20929,2.034189,-32.62172,-22.75224
3495,58.22571,2.686954,-23.33594,-30.03273
3496,58.24268,3.447757,-29.75586,-40.77538
3497,58.25922,3.447757,-29.75586,-40.77538
3498,58.27606,-13.11448,-43.0078,-54.58345
3499,58.29242,0.8428453,-45.73636,-52.83012
3500,58.30914,1.539169,-27.59771,-48.49077
3501,58.32581,4.024428,-26.14867,-48.75316
3502,58.34241,4.374336,-24.92797,-46.36753
3503,58.35913,4.374336,-24.92797,-46.36753
3504,58.37592,3.364097,-23.2066,-35.62007
3505,58.39243,3.2295,-18.10008,-34.19492
3506,58.40909,2.293363,-12.01634,-24.28282
3507,58.42575,20.53464,-7.454766,-15.40865
3508,58.44254,3.386369,-0.9330766,-12.58513
3509,58.45898,3.386369,-0.9330766,-12.58513
3510,58.47574,0.867537,-3.937578,-8.497993
3511,58.49249,1.809546,-6.948816,-14.33471
3512,58.50903,7.678489,-3.283464,-6.173903
3513,58.52582,0.6469889,-3.119194,-6.48164
3514,58.54242,1.044261,-0.01880265,0.05486948
3515,58.55908,1.044261,-0.01880265,0.05486948
3516,58.57574,0.04082618,-6.832386e-07,0.003668116
3517,58.59283,0.05764039,6.752517,-0.6385278
3518,58.60904,0.0004782363,0.05602492,-0.005297798
3519,58.62582,2.882831e-06,0.0003377209,-3.193538e-05
3520,58.6423,1.257184e-08,1.479093e-06,-1.398701e-07
3521,58.65906,1.257184e-08,1.479093e-06,-1.398701e-07
3522,58.6759,0.0005833121,0.1118382,-0.006489737
3523,58.69247,-0.07608103,0.6841689,0.8464523
3524,58.70901,-0.5942535,3.945007,6.611467
3525,58.72562,-0.006216923,0.03667237,0.06916743
3526,58.74237,-2.722784e-05,0.0001606115,0.0003029279
3527,58.75894,-2.722784e-05,0.0001606115,0.0003029279
3528,58.77585,-1.367746e-09,7.339434e-09,1.521709e-08
3529,58.79236,0.0,0.0,0.0
3530,58.80905,0.0,0.0,0.0
3531,58.82574,0.0,0.0,0.0
3532,58.84235,0.0,0.0,0.0
3533,58.85895,0.0,0.0,0.0
3534,58.87573,0.0,0.0,0.0
3535,58.89227,0.0,0.0,0.0
3536,58.90903,0.0,0.0,0.0
3537,58.92569,0.0,0.0,0.0
3538,58.94235,0.0,0.0,0.0
3539,58.95917,0.0,0.0,0.0
3540,58.97607,0.0,0.0,0.0
3541,58.99231,0.0,0.0,0.0
3542,59.00894,0.0,0.0,0.0
3543,59.02563,0.0,0.0,0.0
3544,59.04227,0.0,0.0,0.0
3545,59.05896,0.0,0.0,0.0
3546,59.07574,-0.2884787,1.548,3.209519
3547,59.09232,-0.4818282,10.59951,5.360661
3548,59.10947,-1.038187,5.697401,11.55053
3549,59.12555,-0.004546879,0.02495252,0.05058707
3550,59.14227,-3.772498e-05,0.0002070285,0.0004197156
3551,59.15906,-3.772498e-05,0.0002070285,0.0004197156
3552,59.17572,-2.599312e-09,1.397725e-08,2.891908e-08
3553,59.19223,0.0,0.0,0.0
3554,59.20908,0.0,0.0,0.0
3555,59.22556,0.0,0.0,0.0
3556,59.24222,0.0,0.0,0.0
3557,59.25903,0.0,0.0,0.0
3558,59.27563,0.6865836,-10.74286,-7.779779
3559,59.2923,-6.879593,-9.935326,-4.358343
3560,59.30905,-1.04444,-10.17757,-0.4412702
3561,59.32574,0.6943628,-17.07557,-7.65671
3562,59.34232,0.2907706,-16.04814,-3.176843
3563,59.35901,0.2907706,-16.04814,-3.176843
3564,59.37558,0.1720877,-17.30053,-1.879907
3565,59.39224,0.9314758,-16.16608,-10.17555
3566,59.40894,0.4983272,-16.28459,-5.443785
3567,59.4256,0.9235148,-14.20398,-10.08859
3568,59.44232,0.6319771,-11.97244,-6.903793
3569,59.45895,0.6319771,-11.97244,-6.903793
3570,59.47556,-0.02727415,-12.65026,0.2979461
3571,59.49228,0.8144969,-6.201683,-8.897661
3572,59.50894,0.305386,-12.85276,-3.336073
3573,59.5257,0.4425775,-13.02103,-4.834769
3574,59.54221,-10.13964,-18.83128,-11.79484
3575,59.55893,-10.13964,-18.83128,-11.79484
3576,59.57559,0.01353772,-16.72629,-0.1608397
3577,59.59222,0.7681964,-10.2026,-8.316584
3578,59.60895,0.348505,-4.631511,-3.772927
3579,59.62561,1.075303,-16.60399,-11.64127
3580,59.64215,-12.29079,-19.06211,-11.03144
3581,59.65897,-12.29079,-19.06211,-11.03144
3582,59.67563,-8.301846,-29.37891,-14.00928
3583,59.69223,0.6205226,-13.1312,-7.077932
3584,59.70883,1.085351,-20.53043,-11.5976
3585,59.72571,0.6347473,-1.967169,-1.140806
3586,59.74219,0.07747793,-4.1742,-0.8064942
3587,59.75906,0.07747793,-4.1742,-0.8064942
3588,59.77548,-0.006864088,-1.39579,0.07365273
3589,59.79224,0.8417526,15.6351,5.605022
3590,59.80884,2.778969,6.378125,14.28575
3591,59.82556,3.538039,1.923187,4.334015
3592,59.84225,0.07553153,4.944214,2.559635
3593,59.85889,0.07553153,4.944214,2.559635
3594,59.87555,3.849943,15.8221,14.00434
3595,59.89246,-1.016405,20.97259,11.78023
3596,59.90887,5.996682,20.9008,16.13361
3597,59.92569,0.02014764,34.61345,21.58581
3598,59.94223,-0.7186374,33.92023,16.89412
3599,59.95883,-0.7186374,33.92023,16.89412
3600,59.97552,-2.020999,37.55652,26.70809
3601,59.99219,2.92319,42.29205,23.90365
