sample,t,vx,vy,vz
0,0.0,0.0,0.0,0.0
1,0.01635742,0.0,0.0,0.0
2,0.03302002,0.0,0.0,0.0
3,0.04974365,0.0,0.0,0.0
4,0.06640625,0.0,0.0,0.0
5,0.08306885,0.0,0.0,0.0
6,0.09967041,0.0,0.0,0.0
7,0.116394,0.0,0.0,0.0
8,0.1330566,0.0,0.0,0.0
9,0.1499023,0.0,0.0,0.0
10,0.1663818,0.0,0.0,0.0
11,0.1830444,0.0,0.0,0.0
12,0.1997681,0.0,0.0,0.0
13,0.2163696,0.0,0.0,0.0
14,0.2330933,0.0,0.0,0.0
15,0.2496948,0.0,0.0,0.0
16,0.2663574,0.0,0.0,0.0
17,0.2832031,0.0,0.0,0.0
18,0.2997437,0.0,0.0,0.0
19,0.3164063,0.0,0.0,0.0
20,0.3335571,0.0,0.0,0.0
21,0.3497314,0.0,0.0,0.0
22,0.366333,0.0,0.0,0.0
23,0.3830566,0.0,0.0,0.0
24,0.3996582,0.0,0.0,0.0
25,0.4164429,0.0,0.0,0.0
26,0.4329834,0.0,0.0,0.0
27,0.449646,0.0,0.0,0.0
28,0.4665527,0.0,0.0,0.0
29,0.4830322,0.0,0.0,0.0
30,0.4998169,0.0,0.0,0.0
31,0.5163574,0.0,0.0,0.0
32,0.532959,0.0,0.0,0.0
33,0.5496216,0.0,0.0,0.0
34,0.5664673,0.0,0.0,0.0
35,0.5830688,0.0,0.0,0.0
36,0.5996704,0.0,0.0,0.0
37,0.616272,0.0,0.0,0.0
38,0.6329956,0.0,0.0,0.0
39,0.6498413,0.0,0.0,0.0
40,0.6663818,0.0,0.0,0.0
41,0.6829834,0.0,0.0,0.0
42,0.699707,0.0,0.0,0.0
43,0.7169189,0.0,0.0,0.0
44,0.7330322,0.0,0.0,0.0
45,0.7498169,0.0,0.0,0.0
46,0.7662964,0.0,0.0,0.0
47,0.7830811,0.0,0.0,0.0
48,0.7997437,0.0,0.0,0.0
49,0.8162842,0.0,0.0,0.0
50,0.8330078,0.0,0.0,0.0
51,0.8496094,0.0,0.0,0.0
52,0.8662109,0.0,0.0,0.0
53,0.8829956,0.0,0.0,0.0
54,0.8995972,0.0,0.0,0.0
55,0.9163208,0.0,0.0,0.0
56,0.9329834,0.0,0.0,0.0
57,0.949646,0.0,0.0,0.0
58,0.9663086,0.0,0.0,0.0
59,0.9829712,0.0,0.0,0.0
60,0.9996338,0.0,0.0,0.0
61,1.016235,0.0,0.0,0.0
62,1.032959,0.0,0.0,0.0
63,1.049561,0.0,0.0,0.0
64,1.066284,0.0,0.0,0.0
65,1.083008,0.0,0.0,0.0
66,1.099854,0.0,0.0,0.0
67,1.116272,0.0,0.0,0.0
68,1.132874,0.0,0.0,0.0
69,1.149658,0.0,0.0,0.0
70,1.166382,0.0,0.0,0.0
71,1.182983,0.0,0.0,0.0
72,1.199768,0.0,0.0,0.0
73,1.216248,0.0,0.0,0.0
74,1.23291,0.0,0.0,0.0
75,1.249634,0.0,0.0,0.0
76,1.266235,0.0,0.0,0.0
77,1.282959,0.0,0.0,0.0
78,1.299622,0.0,0.0,0.0
79,1.316284,0.0,0.0,0.0
80,1.332947,0.0,0.0,0.0
81,1.349548,0.0,0.0,0.0
82,1.366272,0.0,0.0,0.0
83,1.382874,0.0,0.0,0.0
84,1.399719,0.0,0.0,0.0
85,1.41626,0.0,0.0,0.0
86,1.432922,0.0,0.0,0.0
87,1.449585,0.0,0.0,0.0
88,1.466248,0.0,0.0,0.0
89,1.483032,0.0,0.0,0.0
90,1.499512,0.0,0.0,0.0
91,1.516296,0.0,0.0,0.0
92,1.532898,0.0,0.0,0.0
93,1.549744,0.0,0.0,0.0
94,1.566223,0.0,0.0,0.0
95,1.582947,0.0,0.0,0.0
96,1.599609,0.0,0.0,0.0
97,1.616211,0.0,0.0,0.0
98,1.633362,0.0,0.0,0.0
99,1.649658,0.0,0.0,0.0
100,1.66626,0.0,0.0,0.0
101,1.6828,0.0,0.0,0.0
102,1.699524,0.0,0.0,0.0
103,1.716125,0.0,0.0,0.0
104,1.73291,0.0,0.0,0.0
105,1.749634,0.0,0.0,0.0
106,1.766174,0.0,0.0,0.0
107,1.784058,0.0,0.0,0.0
108,1.7995,0.0,0.0,0.0
109,1.816162,0.0,0.0,0.0
110,1.833008,0.0,0.0,0.0
111,1.849548,0.0,0.0,0.0
112,1.86615,0.0,0.0,0.0
113,1.882813,0.0,0.0,0.0
114,1.899719,0.0,0.0,0.0
115,1.916199,0.0,0.0,0.0
116,1.933044,0.0,0.0,0.0
117,1.949463,0.0,0.0,0.0
118,1.966187,0.0,0.0,0.0
119,1.982849,0.0,0.0,0.0
120,1.999573,0.0,0.0,0.0
121,2.016052,0.0,0.0,0.0
122,2.032898,0.0,0.0,0.0
123,2.049438,0.0,0.0,0.0
124,2.066162,0.0,0.0,0.0
125,2.082825,0.0,0.0,0.0
126,2.099426,0.0,0.0,0.0
127,2.116089,0.0,0.0,0.0
128,2.132874,0.0,0.0,0.0
129,2.149414,0.0,0.0,0.0
130,2.166565,0.0,0.0,0.0
131,2.1828,0.0,0.0,0.0
132,2.199463,0.0,0.0,0.0
133,2.216125,0.0,0.0,0.0
134,2.232727,0.0,0.0,0.0
135,2.249573,0.0,0.0,0.0
136,2.266113,0.0,0.0,0.0
137,2.282776,0.0,0.0,0.0
138,2.299561,0.0,0.0,0.0
139,2.31604,0.0,0.0,0.0
140,2.332825,0.0,0.0,0.0
141,2.349365,0.0,0.0,0.0
142,2.36615,0.0,0.0,0.0
143,2.382874,0.0,0.0,0.0
144,2.399475,0.0,0.0,0.0
145,2.416138,0.0,0.0,0.0
146,2.432739,0.0,0.0,0.0
147,2.449402,0.0,0.0,0.0
148,2.466248,0.0,0.0,0.0
149,2.482788,0.0,0.0,0.0
150,2.499451,0.0,0.0,0.0
151,2.516052,0.0,0.0,0.0
152,2.532898,0.0,0.0,0.0
153,2.550293,0.0,0.0,0.0
154,2.566101,0.0,0.0,0.0
155,2.582825,0.0,0.0,0.0
156,2.599426,0.0,0.0,0.0
157,2.616028,0.0,0.0,0.0
158,2.632751,0.0,0.0,0.0
159,2.649475,0.0,0.0,0.0
160,2.666016,0.0,0.0,0.0
161,2.682678,0.0,0.0,0.0
162,2.699463,0.0,0.0,0.0
163,2.716003,0.0,0.0,0.0
164,2.732849,0.0,0.0,0.0
165,2.74939,0.0,0.0,0.0
166,2.766052,0.0,0.0,0.0
167,2.782776,0.0,0.0,0.0
168,2.799438,0.0,0.0,0.0
169,2.816162,0.0,0.0,0.0
170,2.832642,0.0,0.0,0.0
171,2.849365,0.0,0.0,0.0
172,2.866089,0.0,0.0,0.0
173,2.88269,0.0,0.0,0.0
174,2.899414,0.0,7.563386,83.77144
175,2.916077,0.0,58.20686,117.0479
176,2.932861,0.0,46.60184,95.82275
177,2.949646,0.0,47.22409,97.66874
178,2.966248,0.0,47.22409,97.66874
179,2.982666,-1.338867,58.48757,56.37913
180,2.99939,-7.587003,51.25167,43.56273
181,3.01593,-14.55818,34.28741,37.16228
182,3.032715,-6.661131,17.31304,29.11941
183,3.049377,-0.4439621,-2.173234,19.96299
184,3.065979,-0.4439621,-2.173234,19.96299
185,3.082947,0.05482147,-5.820924,22.7059
186,3.099487,-0.1877138,-8.888651,35.26052
187,3.115967,-0.1848375,-8.566936,34.57814
188,3.13269,-0.184219,-8.374283,34.46157
189,3.149414,-1.93708,-7.50217,31.53395
190,3.165955,-1.93708,-7.50217,31.53395
191,3.182922,-0.3065403,-12.01534,53.22662
192,3.199646,-0.3620053,-13.51656,62.88243
193,3.216003,-0.3044466,-7.288417,52.88425
194,3.232666,4.864046,-2.899797,70.88454
195,3.249329,-0.2836918,3.046777,59.03402
196,3.265991,-0.2836918,3.046777,59.03402
197,3.282776,-0.3231936,-2.764983,60.4595
198,3.299255,-0.3881851,-12.22822,72.61719
199,3.31604,-0.4010107,-11.86622,75.01645
200,3.332703,-0.4263483,-5.772992,79.75632
201,3.349243,-0.4577738,0.1829742,85.63505
202,3.366089,-0.4577738,0.1829742,85.63505
203,3.382629,-0.4835826,-8.457732,90.46307
204,3.399353,10.25037,-9.202908,103.0832
205,3.416016,5.524563,1.028125,87.78651
206,3.432617,3.884835,2.786021,104.0077
207,3.44928,0.2495585,9.344151,114.9712
208,3.466187,0.2495585,9.344151,114.9712
209,3.482666,8.251086,21.31299,124.2901
210,3.499329,2.142236,17.57864,94.34211
211,3.515991,2.286431,16.31589,101.4816
212,3.532593,6.883826,13.14041,132.411
213,3.549194,8.52333,10.86895,111.4346
214,3.565979,8.52333,10.86895,111.4346
215,3.582581,15.88206,29.3876,161.9586
216,3.599243,15.91483,25.96834,153.6089
217,3.616089,1.443091,43.52335,146.0445
218,3.632629,0.7211657,42.01069,134.3557
219,3.649292,0.4983332,31.66244,93.21362
220,3.665894,0.4983332,31.66244,93.21362
221,3.6828,0.6395481,30.70555,119.6393
222,3.699402,0.6177222,24.95183,115.5563
223,3.715942,0.5781069,23.59428,108.1456
224,3.732605,0.4229425,18.10314,79.1192
225,3.749268,-8.789545,14.58748,53.39275
226,3.766113,-8.789545,14.58748,53.39275
227,3.782715,-2.220488,21.5251,42.5329
228,3.799316,-1.153393,18.48678,31.93673
229,3.815918,0.06073525,9.236664,20.77522
230,3.833069,0.001128854,0.2000071,0.4493655
231,3.849182,-5.846194,-2.698914,-10.28581
232,3.865906,-5.846194,-2.698914,-10.28581
233,3.882568,-0.9163082,6.817074,-3.020849
234,3.89917,-0.2911948,14.59386,28.21181
235,3.915955,15.27213,32.35641,41.12168
236,3.932617,6.100887,43.11612,37.16486
237,3.94928,6.06904,48.20539,21.1606
238,3.965942,6.06904,48.20539,21.1606
239,3.982544,0.08570619,24.7535,24.71137
240,3.999695,0.1278357,20.00331,44.36988
241,4.015869,0.177404,27.5763,61.63236
242,4.032471,0.1850641,44.95845,64.29408
243,4.049194,0.1558506,55.29516,54.14486
244,4.065979,0.1558506,55.29516,54.14486
245,4.082642,0.1691754,54.85516,58.77411
246,4.099182,-2.861593,40.05975,70.70691
247,4.115967,0.1541031,45.52873,81.95981
248,4.132507,0.2466914,61.42057,100.213
249,4.149536,0.2020276,78.79138,81.88732
250,4.165894,0.2020276,78.79138,81.88732
251,4.182556,0.199533,97.78907,80.87432
252,4.19928,0.173354,87.18842,70.2635
253,4.21582,0.199939,95.7572,81.03887
254,4.232483,0.2050801,82.66293,83.12265
255,4.249207,0.1997476,83.93694,80.96132
256,4.265991,0.1997476,83.93694,80.96132
257,4.282532,0.176061,74.48889,71.36068
258,4.299133,0.185988,77.42695,75.38428
259,4.315857,0.2305731,102.7637,93.45542
260,4.332764,0.1959671,85.53258,79.42899
261,4.349182,0.2164668,97.9549,87.73791
262,4.365845,0.2164668,97.9549,87.73791
263,4.38269,0.1606604,87.05766,65.11854
264,4.399231,0.1638255,103.9479,66.40143
265,4.415833,0.1968903,103.6146,79.80321
266,4.432556,0.1878405,98.92892,76.13514
267,4.449219,0.1957608,108.391,79.34538
268,4.46582,0.1957608,108.391,79.34538
269,4.482544,0.1655491,105.2828,67.10004
270,4.499207,0.1556017,96.94699,63.0682
271,4.515808,0.1526355,97.59401,61.86591
272,4.532837,0.1476651,94.09158,59.85135
273,4.549133,2.163965,104.3488,57.99604
274,4.565857,2.163965,104.3488,57.99604
275,4.58252,11.62551,97.76031,62.9628
276,4.599121,10.98989,104.3712,69.47154
277,4.615845,14.7865,106.5526,68.13474
278,4.63269,0.4317959,105.0896,64.52316
279,4.649109,0.2463917,102.5537,59.74175
280,4.666016,0.2463917,102.5537,59.74175
281,4.682495,0.224194,87.72009,54.52169
282,4.699097,11.001,89.76399,53.33593
283,4.71582,0.39465,88.51304,49.69844
284,4.732483,1.897048,79.01854,52.82843
285,4.749146,1.099146,76.63212,47.53218
286,4.765747,1.099146,76.63212,47.53218
287,4.782471,0.299069,61.98592,43.93312
288,4.799194,0.2204755,50.174,38.24947
289,4.815796,0.2263724,52.72359,39.32188
290,4.832397,0.1613967,37.49482,28.0356
291,4.849121,0.1977312,25.91431,34.34713
292,4.865967,0.1977312,25.91431,34.34713
293,4.882446,0.930388,17.31487,14.13836
294,4.899109,8.98154,17.2435,17.09492
295,4.916199,16.25501,18.2447,24.87944
296,4.932495,4.504277,21.14174,27.56582
297,4.949097,4.102176,16.64631,32.35743
298,4.965942,4.102176,16.64631,32.35743
299,4.982422,0.3251254,7.68819,25.96065
300,4.999146,0.2574437,12.16597,24.93673
301,5.015869,0.2643892,2.935473,25.7163
302,5.032349,0.1416546,-12.85643,13.77917
303,5.049133,-0.7591075,-11.80325,8.148465
304,5.065735,-0.7591075,-11.80325,8.148465
305,5.082397,-0.08244304,-16.0752,-3.443349
306,5.099121,-11.59576,-17.19862,7.681917
307,5.115906,-8.323658,-24.84918,4.333801
308,5.132507,-6.043659,-34.64344,-1.302635
309,5.14917,-14.62471,-29.89093,-7.078694
310,5.16571,-14.62471,-29.89093,-7.078694
311,5.182495,-6.096501,-49.22153,-22.61843
312,5.199219,-8.740216,-38.20969,-9.979445
313,5.215759,-0.06050108,-36.70687,2.577352
314,5.232422,0.04496345,-15.78505,10.07304
315,5.249023,0.04496345,-15.78505,10.07304
316,5.265747,0.04370415,-14.91286,9.662185
317,5.28241,-5.725945,-27.99582,8.272833
318,5.299133,-6.528862,-28.22885,-6.447217
319,5.315735,-6.010972,-42.09672,-8.555766
320,5.332458,-10.94827,-41.47558,-6.456101
321,5.34906,-10.94827,-41.47558,-6.456101
322,5.365784,-1.291447,-29.81309,-4.189581
323,5.382385,-0.4918516,-15.08643,-0.9764292
324,5.398987,-0.8953888,-14.12028,-4.93469
325,5.415771,-21.72387,-28.61378,-14.30142
326,5.432434,-22.98873,-32.87212,-20.44089
327,5.449646,-16.32054,-30.09625,-11.38384
328,5.465759,-16.32054,-30.09625,-11.38384
329,5.482422,-0.6854074,-5.026875,2.154477
330,5.499023,-0.05133158,2.927411,13.24806
331,5.515686,-0.07395062,29.63348,22.46053
332,5.532349,-0.07840955,36.54699,27.24041
333,5.549194,-0.05857497,35.18216,20.34983
334,5.565613,-0.05857497,35.18216,20.34983
335,5.582397,-0.03604738,17.2682,12.52341
336,5.59906,-0.02711037,23.79398,9.418555
337,5.615662,-0.04597427,22.41761,15.97216
338,5.632446,-0.073543,36.15237,25.54996
339,5.649048,-0.073543,36.15237,25.54996
340,5.665649,0.1801586,46.52499,31.95262
341,5.682434,-0.05394527,31.28551,22.32568
342,5.698975,-0.03697633,22.26135,14.98996
343,5.715698,-0.006314727,3.812717,2.559496
344,5.732483,-0.006351575,-4.112681,2.574408
345,5.749023,-0.006351575,-4.112681,2.574408
346,5.765686,0.01502719,-17.89759,-12.08859
347,5.782349,-12.7445,-15.49618,-10.55999
348,5.799011,-12.56071,-4.127322,-2.864231
349,5.815674,-26.07759,-11.80469,-8.207933
350,5.832764,-22.2368,-13.01735,-9.366558
351,5.848938,-22.2368,-13.01735,-9.366558
352,5.865723,-29.57347,-30.09562,-24.08377
353,5.882263,-28.16311,-34.13621,-36.63049
354,5.899048,-20.86323,-39.15247,-34.37508
355,5.91571,-8.336954,-18.14065,-30.98742
356,5.932373,-16.17217,-27.20919,-21.47737
357,5.948975,-16.17217,-27.20919,-21.47737
358,5.965759,0.06440588,-4.87113,-3.592577
359,5.98291,0.2244102,-1.940424,-12.40211
360,5.998962,0.308296,-14.32131,-17.0379
361,6.015686,-3.656422,-25.88372,-24.72519
362,6.032288,-0.908102,-26.32226,-36.56681
363,6.049011,-0.908102,-26.32226,-36.56681
364,6.065857,0.006612886,-0.4589864,-0.3526337
365,6.082275,11.28004,10.78479,8.457604
366,6.098999,26.93447,30.07498,23.22617
367,6.115723,25.43952,29.4208,22.41927
368,6.132263,4.679526,23.10022,17.22585
369,6.148926,4.679526,23.10022,17.22585
370,6.165527,1.53949,12.27394,9.03757
371,6.182251,-0.1704546,18.76549,13.71371
372,6.199036,-0.1819131,19.06325,13.83607
373,6.215576,2.883816,29.22849,21.07297
374,6.2323,-0.1997658,23.46457,16.75499
375,6.248962,-0.1997658,23.46457,16.75499
376,6.265564,-0.1202994,14.9414,10.53175
377,6.282288,-0.1857058,20.61478,15.05973
378,6.29895,3.960058,21.48713,15.73581
379,6.315552,7.573373,41.25974,34.04682
380,6.332275,17.8246,41.19043,40.9272
381,6.349121,12.98858,43.48678,36.05136
382,6.365601,12.98858,43.48678,36.05136
383,6.382324,5.790259,42.48802,31.74022
384,6.398987,4.351402,40.50424,33.82012
385,6.415649,4.2317,33.94741,33.44402
386,6.432434,11.76871,28.90046,38.01808
387,6.448853,11.76871,28.90046,38.01808
388,6.465637,9.449524,40.08679,29.94312
389,6.4823,4.704935,28.74049,22.36891
390,6.49884,13.34732,19.35923,16.52051
391,6.516296,0.08333376,8.148026,4.769226
392,6.532227,0.0004108288,0.1036226,0.06054144
393,6.54895,0.0004108288,0.1036226,0.06054144
394,6.565552,1.084614e-08,2.735702e-06,1.598332e-06
395,6.582275,-2.013174e-11,1.199089e-08,6.994073e-09
396,6.598877,11.74703,2.142695,6.072346
397,6.61554,3.174829,-8.379007,5.274776
398,6.632324,0.01771874,-1.182466,0.7232664
399,6.648804,0.01771874,-1.182466,0.7232664
400,6.665527,0.02105688,-17.57837,-10.24105
401,6.682312,-22.92154,-23.51625,-13.98862
402,6.698914,-3.330885,-21.09969,-12.57299
403,6.71582,-11.69188,-1.008154,-0.6494126
404,6.732117,-0.07002755,-0.1865556,-0.1116662
405,6.748901,-0.07002755,-0.1865556,-0.1116662
406,6.765625,-2.544616e-06,-6.778936e-06,-4.057656e-06
407,6.782227,0.04228434,-17.17651,-10.28313
408,6.798889,0.079638,-28.73957,-19.36716
409,6.815552,-22.21213,-48.50783,-29.83825
410,6.832336,-5.956376,-64.81068,-41.04484
411,6.848816,-5.956376,-64.81068,-41.04484
412,6.865601,-3.243884,-55.85127,-36.34612
413,6.882202,-17.10172,-70.53838,-47.61322
414,6.899109,-9.799876,-58.14915,-43.35267
415,6.915588,-13.15993,-69.61194,-49.7264
416,6.932129,-30.87895,-81.3613,-62.85147
417,6.948853,-30.87895,-81.3613,-62.85147
418,6.965515,-20.54383,-69.14833,-52.69387
419,6.982117,-19.89415,-78.13276,-60.90664
420,6.998901,-16.89402,-47.26373,-36.95432
421,7.015686,-24.81573,-48.51789,-35.02915
422,7.032227,-12.17031,-61.82228,-38.26444
423,7.049072,-22.68678,-55.54277,-42.73117
424,7.065552,-22.68678,-55.54277,-42.73117
425,7.082153,-20.3722,-105.2722,-73.14767
426,7.098816,-5.463747,-82.62014,-49.99107
427,7.115601,1.033989,-88.2932,-42.20306
428,7.132202,0.8114724,-69.52029,-30.8453
429,7.148804,0.8114724,-69.52029,-30.8453
430,7.165649,0.4495123,-52.27011,-16.8662
431,7.182251,-2.402138,-52.02242,-22.88824
432,7.198853,-12.38618,-73.98223,-29.8269
433,7.215576,-19.71562,-73.87975,-40.8258
434,7.232117,-16.99821,-68.74837,-25.53996
435,7.248779,-16.99821,-68.74837,-25.53996
436,7.265503,-20.47579,-69.12207,-17.43416
437,7.282104,-1.828769,-62.84795,-12.2959
438,7.298828,-14.54657,-45.6937,-7.788185
439,7.315491,-10.20871,-63.9292,-16.8805
440,7.332092,-16.43271,-76.43687,-28.90642
441,7.348755,-16.43271,-76.43687,-28.90642
442,7.365417,-29.49599,-83.46035,-33.47256
443,7.382141,-8.576534,-70.41143,-22.98312
444,7.398804,-1.979318,-58.81934,-15.4782
445,7.415466,0.1008581,-49.04188,-8.009394
446,7.432312,0.3060852,-42.30697,-7.256516
447,7.448792,0.3060852,-42.30697,-7.256516
448,7.465515,1.08398,-46.83891,-25.49565
449,7.482178,0.2233168,-66.57171,-24.81038
450,7.49884,-10.79556,-68.91564,-35.22795
451,7.51532,-15.48777,-74.89862,-35.25471
452,7.532104,-1.584526,-64.8416,-22.56822
453,7.548828,-1.584526,-64.8416,-22.56822
454,7.565552,0.5499261,-49.68911,-11.76298
455,7.582336,0.5664052,-51.38658,-12.0742
456,7.598816,0.7106901,-40.613,-15.14974
457,7.615417,0.7301599,-39.38694,-15.56478
458,7.632141,0.1940176,-29.00677,-4.135863
459,7.648865,0.1940176,-29.00677,-4.135863
460,7.665405,-0.2488667,-12.39159,5.305078
461,7.682129,0.5211684,-3.68507,1.606292
462,7.69873,2.184354,2.282121,3.185467
463,7.715393,20.58167,1.151989,2.441589
464,7.732178,23.43237,5.22998,7.944213
465,7.748657,23.43237,5.22998,7.944213
466,7.76532,14.92756,1.73434,2.876193
467,7.782104,13.3142,1.602281,2.613094
468,7.798767,12.39059,5.802428,8.107892
469,7.815552,3.113966,8.448425,9.658317
470,7.832397,3.337073,0.0700957,0.1931653
471,7.848755,3.337073,0.0700957,0.1931653
472,7.865356,0.0001212604,2.547092e-06,7.019115e-06
473,7.882263,1.384757e-06,2.908702e-08,8.015617e-08
474,7.898804,-0.2522013,5.740892,7.386668
475,7.915344,-0.2897647,18.23058,8.486854
476,7.932068,-0.3600383,15.1241,10.54508
477,7.94873,-0.3600383,15.1241,10.54508
478,7.965881,1.789847,25.06166,9.063341
479,7.982056,-0.390043,23.45352,11.93816
480,7.99884,-0.5451896,26.22097,16.16446
481,8.015503,-0.4854267,33.03268,14.56889
482,8.032104,4.82484,31.58994,14.96588
483,8.048645,4.82484,31.58994,14.96588
484,8.065369,0.03729133,19.2851,-0.08985046
485,8.08197,0.631978,17.89604,3.290025
486,8.098694,1.121235,9.133446,-0.5109714
487,8.115417,7.466837,12.49248,5.275254
488,8.13208,11.61465,19.20622,0.735564
489,8.148804,11.61465,19.20622,0.735564
490,8.165344,3.563406,17.41789,18.12492
491,8.182068,-0.447252,14.61334,15.50943
492,8.198669,-0.3522295,18.17021,11.57557
493,8.215515,-0.6174114,16.91395,20.28418
494,8.232056,-3.717624,23.13898,24.70394
495,8.248657,-3.717624,23.13898,24.70394
496,8.265381,-1.027804,31.79755,33.30396
497,8.282043,-0.9331756,34.4971,30.24904
498,8.298828,-3.268906,28.35237,32.2123
499,8.315247,-0.8966659,25.3035,28.2459
500,8.33197,-0.8973693,25.60703,28.70181
501,8.348816,-0.8973693,25.60703,28.70181
502,8.365356,-0.6941788,20.13661,22.2057
503,8.38208,-0.6555073,20.87778,20.96865
504,8.398682,-0.2058407,6.059496,6.584523
505,8.415344,-0.266477,12.37648,8.524184
506,8.432007,-2.922139,0.1026864,-0.02175834
507,8.448669,-2.922139,0.1026864,-0.02175834
508,8.465271,-0.0001461481,5.135763e-06,-1.088223e-06
509,8.482056,-8.809877e-07,3.095862e-08,-6.559861e-09
510,8.498962,15.29887,9.295028,10.57367
511,8.51532,20.57318,0.9834952,1.694171
512,8.531982,0.1620765,0.2703122,0.2982212
513,8.548645,0.1620765,0.2703122,0.2982212
514,8.565369,0.2826408,-8.716177,-9.456156
515,8.58197,5.816652,-5.369878,-5.67053
516,8.598633,23.83936,-7.052273,-7.022019
517,8.615295,36.00903,-6.543987,-6.212861
518,8.632385,37.83686,-0.4342583,0.412435
519,8.648865,37.83686,-0.4342583,0.412435
520,8.665283,37.8199,13.49954,-5.599862
521,8.681946,17.2023,11.46813,-5.488295
522,8.698669,14.50204,9.462463,-4.240385
523,8.715271,21.20028,5.548662,-4.329704
524,8.731995,28.53758,10.69828,-5.336817
525,8.748596,28.53758,10.69828,-5.336817
526,8.76532,37.87919,11.30289,-5.217066
527,8.781982,43.02146,4.454615,-2.083377
528,8.798584,42.92495,15.4372,-5.428625
529,8.81543,43.10345,3.788284,-0.5248999
530,8.83197,47.51389,0.2768749,-0.5348209
531,8.848755,47.51389,0.2768749,-0.5348209
532,8.865295,19.4245,0.007360324,-0.259169
533,8.88208,2.602507,6.106783e-05,-0.03641694
534,8.898682,0.01139803,2.674469e-07,-0.0001594928
535,8.915405,4.991918e-05,0.0,-6.979536e-07
536,8.932129,3.009152e-07,0.0,-4.207298e-09
537,8.948547,3.009152e-07,0.0,-4.207298e-09
538,8.965271,0.0,0.0,0.0
539,8.982056,0.0,0.0,0.0
540,8.998657,-0.01355047,-0.8850082,-0.9691592
541,9.015442,-0.04072331,5.999407,-2.912621
542,9.031921,0.07641439,5.047073,5.465325
543,9.048706,0.07641439,5.047073,5.465325
544,9.065186,0.09948858,7.248826,7.115642
545,9.081909,-0.0380406,6.521332,-2.720748
546,9.098572,-4.131212,0.132845,0.157805
547,9.115234,-4.196568,0.350954,-0.114379
548,9.131897,-21.0656,-8.713649,-9.248335
549,9.148621,-21.0656,-8.713649,-9.248335
550,9.165344,-1.154113,-0.0001671381,0.01310617
551,9.181885,-7.792598,5.272952,5.828791
552,9.198792,0.09054222,10.38046,11.25723
553,9.215271,0.1838164,15.62926,16.57454
554,9.231812,-1.385517,20.33547,17.9434
555,9.248535,-1.385517,20.33547,17.9434
556,9.265503,-5.389061,33.08649,14.8909
557,9.281982,-2.042168,21.93885,21.01772
558,9.298706,-7.793929,14.22023,13.52436
559,9.315186,-8.293773,19.89106,20.28781
560,9.33197,-14.80342,20.21435,20.79425
561,9.348572,-14.80342,20.21435,20.79425
562,9.365234,-12.14222,21.40293,21.76915
563,9.381897,-5.383313,22.71596,22.83886
564,9.39856,-3.840059,23.35388,23.25908
565,9.415344,-16.48804,31.86797,31.40941
566,9.431946,-13.34551,32.96702,32.12382
567,9.448608,-13.34551,32.96702,32.12382
568,9.46521,-6.103061,14.22545,30.11668
569,9.481934,-0.122263,30.89169,29.22882
570,9.498596,-0.06944559,30.00016,27.97855
571,9.515198,0.5520663,17.07108,15.80465
572,9.53186,11.11715,12.00228,8.760893
573,9.548584,11.11715,12.00228,8.760893
574,9.565186,0.0007617084,0.003276752,0.00285817
575,9.581787,0.01376367,-9.073197,-8.365195
576,9.598633,0.02073735,-10.91313,-10.08625
577,9.615173,0.02189982,-11.49668,-10.65168
578,9.631897,0.01513402,-7.931884,-7.360916
579,9.648499,0.01513402,-7.931884,-7.360916
580,9.665344,0.0248209,-12.93467,-12.07244
581,9.681824,0.4743957,-18.61996,-17.47766
582,9.698547,0.03812083,-23.2379,-21.99202
583,9.715088,-12.02867,-35.45253,-33.96211
584,9.731873,-0.3882016,-31.50698,-30.48273
585,9.748535,-0.3882016,-31.50698,-30.48273
586,9.765198,0.04927156,-24.35459,-23.96899
587,9.78186,0.04908117,-24.09866,-23.87226
588,9.798767,0.05202089,-25.35532,-25.30202
589,9.815125,0.05582378,-33.52306,-27.15168
590,9.831848,0.07017791,-33.56368,-34.13327
591,9.84845,0.07017791,-33.56368,-34.13327
592,9.865479,0.04376989,-35.26282,-32.05687
593,9.881836,0.07596196,-30.58044,-30.87487
594,9.89856,0.07858615,-40.29048,-31.8531
595,9.915161,0.07893413,-38.64874,-31.99343
596,9.931824,0.1025543,-48.26631,-41.5671
597,9.948486,0.1025543,-48.26631,-41.5671
598,9.96521,-0.3470589,-52.32284,-34.54377
599,9.98175,-0.532032,-54.17199,-34.56614
600,9.998413,0.09157073,-46.60892,-28.69423
601,10.01508,0.07818238,-37.02937,-23.77167
602,10.0318,0.09194523,-39.73449,-27.95029
603,10.04852,0.09194523,-39.73449,-27.95029
604,10.06512,0.0708003,-33.80931,-21.52244
605,10.08173,0.10056,-32.94328,-30.56905
606,10.09845,0.04624422,-31.84023,-14.05769
607,10.11511,0.06163785,-29.80796,-18.73717
608,10.13177,0.1004261,-39.21247,-30.52834
609,10.1485,0.1004261,-39.21247,-30.52834
610,10.1651,-14.12747,-39.6032,-32.7442
611,10.18201,0.01923419,-39.09765,-28.34748
612,10.19849,0.08322003,-25.02174,-22.75083
613,10.21509,0.07017191,-33.81266,-18.9624
614,10.23181,0.07121778,-21.32544,-19.24386
615,10.24847,0.07121778,-21.32544,-19.24386
616,10.26514,0.08382962,-23.00089,-22.65171
617,10.2818,0.06393924,-26.54349,-17.27711
618,10.29846,0.06948056,-27.95384,-18.77444
619,10.31506,0.08301134,-18.80207,-22.43061
620,10.33258,0.07644426,-16.58388,-20.65611
621,10.34845,0.07644426,-16.58388,-20.65611
622,10.36511,0.119585,-23.71549,-32.31322
623,10.38165,-0.4634327,-20.66163,-29.26709
624,10.39844,0.1026847,-23.42573,-25.82574
625,10.41504,0.04880066,-19.83681,-11.87156
626,10.43176,0.06110059,-14.37714,-14.85908
627,10.44836,0.06110059,-14.37714,-14.85908
628,10.46509,0.0318419,-20.41629,-7.74363
629,10.48175,0.07626228,-18.20366,-18.54622
630,10.49835,0.05008605,-24.43121,-12.18042
631,10.51508,-1.946784,-16.26628,-18.08683
632,10.53168,0.03331557,-10.34266,-12.4822
633,10.5484,0.03331557,-10.34266,-12.4822
634,10.56506,0.02426722,-3.724699,-5.365386
635,10.58173,0.05853492,-8.349873,-12.94099
636,10.59845,0.07212324,-10.23126,-15.94511
637,10.61511,-0.9382548,-14.60615,-22.9325
638,10.63184,-0.224571,-10.0503,-15.87735
639,10.64844,-0.224571,-10.0503,-15.87735
640,10.6651,0.04477974,-5.521111,-8.378404
641,10.6817,10.88381,-0.04580808,-0.01581123
642,10.6983,0.1132731,-0.0002006225,0.0002544808
643,10.71503,0.0006828156,-1.209362e-06,1.534022e-06
644,10.73169,2.990482e-06,-5.104657e-09,6.634191e-09
645,10.74841,2.990482e-06,-5.104657e-09,6.634191e-09
646,10.76501,0.0006533579,-0.08306846,-0.1324081
647,10.78156,2.861468e-06,-0.0003638093,-0.0005798987
648,10.79846,-0.01670246,2.127411,3.384884
649,10.81494,1.397014,9.787775,15.50961
650,10.83179,5.235964,4.820816,7.629922
651,10.84833,5.235964,4.820816,7.629922
652,10.86554,0.0001346821,0.01992271,0.03135847
653,10.88159,5.898581e-07,8.725415e-05,0.0001373386
654,10.89825,3.555693e-09,5.259722e-07,8.278834e-07
655,10.91492,-1.490892e-11,2.303565e-09,3.6257e-09
656,10.93164,0.0,0.0,0.0
657,10.94836,0.0,0.0,0.0
658,10.96497,0.01632329,7.543261,11.83032
659,10.98169,5.299918,8.488117,12.7815
660,10.99854,14.64702,13.45595,19.1195
661,11.01501,4.098218,15.83885,13.64418
662,11.03174,2.915579,25.84532,11.76361
663,11.04828,2.915579,25.84532,11.76361
664,11.06494,6.991293,29.71411,10.50341
665,11.08173,2.815724,25.00488,3.995755
666,11.09833,2.761166,22.92797,7.888089
667,11.11505,2.103671,37.36274,16.55832
668,11.13165,18.96887,33.90061,5.404922
669,11.14832,18.96887,33.90061,5.404922
670,11.16498,1.919402,26.85052,7.136453
671,11.1817,0.03149755,36.30852,3.409441
672,11.19824,0.009554273,29.24314,3.200868
673,11.21509,11.54515,23.71468,4.155704
674,11.23157,13.91171,23.06864,3.639632
675,11.24872,13.91171,23.06864,3.639632
676,11.26495,14.63501,18.64947,-3.82126
677,11.28168,3.795795,9.814114,-4.799358
678,11.29822,1.07893,3.170743,-2.637885
679,11.31519,4.3456,-1.918099,-7.8979
680,11.33173,4.440964,-7.532508,-15.66169
681,11.34839,4.440964,-7.532508,-15.66169
682,11.36499,25.99334,-6.694136,-10.74904
683,11.38159,13.7935,-9.111566,-13.57351
684,11.3985,18.59917,-8.234684,-12.43454
685,11.41498,17.51435,-3.628868,-5.672653
686,11.4317,26.96967,-12.63326,-5.88894
687,11.44836,26.96967,-12.63326,-5.88894
688,11.46497,25.02634,-0.04443304,-0.6519815
689,11.48157,15.39908,3.56581,5.379971
690,11.49835,26.96834,8.238075,11.49062
691,11.51489,11.62488,5.405429,7.658637
692,11.53174,9.981724,11.75294,16.96149
693,11.5484,9.981724,11.75294,16.96149
694,11.56494,0.9086515,15.07051,21.77045
695,11.5816,0.4622214,9.992716,14.35194
696,11.59833,-2.419033,8.916621,12.65242
697,11.61487,-23.38375,1.853291,3.355683
698,11.63171,-21.88562,0.1296275,0.8060023
699,11.64832,-21.88562,0.1296275,0.8060023
700,11.66492,-44.15586,5.357813,8.560383
701,11.68164,-64.72925,2.721627,4.885771
702,11.69861,-67.73959,2.452193,4.125078
703,11.71478,-92.29849,6.635578,9.623474
704,11.73169,-88.03445,6.776815,9.100398
705,11.74829,-88.03445,6.776815,9.100398
706,11.76489,-88.70523,7.267872,8.344269
707,11.7818,-86.79001,4.794193,4.2108
708,11.79828,-102.4852,11.69736,12.55244
709,11.81488,-82.57978,13.46656,15.12753
710,11.83154,-51.52765,8.650596,9.458692
711,11.84827,-51.52765,8.650596,9.458692
712,11.86487,-29.03358,8.94632,10.62266
713,11.88159,-21.65755,10.44006,12.96806
714,11.89825,-11.45267,3.414528,3.964134
715,11.91486,-0.3833663,4.133714,5.599055
716,11.93188,22.71025,0.03429699,1.374207
717,11.94818,22.71025,0.03429699,1.374207
718,11.9649,34.03788,1.246262e-06,1.821261
719,11.98157,53.34242,1.034011e-08,2.678237
720,11.99823,46.81816,0.0,2.176995
721,12.01489,39.86123,0.0,1.705693
722,12.03149,51.9829,0.0,2.010281
723,12.04828,51.9829,0.0,2.010281
724,12.06506,50.39501,-0.0172722,1.531191
725,12.08142,61.59591,-0.0001972433,1.646455
726,12.09827,60.3592,-1.636507e-06,1.365311
727,12.11487,27.5283,-9.864944e-09,0.5434117
728,12.13153,27.0099,7.816792,11.05998
729,12.14819,27.0099,7.816792,11.05998
730,12.16528,5.247303,7.457921,5.901839
731,12.18164,7.166352,20.87437,13.63012
732,12.19818,0.1061602,28.93825,-1.691761
733,12.21497,-0.1199395,32.27815,9.142484
734,12.23151,-0.2622191,35.72022,-2.389846
735,12.24829,-0.2622191,35.72022,-2.389846
736,12.26495,-0.1578056,32.8095,4.876941
737,12.28156,-0.05280377,41.12455,3.642059
738,12.29822,-0.1003807,45.341,6.974134
739,12.31476,-0.009611752,30.57631,0.6678088
740,12.33148,0.3531328,28.56638,-3.272304
741,12.34821,0.3531328,28.56638,-3.272304
742,12.36475,14.127,22.72269,2.243399
743,12.38153,5.362817,34.21065,6.78533
744,12.39807,9.866035,40.77163,15.33977
745,12.41486,3.915501,36.80433,14.91283
746,12.43146,11.70156,30.2516,9.835928
747,12.44818,11.70156,30.2516,9.835928
748,12.46484,6.17459,25.25928,17.1567
749,12.48145,4.908446,33.01474,23.71098
750,12.49805,1.944586,30.59617,21.50129
751,12.51483,7.738618,29.79597,13.772
752,12.53149,1.075422,26.73804,11.72896
753,12.54828,1.075422,26.73804,11.72896
754,12.56482,5.241842,1.856632,0.3945133
755,12.58154,1.589926,0.2598493,0.2991494
756,12.59802,0.4705497,0.002154941,0.004546163
757,12.61481,0.05752133,-12.18941,-11.52919
758,12.63153,0.08254839,-24.75722,-18.24277
759,12.64813,0.08254839,-24.75722,-18.24277
760,12.66486,0.04370077,-43.03267,-9.661432
761,12.68146,0.09268671,-62.28354,-20.49132
762,12.69916,0.1250892,-63.23898,-27.65491
763,12.71497,0.1009742,-59.73649,-22.32352
764,12.73145,0.07632069,-56.066,-16.87309
765,12.74811,0.07632069,-56.066,-16.87309
766,12.76477,0.1113842,-48.41389,-24.62499
767,12.78143,0.1587381,-56.59096,-35.09407
768,12.79816,0.1476868,-52.07654,-32.65082
769,12.81476,-9.922787,-62.41691,-43.85489
770,12.83142,0.2297198,-71.89885,-55.51463
771,12.84827,0.2297198,-71.89885,-55.51463
772,12.86469,0.2613527,-70.96683,-49.83459
773,12.88141,-4.699937,-77.8673,-58.93857
774,12.89825,-6.810005,-86.95661,-64.47629
775,12.91473,0.2978457,-74.61504,-55.29788
776,12.93134,0.3202692,-72.90839,-51.95437
777,12.94806,0.3202692,-72.90839,-51.95437
778,12.96472,0.2000751,-42.55533,-32.43727
779,12.98145,0.1336427,-37.98396,-21.66688
780,12.99817,0.1201855,-35.04466,-19.48513
781,13.01471,0.09849637,-21.53548,-15.96877
782,13.03137,0.09423655,-29.52611,-15.27815
783,13.0481,0.09423655,-29.52611,-15.27815
784,13.06458,0.03401377,-10.71639,-5.514499
785,13.08179,0.04118163,-14.14257,-6.676591
786,13.09802,0.04373794,-8.596593,-7.091034
787,13.11475,0.08555423,-15.81437,-13.87052
788,13.13141,0.09601513,-14.633,-15.5665
789,13.14801,0.09601513,-14.633,-15.5665
790,13.16467,0.1155046,-26.57647,-18.72624
791,13.18146,0.09365667,-25.13988,-15.18413
792,13.19806,0.1275542,-33.63934,-20.67979
793,13.2146,0.1061434,-22.65573,-17.20855
794,13.23157,0.195037,-23.18156,-31.62047
795,13.24792,0.195037,-23.18156,-31.62047
796,13.26477,0.1394387,-29.3427,-22.60656
797,13.28149,0.1933094,-38.59893,-31.34037
798,13.29797,0.1316621,-34.2141,-21.34579
799,13.3147,0.1315778,-28.45204,-21.33211
800,13.3313,0.1840977,-36.38107,-29.84693
801,13.34814,0.1840977,-36.38107,-29.84693
802,13.36475,0.2023448,-38.07104,-32.80526
803,13.38129,0.230122,-38.00381,-37.30864
804,13.39801,0.1486822,-32.92048,-24.10518
805,13.41473,0.1224263,-41.8137,-19.84842
806,13.43134,0.1158484,-32.62207,-18.78198
807,13.448,0.1158484,-32.62207,-18.78198
808,13.46478,0.08084463,-29.31235,-13.10698
809,13.48132,0.1248366,-23.36448,-20.23919
810,13.49805,0.1609277,-30.02091,-26.09048
811,13.51471,0.1290679,-31.1827,-20.9252
812,13.53137,0.07212988,-24.0923,-11.69409
813,13.54797,0.07212988,-24.0923,-11.69409
814,13.56458,10.50254,-17.43024,0.5148533
815,13.5813,13.40512,-1.132602,-1.056627
816,13.59802,22.0519,-0.1896993,0.1252149
817,13.61487,5.853808,-0.001143516,0.01240759
818,13.63135,10.08713,-0.3231532,0.131188
819,13.64801,10.08713,-0.3231532,0.131188
820,13.66467,33.54396,1.98885,4.337091
821,13.68127,42.48451,0.01198888,-0.3920576
822,13.69812,59.22015,9.947201e-05,-0.9008402
823,13.71454,64.26655,5.99622e-07,-1.321501
824,13.73132,63.91136,-3.704109,-10.10579
825,13.74799,63.91136,-3.704109,-10.10579
826,13.76459,63.82241,-9.779082e-05,-2.442077
827,13.78131,68.09043,-4.282879e-07,-3.025851
828,13.7981,61.96726,-0.2964823,-3.786866
829,13.81482,49.47369,-3.892097,-11.64023
830,13.83142,33.97084,-0.596675,-3.378692
831,13.84796,33.97084,-0.596675,-3.378692
832,13.86469,19.04299,-0.3015606,-1.915532
833,13.88123,25.85298,-0.5651683,-3.013142
834,13.89807,17.34965,-0.004689142,-1.189725
835,13.91473,20.36266,-2.826637e-05,-1.417402
836,13.93127,25.29774,0.3371432,-1.935694
837,13.94806,25.29774,0.3371432,-1.935694
838,13.96484,23.08065,6.051495e-05,-1.749659
839,13.98126,30.83583,0.5487568,-1.165715
840,13.99823,25.13696,0.002403353,-2.024787
841,14.01465,19.1611,1.448751e-05,-1.587267
842,14.03149,10.16174,1.202013e-07,-0.8544182
843,14.04803,10.16174,1.202013e-07,-0.8544182
844,14.06458,1.804713,0.0,-0.1547334
845,14.0813,0.01497351,0.0,-0.001283807
846,14.0979,0.000170993,0.0,-1.466069e-05
847,14.11475,-9.929538,0.0,0.8472311
848,14.13129,-12.44028,0.0,1.056306
849,14.14801,-12.44028,0.0,1.056306
850,14.16461,-21.87343,0.0,1.811988
851,14.18134,-23.7868,0.8995679,1.575444
852,14.19806,-25.9715,2.059264,6.733058
853,14.21454,-37.60533,0.02351617,2.888666
854,14.23126,-58.18285,0.0005087437,4.147131
855,14.24786,-58.18285,0.0005087437,4.147131
856,14.26477,-55.6411,1.906806,7.752421
857,14.28162,-77.3674,0.02997092,4.303942
858,14.29816,-64.64034,1.972861,7.670766
859,14.31458,-57.98332,0.008640406,2.500877
860,14.33124,-55.93293,7.168854e-05,2.117133
861,14.3479,-55.93293,7.168854e-05,2.117133
862,14.36456,-40.19723,0.5452058,2.416588
863,14.38116,-44.04097,2.149337,6.028889
864,14.39789,-33.61606,6.078211,14.52185
865,14.41461,-51.03448,2.853148,7.353845
866,14.43127,-54.18879,5.298585,12.68912
867,14.44794,-54.18879,5.298585,12.68912
868,14.4646,-28.4149,0.01727003,0.2024962
869,14.48126,-32.18119,0.1547418,0.4541686
870,14.49786,-4.911131,1.242725,-0.476815
871,14.51477,-0.05220589,1.067522,2.360237
872,14.53186,1.787038,0.003396843,0.003835836
873,14.54791,1.787038,0.003396843,0.003835836
874,14.56458,21.83491,2.338335e-07,-0.09876356
875,14.5813,12.49554,5.222931,11.64576
876,14.59802,12.7497,4.037255,8.953429
877,14.6145,26.73716,3.139596,6.76794
878,14.63129,10.34194,0.593404,1.210728
879,14.64789,10.34194,0.593404,1.210728
880,14.66455,0.4171173,-0.01987351,0.002571518
881,14.68134,13.31365,-3.473782,1.185096
882,14.69812,19.29308,-14.14139,4.178152
883,14.71448,11.23383,-24.26217,8.851645
884,14.73126,5.499382,-19.95083,3.545256
885,14.74786,5.499382,-19.95083,3.545256
886,14.76447,0.8167763,-25.35639,6.174117
887,14.78119,9.25718,-29.96149,-2.104295
888,14.79822,0.09712933,-29.61375,-0.5079146
889,14.81451,-0.06773701,-37.4152,-3.856804
890,14.83124,-0.06046807,-35.063,-3.419598
891,14.84778,-0.06046807,-35.063,-3.419598
892,14.86456,-0.07794677,-27.93527,-4.407908
893,14.8811,-0.1594325,-18.47373,-9.015946
894,14.89783,-0.2745646,-11.40562,-15.52669
895,14.91455,-0.2985532,-11.24444,-16.88325
896,14.93115,-0.14801,-3.601932,-8.369999
897,14.94781,-0.14801,-3.601932,-8.369999
898,14.96454,-0.2038152,-4.79115,-11.5258
899,14.98108,-0.2264605,-5.295035,-12.80639
900,14.99774,4.478454,-6.92377,-16.90988
901,15.01447,-0.2709737,-6.616168,-16.13232
902,15.03113,1.536219,-5.534055,-13.55781
903,15.04785,1.536219,-5.534055,-13.55781
904,15.06519,-0.1856184,-3.99739,-10.03199
905,15.08112,-0.157653,-1.498185,-8.519021
906,15.0979,-0.06196991,9.176477,-3.348628
907,15.11456,-0.1327479,20.41922,-7.173212
908,15.13135,0.8969176,34.05151,9.085329
909,15.14783,0.8969176,34.05151,9.085329
910,15.16461,1.779277,52.94988,20.38982
911,15.18121,1.355259,45.60852,17.96628
912,15.19781,0.3308927,44.78816,15.88146
913,15.2149,0.3329,41.20781,9.718364
914,15.23114,0.3951645,32.38714,18.7701
915,15.24799,0.3951645,32.38714,18.7701
916,15.2644,0.481218,33.2078,22.9433
917,15.28113,3.969996,36.10238,22.15894
918,15.29779,9.607953,21.91487,19.59657
919,15.31451,0.5807232,25.74617,23.14004
920,15.33112,5.031589,22.26531,20.86485
921,15.3479,5.031589,22.26531,20.86485
922,15.3645,0.6503862,22.05111,29.27809
923,15.38116,5.734629,17.57896,25.38855
924,15.39777,0.5961071,19.99468,25.35172
925,15.41431,0.5056757,18.87696,22.3494
926,15.43127,0.516313,15.58897,22.82568
927,15.448,0.516313,15.58897,22.82568
928,15.46442,0.2877639,8.0944,12.72177
929,15.48108,0.3137845,11.09309,13.87212
930,15.4978,0.1135901,3.641037,5.021711
931,15.51447,0.01774305,8.233838,0.7844036
932,15.53107,0.004454379,2.324497,0.1969239
933,15.54767,0.004454379,2.324497,0.1969239
934,15.56439,0.008577107,4.277224,0.3791859
935,15.58105,5.170321e-05,0.02578331,0.00228575
936,15.5979,0.4090411,0.000155423,-0.009406924
937,15.61432,0.00179145,6.806956e-07,-4.119887e-05
938,15.63116,-0.3553403,-7.741683,-15.42929
939,15.64783,-0.3553403,-7.741683,-15.42929
940,15.66443,-14.50202,-12.6651,-25.32823
941,15.68109,-8.378694,-31.49393,-35.01562
942,15.69763,-14.09472,-27.18184,-26.36975
943,15.71436,-2.766363,-25.59984,-36.44893
944,15.73102,-1.502707,-27.25147,-28.38825
945,15.74823,-1.502707,-27.25147,-28.38825
946,15.7644,-0.3816509,-23.57785,-19.74058
947,15.78094,-0.3915529,-14.77621,-20.2575
948,15.79767,-0.4922812,-29.43829,-25.46885
949,15.81439,6.024512,-30.50139,-24.37632
950,15.83105,-0.6069535,-34.1694,-32.72946
951,15.84784,-0.6069535,-34.1694,-32.72946
952,15.86444,-0.7282715,-31.98064,-36.89305
953,15.8811,-0.6607146,-33.87841,-33.47066
954,15.89771,-0.4172758,-23.36892,-21.13847
955,15.91431,-0.4448293,-21.40573,-22.53429
956,15.93097,-0.4093517,-18.20473,-20.73705
957,15.94763,-0.4093517,-18.20473,-20.73705
958,15.96429,-0.09739725,-7.337097,-4.933977
959,15.98108,0.3322575,-0.3862521,-0.8451225
960,15.99786,10.26318,-0.001691642,-0.2147121
961,16.01434,0.1470073,-1.01973e-05,-0.003045024
962,16.03107,8.443179,-8.460593e-08,-0.1770893
963,16.04791,8.443179,-8.460593e-08,-0.1770893
964,16.06427,19.09868,4.741379,12.58666
965,16.08105,8.484077,-1.523034,13.97027
966,16.09772,10.27212,-2.043693,28.44418
967,16.11432,24.77043,1.386584,22.31052
968,16.13135,22.58084,-3.680788,14.77155
969,16.14819,22.58084,-3.680788,14.77155
970,16.16437,16.00265,-12.31221,-3.872929
971,16.18091,8.961767,-14.59997,-3.025504
972,16.19781,-0.5455538,-34.34642,-17.34867
973,16.21442,-0.821079,-37.194,-24.34897
974,16.2309,-1.054433,-37.50177,-31.26001
975,16.24768,-1.054433,-37.50177,-31.26001
976,16.26422,-1.882536,-58.95089,-56.16459
977,16.28094,-1.789477,-67.40242,-53.70394
978,16.29767,-2.146789,-66.58109,-64.43053
979,16.31439,-2.626117,-73.33383,-78.81636
980,16.33093,-2.016201,-63.33942,-60.51126
981,16.34772,-2.016201,-63.33942,-60.51126
982,16.36426,-1.974513,-58.12571,-59.26009
983,16.38104,-1.333918,-53.14276,-40.03425
984,16.39771,-1.281086,-36.59582,-38.4486
985,16.41425,8.192685,-32.12296,-34.92676
986,16.43103,-0.5839976,-23.93252,-22.77566
987,16.448,-0.5839976,-23.93252,-22.77566
988,16.46423,-0.5608304,-20.5469,-16.73842
989,16.48096,15.69445,-12.54686,-12.85346
990,16.49762,15.9388,-6.460887,-2.384087
991,16.51422,3.259541,-11.98127,-4.144807
992,16.53094,1.676657,-2.568057,0.6716732
993,16.54755,1.676657,-2.568057,0.6716732
994,16.56427,0.02834838,-0.00024332,-0.0009685283
995,16.58112,0.0148746,-1.322529,0.3998324
996,16.5976,-0.141223,-20.51001,-3.857216
997,16.61426,-0.4802365,-18.00571,-13.11654
998,16.63092,-0.4415119,-15.71948,-12.05887
999,16.64758,-0.4415119,-15.71948,-12.05887
1000,16.66461,-0.2926655,-5.005562,-7.993477
1001,16.68109,0.02518627,-9.649522,0.6879044
1002,16.69757,0.0001518241,-0.05816777,0.00414672
1003,16.71423,10.99622,-0.0004826119,-0.4070984
1004,16.73096,0.06628573,-2.909208e-06,-0.002454008
1005,16.74756,0.06628573,-2.909208e-06,-0.002454008
1006,16.76428,2.408648e-06,0.0,-8.917971e-08
1007,16.78094,-0.1798788,-15.20666,-4.858332
1008,16.79755,-0.4594977,-4.777611,-12.41054
1009,16.81445,-8.272311,-3.794265,0.2904713
1010,16.83099,-15.86411,-0.9659372,-0.1573136
1011,16.84766,-15.86411,-0.9659372,-0.1573136
1012,16.8642,-1.702616,-0.0002732912,0.05932384
1013,16.88092,-0.2512411,0.656329,2.441777
1014,16.89752,0.1267379,2.443918,8.996678
1015,16.91431,0.1434793,1.146276,4.196522
1016,16.93091,0.4745393,3.769358,13.73336
1017,16.94757,0.4745393,3.769358,13.73336
1018,16.96411,11.91267,6.935027,24.51325
1019,16.9809,11.00144,10.34026,32.50593
1020,16.99756,11.38838,29.39981,42.94045
1021,17.01428,14.15186,36.50007,37.17557
1022,17.03088,1.446369,42.87743,31.46272
1023,17.04761,1.446369,42.87743,31.46272
1024,17.06421,1.857831,29.06038,47.53429
1025,17.08093,1.945422,31.06396,50.30576
1026,17.09753,2.188142,36.03431,56.58213
1027,17.11426,-14.25553,27.2117,54.38105
1028,17.13086,1.677919,35.61568,46.44215
1029,17.14758,1.677919,35.61568,46.44215
1030,17.16425,-4.542309,16.00363,41.63364
1031,17.18085,1.692569,17.73291,48.23407
1032,17.19769,-1.54222,18.76179,50.27596
1033,17.21423,1.86902,19.22725,50.32757
1034,17.2309,1.357584,19.47428,50.012
1035,17.2475,1.357584,19.47428,50.012
1036,17.26428,-5.928548,10.62323,26.7778
1037,17.28082,-7.66398,6.270578,16.74441
1038,17.29749,-21.03047,-4.340486,25.58107
1039,17.31421,-7.489288,-9.632255,20.99511
1040,17.33081,-21.34141,-1.717735,20.35467
1041,17.34753,-21.34141,-1.717735,20.35467
1042,17.36414,-15.08358,-2.171255,19.7029
1043,17.3808,-5.578452,-2.601274,24.69062
1044,17.39746,-16.27352,0.3212388,28.36835
1045,17.41412,-7.750725,1.659098,33.44896
1046,17.43091,-7.545264,3.195843,36.5326
1047,17.44745,-7.545264,3.195843,36.5326
1048,17.46411,-3.557309,14.49436,46.46632
1049,17.48077,-11.037,7.158268,55.37784
1050,17.4975,-0.2288022,0.5784084,56.04974
1051,17.51416,-4.46854,3.014471,45.48178
1052,17.53088,-1.823185,1.487144,53.44088
1053,17.54742,-1.823185,1.487144,53.44088
1054,17.56415,0.6823192,-3.896811,47.74415
1055,17.58142,-8.671812,2.674288,46.75852
1056,17.59747,0.6090843,-1.951038,45.87627
1057,17.61438,0.6972991,-2.138787,44.6794
1058,17.63086,0.5505959,-1.765998,35.23467
1059,17.64746,0.5505959,-1.765998,35.23467
1060,17.66418,0.570399,0.0933542,36.50126
1061,17.68079,0.5376819,5.750109,34.40761
1062,17.69745,0.4798146,14.98036,30.70454
1063,17.71405,0.4654233,6.06145,29.78361
1064,17.73077,14.10445,9.804412,24.50049
1065,17.74744,14.10445,9.804412,24.50049
1066,17.76404,0.4387478,14.45234,27.32533
1067,17.78076,2.436843,13.89869,24.18015
1068,17.79742,5.488402,13.52962,23.29962
1069,17.81403,7.742939,13.0547,22.2686
1070,17.83069,2.477406,12.51633,21.27477
1071,17.84747,2.477406,12.51633,21.27477
1072,17.86414,13.80083,12.26888,20.37421
1073,17.88086,6.709251,13.67785,22.71023
1074,17.8974,13.3521,10.68952,17.45074
1075,17.91406,27.00968,15.29314,24.51794
1076,17.93073,13.14475,16.36013,26.33701
1077,17.94739,13.14475,16.36013,26.33701
1078,17.96399,7.394501,17.1602,27.26175
1079,17.98071,6.351317,19.59054,30.89256
1080,17.99744,1.157683,15.60528,24.5392
1081,18.01398,0.95243,16.35423,25.49387
1082,18.03076,2.213677,15.69634,24.23369
1083,18.04742,2.213677,15.69634,24.23369
1084,18.06409,0.7868479,17.71615,26.94181
1085,18.08093,0.6029299,13.67274,20.64585
1086,18.0976,0.6241645,14.25476,21.37299
1087,18.11414,0.2606916,5.985303,8.926751
1088,18.13092,0.5546438,12.81294,18.99243
1089,18.14746,0.5546438,12.81294,18.99243
1090,18.16406,0.3934974,9.194517,13.47436
1091,18.18073,0.6551473,15.4157,22.43392
1092,18.19733,0.6346586,15.03815,21.73234
1093,18.21423,0.7219948,17.24202,24.72296
1094,18.23077,0.5206797,12.52099,17.82941
1095,18.24738,0.5206797,12.52099,17.82941
1096,18.26495,0.3834496,9.340151,13.1303
1097,18.2807,-0.6596987,11.44372,16.04849
1098,18.29736,-5.312947,12.68521,17.82775
1099,18.31403,-11.71937,15.18442,21.34223
1100,18.33075,-0.01609047,16.06004,22.07479
1101,18.34735,-0.01609047,16.06004,22.07479
1102,18.3642,-14.16607,13.72465,19.00817
1103,18.38068,-11.23102,4.368266,6.207508
1104,18.3974,-11.2829,0.4120748,0.8537702
1105,18.41443,-10.70716,0.002484007,0.2763872
1106,18.43073,-7.903664,-0.8036178,-0.8916457
1107,18.44733,-7.903664,-0.8036178,-0.8916457
1108,18.46405,-6.288428,-0.0177473,0.120812
1109,18.48071,-0.4788403,-0.0001069816,0.01068649
1110,18.49738,-10.33513,-4.685399e-07,0.2252742
1111,18.51404,-7.869584,-5.547515,-7.345506
1112,18.53088,-1.500507,-11.33463,-15.37301
1113,18.5473,-1.500507,-11.33463,-15.37301
1114,18.5639,-0.08541897,-2.906708,-3.975704
1115,18.58057,-0.01410517,-0.5000769,-0.6851736
1116,18.59741,-6.177547e-05,-0.002190154,-0.003000809
1117,18.61401,14.66175,1.534485,1.794044
1118,18.63068,0.06421307,0.006720481,0.007857255
1119,18.64764,0.06421307,0.006720481,0.007857255
1120,18.664,-0.1572323,-5.466796,-7.49661
1121,18.6806,-0.4855668,-16.78134,-23.15065
1122,18.69751,-0.7058714,-24.14496,-33.65424
1123,18.71399,-0.7935588,-26.84193,-37.83496
1124,18.73071,-1.108633,-35.74442,-52.85696
1125,18.74744,-1.108633,-35.74442,-52.85696
1126,18.76392,-1.503881,-41.8739,-71.70141
1127,18.78064,-1.952487,-53.58192,-83.90135
1128,18.79742,-2.339117,-55.05717,-86.79901
1129,18.8139,-12.87094,-46.0962,-74.45313
1130,18.83063,-2.083694,-62.34776,-101.7629
1131,18.84735,-2.083694,-62.34776,-101.7629
1132,18.86395,-1.654791,-49.1091,-87.13387
1133,18.88074,2.095611,-48.14904,-88.02238
1134,18.89728,-1.436589,-40.15522,-75.17836
1135,18.91418,9.519892,-41.14607,-79.47361
1136,18.93066,-1.558046,-42.90711,-85.00376
1137,18.94739,-1.558046,-42.90711,-85.00376
1138,18.96399,-1.772801,-54.95166,-87.97399
1139,18.98071,-1.63126,-55.49158,-80.94989
1140,18.99738,-1.722049,-71.74722,-85.45524
1141,19.01398,-1.315196,-60.60312,-65.26552
1142,19.03094,12.88163,-43.12905,-54.83605
1143,19.0473,12.88163,-43.12905,-54.83605
1144,19.06396,2.351207,-28.61822,-35.11653
1145,19.08075,9.812517,-25.92792,-33.01442
1146,19.09723,9.815983,-32.83193,-30.79796
1147,19.11395,18.03608,-31.49366,-21.62112
1148,19.13068,18.32143,-30.60451,-13.53389
1149,19.14728,18.32143,-30.60451,-13.53389
1150,19.16394,16.64998,-35.57153,-16.99081
1151,19.18103,12.16575,-38.01976,-22.59427
1152,19.1972,1.36592,-38.99202,-21.23746
1153,19.21387,-0.6405028,-32.9286,-19.48502
1154,19.23059,-0.8194544,-44.09369,-23.4559
1155,19.24725,-0.8194544,-44.09369,-23.4559
1156,19.26392,-0.8422627,-43.27512,-23.9731
1157,19.2691,-0.8165268,-59.23532,-23.08116
1158,19.2807,-0.7252352,-71.6945,-20.4997
1159,19.29724,-0.7597585,-70.6571,-21.47554
1160,19.31384,-1.224325,-74.99638,-34.60711
1161,19.33063,-1.224325,-74.99638,-34.60711
1162,19.34723,-1.215403,-62.93493,-34.35491
1163,19.36395,-1.267094,-71.65797,-35.81603
1164,19.38062,-1.290927,-63.55268,-36.4897
1165,19.39734,-0.9042166,-63.63173,-25.55883
1166,19.41418,-1.083729,-57.41504,-30.63297
1167,19.43048,-1.083729,-57.41504,-30.63297
1168,19.44727,-0.6543347,-45.79657,-18.4956
1169,19.46405,-0.8439581,-59.21625,-23.85555
1170,19.48059,-0.8100927,-54.51081,-22.8983
1171,19.49725,-0.7065302,-53.4373,-19.97097
1172,19.51385,-0.188955,-47.96106,-5.341053
1173,19.53064,-0.188955,-47.96106,-5.341053
1174,19.54724,-0.3058477,-21.42188,-8.645173
1175,19.56396,-0.6514705,-27.54178,-18.41464
1176,19.58057,-10.10629,-27.47066,-10.33047
1177,19.59723,-0.6986859,-28.74939,-12.42431
1178,19.61389,-0.0240351,-9.816725,-0.6542903
1179,19.63055,-0.0240351,-9.816725,-0.6542903
1180,19.64722,0.001079887,-0.4073563,0.03088543
1181,19.66394,0.4334576,3.221962,12.39649
1182,19.68054,0.1601931,1.193401,4.581377
1183,19.6972,-0.0122128,4.940156,-0.3492749
1184,19.71387,-0.0001013283,0.04098796,-0.002897897
1185,19.73053,-0.0001013283,0.04098796,-0.002897897
1186,19.74707,0.04634518,0.3464184,1.32543
1187,19.76385,0.0002029749,0.001517185,0.005804897
1188,19.78058,0.004972029,0.03722646,0.1421955
1189,19.7973,2.997162e-05,0.0002244029,0.0008571612
1190,19.81378,0.04658881,0.3493993,1.332398
1191,19.83063,0.04658881,0.3493993,1.332398
1192,19.84747,0.318553,2.502648,9.512457
1193,19.86377,-3.201275,0.6744401,2.671502
1194,19.88055,-16.12384,0.6663155,3.070994
1195,19.89734,-3.438945,0.007609121,0.1434422
1196,19.91376,-1.96459,3.332516e-05,0.06396798
1197,19.9306,-1.96459,3.332516e-05,0.06396798
1198,19.9472,-19.92206,1.666727e-09,0.5981905
1199,19.96381,-23.73808,0.0,0.6736947
1200,19.98059,-19.63133,0.0,0.5248299
1201,19.99719,-30.77386,-1.928591,-5.792912
1202,20.01379,-36.46936,-0.527716,0.7493697
1203,20.03052,-36.46936,-0.527716,0.7493697
1204,20.04718,-32.12138,-3.786331,-11.90004
1205,20.06372,-17.11436,-13.17013,1.109341
1206,20.08057,-32.0162,-13.95897,1.323552
1207,20.09717,-26.7424,-13.3445,-6.632383
1208,20.11383,-32.61366,-14.68697,-8.151065
1209,20.13049,-32.61366,-14.68697,-8.151065
1210,20.14709,-4.632343,-12.53361,0.8032799
1211,20.16376,-0.3799918,-9.221042,0.6097597
1212,20.18048,3.284079,-13.65447,0.8940389
1213,20.19714,9.427218,-8.863173,0.5721858
1214,20.21375,3.375473,-11.44137,0.7231779
1215,20.23053,3.375473,-11.44137,0.7231779
1216,20.24725,0.03879843,-27.06729,0.4898801
1217,20.26385,-0.007980254,-37.61362,-9.907952
1218,20.28094,-0.002598356,-17.94843,-3.160718
1219,20.29736,-0.0006926826,-14.57502,-0.8422772
1220,20.31384,9.531536,-13.59531,0.5993131
1221,20.33148,9.531536,-13.59531,0.5993131
1222,20.34741,14.43311,-1.907295,0.02979655
1223,20.36414,3.799644,0.05522453,0.242207
1224,20.38068,5.493888,-3.697694,0.1325733
1225,20.39728,13.64835,-0.03067938,-0.09404635
1226,20.41394,13.47033,0.2590276,0.8923047
1227,20.4306,13.47033,0.2590276,0.8923047
1228,20.44733,13.74226,3.403637,12.88446
1229,20.46393,20.19747,7.49957,18.33074
1230,20.48053,3.675862,14.50491,17.34954
1231,20.49719,6.787519,17.234,9.651117
1232,20.51379,6.751149,17.68691,11.24268
1233,20.53064,6.751149,17.68691,11.24268
1234,20.54724,3.330744,16.51394,0.6977946
1235,20.5639,0.1302054,13.7065,7.050406
1236,20.58057,0.184511,25.64511,11.8017
1237,20.59723,0.861734,28.34918,25.17266
1238,20.61414,0.3204519,39.12275,19.65386
1239,20.63062,0.3204519,39.12275,19.65386
1240,20.64709,6.606865,44.18816,25.6946
1241,20.66376,0.4777569,48.84574,26.12346
1242,20.68036,0.5504194,39.45219,32.62661
1243,20.69708,0.5002934,52.18659,29.67186
1244,20.71368,0.5609228,45.95747,33.26796
1245,20.73041,0.5609228,45.95747,33.26796
1246,20.74707,0.5185146,48.51164,30.75276
1247,20.76367,0.3188454,38.87742,18.91051
1248,20.7804,-9.339415,28.71599,22.4878
1249,20.79712,0.1674224,25.17786,18.64649
1250,20.81366,-11.76943,23.4783,18.94665
1251,20.83038,-11.76943,23.4783,18.94665
1252,20.84711,-14.98481,0.8766879,0.3850411
1253,20.86414,-33.92521,0.01001151,0.350978
1254,20.88049,-36.03804,-1.481354,-4.267286
1255,20.89722,-39.30544,-2.144059,-2.147233
1256,20.9137,-42.12959,-12.86119,0.9290593
1257,20.93042,-42.12959,-12.86119,0.9290593
1258,20.94708,-36.64249,-2.09427,-6.70005
1259,20.96375,-23.97412,-0.009172131,-0.2746847
1260,20.98047,-29.38727,-6.577735,0.3423265
1261,20.99713,-19.15483,-4.903661,-0.01561931
1262,21.01398,-24.10237,-3.010254,-0.4025572
1263,21.03046,-24.10237,-3.010254,-0.4025572
1264,21.04706,-25.62247,-8.447975,0.2514263
1265,21.06372,-19.3721,-1.536095,-0.336665
1266,21.08044,-2.453808,2.075446,7.193015
1267,21.09723,-0.03113828,0.06046162,0.1956937
1268,21.11365,16.71067,0.1202364,0.8180524
1269,21.13049,16.71067,0.1202364,0.8180524
1270,21.14703,18.70594,2.390998,7.794127
1271,21.16364,29.84772,4.838018,15.42835
1272,21.1803,34.37004,1.756257,5.975756
1273,21.19696,40.59531,1.850932,6.169745
1274,21.21362,62.0319,4.32533,13.53483
1275,21.23029,62.0319,4.32533,13.53483
1276,21.24695,44.45177,1.62132,4.728333
1277,21.26367,29.88741,0.009785364,-0.1795471
1278,21.28033,28.11684,0.8437675,2.252556
1279,21.297,26.79593,0.007000651,-0.3205985
1280,21.31366,31.20011,-2.57755,-0.2247224
1281,21.33032,31.20011,-2.57755,-0.2247224
1282,21.34705,18.99825,-0.5367786,-0.3571529
1283,21.36371,12.2766,-0.1002358,-0.2822527
1284,21.38037,4.758554,3.567045,10.84096
1285,21.39764,2.56863,5.002145,14.81886
1286,21.4137,0.2541271,3.191621,9.437875
1287,21.43042,0.2541271,3.191621,9.437875
1288,21.4469,0.6093665,5.391957,23.51736
1289,21.46368,0.3674501,-2.583366,14.18106
1290,21.48035,0.668673,7.976613,25.8062
1291,21.49701,-5.886949,0.2743214,21.47885
1292,21.51361,-16.54719,5.144545,22.39182
1293,21.53033,-16.54719,5.144545,22.39182
1294,21.54694,-15.04906,2.293321,6.838989
1295,21.56366,-26.87169,0.02618902,0.6377504
1296,21.58038,-28.65564,-9.429206,1.488353
1297,21.59686,-36.07848,-1.926262,0.7562292
1298,21.61359,-47.92979,-8.396946,0.6942129
1299,21.63025,-47.92979,-8.396946,0.6942129
1300,21.64697,-44.36538,-17.63681,-14.27691
1301,21.66364,-45.07409,-18.77605,-12.92748
1302,21.68024,-37.80091,-24.8531,-11.73967
1303,21.69714,-26.80598,-9.33005,-0.122797
1304,21.7135,-0.2247721,-4.03478,0.3566419
1305,21.73022,-0.2247721,-4.03478,0.3566419
1306,21.74695,18.31275,7.482595,21.27462
1307,21.76355,32.9752,5.68489,16.02956
1308,21.78052,33.95807,4.719922,17.03307
1309,21.79688,25.10669,-8.130949,25.32043
1310,21.81366,29.48435,-6.156353,26.49814
1311,21.8302,29.48435,-6.156353,26.49814
1312,21.84692,3.067481,-1.10608,21.73144
1313,21.86353,0.6041034,5.133979,20.91942
1314,21.88025,1.124424,-2.557526,12.32595
1315,21.89691,12.35803,-5.108102,13.29615
1316,21.91357,0.2453431,0.9361131,17.27246
1317,21.9306,0.2453431,0.9361131,17.27246
1318,21.94708,18.21887,9.511737,26.75509
1319,21.96356,2.424439,14.86022,37.48887
1320,21.98022,20.01253,18.5158,45.67663
1321,21.99689,2.245143,19.89183,48.48211
1322,22.01355,2.890713,33.90034,49.35514
1323,22.03033,2.890713,33.90034,49.35514
1324,22.047,18.62235,17.64195,40.6229
1325,22.06354,0.8391553,18.8509,42.98837
1326,22.08026,7.922438,19.8276,44.35836
1327,22.09686,4.596992,23.48754,51.6009
1328,22.11359,0.8106645,21.4088,46.23781
1329,22.13025,0.8106645,21.4088,46.23781
1330,22.14709,0.7736061,21.40338,44.59505
1331,22.16357,0.8456062,23.91564,48.95716
1332,22.16907,0.9103428,26.22759,52.70605
1333,22.18011,1.100722,32.33058,63.72844
1334,22.1969,-8.661686,31.73497,61.47462
1335,22.2135,-8.661686,31.73497,61.47462
1336,22.23022,0.9030793,28.82009,53.57637
1337,22.24689,-10.39119,32.38613,59.17725
1338,22.26355,0.7724676,38.87672,56.9021
1339,22.28015,0.3933218,27.49979,48.20797
1340,22.29688,-0.3043348,29.44877,50.7758
1341,22.31372,-0.3043348,29.44877,50.7758
1342,22.33026,0.1205921,27.90018,46.55657
1343,22.34692,-13.07615,24.47867,40.4446
1344,22.36346,-2.4071,21.56994,35.01909
1345,22.38019,-7.958082,23.29062,37.37104
1346,22.39679,-16.0607,22.59118,35.91914
1347,22.41357,-16.0607,22.59118,35.91914
1348,22.43024,-17.62135,17.47667,27.20333
1349,22.44684,-25.72753,15.21128,23.47735
1350,22.46417,-32.60577,19.57304,29.87334
1351,22.48022,-24.30884,12.87938,19.48179
1352,22.49677,-10.3852,5.50923,8.29126
1353,22.51355,-10.3852,5.50923,8.29126
1354,22.53027,-6.072755,0.001536152,-0.002687959
1355,22.54688,-6.454841,-0.1874058,0.004345792
1356,22.56354,-11.72104,-0.8010206,-1.227914
1357,22.5802,-0.1051412,-4.518164,-6.562339
1358,22.59686,0.009887309,-2.849942,-4.303757
1359,22.61389,0.009887309,-2.849942,-4.303757
1360,22.63013,1.161612,-9.675982,-14.75793
1361,22.64679,16.83978,-17.1863,-26.41399
1362,22.66351,34.89585,-15.03847,-23.3339
1363,22.68024,36.81368,-10.9955,-15.14546
1364,22.69678,48.57005,-10.58646,-16.91983
1365,22.71356,48.57005,-10.58646,-16.91983
1366,22.73016,44.40496,-8.692095,-14.41413
1367,22.74689,50.43602,-10.09601,-16.97086
1368,22.76349,39.08412,-8.185834,-13.89872
1369,22.78027,24.40557,-17.43681,-13.81595
1370,22.79675,19.79864,-15.06735,-12.22759
1371,22.81354,19.79864,-15.06735,-12.22759
1372,22.83014,32.0914,-14.89013,-3.343163
1373,22.84674,33.82807,-7.290428,-1.861344
1374,22.86346,41.05368,-1.419916,-3.69178
1375,22.88007,39.13931,-5.093999,-3.74509
1376,22.89685,25.89705,-4.21883,-7.938251
1377,22.91351,25.89705,-4.21883,-7.938251
1378,22.93011,33.15517,-4.976512,-8.890031
1379,22.94684,19.54427,-7.392974,-7.107048
1380,22.96344,12.51592,-3.100495,-5.7435
1381,22.9801,18.01415,-1.186944,-2.906138
1382,22.99683,25.34088,-0.009847947,-1.372273
1383,23.01355,25.34088,-0.009847947,-1.372273
1384,23.03009,10.31894,-1.284127e-06,-0.5819275
1385,23.04675,7.921735,-7.74078e-09,-0.4532735
1386,23.06329,0.06572581,0.0,-0.003760763
1387,23.08002,-19.54652,-7.61771,1.414302
1388,23.0968,-19.58383,-6.540172,1.579866
1389,23.1134,-19.58383,-6.540172,1.579866
1390,23.13013,0.2768345,-9.325717,8.819831
1391,23.14734,-10.02687,-1.936718,0.7277728
1392,23.16339,-0.02072886,0.6632261,1.130448
1393,23.18011,-0.2946147,0.2783859,0.4782068
1394,23.1969,-19.70466,0.9856189,2.703958
1395,23.21338,-19.70466,0.9856189,2.703958
1396,23.23016,-18.22275,0.000176912,0.9527923
1397,23.24683,-19.59346,-7.279107,1.495217
1398,23.26343,-14.90035,-3.645036,-5.066846
1399,23.28015,-13.88052,-3.134149,-4.545672
1400,23.29681,-12.23699,-13.84045,-15.88615
1401,23.31342,-12.23699,-13.84045,-15.88615
1402,23.33014,-38.92693,-22.67363,-34.49165
1403,23.3468,-55.7743,-30.56256,-36.63071
1404,23.36334,-49.42334,-51.14555,-60.6273
1405,23.38019,-52.3203,-36.89555,-56.31448
1406,23.39667,-26.08453,-34.63362,-54.49148
1407,23.41339,-26.08453,-34.63362,-54.49148
1408,23.43005,-17.7883,-34.69202,-46.83434
1409,23.44684,-16.28845,-34.62395,-40.08352
1410,23.46338,-6.236347,-44.30661,-51.51632
1411,23.48004,-1.262949,-49.42912,-57.07427
1412,23.4967,-2.046107,-52.81444,-70.12902
1413,23.51337,-2.046107,-52.81444,-70.12902
1414,23.53003,-1.124986,-53.0681,-53.63527
1415,23.54669,-0.9266627,-40.98533,-44.18103
1416,23.56335,1.697303,-39.02304,-45.60621
1417,23.58002,1.80605,-25.81571,-37.79567
1418,23.59668,9.830997,-30.35908,-50.64952
1419,23.61334,9.830997,-30.35908,-50.64952
1420,23.63007,-0.6507549,-37.48182,-29.3603
1421,23.64667,18.88765,-36.00202,-11.07321
1422,23.66333,16.15981,-7.493428,-0.4814938
1423,23.68048,10.64816,15.63972,6.404645
1424,23.69672,25.67571,18.43079,9.473232
1425,23.71332,25.67571,18.43079,9.473232
1426,23.72998,22.17809,0.5863858,0.6708676
1427,23.74664,12.42693,-6.951246,0.7235115
1428,23.76337,16.46367,8.389729,19.29449
1429,23.77997,25.13937,20.79453,46.94135
1430,23.79663,15.65305,37.23114,63.53253
1431,23.81335,15.65305,37.23114,63.53253
1432,23.8299,20.96553,82.48783,65.83259
1433,23.84656,4.660871,73.63327,53.84399
1434,23.86334,3.072986,73.59652,65.45173
1435,23.88007,3.519422,80.45289,82.98771
1436,23.89655,5.455843,90.62632,94.24855
1437,23.91333,5.455843,90.62632,94.24855
1438,23.9303,5.394437,104.3361,75.01675
1439,23.94666,3.231497,101.3532,73.11037
1440,23.96332,2.918269,90.67733,66.28281
1441,23.97998,3.528874,83.86905,80.15306
1442,23.99664,3.336423,75.18906,75.78182
1443,24.01331,3.336423,75.18906,75.78182
1444,24.02997,2.606701,58.85549,59.20729
1445,24.04669,2.464757,65.86359,55.98324
1446,24.06415,2.382706,79.23833,54.11958
1447,24.0799,1.702351,63.1588,38.66633
1448,24.09662,1.771711,57.22626,40.24175
1449,24.11334,1.771711,57.22626,40.24175
1450,24.12994,-0.4333273,38.89528,26.41697
1451,24.14661,0.9613288,33.11643,22.20088
1452,24.16327,-2.422178,24.17358,12.28443
1453,24.17999,-13.99281,12.98109,5.764897
1454,24.19696,-8.140598,0.1012822,0.3621067
1455,24.21356,-8.140598,0.1012822,0.3621067
1456,24.22992,-0.0007824897,0.002139867,-0.0002301778
1457,24.24664,-3.427017e-06,9.371831e-06,-1.008094e-06
1458,24.26324,-2.06611e-08,5.644491e-08,-6.144877e-09
1459,24.27991,0.0,0.0,0.0
1460,24.29669,0.0,0.0,0.0
1461,24.31323,0.0,0.0,0.0
1462,24.32996,0.04862949,-9.2734,1.147495
1463,24.34662,0.0004034738,-0.07694043,0.009520645
1464,24.36316,4.607548e-06,-0.0008786364,0.0001087229
1465,24.37994,2.017937e-08,-3.848105e-06,4.761663e-07
1466,24.39661,5.638326,-3.192732e-08,-0.2412683
1467,24.41321,5.638326,-3.192732e-08,-0.2412683
1468,24.43005,4.575712,0.0,-0.2014535
1469,24.44647,27.45294,0.0,-1.253907
1470,24.46344,36.64798,0.0,-1.764506
1471,24.47998,50.63741,0.147453,-2.420611
1472,24.49658,71.53767,0.002317646,-4.060572
1473,24.51324,71.53767,0.002317646,-4.060572
1474,24.53003,58.91796,1.523676,-1.932166
1475,24.54663,53.01571,5.355977,3.533118
1476,24.56329,53.91415,4.810543,2.476607
1477,24.5799,55.38907,4.924178,2.280742
1478,24.59674,43.66521,0.9896456,-2.355179
1479,24.61322,43.66521,0.9896456,-2.355179
1480,24.62988,38.21004,0.8067985,-2.414329
1481,24.64655,43.91436,5.048153,2.741579
1482,24.66321,53.55846,11.30893,10.20121
1483,24.67987,24.23719,5.803474,5.463873
1484,24.69653,22.89129,7.594376,7.967051
1485,24.71326,22.89129,7.594376,7.967051
1486,24.7298,20.63218,10.7359,12.30426
1487,24.74664,16.4232,13.68041,16.6495
1488,24.76324,21.89749,13.22528,15.31302
1489,24.77985,23.624,6.658675,6.242509
1490,24.79657,23.82304,11.08236,12.03693
1491,24.81329,23.82304,11.08236,12.03693
1492,24.8299,15.98941,5.843907,5.871711
1493,24.8468,2.35505,3.189826,3.948243
1494,24.86322,4.481545,0.02646565,-0.4962925
1495,24.87982,4.228463,0.0003022297,-0.5027106
1496,24.89703,2.217264,1.323655e-06,-0.2647375
1497,24.91315,2.217264,1.323655e-06,-0.2647375
1498,24.92993,0.2479557,1.590567,2.07424
1499,24.94653,0.001085955,0.0069661,0.00908441
1500,24.96332,9.010055e-06,5.7797e-05,7.53724e-05
1501,24.97992,1.027721e-07,6.600242e-07,8.607443e-07
1502,24.9967,4.186987,2.890663e-09,-0.5016687
1503,25.01324,4.186987,2.890663e-09,-0.5016687
1504,25.02985,7.686367,0.0,-0.9337773
1505,25.04657,23.75815,6.05944,5.069456
1506,25.06317,24.04489,3.492255,1.575827
1507,25.07996,30.27691,6.099549,4.155185
1508,25.09656,18.27379,4.153069,3.102586
1509,25.11322,18.27379,4.153069,3.102586
1510,25.12994,0.001731405,0.0003934951,0.0002939639
1511,25.14661,7.582919e-06,1.723364e-06,1.287454e-06
1512,25.16309,3.32104e-08,7.547701e-09,5.638575e-09
1513,25.18011,0.0,0.0,0.0
1514,25.19647,0.9488428,6.092865,7.331463
1515,25.21313,0.9488428,6.092865,7.331463
1516,25.22974,-11.02752,5.437192,8.00809
1517,25.24652,-30.55757,14.34446,9.059139
1518,25.26318,-35.84896,7.369694,3.535948
1519,25.27985,-35.80027,3.97609,3.767388
1520,25.29651,-35.05315,7.587839,3.090672
1521,25.31311,-35.05315,7.587839,3.090672
1522,25.32983,-30.89567,10.41855,2.042378
1523,25.34656,-21.51222,4.300632,1.758575
1524,25.36316,-27.3033,13.17187,1.151556
1525,25.37976,-28.41058,6.793691,2.069818
1526,25.39648,-19.82964,-0.7587641,0.9911605
1527,25.41315,-19.82964,-0.7587641,0.9911605
1528,25.42981,-35.0981,-1.401686,1.542276
1529,25.44641,-57.01014,-0.00613887,5.234365
1530,25.46313,-56.61783,-7.010408e-05,4.994982
1531,25.4798,-35.0633,6.520419,2.552598
1532,25.49652,-44.49311,7.017619,3.798064
1533,25.51337,-44.49311,7.017619,3.798064
1534,25.53003,-29.37661,11.28129,9.022802
1535,25.54663,-21.8835,3.980657,3.997751
1536,25.56305,-22.43724,5.660952,7.409195
1537,25.57983,-10.32455,19.02157,16.05173
1538,25.59662,-7.475704,8.667118,11.5251
1539,25.61316,-7.475704,8.667118,11.5251
1540,25.62988,0.2323968,18.22119,3.513803
1541,25.64655,1.062414,24.83643,9.086499
1542,25.66394,1.46843,16.40788,4.611576
1543,25.67975,15.38458,7.330682,0.2222073
1544,25.69635,14.78509,8.346963,-2.207618
1545,25.71307,14.78509,8.346963,-2.207618
1546,25.72986,8.599299,11.54064,2.122595
1547,25.7464,0.424668,17.49615,5.569329
1548,25.76318,0.04349303,17.06662,0.6187843
1549,25.77972,0.1054392,10.53442,1.514803
1550,25.79633,0.07197423,13.83254,1.034043
1551,25.81342,0.07197423,13.83254,1.034043
1552,25.82977,-0.07244056,6.693443,-1.040743
1553,25.84637,11.99457,11.44007,-2.646944
1554,25.86304,17.62343,14.04225,2.609295
1555,25.8797,23.19458,7.484359,1.917253
1556,25.89636,13.44097,14.20895,8.466355
1557,25.91309,13.44097,14.20895,8.466355
1558,25.92987,-0.01567214,1.584392,-0.2553538
1559,25.94635,-0.003358253,0.2871562,-0.04655841
1560,25.96344,-2.024371e-05,0.001730991,-0.0002806563
1561,25.97968,-0.08944043,7.569156,-1.233702
1562,25.99634,0.5429089,25.42005,7.488645
1563,26.01318,0.5429089,25.42005,7.488645
1564,26.02972,11.79343,26.66694,8.289094
1565,26.04633,25.07572,27.03075,6.973254
1566,26.06305,10.71297,21.36911,10.43489
1567,26.07977,15.20007,3.84809,1.526408
1568,26.09631,13.15494,4.693848,4.719733
1569,26.11304,13.15494,4.693848,4.719733
1570,26.1297,1.161911,0.0002347585,-0.09163657
1571,26.1463,-0.6096444,-6.366173,-7.794884
1572,26.16321,-4.071951,-17.51408,-12.52021
1573,26.17969,-1.078145,-10.99818,-13.52768
1574,26.19635,-1.481441,-15.16927,-18.82173
1575,26.21307,-1.481441,-15.16927,-18.82173
1576,26.2298,-2.265772,-28.56038,-28.78967
1577,26.24634,-3.093947,-31.09882,-39.5205
1578,26.26306,-2.726391,-41.47124,-34.82552
1579,26.2796,-23.60265,-28.78605,-32.02098
1580,26.29633,-5.188666,-36.94334,-36.82326
1581,26.31305,-5.188666,-36.94334,-36.82326
1582,26.32971,-3.907318,-31.97517,-43.16619
1583,26.34631,-3.949632,-37.96333,-51.72747
1584,26.3631,-25.21966,-41.59623,-56.55389
1585,26.37964,-21.21708,-40.14832,-55.92009
1586,26.39636,-11.85949,-48.59365,-70.18836
1587,26.41302,-11.85949,-48.59365,-70.18836
1588,26.42969,-6.764761,-34.88509,-52.53565
1589,26.44629,-11.46093,-33.35084,-50.77843
1590,26.46313,-16.30164,-35.30614,-54.45484
1591,26.47974,-5.951083,-33.93417,-53.95286
1592,26.49701,-4.166621,-29.19962,-47.22169
1593,26.51306,-4.166621,-29.19962,-47.22169
1594,26.52966,-23.43398,-28.82836,-46.97128
1595,26.54626,-3.840301,-30.64787,-54.07231
1596,26.56299,-3.240242,-27.22202,-47.09679
1597,26.57971,-3.249206,-26.4608,-47.24163
1598,26.59631,-2.719764,-22.19919,-39.5439
1599,26.61292,-2.719764,-22.19919,-39.5439
1600,26.62964,-1.484553,-7.534549,-27.18615
1601,26.64624,-1.171503,-10.82211,-22.62153
1602,26.66302,17.20364,-11.12604,-29.55771
1603,26.67963,-2.324923,-3.511391,-34.20544
1604,26.69629,-2.650877,-19.66452,-37.64774
1605,26.71295,-2.650877,-19.66452,-37.64774
1606,26.72968,8.2965,-11.17305,-22.38306
1607,26.74628,13.21436,-8.038984,-16.70858
1608,26.76294,6.603201,-5.710822,-11.72137
1609,26.77954,6.080385,4.29101,-23.65051
1610,26.79633,-0.6791573,-2.726482,-29.80505
1611,26.81293,-0.6791573,-2.726482,-29.80505
1612,26.82959,-3.139723,-20.76507,-42.58058
1613,26.84631,-3.304927,-21.61128,-44.81997
1614,26.86292,1.851664,-20.71178,-43.9184
1615,26.88086,-0.8546236,-14.45047,-30.83994
1616,26.8963,7.472679,-14.95567,-32.92604
1617,26.91284,7.472679,-14.95567,-32.92604
1618,26.92957,-3.697437,-22.2657,-49.54227
1619,26.94623,-4.049312,-23.51446,-53.42061
1620,26.96295,0.9594157,-21.60556,-50.38481
1621,26.97955,-2.99153,-16.86631,-39.62746
1622,26.99622,4.052538,-16.25663,-39.34426
1623,27.01288,4.052538,-16.25663,-39.34426
1624,27.02954,8.557885,-14.01676,-35.27298
1625,27.0462,1.308229,-11.32523,-28.39469
1626,27.06293,7.938577,-12.47127,-32.1563
1627,27.07965,0.219918,-12.17861,-31.21404
1628,27.09625,0.7875161,-13.35913,-34.74163
1629,27.10907,0.7875161,-13.35913,-34.74163
1630,27.11322,-2.655728,-12.62877,-33.22219
1631,27.12958,-2.95242,-13.66322,-36.93192
1632,27.14624,-2.697377,-12.32587,-33.74158
1633,27.16296,-0.7835909,1.714803,-32.72587
1634,27.17957,-2.70577,-11.9356,-33.77255
1635,27.19617,-2.70577,-11.9356,-33.77255
1636,27.21277,6.516494,-11.13864,-32.85123
1637,27.22955,8.961354,-6.43038,-19.57184
1638,27.24615,16.53119,-7.597839,-23.83899
1639,27.26312,15.39351,-9.826782,-30.66303
1640,27.27954,7.338708,-10.88824,-33.52145
1641,27.29614,7.338708,-10.88824,-33.52145
1642,27.31274,-0.6051034,-9.781807,-26.95666
1643,27.32953,5.006047,-4.458812,-14.20942
1644,27.34625,5.063456,-2.364779,-7.83162
1645,27.36292,16.95281,9.510218,-3.248405
1646,27.37964,11.15277,0.1086038,-1.03146
1647,27.39618,11.15277,0.1086038,-1.03146
1648,27.41296,15.61801,1.059845,-1.657258
1649,27.42944,20.01321,0.004641734,-1.915863
1650,27.44623,24.31453,3.018215,7.043672
1651,27.46277,27.01214,3.270496,7.471292
1652,27.47943,32.23636,3.981471,9.014159
1653,27.49609,32.23636,3.981471,9.014159
1654,27.51288,30.60818,2.699628,2.474578
1655,27.52948,31.61781,7.818285,8.905247
1656,27.54614,28.91458,5.313451,-2.793683
1657,27.56287,31.91024,0.02327096,-3.741328
1658,27.57953,39.62621,0.0001402785,-4.797439
1659,27.59613,39.62621,0.0001402785,-4.797439
1660,27.61285,35.29425,1.789977,-2.185172
1661,27.62946,35.01089,2.851904,-5.088621
1662,27.64612,34.45082,4.879411,-5.527055
1663,27.66284,35.53189,-3.077305,-16.77916
1664,27.67938,38.13368,-0.02553255,-5.528897
1665,27.69611,38.13368,-0.02553255,-5.528897
1666,27.71283,43.36877,0.02122319,-6.525897
1667,27.72955,35.68884,12.39437,-8.579517
1668,27.74609,26.03279,-4.067597,-16.97708
1669,27.76282,23.41697,0.7043196,-13.44949
1670,27.77954,25.73925,8.752535,-8.562534
1671,27.79626,25.73925,8.752535,-8.562534
1672,27.81293,8.142703,3.739019,-2.092735
1673,27.82941,9.953446,-1.398172,-14.54154
1674,27.84613,13.19906,1.460505,-9.522491
1675,27.86285,2.56358,0.6273496,-7.973176
1676,27.87946,10.65971,7.232672,-10.86178
1677,27.89612,10.65971,7.232672,-10.86178
1678,27.91278,18.19313,1.875559,-3.969239
1679,27.92938,3.097284,5.483202,-3.568113
1680,27.94611,10.74851,16.85172,-10.80685
1681,27.96515,2.669393,10.48772,-5.105773
1682,27.97943,-1.509101,5.389413,-8.819994
1683,27.99615,-1.509101,5.389413,-8.819994
1684,28.01276,-1.607703,0.8964664,-9.149628
1685,28.02948,-0.6923068,0.756852,-3.939992
1686,28.04608,-0.09149908,-0.1577288,-0.5207311
1687,28.06281,-0.08762553,-0.1592186,-0.4986863
1688,28.07947,-0.0612186,-0.1111287,-0.3484017
1689,28.09601,-0.0612186,-0.1111287,-0.3484017
1690,28.11273,-1.676568,-2.139783,-6.631051
1691,28.12939,-0.01911476,-0.02443567,-0.07573246
1692,28.14606,-0.2497081,-0.0002027402,0.04290339
1693,28.16272,-0.4455289,-1.682114e-06,0.07752444
1694,28.17938,-0.03519226,-0.06073967,-0.1906849
1695,28.19617,-0.03519226,-0.06073967,-0.1906849
1696,28.21271,-2.463919,-4.469983,-14.15902
1697,28.22943,12.94474,-4.926546,-18.4533
1698,28.24609,-2.576889,-4.77239,-15.33012
1699,28.26306,-2.107174,-4.054255,-13.11595
1700,28.27942,1.490031,-3.142341,-10.77608
1701,28.29614,1.490031,-3.142341,-10.77608
1702,28.31268,0.9249683,-4.704087,-16.14256
1703,28.32941,0.3925855,-2.970813,-10.22274
1704,28.34601,-1.07958,-5.919847,-20.22335
1705,28.36273,-2.369682,-5.38061,-18.27337
1706,28.37939,-4.538199,-7.83139,-26.69224
1707,28.39606,-4.538199,-7.83139,-26.69224
1708,28.41296,-4.36865,-8.334502,-29.22196
1709,28.42932,-2.925582,-4.615796,-16.24916
1710,28.44598,-5.240082,-8.136066,-29.05048
1711,28.46265,-5.255397,-8.056061,-29.13526
1712,28.47937,-7.022755,-10.57504,-38.93326
1713,28.49615,-7.022755,-10.57504,-38.93326
1714,28.51276,-7.045196,-11.52249,-39.05767
1715,28.5293,-5.592762,-14.20087,-31.00556
1716,28.54596,-2.990125,-14.91884,-16.57688
1717,28.56299,-4.095085,-7.050869,-22.70263
1718,28.57935,-4.896511,-6.694966,-27.14564
1719,28.59595,-4.896511,-6.694966,-27.14564
1720,28.61285,-3.569151,-4.86125,-20.43132
1721,28.62939,-6.373862,-8.213936,-35.26075
1722,28.64606,-6.376478,-8.338542,-35.2674
1723,28.66278,3.750412,-6.596142,-24.55493
1724,28.67938,1.322455,-3.661774,-17.15285
1725,28.69604,1.322455,-3.661774,-17.15285
1726,28.71283,3.235544,-6.642874,-32.37648
1727,28.72937,1.909594,-15.57915,-14.96553
1728,28.74603,8.086986,-8.087653,-28.38151
1729,28.76306,12.92875,-5.445986,-25.99366
1730,28.77936,18.96586,-3.74347,-22.71455
1731,28.79614,18.96586,-3.74347,-22.71455
1732,28.81274,13.94281,-2.199918,-14.16236
1733,28.82935,15.91631,-3.159646,-19.73597
1734,28.84595,9.227824,-3.743718,-21.73584
1735,28.86285,9.439178,-1.321727,-8.987618
1736,28.87939,13.95825,-2.086651,-14.1344
1737,28.89606,13.95825,-2.086651,-14.1344
1738,28.91272,25.46104,-0.02138134,-5.393458
1739,28.92932,19.3714,-0.6567302,-7.650524
1740,28.94647,17.68632,-0.003958801,-3.770794
1741,28.96271,13.95397,-1.762961,-12.66575
1742,28.97949,16.71414,-2.900414,-19.66133
1743,28.98907,16.71414,-2.900414,-19.66133
1744,28.99597,23.25178,-2.391048,-18.49509
1745,29.01263,18.83588,-0.01441335,-4.284314
1746,29.0293,15.17736,12.25462,-5.854084
1747,29.04608,21.56104,0.1021035,-4.654801
1748,29.06281,12.99206,0.001604782,-2.985335
1749,29.07941,12.99206,0.001604782,-2.985335
1750,29.09613,23.19477,0.001976483,-5.466779
1751,29.11273,26.71619,2.257017e-05,-6.39056
1752,29.12933,24.69375,0.4680687,-3.362822
1753,29.14594,28.24045,2.237906,5.548047
1754,29.16266,28.21354,0.5371799,-6.999896
1755,29.17932,28.21354,0.5371799,-6.999896
1756,29.19604,23.90805,3.161969,3.538739
1757,29.21265,10.99502,8.19237,0.6986299
1758,29.22931,7.362102,6.918293,-2.487804
1759,29.24597,7.137845,0.4041745,-0.06007128
1760,29.2627,12.21944,2.645252,5.895236
1761,29.27924,12.21944,2.645252,5.895236
1762,29.29596,-0.01578856,0.3802465,-0.06405696
1763,29.31262,-2.103012,0.03733355,0.7263058
1764,29.32947,-2.208757,2.545422,0.0487291
1765,29.34601,-17.20663,0.02906795,4.39535
1766,29.36279,-10.09209,0.0001273069,2.568164
1767,29.37921,-10.09209,0.0001273069,2.568164
1768,29.39594,-12.77205,1.660068e-08,3.205476
1769,29.41254,-11.7344,0.0,2.924545
1770,29.4292,-10.83854,0.2290349,1.877128
1771,29.44592,-7.047235,2.549093,1.212578
1772,29.46259,-9.259377,5.866385,-8.360062
1773,29.47937,-9.259377,5.866385,-8.360062
1774,29.49591,-1.662665,8.709271,-1.493122
1775,29.51257,-0.01897534,0.09945771,-0.01706006
1776,29.5293,-0.5710173,-0.1286775,-0.5687418
1777,29.5459,-0.623365,-0.1047613,-2.556203
1778,29.56262,-0.1692106,-0.1326293,-0.6959549
1779,29.57928,-0.1692106,-0.1326293,-0.6959549
1780,29.59595,1.620337,8.686962,-2.239484
1781,29.61267,1.82712,7.248941,-1.957855
1782,29.62927,15.71986,6.466823,-5.232027
1783,29.64594,5.880878,7.32897,-3.537153
1784,29.66266,18.53352,12.43292,-7.253736
1785,29.67926,18.53352,12.43292,-7.253736
1786,29.69586,8.840456,-0.04953469,-2.496105
1787,29.71283,10.43797,-0.0002985975,-2.635044
1788,29.72925,11.78404,-2.477432e-06,-2.988448
1789,29.74591,7.40148,-1.50703e-08,-1.883496
1790,29.76257,-1.58087,-1.222336,-6.398882
1791,29.7793,-1.58087,-1.222336,-6.398882
1792,29.79584,-1.03159,-0.9255942,-4.923006
1793,29.81256,-0.3426793,-0.2558772,-1.349576
1794,29.82916,-1.898162,-1.405673,-7.446322
1795,29.84589,-0.6677998,-0.4933954,-2.619712
1796,29.8631,-1.202335,-0.8862809,-4.716641
1797,29.87927,-1.202335,-0.8862809,-4.716641
1798,29.896,-4.026444,-2.926868,-15.79534
1799,29.9126,-3.135299,-2.257735,-12.29947
1800,29.92926,-10.0786,-2.031919,-9.363487
1801,29.94586,-4.353484,-3.023704,-16.85719
1802,29.96259,-2.339701,-1.63129,-9.191349
1803,29.97919,-2.339701,-1.63129,-9.191349
1804,29.99585,-3.898634,-2.646105,-15.32027
1805,30.01288,-3.767821,-2.518934,-14.80622
1806,30.02917,-5.447796,-3.586608,-21.40793
1807,30.04596,-13.42969,-3.853691,-21.46175
1808,30.0625,-21.77835,-4.691704,-25.40259
1809,30.07916,-21.77835,-4.691704,-25.40259
1810,30.09576,-27.05846,-9.739783,-33.85424
1811,30.11249,-11.60652,-9.85573,-39.6192
1812,30.12921,-7.063368,-15.02532,-25.8445
1813,30.14581,-15.35993,-7.213363,-19.04429
1814,30.16254,-16.85552,-11.06905,-24.625
1815,30.1792,-16.85552,-11.06905,-24.625
1816,30.19586,-6.267891,-16.13014,-25.10308
1817,30.21252,-3.343848,-16.10418,-13.39333
1818,30.22919,-1.371142,-11.38993,-5.491928
1819,30.24597,-2.140304,-15.78031,-9.216053
1820,30.26245,-5.788976,-10.93361,-23.15043
1821,30.27917,-5.788976,-10.93361,-23.15043
1822,30.29578,-7.174914,-26.39058,-24.36951
1823,30.3125,-8.487189,-28.8774,-22.22848
1824,30.3291,-6.746675,-23.01926,-22.57714
1825,30.34576,-12.79322,-18.54138,-22.56561
1826,30.36273,-20.74004,-15.29868,-25.43261
1827,30.37909,-20.74004,-15.29868,-25.43261
1828,30.39624,-3.972629,-12.77202,-16.0482
1829,30.41254,-3.493762,-16.54376,-17.26757
1830,30.42914,-2.63664,-9.076974,-19.38437
1831,30.4458,-6.632838,-12.91175,-27.92904
1832,30.46265,-6.632838,-12.91175,-27.92904
1833,30.47906,-10.08925,-33.7821,-40.55309
1834,30.49567,-10.10266,-38.91043,-36.46578
1835,30.51257,-9.155401,-28.9815,-33.59737
1836,30.52905,-6.369404,-18.719,-25.66398
1837,30.54578,-7.176393,-6.599639,-28.94643
1838,30.56244,-2.956558,-1.467311,-11.92553
1839,30.5791,-2.956558,-1.467311,-11.92553
1840,30.59576,5.105372,-0.003872926,-1.338823
1841,30.61249,8.384837,-1.696199e-05,-2.101018
1842,30.62915,10.65309,-7.428731e-08,-2.682985
1843,30.64594,5.149616,0.3732904,7.956779
1844,30.66248,2.288964,0.3851206,8.699887
1845,30.67908,2.288964,0.3851206,8.699887
1846,30.69574,5.979501,14.97244,23.56497
1847,30.71246,4.142048,12.20245,15.85479
1848,30.72913,7.043275,8.908234,23.4395
1849,30.74597,11.51212,4.442696,24.14058
1850,30.76239,7.984896,5.866539,31.14888
1851,30.77997,7.984896,5.866539,31.14888
1852,30.79578,4.387708,14.97757,17.21253
1853,30.81232,0.9749283,8.765902,3.817986
1854,30.8291,3.172034,4.263636,12.42223
1855,30.84583,0.01376006,0.1613749,0.05388677
1856,30.86237,0.01376006,0.1613749,0.05388677
1857,30.87909,-3.816749,-1.078398,-14.97272
1858,30.89594,-5.05523,-1.386448,-19.83116
1859,30.91235,-5.777164,-1.529478,-22.70223
1860,30.92902,-4.730018,-1.19732,-18.58731
1861,30.94568,-7.311689,-3.136971,-28.73238
1862,30.9624,-6.308833,-2.741476,-24.7915
1863,30.979,-6.308833,-2.741476,-24.7915
1864,30.99573,10.03507,-3.215354,-15.03249
1865,31.01239,13.32351,-0.09559892,-5.07767
1866,31.02917,12.12453,-0.0004186881,-3.140483
1867,31.0459,29.80017,-3.473775e-06,-7.805678
1868,31.06238,29.80017,-3.473775e-06,-7.805678
1869,31.07922,37.15461,0.001468838,-10.01249
1870,31.09589,27.96715,6.432972e-06,-7.682877
1871,31.11237,32.53645,0.1312118,-6.388542
1872,31.12903,29.62982,-3.49216,-7.780263
1873,31.14563,27.15309,0.08084318,-5.808371
1874,31.16266,27.15309,0.08084318,-5.808371
1875,31.17908,32.09567,4.043297e-06,-9.430453
1876,31.1958,39.18398,1.770816e-08,-11.65344
1877,31.2124,23.21227,9.223214e-11,-6.986599
1878,31.22906,23.70908,0.0,-7.231931
1879,31.24579,32.59069,0.0,-10.08774
1880,31.24908,32.59069,0.0,-10.08774
1881,31.26239,41.89992,0.02142232,-13.4083
1882,31.27899,36.17466,0.5385159,-11.86011
1883,31.29565,41.76169,0.00446801,-13.85515
1884,31.31274,39.48802,2.693337e-05,-13.33485
1885,31.32904,53.01343,1.623556e-07,-18.26733
1886,31.3457,53.01343,1.623556e-07,-18.26733
1887,31.3623,52.28065,0.0,-18.69095
1888,31.37903,35.55314,0.0,-12.90887
1889,31.39569,38.79852,0.0,-14.3043
1890,31.41235,35.80838,0.03572411,-12.62736
1891,31.42902,32.59142,0.1867751,-8.496443
1892,31.44568,32.59142,0.1867751,-8.496443
1893,31.4624,41.21128,0.425522,-7.655666
1894,31.479,31.25114,0.1620442,-9.133906
1895,31.49567,21.83381,0.524163,1.359643
1896,31.51239,12.3687,0.004348925,-4.850394
1897,31.52905,2.643112,1.90467e-05,-1.055168
1898,31.54565,2.643112,1.90467e-05,-1.055168
1899,31.56226,0.2579052,0.03940239,0.6452807
1900,31.57898,1.381714,0.4246238,7.4537
1901,31.59583,-9.675037,2.653079,5.012397
1902,31.61249,-17.43484,0.1720869,9.680919
1903,31.62897,-24.22223,0.6707195,15.43058
1904,31.64569,-24.22223,0.6707195,15.43058
1905,31.66235,-39.13852,2.675158,14.89132
1906,31.67902,-59.41084,13.96141,22.01809
1907,31.69586,-56.78472,10.47593,20.95139
1908,31.71228,-70.44041,4.064012,39.87674
1909,31.72906,-85.34309,3.280496,29.45826
1910,31.74561,-85.34309,3.280496,29.45826
1911,31.76233,-81.25394,13.88376,23.68139
1912,31.77893,-65.11343,1.921318,19.96561
1913,31.79559,-61.81993,1.399967,18.47341
1914,31.81244,-52.01374,0.00613134,15.32841
1915,31.82886,-34.52289,5.087109e-05,9.958933
1916,31.84619,-34.52289,5.087109e-05,9.958933
1917,31.8623,-24.83541,-0.04801,6.177253
1918,31.87903,-10.05017,-0.0002102662,2.793074
1919,31.89563,-5.978114,-0.31916,-3.649495
1920,31.91229,-1.687178,-0.3356485,-5.186032
1921,31.92896,-0.4183685,0.8636261,-1.509157
1922,31.94568,-0.4183685,0.8636261,-1.509157
1923,31.96222,1.748249,19.33189,-9.474642
1924,31.979,16.19281,18.0582,-10.57515
1925,31.99554,23.90681,9.92065,-8.58099
1926,32.01227,15.30474,10.94032,-7.434729
1927,32.02899,13.37648,10.48187,-5.800319
1928,32.04559,13.37648,10.48187,-5.800319
1929,32.06244,13.61412,12.97009,-19.27691
1930,32.07904,2.230402,11.16951,-10.83453
1931,32.09552,13.5371,11.67228,-6.377691
1932,32.1123,0.7363684,15.78748,-3.255852
1933,32.12897,15.39289,8.127523,-6.553234
1934,32.14557,15.39289,8.127523,-6.553234
1935,32.16229,21.80678,1.337698,-6.834584
1936,32.17902,18.26214,0.008063708,-5.555627
1937,32.19568,23.3532,0.5167664,2.099684
1938,32.21234,6.508275,0.002263247,-1.965107
1939,32.22906,1.615198,0.1196715,1.618699
1940,32.24579,1.615198,0.1196715,1.618699
1941,32.26215,1.782233,11.13291,5.760475
1942,32.27887,2.57707,13.2282,8.337901
1943,32.29559,-2.095647,10.31741,10.3088
1944,32.31219,-0.5638481,19.46215,-1.752037
1945,32.3288,-0.9176498,19.17731,-1.482664
1946,32.34546,-0.9176498,19.17731,-1.482664
1947,32.36224,-11.95535,12.0835,2.135296
1948,32.37921,-17.01966,15.02594,2.021966
1949,32.39569,-19.1472,10.74064,13.79651
1950,32.41223,-13.6232,15.969,9.475113
1951,32.42889,-20.16876,26.68604,11.19414
1952,32.44556,-16.7967,23.32829,4.195826
1953,32.46222,-16.7967,23.32829,4.195826
1954,32.479,-10.8508,42.68697,8.007911
1955,32.49561,-4.732129,33.53981,7.157794
1956,32.51221,-9.08073,34.38093,10.74215
1957,32.52911,-5.635505,48.74451,6.635712
1958,32.54559,-5.635505,48.74451,6.635712
1959,32.56219,-18.016,53.83572,6.629845
1960,32.57886,-16.54071,52.19225,6.102902
1961,32.59552,-24.10636,60.88189,7.970578
1962,32.6123,-24.02493,51.93402,3.343472
1963,32.62891,-17.04504,52.58496,8.066224
1964,32.64551,-17.04504,52.58496,8.066224
1965,32.66229,-16.17816,45.4875,8.247711
1966,32.67883,-9.796284,42.65406,8.680027
1967,32.6955,-2.959381,50.21642,3.802935
1968,32.71228,0.8476741,44.18356,7.637463
1969,32.72888,-1.590234,51.07422,1.847322
1970,32.74567,-1.590234,51.07422,1.847322
1971,32.76227,0.8534557,28.38302,3.310224
1972,32.77875,0.7361453,26.66584,2.801423
1973,32.79553,1.45562,15.49026,5.538658
1974,32.81213,-1.955929,10.13554,3.350504
1975,32.8288,-9.448502,4.679668,6.473444
1976,32.84552,-9.448502,4.679668,6.473444
1977,32.86206,-26.12368,0.003284873,6.658413
1978,32.87885,-22.62184,-6.66634,8.031561
1979,32.89551,-27.20792,-1.289727,7.205889
1980,32.91278,-38.13225,-12.74662,13.70997
1981,32.92902,-37.51339,-12.10733,13.14797
1982,32.9455,-37.51339,-12.10733,13.14797
1983,32.96216,-21.49866,-24.51985,13.26263
1984,32.97882,-14.08447,-33.29882,14.32007
1985,32.99554,-16.85653,-32.2378,14.439
1986,33.01215,-12.20768,-33.25203,13.49931
1987,33.02887,-7.688178,-31.92359,11.8662
1988,33.04547,-7.688178,-31.92359,11.8662
1989,33.06244,-3.721899,-41.14935,13.45186
1990,33.0788,-6.01665,-30.6778,10.05742
1991,33.09558,-11.71593,-39.99732,2.805736
1992,33.11218,-5.03908,-27.23292,-7.105518
1993,33.12878,-13.48364,-33.46923,-11.74709
1994,33.14551,-13.48364,-33.46923,-11.74709
1995,33.16217,-1.800443,-23.20512,-7.236333
1996,33.17883,-0.9653273,-14.99156,-4.43684
1997,33.19556,-1.898149,-9.551179,-8.741424
1998,33.21216,10.18992,-5.657511,-16.70835
1999,33.2287,-1.697988,-1.637676,-8.186882
2000,33.24548,-1.697988,-1.637676,-8.186882
2001,33.26263,0.2751764,-0.003340397,-0.09209157
2002,33.27875,0.001658777,-2.013607e-05,-0.0005551323
2003,33.29572,1.894012e-05,-2.299478e-07,-6.347231e-06
2004,33.31207,1.141605e-07,-1.186348e-09,-3.831357e-08
2005,33.3288,-0.3875482,6.7717,-1.770712
2006,33.34534,-0.3875482,6.7717,-1.770712
2007,33.3623,-1.141563,14.26361,-1.823152
2008,33.37872,-1.132846,19.42599,-5.171301
2009,33.39551,-2.672655,37.33733,-8.585733
2010,33.41205,-4.128897,37.89618,-10.03272
2011,33.42877,-2.408045,45.70708,-10.9936
2012,33.44568,-2.408045,45.70708,-10.9936
2013,33.4621,-2.361126,38.85601,-10.33297
2014,33.4787,-0.9574853,43.72198,-3.873442
2015,33.49548,-1.020469,38.20364,-4.71566
2016,33.51202,-7.329374,40.39385,-9.618948
2017,33.52875,-16.11543,45.74775,-11.78503
2018,33.54535,-16.11543,45.74775,-11.78503
2019,33.56213,-29.38722,30.12183,-4.232026
2020,33.57874,-36.87123,26.61635,-1.739417
2021,33.59601,-43.78532,30.43902,-2.000322
2022,33.61212,-40.39107,22.30782,-0.1285225
2023,33.62872,-41.68635,15.94765,2.095487
2024,33.64539,-41.68635,15.94765,2.095487
2025,33.66205,-31.93738,8.029523,2.784427
2026,33.67871,-28.66962,9.261213,1.643367
2027,33.69537,-29.12126,0.05582703,4.948814
2028,33.7121,-22.95164,0.000336528,3.838468
2029,33.72876,-24.31132,1.473869e-06,3.983826
2030,33.74536,-24.31132,1.473869e-06,3.983826
2031,33.76202,-14.09593,0.4029981,3.570508
2032,33.77863,-1.500853,0.002429291,0.2487232
2033,33.79553,-3.945581,1.06394e-05,0.6299366
2034,33.81226,-13.70683,6.413483e-08,2.176704
2035,33.82874,-0.08262543,0.0,0.01312127
2036,33.8454,-0.08262543,0.0,0.01312127
2037,33.86194,0.7952762,12.10968,-4.508367
2038,33.87878,15.51532,8.906454,-5.734758
2039,33.89539,15.29224,12.66684,-7.393909
2040,33.91205,16.3475,1.042572,-3.088857
2041,33.92871,17.11272,8.616316,-6.026374
2042,33.94543,17.11272,8.616316,-6.026374
2043,33.96204,4.823232,2.434061,-1.71966
2044,33.97919,2.079629,1.723809,-0.9913986
2045,33.99548,0.9971628,1.228569,-0.6240283
2046,34.01202,4.456187,9.501086,-4.279043
2047,34.02875,-0.6137018,10.77496,-3.886507
2048,34.04535,-0.6137018,10.77496,-3.886507
2049,34.06201,-0.8946224,14.23936,-5.166144
2050,34.07874,-1.346794,21.18721,-7.777273
2051,34.09534,-1.338035,20.86669,-7.726693
2052,34.1123,-1.993473,30.70718,-11.51162
2053,34.12872,-2.971595,45.10824,-17.15994
2054,34.14526,-2.971595,45.10824,-17.15994
2055,34.16199,-9.283581,45.56205,-8.626489
2056,34.17865,-2.154543,33.52185,-11.82679
2057,34.19525,-1.637703,24.81646,-9.47647
2058,34.21198,-0.5611081,8.03723,-3.248118
2059,34.22864,-0.004655455,0.06668406,-0.0269493
2060,34.2453,-0.004655455,0.06668406,-0.0269493
2061,34.26202,0.03920364,-0.6277466,0.1745231
2062,34.27869,-0.1474089,-10.97196,-0.8515484
2063,34.29529,1.38758,-24.93181,8.012795
2064,34.31201,-11.90049,-30.51245,8.794191
2065,34.32861,1.866267,-38.39085,11.69112
2066,34.34521,1.866267,-38.39085,11.69112
2067,34.36194,-0.5150582,-37.11671,1.196698
2068,34.37866,0.5444819,-33.34151,4.463915
2069,34.39526,1.213641,-28.83399,10.33722
2070,34.41223,1.44743,-23.95448,8.476064
2071,34.42865,1.020528,-17.95795,5.966251
2072,34.44525,1.020528,-17.95795,5.966251
2073,34.46191,0.05018931,-19.96248,-1.374022
2074,34.47864,-2.522929,-14.81,-14.72676
2075,34.4953,-1.253896,-20.91248,-7.312422
2076,34.51233,-1.676817,-15.53281,-9.778684
2077,34.52863,-2.739847,-24.72174,-15.97794
2078,34.54529,-2.739847,-24.72174,-15.97794
2079,34.56195,-8.67278,-18.57278,-20.7886
2080,34.57861,-1.238234,-22.47815,-7.058768
2081,34.59521,-1.795424,-16.71178,-10.49548
2082,34.612,-1.388917,-1.413087,-9.310176
2083,34.62866,2.353512,-0.4962159,-7.883458
2084,34.64526,2.353512,-0.4962159,-7.883458
2085,34.66205,-2.303428,-0.8854571,-13.53947
2086,34.67859,5.593613,-0.4617662,-8.328075
2087,34.69525,-0.3222773,-0.1341443,-2.110798
2088,34.71185,-1.626957,-0.9415548,-15.22865
2089,34.72858,1.008719,-0.5688148,-9.672057
2090,34.74518,1.008719,-0.5688148,-9.672057
2091,34.76221,-0.2556956,-1.112853,-19.32115
2092,34.77863,3.685895,-5.894994,-20.28071
2093,34.79523,-3.628111,-5.700068,-20.87833
2094,34.81189,-5.124427,-15.73531,-29.23568
2095,34.82861,-3.674554,-13.58469,-20.96286
2096,34.84534,-3.674554,-13.58469,-20.96286
2097,34.86194,-3.606429,-13.20257,-20.57421
2098,34.87854,-4.183309,-9.830839,-23.86523
2099,34.89575,-4.347827,-11.55037,-24.80379
2100,34.9118,-4.582916,-9.301993,-26.14493
2101,34.92865,-4.796185,-12.95509,-27.36161
2102,34.94537,-4.796185,-12.95509,-27.36161
2103,34.96185,-6.131278,-19.28906,-34.97814
2104,34.97858,-6.35567,-15.02083,-36.25826
2105,34.99512,-5.964726,-20.09947,-34.02798
2106,35.01196,-7.224965,-19.20778,-41.21748
2107,35.0285,-7.860797,-25.68818,-44.84482
2108,35.0451,-7.860797,-25.68818,-44.84482
2109,35.06189,-6.765316,-30.74732,-38.59524
2110,35.07849,-4.406412,-32.22814,-25.138
2111,35.09515,-4.326169,-19.54805,-24.68023
2112,35.11188,-2.141312,-5.31129,-12.21591
2113,35.12854,1.349976,-0.02965146,-11.76879
2114,35.14526,1.349976,-0.02965146,-11.76879
2115,35.16223,-0.08488926,-12.55152,-0.4836265
2116,35.17853,-1.252645,-1.62782,-7.128943
2117,35.19525,0.07718027,-1.822804,0.4392412
2118,35.21204,0.0003380212,-0.00798321,0.001923715
2119,35.22852,0.1303761,-0.02461489,0.7419841
2120,35.24518,0.1303761,-0.02461489,0.7419841
2121,35.26184,0.242787,-4.918153,1.381727
2122,35.27881,0.4204916,-9.864672,2.393063
2123,35.29517,-3.794771,-0.05921601,-20.22703
2124,35.31189,-10.34767,0.2992347,-17.44456
2125,35.32849,-2.769923,0.5768242,-14.75357
2126,35.34521,-2.769923,0.5768242,-14.75357
2127,35.36194,-1.1505,0.2811573,-6.595302
2128,35.37848,-3.157754,0.8091998,-18.1021
2129,35.39532,-3.104739,0.8472551,-17.79818
2130,35.4118,-5.452908,1.604697,-31.25927
2131,35.42859,-3.718927,-10.51833,-21.31907
2132,35.44519,-3.718927,-10.51833,-21.31907
2133,35.46173,-6.249152,1.882662,-35.82381
2134,35.47852,-4.94428,0.563422,-28.34352
2135,35.49518,-5.007643,1.625741,-23.50282
2136,35.51184,-4.467261,1.855309,-25.58872
2137,35.52863,-6.227847,2.743616,-35.78791
2138,35.52911,-6.227847,2.743616,-35.78791
2139,35.54523,-7.593764,-0.8208773,-43.6379
2140,35.56183,-5.593439,-9.602258,-32.14294
2141,35.57855,-4.304764,-0.1445097,-24.73751
2142,35.59515,-5.536503,-0.3366333,-31.81576
2143,35.61182,-3.68109,-5.596575,-34.21215
2144,35.62854,-3.68109,-5.596575,-34.21215
2145,35.64508,-6.917223,-14.44445,-39.65448
2146,35.66187,-4.753121,-18.40886,-27.24768
2147,35.67847,-4.264144,-17.61276,-24.44458
2148,35.69513,-3.622808,-7.271171,-20.76806
2149,35.71179,-2.617928,-5.720731,-15.0075
2150,35.72852,-0.8469096,-0.1040853,-4.854983
2151,35.74512,-0.8469096,-0.1040853,-4.854983
2152,35.76178,1.594445,-1.151463,9.140294
2153,35.77844,3.047313,-2.185961,17.46899
2154,35.79517,2.751664,-1.95401,15.77415
2155,35.81207,-0.6578192,-2.442649,20.78196
2156,35.82922,-0.6578192,-2.442649,20.78196
2157,35.84515,-10.35554,-2.682895,25.71417
2158,35.86182,-12.80455,-3.206928,31.849
2159,35.87842,-17.0563,-2.056758,29.04717
2160,35.89508,-25.79377,-2.376338,27.62604
2161,35.91174,-36.53026,-2.286301,28.87856
2162,35.92841,-36.53026,-2.286301,28.87856
2163,35.94507,-30.47324,-1.75061,23.04673
2164,35.96198,-29.70156,-2.907229,22.36675
2165,35.97839,-22.32287,-1.504551,19.7257
2166,35.99512,-15.90307,-1.80108,22.73091
2167,36.01184,-13.0198,-2.378975,21.60364
2168,36.02838,-13.0198,-2.378975,21.60364
2169,36.0451,-4.646436,-2.026933,26.39489
2170,36.06189,-15.56591,-2.199616,31.15777
2171,36.07837,-27.59841,-2.239693,34.61897
2172,36.09509,-29.2832,-1.956345,28.11124
2173,36.11169,-35.52365,-4.174331,29.92041
2174,36.12842,-35.52365,-4.174331,29.92041
2175,36.14508,-24.10594,-10.67634,31.56092
2176,36.16168,-27.61688,-18.52191,40.62896
2177,36.17834,-21.93119,-10.93038,30.31271
2178,36.19525,-26.28244,-20.62263,29.43393
2179,36.21179,-18.59174,-24.99268,23.05387
2180,36.22839,-18.59174,-24.99268,23.05387
2181,36.24518,-14.84408,-28.05378,10.69986
2182,36.26166,-12.18191,-25.89697,9.5504
2183,36.27838,-9.025101,-29.64189,8.764627
2184,36.29517,-11.44765,-29.54895,8.059553
2185,36.31183,-14.00462,-28.33873,15.29118
2186,36.32837,-14.00462,-28.33873,15.29118
2187,36.34528,-11.13006,-20.42286,18.72801
2188,36.36169,0.9088513,-22.12988,13.36483
2189,36.3783,0.3153926,-18.46697,9.086405
2190,36.39508,0.1724952,-15.49715,11.82672
2191,36.41168,-8.858064,-14.00962,7.966074
2192,36.42834,-8.858064,-14.00962,7.966074
2193,36.44507,-12.02881,-14.68324,7.539841
2194,36.46173,-0.9796656,-20.99247,4.449684
2195,36.47833,0.3062157,-20.26271,4.327109
2196,36.495,-1.997581,-23.64342,6.752896
2197,36.5116,-6.479445,-18.06195,4.092898
2198,36.52838,-6.479445,-18.06195,4.092898
2199,36.54523,-10.65273,-3.410048,8.153974
2200,36.56183,-14.93695,-1.625128,6.252483
2201,36.57837,-12.46697,-1.323215,10.31971
2202,36.59503,-19.02747,-0.007976404,1.271625
2203,36.61163,-18.82602,-0.005072735,1.304026
2204,36.62836,-18.82602,-0.005072735,1.304026
2205,36.64502,-21.45591,-0.06093045,3.040477
2206,36.66156,-23.26582,-0.06071698,3.09016
2207,36.67834,-20.93269,7.23432,1.498737
2208,36.69501,-22.54655,12.1762,-1.343086
2209,36.71161,-26.87132,14.44615,-1.71261
2210,36.72906,-26.87132,14.44615,-1.71261
2211,36.74493,-38.05603,17.4352,-2.206164
2212,36.76166,-43.14303,16.8737,-2.185711
2213,36.77838,-34.91674,17.92626,-2.854059
2214,36.79498,-31.22578,22.98351,-4.181781
2215,36.81183,-25.04892,22.5619,-4.383369
2216,36.82831,-25.04892,22.5619,-4.383369
2217,36.84503,-16.69538,13.04075,-2.677545
2218,36.86163,-17.79375,6.642615,-1.332549
2219,36.87909,-2.629304,2.598544,-0.5523815
2220,36.89496,-0.0406259,9.095766,-1.990276
2221,36.91162,-0.008005926,6.676342,-1.463845
2222,36.92834,-0.008005926,6.676342,-1.463845
2223,36.94489,-0.0042461,3.601629,-0.7943103
2224,36.9491,-2.559565e-05,0.02171079,-0.00478814
2225,36.96161,-1.542918e-07,0.0001308737,-2.886313e-05
2226,36.97833,-1.280143e-09,1.085845e-06,-2.394744e-07
2227,36.995,-3.604784,6.545526e-09,0.01630523
2228,37.01166,-3.604784,6.545526e-09,0.01630523
2229,37.02875,-11.3876,-0.4360828,14.47621
2230,37.04504,-12.47359,-0.4417946,15.27634
2231,37.06183,-0.1009858,-0.09231559,3.282534
2232,37.07825,0.004174137,-0.3439646,5.628501
2233,37.09497,0.7087034,-0.135395,5.145142
2234,37.11157,0.7087034,-0.135395,5.145142
2235,37.12823,0.9875582,-8.730424,2.507755
2236,37.14496,0.02193251,-12.8295,5.564679
2237,37.16162,0.01195951,-12.66133,4.145909
2238,37.17822,-4.73301,-3.587681,2.216164
2239,37.19489,-9.410151,-0.2532965,9.336313
2240,37.21161,-9.410151,-0.2532965,9.336313
2241,37.22821,-14.92035,-0.1093571,4.850337
2242,37.245,-14.55598,-0.03073394,1.350585
2243,37.2616,-26.95107,-0.02927668,1.170937
2244,37.2782,-29.6316,-0.00831857,0.07125361
2245,37.29504,-35.88308,-9.499554e-05,-0.5414093
2246,37.31152,-35.88308,-9.499554e-05,-0.5414093
2247,37.32819,-19.85781,-3.451887e-09,-0.4491795
2248,37.34497,-30.63064,0.0,-0.8062844
2249,37.36151,-29.15831,0.0,-0.8635225
2250,37.37823,-22.95766,0.460064,-4.394189
2251,37.3949,-23.44592,0.08011577,-4.443589
2252,37.4118,-23.44592,0.08011577,-4.443589
2253,37.42828,-19.49124,0.2595714,-12.00135
2254,37.44507,-25.93083,0.3441815,-15.49066
2255,37.46155,-25.92626,0.1467611,-7.147393
2256,37.47827,-24.50564,0.1857392,-8.48335
2257,37.49493,-28.72006,7.062444,-6.700713
2258,37.51154,-28.72006,7.062444,-6.700713
2259,37.5282,-16.30621,1.535042,-8.35401
2260,37.54486,-14.50513,3.582286,-4.496601
2261,37.56201,-0.9985271,13.55439,-9.653454
2262,37.57843,0.4854863,4.246193,-7.869425
2263,37.59479,0.5757294,11.52592,-9.200272
2264,37.61151,0.5757294,11.52592,-9.200272
2265,37.6283,1.102226,6.618921,-17.61202
2266,37.6449,1.054255,2.760217,-16.84551
2267,37.66162,0.6873441,3.886657,-10.91082
2268,37.67804,0.9876081,3.978801,-15.67717
2269,37.69489,0.706569,3.371019,-21.81916
2270,37.71155,0.706569,3.371019,-21.81916
2271,37.72815,0.4639372,2.924446,-22.87971
2272,37.74487,-7.17527,9.754038,-16.58799
2273,37.7616,1.43696,7.251516,-23.53174
2274,37.7782,0.9714307,6.381329,-14.93739
2275,37.79486,1.027869,10.5737,-19.78824
2276,37.81183,1.027869,10.5737,-19.78824
2277,37.82819,-9.911316,4.918053,-15.96484
2278,37.84479,-11.03741,2.850479,-2.226901
2279,37.86157,-11.9473,7.015428,-3.08035
2280,37.87817,-14.39935,8.294785,-6.525755
2281,37.89484,-21.70804,17.504,-5.880859
2282,37.91174,-21.70804,17.504,-5.880859
2283,37.92816,-26.63698,3.626572,-3.03524
2284,37.94482,-36.85031,3.862577,-4.104514
2285,37.96143,-44.88065,13.66049,0.1070234
2286,37.97809,-49.42675,1.890372,-5.242233
2287,37.99481,-48.00431,9.12237,-5.911366
2288,38.01147,-48.00431,9.12237,-5.911366
2289,38.02814,-43.99191,0.1229365,-2.556128
2290,38.0448,-40.32354,-0.1943807,-1.336667
2291,38.06152,-42.48036,-0.2680521,-0.4628084
2292,38.07813,-37.25375,-0.005798981,-4.869392
2293,38.09589,-39.07892,-4.811354e-05,-5.432978
2294,38.11145,-39.07892,-4.811354e-05,-5.432978
2295,38.12811,-35.5506,-2.406442e-09,-5.316337
2296,38.14478,-21.14543,0.0,-3.224401
2297,38.16138,-4.603281,0.0,-0.7096892
2298,38.1781,0.05900738,12.26549,-3.064642
2299,38.18909,0.4047546,0.2186149,-2.634389
2300,38.19482,0.4047546,0.2186149,-2.634389
2301,38.21143,1.5741,0.5842132,-10.18233
2302,38.22815,1.261159,0.4748146,-8.158021
2303,38.24475,0.4057387,0.1549284,-2.624589
2304,38.26141,0.8896391,1.040012,-5.754781
2305,38.27814,1.457859,3.220269,-9.430409
2306,38.2948,1.457859,3.220269,-9.430409
2307,38.31146,1.322921,7.907352,-8.55754
2308,38.32819,0.7640956,14.8892,-3.747609
2309,38.34479,0.4044411,8.95572,-2.620475
2310,38.36145,0.05401931,1.389363,-0.3512859
2311,38.37811,0.4928958,12.71783,-3.205839
2312,38.39484,0.4928958,12.71783,-3.205839
2313,38.41138,0.07479794,1.923407,-0.4864926
2314,38.4281,0.3637289,9.321504,-2.365726
2315,38.44482,-6.632381,4.835853,-1.722667
2316,38.46143,-3.390137,0.5599458,6.023126
2317,38.47839,-4.608594,7.512727,0.9293312
2318,38.49475,-4.608594,7.512727,0.9293312
2319,38.51147,-16.05238,8.991399,-2.27668
2320,38.52814,-28.59766,-0.7175276,8.710192
2321,38.5448,-33.02623,-0.9385083,11.12342
2322,38.56134,-42.20272,-0.933789,9.901721
2323,38.57794,-45.46004,-1.193716,14.92454
2324,38.59521,-45.46004,-1.193716,14.92454
2325,38.61151,-37.2352,-0.6189368,6.041691
2326,38.62854,-23.06256,-0.4734653,6.01965
2327,38.64459,-20.29282,-0.8050247,14.66318
2328,38.66132,-11.70837,-8.130772,16.42557
2329,38.67798,-15.00678,-0.8527951,15.2658
2330,38.69458,-15.00678,-0.8527951,15.2658
2331,38.7113,-19.30973,-0.5099374,11.47342
2332,38.72797,-17.56167,-0.6155824,16.70001
2333,38.74475,-14.54425,-0.8528066,20.78754
2334,38.76147,-16.14704,-0.8797708,16.80673
2335,38.77808,-8.649031,-0.8823335,26.41215
2336,38.7948,-8.649031,-0.8823335,26.41215
2337,38.81146,-3.958126,-3.747016,18.22004
2338,38.82794,-2.696946,-0.2321831,12.87131
2339,38.84467,-1.358814,-1.345143,6.488908
2340,38.86145,-1.62134,-1.067169,7.74262
2341,38.87799,-2.099869,-1.676735,10.00729
2342,38.89478,-2.099869,-1.676735,10.00729
2343,38.91132,-10.66634,-2.30981,8.788592
2344,38.92804,-2.609113,-0.5887142,12.15542
2345,38.9447,-3.980433,-1.025951,18.92861
2346,38.96136,-4.475909,-8.069317,19.92132
2347,38.97803,-4.929127,-1.342714,23.38688
2348,38.99475,-4.929127,-1.342714,23.38688
2349,39.0116,-7.083922,-5.830706,33.62207
2350,39.02802,-7.563057,-5.316262,32.23875
2351,39.04474,-9.023657,-5.005182,36.29756
2352,39.06128,-20.65972,-10.11064,36.81532
2353,39.078,-15.04731,-14.33331,34.27457
2354,39.09479,-15.04731,-14.33331,34.27457
2355,39.11145,-24.54831,-14.38995,45.69335
2356,39.12805,-16.39357,-19.07148,44.9067
2357,39.14471,-15.87321,-23.14687,44.23313
2358,39.16162,-20.18724,-24.47765,41.98117
2359,39.17804,-18.75298,-25.04481,43.28685
2360,39.1947,-18.75298,-25.04481,43.28685
2361,39.21136,-18.67394,-16.09581,32.63951
2362,39.22803,-17.61307,-9.789481,24.51771
2363,39.24463,-27.91817,-8.087851,34.57668
2364,39.26147,-19.04297,-3.235549,27.84268
2365,39.27808,-5.990554,-1.635571,23.59988
2366,39.29468,-5.990554,-1.635571,23.59988
2367,39.31128,6.63769,0.7204935,17.30206
2368,39.32843,-0.4911661,-10.56032,21.95376
2369,39.3446,1.71509,-3.078592,21.39176
2370,39.36139,12.49156,1.001304,29.07057
2371,39.37799,12.58532,-10.36035,29.31514
2372,39.39465,12.58532,-10.36035,29.31514
2373,39.40912,13.19109,-9.237311,35.34249
2374,39.41132,4.790972,-15.72731,45.53064
2375,39.42804,11.53596,-15.98189,40.49307
2376,39.44464,11.66259,-12.76563,38.13521
2377,39.46124,9.571916,-6.599399,42.27667
2378,39.47803,9.571916,-6.599399,42.27667
2379,39.49463,20.4581,-10.48444,35.09937
2380,39.51141,38.24125,-6.460845,41.68003
2381,39.52795,51.92023,-7.754621,33.84074
2382,39.54474,42.80443,-8.862802,32.9314
2383,39.56134,46.87698,-6.718253,30.52332
2384,39.578,46.87698,-6.718253,30.52332
2385,39.59479,0.9935219,-4.168724,26.82641
2386,39.61169,-4.917349,-5.830003,27.65058
2387,39.62793,-3.777281,-10.86676,21.09052
2388,39.64459,-2.136424,-10.13337,11.92828
2389,39.66132,-2.403394,-11.07001,10.8989
2390,39.67792,-2.403394,-11.07001,10.8989
2391,39.6955,-2.804769,-8.747712,15.62237
2392,39.7113,-3.699052,1.889012,20.60405
2393,39.72797,-3.909487,3.589306,21.7762
2394,39.74475,-4.340153,-0.9234163,24.17505
2395,39.76129,-3.198014,-5.967275,17.81323
2396,39.77795,-3.198014,-5.967275,17.81323
2397,39.79462,-14.98125,-0.3901271,20.96225
2398,39.81146,-16.5265,-6.904379,23.93833
2399,39.828,-5.451634,-6.748139,24.3051
2400,39.84454,-9.774581,-2.855218,19.5711
2401,39.86127,-6.299285,-10.08804,19.57432
2402,39.87799,-6.299285,-10.08804,19.57432
2403,39.89471,-13.69907,-14.81773,21.94742
2404,39.91125,-18.49593,-13.11967,19.33581
2405,39.92792,-8.470209,-15.54959,14.90491
2406,39.92908,-5.45782,-4.638999,15.28653
2407,39.94446,-4.147057,-5.577332,21.55218
2408,39.96136,-4.147057,-5.577332,21.55218
2409,39.97815,-2.84456,2.335974,14.85874
2410,39.99457,-17.81039,3.613062,14.41142
2411,40.01123,-2.114892,1.971952,10.54922
2412,40.02844,-6.554695,3.560133,15.90227
2413,40.04462,-14.3978,2.091649,9.156892
2414,40.06134,-14.3978,2.091649,9.156892
2415,40.07794,-20.11895,3.077312,11.50781
2416,40.09454,-20.09735,2.03327,5.526335
2417,40.11121,-16.8844,1.808479,5.049746
2418,40.12781,-26.11151,1.514669,1.73424
2419,40.14447,-20.79684,3.271537,10.85302
2420,40.16113,-20.79684,3.271537,10.85302
2421,40.1778,-19.95638,3.367999,11.16974
2422,40.19452,-15.00051,5.842282,1.259484
2423,40.21118,-21.56927,1.662731,2.589803
2424,40.22858,-23.66554,5.053974,17.39626
2425,40.24451,-36.38454,5.219623,14.99146
2426,40.26147,-36.38454,5.219623,14.99146
2427,40.27783,-66.61639,7.326715,16.04032
2428,40.29449,-68.22258,6.676177,12.0842
2429,40.31116,-57.44585,6.304029,12.26799
2430,40.32788,-70.47311,8.210512,16.01333
2431,40.34454,-64.19285,8.346877,17.17106
2432,40.36121,-64.19285,8.346877,17.17106
2433,40.36908,-54.99665,7.955757,16.33271
2434,40.37781,-41.19742,7.216719,16.54407
2435,40.39447,-25.16592,3.038186,4.644664
2436,40.41125,-7.406658,3.152573,9.889689
2437,40.4278,-3.558226,3.376314,11.76582
2438,40.44446,-3.558226,3.376314,11.76582
2439,40.46112,0.3568211,8.913682e-05,0.09946645
2440,40.47784,3.33591,3.903865e-07,0.923808
2441,40.49451,14.47327,-2.556206,4.411246
2442,40.51117,12.7655,-0.04925302,3.347993
2443,40.52783,23.77682,-0.4894264,4.586073
2444,40.54462,23.77682,-0.4894264,4.586073
2445,40.56116,26.5395,-3.378992,7.537243
2446,40.57788,26.31287,-4.870709,7.688408
2447,40.59448,35.45704,-8.965764,10.64508
2448,40.61108,35.37539,-3.604408,9.58041
2449,40.62781,44.46357,-8.406356,12.4379
2450,40.64453,44.46357,-8.406356,12.4379
2451,40.66107,49.89264,-6.638544,12.91668
2452,40.6778,47.69431,-12.12619,13.0026
2453,40.6944,48.61476,-8.474707,12.37175
2454,40.71118,40.27543,-5.199247,9.783789
2455,40.72784,35.37271,-12.30227,9.621612
2456,40.74445,35.37271,-12.30227,9.621612
2457,40.76306,8.156984,-0.1453269,1.762127
2458,40.77783,8.378405,-0.6300537,3.254605
2459,40.79449,-8.492383,-6.690547,-0.7669002
2460,40.81116,-3.338891,-1.90515,-0.4197141
2461,40.82776,-23.28983,-3.32472,-3.097729
2462,40.84448,-23.28983,-3.32472,-3.097729
2463,40.86115,-26.18912,3.309341,6.463002
2464,40.87793,-27.303,5.832084,15.30047
2465,40.89441,-27.48207,5.249825,12.91636
2466,40.91113,-32.26855,2.678656,2.347956
2467,40.9278,-22.58779,4.496118,6.033746
2468,40.9444,-22.58779,4.496118,6.033746
2469,40.961,-33.21083,3.249148,3.72034
2470,40.97784,-31.06206,3.115849,3.616199
2471,40.99438,-27.12434,2.560197,2.480689
2472,41.01111,-34.2784,2.078232,-1.10018
2473,41.02783,-38.39869,5.822834,10.75582
2474,41.04443,-38.39869,5.822834,10.75582
2475,41.06104,-54.56946,5.296905,4.31269
2476,41.07776,-30.47346,1.930359,-1.328416
2477,41.09442,-26.10958,1.648417,1.106294
2478,41.11102,-19.04867,0.8040146,-2.299509
2479,41.12793,-0.1148263,0.004846638,-0.01386155
2480,41.14478,-0.1148263,0.004846638,-0.01386155
2481,41.16107,15.21472,1.282886e-07,4.025361
2482,41.17767,3.309173,5.618568e-10,0.8740526
2483,41.19434,12.63111,0.0,3.319594
2484,41.211,13.50982,0.1406803,3.517016
2485,41.22772,6.654275,0.0006161281,1.737026
2486,41.24445,6.654275,0.0006161281,1.737026
2487,41.26105,15.88923,1.181807e-08,4.113062
2488,41.27771,1.762216,0.0,0.4553914
2489,41.29572,9.386899,0.0,2.417527
2490,41.31104,0.09449818,0.0,0.02433731
2491,41.32776,2.032502,-12.77315,2.478284
2492,41.34436,2.032502,-12.77315,2.478284
2493,41.36121,7.095707,-0.0006388373,1.805782
2494,41.37775,16.36682,-2.797873e-06,4.150627
2495,41.39441,16.85657,-1.686571e-08,4.260077
2496,41.41113,7.033749,0.0,1.771452
2497,41.42767,13.21016,-0.7403759,0.7906386
2498,41.44513,13.21016,-0.7403759,0.7906386
2499,41.46106,22.21136,-0.1031916,5.145553
2500,41.47766,20.45962,-0.0006220441,5.007734
2501,41.49432,29.80445,-5.161035e-06,7.207189
2502,41.51117,24.80129,-3.111096e-08,5.921849
2503,41.52765,29.8748,0.0,7.042429
2504,41.54437,29.8748,0.0,7.042429
2505,41.5611,31.73128,0.0,7.287498
2506,41.5777,30.36439,0.0,6.881623
2507,41.59442,25.00491,0.7140492,8.017186
2508,41.61108,20.09123,12.09579,10.82379
2509,41.62762,2.498923,2.232337,7.768922
2510,41.64441,2.498923,2.232337,7.768922
2511,41.66107,9.482553,0.0002117821,2.084264
2512,41.67816,0.09811617,9.275277e-07,0.02156184
2513,41.6944,0.0004297128,3.914978e-09,9.443295e-05
2514,41.71118,-2.798152,6.680834,12.73464
2515,41.72766,-2.308417,23.95919,10.5058
2516,41.74432,-2.308417,23.95919,10.5058
2517,41.76111,-11.66914,22.387,7.209466
