sample,t,vx,vy,vz
0,0.0,0.0,0.0,0.0
1,0.01672363,0.0,0.0,0.0
2,0.03344727,0.0,0.0,0.0
3,0.0501709,0.0,0.0,0.0
4,0.06677246,0.0,0.0,0.0
5,0.08343506,0.0,0.0,0.0
6,0.1001587,0.0,0.0,0.0
7,0.1167603,0.0,0.0,0.0
8,0.1333008,0.0,0.0,0.0
9,0.1500854,0.0,0.0,0.0
10,0.166748,0.0,0.0,0.0
11,0.1833496,0.0,0.0,0.0
12,0.2000732,0.0,0.0,0.0
13,0.2167969,0.0,0.0,0.0
14,0.2333374,0.0,0.0,0.0
15,0.250061,0.0,0.0,0.0
16,0.2667847,0.0,0.0,0.0
17,0.2834473,0.0,0.0,0.0
18,0.3000488,0.0,0.0,0.0
19,0.3168335,0.0,0.0,0.0
20,0.333374,0.0,0.0,0.0
21,0.3502197,0.0,0.0,0.0
22,0.3668823,0.0,0.0,0.0
23,0.3833618,0.0,0.0,0.0
24,0.4001465,0.0,0.0,0.0
25,0.416748,0.0,0.0,0.0
26,0.43396,0.0,0.0,0.0
27,0.4500732,0.0,0.0,0.0
28,0.4669189,0.0,0.0,0.0
29,0.4835205,0.0,0.0,0.0
30,0.5,0.0,0.0,0.0
31,0.5166626,0.0,0.0,0.0
32,0.5334473,0.0,0.0,0.0
33,0.550293,0.0,0.0,0.0
34,0.5666504,0.0,0.0,0.0
35,0.583374,0.0,0.0,0.0
36,0.6000977,0.0,0.0,0.0
37,0.6166382,0.0,0.0,0.0
38,0.6335449,0.0,0.0,0.0
39,0.6501465,0.0,0.0,0.0
40,0.666626,0.0,0.0,0.0
41,0.6834106,0.0,0.0,0.0
42,0.7000732,0.0,0.0,0.0
43,0.7166138,0.0,0.0,0.0
44,0.7332764,0.0,0.0,0.0
45,0.7498779,0.0,0.0,0.0
46,0.7666016,0.0,0.0,0.0
47,0.7833252,0.0,0.0,0.0
48,0.7999878,0.0,0.0,0.0
49,0.8169556,0.0,0.0,0.0
50,0.833374,0.0,0.0,0.0
51,0.8500366,0.0,0.0,0.0
52,0.8666382,0.0,0.0,0.0
53,0.8833008,0.0,0.0,0.0
54,0.9000854,0.0,0.0,0.0
55,0.916687,0.0,0.0,0.0
56,0.9332886,0.0,0.0,0.0
57,0.9499512,0.0,0.0,0.0
58,0.9667969,0.0,0.0,0.0
59,0.9832764,0.0,0.0,0.0
60,1.0,0.0,0.0,0.0
61,1.016663,0.0,0.0,0.0
62,1.033264,0.0,0.0,0.0
63,1.05011,0.0,0.0,0.0
64,1.066589,0.0,0.0,0.0
65,1.083313,0.0,0.0,0.0
66,1.099915,0.0,0.0,0.0
67,1.116638,0.0,0.0,0.0
68,1.133484,0.0,0.0,0.0
69,1.149963,0.0,0.0,0.0
70,1.166565,0.0,0.0,0.0
71,1.183228,0.0,0.0,0.0
72,1.200439,0.0,0.0,0.0
73,1.216492,0.0,0.0,0.0
74,1.233154,0.0,0.0,0.0
75,1.249939,0.0,0.0,0.0
76,1.266602,0.0,0.0,0.0
77,1.283142,0.0,0.0,0.0
78,1.299927,0.0,0.0,0.0
79,1.316589,0.0,0.0,0.0
80,1.333252,0.0,0.0,0.0
81,1.349915,0.0,0.0,0.0
82,1.366638,0.0,0.0,0.0
83,1.383179,0.0,0.0,0.0
84,1.399963,0.0,0.0,0.0
85,1.416687,0.0,0.0,0.0
86,1.433228,0.0,0.0,0.0
87,1.450012,0.0,0.0,0.0
88,1.466492,0.0,0.0,0.0
89,1.483215,0.0,0.0,0.0
90,1.500183,0.0,0.0,0.0
91,1.516663,0.0,0.0,0.0
92,1.533264,0.0,0.0,0.0
93,1.549988,0.0,0.0,0.0
94,1.566589,0.0,0.0,0.0
95,1.583191,0.0,0.0,0.0
96,1.599915,0.0,0.0,0.0
97,1.616577,0.0,0.0,0.0
98,1.633301,0.0,0.0,0.0
99,1.649963,0.0,0.0,0.0
100,1.666504,0.0,0.0,0.0
101,1.683289,0.0,0.0,0.0
102,1.699951,0.0,0.0,0.0
103,1.716492,0.0,0.0,0.0
104,1.733582,0.0,0.0,0.0
105,1.749878,0.0,0.0,0.0
106,1.766479,0.0,0.0,0.0
107,1.783203,0.0,0.0,0.0
108,1.799866,0.0,0.0,0.0
109,1.816528,0.0,0.0,0.0
110,1.83313,0.0,0.0,0.0
111,1.849915,0.0,0.0,0.0
112,1.866516,0.0,0.0,0.0
113,1.883057,0.0,0.0,0.0
114,1.89978,0.0,0.0,0.0
115,1.916443,0.0,0.0,0.0
116,1.933167,0.0,0.0,0.0
117,1.949951,0.0,0.0,0.0
118,1.966431,0.0,0.0,0.0
119,1.983154,0.0,0.0,0.0
120,1.999878,0.0,0.0,0.0
121,2.016479,0.0,0.0,0.0
122,2.033264,0.0,0.0,0.0
123,2.049805,0.0,0.0,0.0
124,2.066589,0.0,0.0,0.0
125,2.083191,0.0,0.0,0.0
126,2.099792,0.0,0.0,0.0
127,2.116943,0.0,0.0,0.0
128,2.133301,0.0,0.0,0.0
129,2.149841,0.0,0.0,0.0
130,2.166504,0.0,0.0,0.0
131,2.183044,0.0,0.0,0.0
132,2.199768,0.0,0.0,0.0
133,2.216614,0.0,0.0,0.0
134,2.233093,0.0,0.0,0.0
135,2.25,0.0,0.0,0.0
136,2.266479,0.0,0.0,0.0
137,2.283142,0.0,0.0,0.0
138,2.299805,0.0,0.0,0.0
139,2.316406,0.0,0.0,0.0
140,2.33313,0.0,0.0,0.0
141,2.349854,0.0,0.0,0.0
142,2.366455,0.0,0.0,0.0
143,2.383057,0.0,0.0,0.0
144,2.39978,0.0,0.0,0.0
145,2.416443,0.0,0.0,0.0
146,2.433105,0.0,0.0,0.0
147,2.449768,0.0,0.0,0.0
148,2.466431,0.0,0.0,0.0
149,2.483154,-8.038577,22.34327,123.19
150,2.499817,6.907985,95.41194,194.0833
151,2.516418,16.06243,94.25686,137.6791
152,2.533081,22.42489,88.4397,128.3532
153,2.549744,22.42489,88.4397,128.3532
154,2.566406,1.982783,115.6856,51.82762
155,2.58313,-5.905537,99.88994,39.62624
156,2.59967,0.492201,61.86392,52.69324
157,2.616516,0.750416,34.07748,76.0542
158,2.633118,0.7631642,33.32296,77.32881
159,2.649902,0.7631642,33.32296,77.32881
160,2.666443,0.7231728,29.73571,73.27652
161,2.683105,-0.3732377,30.47733,66.62138
162,2.699768,0.5754262,15.99627,61.31025
163,2.716309,0.4155223,12.27791,43.93694
164,2.733154,-1.156777,2.789955,42.46175
165,2.749756,-1.156777,2.789955,42.46175
166,2.766357,0.1893532,-12.5187,35.37985
167,2.78302,0.336106,-5.468536,43.06832
168,2.799805,0.4244143,-6.494614,54.3222
169,2.816345,0.726217,-6.020926,53.6977
170,2.833496,0.9825709,-2.489771,64.19823
171,2.84967,0.9825709,-2.489771,64.19823
172,2.866516,0.70993,-7.017962,82.20687
173,2.882996,0.6413795,-4.010175,74.27331
174,2.899719,0.6476975,3.368241,75.005
175,2.916382,0.6548523,6.035046,75.83354
176,2.932983,11.91759,3.660406,93.43676
177,2.949646,11.91759,3.660406,93.43676
178,2.966553,1.258007,18.12937,127.6161
179,2.983032,1.182905,21.37813,125.0085
180,2.999756,1.054531,33.8494,111.4976
181,3.016418,1.148301,47.88753,121.4124
182,3.033264,1.283091,57.9353,135.6641
183,3.049744,1.283091,57.9353,135.6641
184,3.066528,1.223779,82.60571,129.3929
185,3.083008,1.331366,92.33099,140.7682
186,3.09967,1.559298,105.2589,164.868
187,3.116516,1.321074,94.3278,139.6801
188,3.132935,1.506361,123.3749,159.2709
189,3.149719,1.506361,123.3749,159.2709
190,3.166382,1.590986,123.1468,168.2184
191,3.183044,1.690933,150.998,178.7861
192,3.199707,1.096997,157.0229,185.2756
193,3.216492,1.132384,139.1646,160.6328
194,3.233032,1.047307,153.3246,167.8695
195,3.249756,1.047307,153.3246,167.8695
196,3.266357,1.503808,178.0763,182.854
197,3.28302,1.349775,170.1954,164.1231
198,3.299561,1.272968,173.7068,154.7839
199,3.316284,1.172744,177.011,142.5973
200,3.333008,1.103519,179.8357,134.1801
201,3.350037,1.103519,179.8357,134.1801
202,3.366577,0.361154,177.4289,114.4728
203,3.383423,-12.54167,184.8784,113.6296
204,3.399963,-4.314201,189.8931,108.4304
205,3.416626,0.6307551,196.9952,100.5215
206,3.433044,0.6702536,201.2976,101.894
207,3.449707,0.6702536,201.2976,101.894
208,3.466309,0.5825881,231.2775,88.54894
209,3.482971,0.5442359,239.8603,82.71971
210,3.499634,0.5725005,253.2079,87.01571
211,3.516235,0.5244167,250.8241,79.70735
212,3.53302,0.513007,243.9203,77.97315
213,3.549622,0.513007,243.9203,77.97315
214,3.566528,0.4742072,241.3517,72.07587
215,3.583008,0.4754215,250.3804,72.26044
216,3.599609,0.3558141,222.3668,54.08103
217,3.616211,0.3257007,209.563,49.50402
218,3.633057,0.2568538,180.612,39.03981
219,3.649597,0.2568538,180.612,39.03981
220,3.666321,-13.73047,154.3705,14.2934
221,3.683044,-0.02229168,161.9334,9.905258
222,3.699524,-0.2582235,162.1017,9.350598
223,3.716431,0.06648341,148.0199,11.78619
224,3.73291,5.555081,138.6938,4.010922
225,3.749634,5.555081,138.6938,4.010922
226,3.766296,0.008447591,84.32238,1.337008
227,3.782898,0.08383334,83.36669,13.59125
228,3.799622,19.84905,95.92156,15.45744
229,3.816284,0.1861578,99.16374,15.13134
230,3.832886,1.252002,89.44353,18.06012
231,3.849548,1.252002,89.44353,18.06012
232,3.866272,10.1661,52.47311,18.46433
233,3.882874,4.066247,40.64079,14.24791
234,3.899597,20.61548,45.25549,20.74437
235,3.916199,0.4731362,38.46585,34.55338
236,3.9328,0.8607323,39.79698,47.78167
237,3.949585,0.8607323,39.79698,47.78167
238,3.966248,0.6384426,27.81306,55.44788
239,3.983093,6.390861,19.17657,61.89112
240,3.999512,18.59553,-0.8146499,56.00903
241,4.016174,27.59578,-25.13201,60.02243
242,4.032898,21.69875,-36.62064,62.54138
243,4.0495,21.69875,-36.62064,62.54138
244,4.066223,13.4597,-33.95483,87.57692
245,4.082947,18.03034,-32.68265,94.92304
246,4.099609,15.09667,-39.67238,91.734
247,4.11615,14.64406,-33.41597,71.43644
248,4.132935,5.388525,-33.1017,64.11391
249,4.149536,5.388525,-33.1017,64.11391
250,4.166199,8.076245,-48.09297,80.23129
251,4.182922,4.340903,-46.71112,78.37643
252,4.199402,8.928815,-36.41204,81.29021
253,4.216187,17.20404,-26.6562,73.02962
254,4.23291,4.998775,-16.89577,86.83762
255,4.249756,4.998775,-16.89577,86.83762
256,4.266174,18.42322,-19.53106,67.33327
257,4.283325,15.5373,-19.01455,58.11968
258,4.299438,25.19748,-24.75439,59.33789
259,4.316101,14.12701,-12.75013,48.64452
260,4.332886,29.48198,-11.23857,42.67465
261,4.349487,29.48198,-11.23857,42.67465
262,4.36615,12.26589,-49.44436,38.71585
263,4.382996,12.32224,-65.09001,47.31058
264,4.399414,17.88191,-73.07101,51.63275
265,4.416138,31.8736,-74.97674,52.66368
266,4.432861,36.57383,-69.76108,48.21837
267,4.449463,36.57383,-69.76108,48.21837
268,4.466187,18.35238,-47.47783,38.10062
269,4.482849,33.01594,-63.02924,43.05457
270,4.49939,10.5885,-57.08112,35.44307
271,4.516113,11.14264,-55.15274,33.26244
272,4.532959,6.988391,-52.61624,31.277
273,4.549438,6.988391,-52.61624,31.277
274,4.566162,30.7654,-58.17217,31.84868
275,4.582703,27.47016,-70.62595,38.24261
276,4.599487,29.26925,-68.09989,35.78864
277,4.616394,26.08144,-53.08711,27.09533
278,4.632935,23.0348,-50.22082,25.2336
279,4.649414,23.0348,-50.22082,25.2336
280,4.666138,2.283918,-53.00792,27.13831
281,4.6828,2.336398,-71.70747,35.87591
282,4.699463,-10.06962,-89.60397,44.34766
283,4.716064,-0.8184969,-94.22223,44.57914
284,4.732788,-4.413325,-90.11781,41.43206
285,4.749573,-4.413325,-90.11781,41.43206
286,4.766113,2.019495,-75.61661,32.40574
287,4.782776,6.737593,-73.12524,30.18839
288,4.7995,3.339565,-77.43906,31.28359
289,4.816101,6.029459,-80.68543,31.51211
290,4.832764,2.146143,-87.06519,33.13704
291,4.849548,2.146143,-87.06519,33.13704
292,4.86615,2.027112,-89.42873,31.55766
293,4.882751,1.611933,-73.39188,25.09425
294,4.899475,1.233345,-57.76356,19.20047
295,4.916077,1.018495,-56.50657,15.85573
296,4.932739,1.023103,-54.60918,15.92746
297,4.949524,1.023103,-54.60918,15.92746
298,4.966064,1.312209,-67.7386,20.29773
299,4.982666,1.354269,-72.36024,20.94834
300,4.999512,1.294277,-71.77404,20.02035
301,5.016174,1.546023,-57.07095,15.35842
302,5.032715,1.820297,-48.81091,12.69667
303,5.049438,1.820297,-48.81091,12.69667
304,5.065979,0.7745429,-55.63573,9.999642
305,5.082764,0.8647417,-68.50368,9.989612
306,5.099609,0.4192096,-56.769,6.309552
307,5.116089,0.3257164,-60.7322,4.912693
308,5.132751,0.4062396,-55.04019,6.127302
309,5.149597,0.4062396,-55.04019,6.127302
310,5.166992,0.1083751,-27.63196,1.634619
311,5.1828,0.2053621,-35.7487,3.097471
312,5.199341,-0.02970148,-46.57926,-0.4479868
313,5.216125,0.9815432,-47.53181,-0.8599437
314,5.232666,-0.06190323,-53.09046,-0.9961014
315,5.249451,-0.06190323,-53.09046,-0.9961014
316,5.266174,-0.1426051,-56.36779,-2.137595
317,5.282654,-0.1042884,-56.33646,-1.563242
318,5.299377,-0.2133478,-73.26267,-3.197998
319,5.31604,-0.5134587,-77.83804,-7.69654
320,5.332703,-0.6413316,-83.3819,-9.613303
321,5.349426,-0.6413316,-83.3819,-9.613303
322,5.366028,-25.33723,-56.11192,-0.9798478
323,5.382874,-0.07659341,-42.4885,0.517334
324,5.399353,-25.22267,-38.23142,3.032177
325,5.416077,-0.003486457,-24.74968,2.287606
326,5.432678,-0.04570184,-34.16365,-0.6839048
327,5.449341,-0.04570184,-34.16365,-0.6839048
328,5.466003,15.23372,-0.1493266,-1.023731
329,5.482788,25.28753,-0.0006539956,-1.687066
330,5.49939,2.136174,-7.468431e-06,-0.1433934
331,5.516052,19.06946,-4.502006e-08,-1.29581
332,5.532654,25.11203,0.0,-1.716789
333,5.549377,25.11203,0.0,-1.716789
334,5.566101,9.564248,0.0,-0.6617648
335,5.582703,0.04188789,0.0,-0.002898287
336,5.599365,0.0002525022,0.0,-1.747101e-05
337,5.616028,1.105867e-06,0.0,-7.651661e-08
338,5.632751,6.666218e-09,0.0,-4.612457e-10
339,5.649414,6.666218e-09,0.0,-4.612457e-10
340,5.666138,0.0,0.0,0.0
341,5.682617,0.0,0.0,0.0
342,5.699524,0.0,0.0,0.0
343,5.716064,0.0,0.0,0.0
344,5.732666,0.0,0.0,0.0
345,5.749329,0.0,0.0,0.0
346,5.766052,0.0,0.0,0.0
347,5.782532,-0.5724693,-12.69724,-0.526337
348,5.799377,-0.3719003,-19.74211,-5.342558
349,5.81604,-18.68689,-33.01028,-7.897592
350,5.832703,-15.06525,-43.63954,-5.801424
351,5.849304,-15.06525,-43.63954,-5.801424
352,5.865967,-19.13793,-43.19506,-11.33546
353,5.88269,-1.057293,-57.01818,-14.01633
354,5.899353,-1.178382,-59.14717,-17.43384
355,5.915894,-1.347163,-67.93994,-19.94636
356,5.932617,-1.231714,-61.23446,-18.34929
357,5.949402,-1.231714,-61.23446,-18.34929
358,5.965881,-0.02775036,-22.24088,-0.6503704
359,5.982788,0.1819604,-18.40903,2.693103
360,5.99939,0.6275474,-13.13455,1.728176
361,6.01593,-0.06658825,-20.06518,-1.025181
362,6.032654,-0.05345868,-25.11285,-0.7869092
363,6.049316,-0.05345868,-25.11285,-0.7869092
364,6.065979,-0.02219183,-15.81836,-0.3265805
365,6.082947,0.00478933,-0.5765604,0.07048096
366,6.099243,2.887031e-05,-0.003475534,0.0004248625
367,6.115967,2.395339e-07,-2.883614e-05,3.52504e-06
368,6.13269,0.30043,-1.284648,0.1619288
369,6.149353,0.30043,-1.284648,0.1619288
370,6.165955,1.912199,-6.425047e-05,-0.1315088
371,6.182617,0.01586532,-5.330794e-07,-0.001091115
372,6.199402,0.1543666,6.553714,2.242483
373,6.215942,0.2416135,2.207339,0.7401499
374,6.23291,0.3132552,0.8232196,0.2597242
375,6.24939,0.3132552,0.8232196,0.2597242
376,6.26593,5.084842,1.952709,0.2344957
377,6.282715,0.1475601,4.921859,1.661252
378,6.299255,0.2656179,11.21062,3.769414
379,6.315979,0.3037002,12.81885,4.286849
380,6.332581,26.19999,11.43767,1.940629
381,6.349182,26.19999,11.43767,1.940629
382,6.365967,14.65586,19.26204,5.243213
383,6.38269,7.531426,16.37663,4.776292
384,6.399353,22.03931,9.259892,1.338422
385,6.415955,6.551054,13.01816,3.689192
386,6.432617,34.03607,9.129494,0.2707674
387,6.44928,34.03607,9.129494,0.2707674
388,6.465942,37.30039,9.102452,-0.1782596
389,6.482605,57.47213,8.33427,-2.280338
390,6.499329,60.4906,11.02516,-1.935109
391,6.51593,45.5995,8.816149,-1.462895
392,6.532593,50.97079,2.590847,-4.070336
393,6.549194,50.97079,2.590847,-4.070336
394,6.565918,50.53695,2.948427,-5.404651
395,6.58252,52.62012,0.01777326,-5.539363
396,6.599365,50.28777,0.1417755,-5.415704
397,6.61615,51.69778,0.0006209247,-5.784709
398,6.632568,56.78624,6.472656,-4.534948
399,6.649414,56.78624,6.472656,-4.534948
400,6.665894,55.9758,0.4993824,-6.715417
401,6.682617,65.46857,0.003010301,-8.307876
402,6.699341,68.14765,4.73155e-05,-8.93369
403,6.715942,64.25648,5.403286e-07,-8.638702
404,6.732544,48.46832,4.48305e-09,-6.698832
405,6.74939,48.46832,4.48305e-09,-6.698832
406,6.765869,63.95174,0.0,-9.37541
407,6.782593,72.72572,0.0,-11.02852
408,6.799194,68.90733,0.0,-10.76855
409,6.815857,57.75381,0.0,-9.268968
410,6.83252,53.29936,0.0,-8.756519
411,6.849121,53.29936,0.0,-8.756519
412,6.865906,39.83273,0.0,-6.81353
413,6.882568,42.10672,-3.481061,-8.067115
414,6.89917,39.45015,-16.024,-10.83211
415,6.915833,33.91125,-24.42639,-7.016249
416,6.932434,33.86797,-22.72437,-4.513882
417,6.949158,33.86797,-22.72437,-4.513882
418,6.96582,6.08957,-8.788439,-0.8395693
419,6.982422,24.79215,-19.80679,-6.723647
420,6.999207,13.63881,-38.27919,-6.713229
421,7.015869,-0.73029,-42.63572,-4.757857
422,7.032532,-0.8079255,-44.23353,-4.350924
423,7.049255,-0.8079255,-44.23353,-4.350924
424,7.065796,0.5547625,-15.7501,1.835554
425,7.08252,0.07524835,-3.331113,0.3943717
426,7.099243,-23.8609,-0.01458905,4.43763
427,7.115845,-0.1438346,-8.794349e-05,0.02675024
428,7.132629,-0.6896386,-1.367458,0.2949805
429,7.149536,-0.6896386,-1.367458,0.2949805
430,7.16571,-1.108645,-22.17789,-5.977343
431,7.182434,-2.168695,-36.2267,-11.71923
432,7.199097,-2.576251,-41.9428,-13.92165
433,7.215759,-2.404357,-38.27408,-12.99277
434,7.232483,-2.78876,-43.58207,-15.07002
435,7.249146,-2.78876,-43.58207,-15.07002
436,7.265686,-2.694743,-40.67713,-14.56196
437,7.28241,-2.730186,-38.68612,-14.75349
438,7.299133,-3.216048,-46.80979,-17.37902
439,7.315796,-3.237398,-46.32678,-17.49439
440,7.332458,-3.054794,-42.87646,-16.50763
441,7.34906,-3.054794,-42.87646,-16.50763
442,7.365723,-4.671497,-56.45195,-25.24404
443,7.382446,-5.097785,-69.1549,-28.60783
444,7.399109,-3.383242,-69.28445,-32.66451
445,7.415894,-6.333885,-75.48052,-34.13391
446,7.432434,-3.692659,-56.07717,-25.45307
447,7.449158,-3.692659,-56.07717,-25.45307
448,7.465759,-3.253641,-38.26852,-17.83788
449,7.482483,-1.596727,-18.18987,-8.552348
450,7.499084,0.0175167,-11.39307,0.09377422
451,7.515808,0.5290633,5.96829,2.832925
452,7.532959,-23.35421,6.70018,7.608095
453,7.549072,-23.35421,6.70018,7.608095
454,7.565796,-7.323007,23.70641,12.74577
455,7.58252,-14.95346,39.64351,21.58038
456,7.599182,-18.0699,50.89251,27.1088
457,7.615662,-24.43432,54.26274,33.20352
458,7.632446,-27.85435,69.70797,36.16613
459,7.649109,-27.85435,69.70797,36.16613
460,7.665833,-8.515673,61.29946,32.36522
461,7.682434,-20.0515,78.76659,37.45642
462,7.698975,-12.56653,93.13364,42.7582
463,7.715759,-20.74557,87.84821,47.51073
464,7.732422,0.262047,85.74397,39.68071
465,7.749084,0.262047,85.74397,39.68071
466,7.765808,-13.46456,66.51681,29.82006
467,7.78241,-26.55135,58.14033,24.06554
468,7.799011,-19.34034,58.13913,20.97576
469,7.815857,-12.94935,72.47019,23.54204
470,7.832336,-17.64348,79.69582,25.60513
471,7.848999,-17.64348,79.69582,25.60513
472,7.865723,-5.138301,42.20936,3.963134
473,7.882446,-0.8286334,28.75636,2.070866
474,7.899048,0.2589204,23.17639,1.632188
475,7.91571,0.1941943,19.91211,1.200672
476,7.932434,0.4006195,20.59623,2.476682
477,7.949158,0.4006195,20.59623,2.476682
478,7.965759,13.27152,17.1479,-1.378493
479,7.982422,0.0594374,1.16147,-0.1350953
480,7.999023,12.73792,0.009636592,-2.072235
481,8.015747,0.7794503,-35.83394,-7.914268
482,8.032471,11.59265,-74.044,-22.66753
483,8.049072,11.59265,-74.044,-22.66753
484,8.065674,-3.453765,-108.9376,-33.02504
485,8.082336,-3.09514,-73.50202,-23.18851
486,8.09906,13.4177,-76.09969,-27.75459
487,8.115723,10.79281,-62.05768,-23.2767
488,8.132324,7.20187,-53.81347,-20.32933
489,8.149048,7.20187,-53.81347,-20.32933
490,8.165649,-3.95424,-66.74701,-25.80059
491,8.182373,-5.226738,-85.34785,-33.19709
492,8.199219,-6.294614,-79.83327,-37.08476
493,8.216064,-6.201514,-75.81055,-38.05269
494,8.232544,-4.739307,-56.13463,-36.18679
495,8.248962,-4.739307,-56.13463,-36.18679
496,8.265625,15.97223,-79.36202,-57.18766
497,8.282288,7.238445,-91.41193,-66.26041
498,8.299011,-9.103936,-84.15957,-61.42496
499,8.315613,-8.409006,-70.70097,-65.23689
500,8.332336,0.8889979,-46.07377,-51.95781
501,8.348999,0.8889979,-46.07377,-51.95781
502,8.365723,-8.679205,-48.96072,-49.83739
503,8.382324,-7.59829,-48.95394,-44.76581
504,8.399048,-6.831677,-46.56692,-38.88646
505,8.41571,17.24445,-39.70286,-39.34705
506,8.432373,-3.989055,-34.09416,-24.15382
507,8.448975,-3.989055,-34.09416,-24.15382
508,8.465698,-1.324078,-34.36286,-21.92553
509,8.4823,-2.81471,-49.52882,-31.91997
510,8.499023,-0.2459541,-80.70924,-54.08149
511,8.515625,-4.657557,-78.76853,-53.26522
512,8.532471,-4.362681,-43.87684,-29.88584
513,8.549072,-4.362681,-43.87684,-29.88584
514,8.565796,6.541147,-25.70546,-19.64099
515,8.582336,9.943223,-36.44017,-28.30183
516,8.599548,25.75493,-41.50366,-35.37716
517,8.615601,22.03075,-40.28058,-34.25613
518,8.632263,8.449669,-45.01963,-23.79216
519,8.649048,8.449669,-45.01963,-23.79216
520,8.665771,19.234,-7.396917,-8.106467
521,8.682251,30.40821,-10.22,-4.881481
522,8.699036,42.4235,-1.031082,-8.147863
523,8.715576,43.31591,-12.99761,-6.380064
524,8.732361,44.94542,-14.63641,-12.69167
525,8.749268,44.94542,-14.63641,-12.69167
526,8.765686,31.54645,-55.74416,-25.03038
527,8.78241,32.44337,-62.70414,-27.4994
528,8.79895,27.07515,-58.22263,-24.53474
529,8.815674,41.16857,-43.4033,-29.45367
530,8.832336,35.01366,-62.2667,-34.61387
531,8.848999,35.01366,-62.2667,-34.61387
532,8.865723,13.93908,-72.08644,-55.70533
533,8.882324,12.30725,-72.18288,-61.37535
534,8.898926,-5.829979,-83.06279,-59.19898
535,8.915649,2.096265,-72.51009,-65.38827
536,8.93219,-9.757518,-70.12961,-59.17173
537,8.948975,-9.757518,-70.12961,-59.17173
538,8.965698,-0.6711367,-49.49565,-31.06126
539,8.982422,-4.821661,-50.20842,-21.19695
540,8.998962,16.9541,-58.81186,-25.35627
541,9.015686,-3.572119,-45.52755,-16.01744
542,9.032349,-5.751255,-60.85967,-25.09206
543,9.04895,-5.751255,-60.85967,-25.09206
544,9.065613,-8.522369,-67.44817,-37.17824
545,9.08252,-10.20798,-74.21561,-44.5316
546,9.098938,-8.450901,-60.38494,-36.86647
547,9.11554,-8.016397,-50.34789,-34.97097
548,9.132385,-10.23114,-61.15193,-44.63265
549,9.148926,-10.23114,-61.15193,-44.63265
550,9.165527,-7.177349,-51.25197,-31.31068
551,9.182251,-7.667397,-58.61518,-33.44849
552,9.198914,-9.50464,-52.24743,-22.98028
553,9.215515,-9.716211,-60.46216,-42.35489
554,9.232239,-8.800276,-42.25273,-38.46272
555,9.248901,-8.800276,-42.25273,-38.46272
556,9.265564,-9.187823,-45.26046,-37.49125
557,9.282776,-19.45539,-50.91574,-35.09483
558,9.299011,-10.48183,-47.267,-45.76723
559,9.315552,-6.791409,-34.76828,-29.79445
560,9.332336,-4.865555,-28.23417,-21.34652
561,9.34906,-4.865555,-28.23417,-21.34652
562,9.36554,-2.31154,-21.76698,-10.14136
563,9.382263,-0.1507028,-2.324496,-0.6611742
564,9.398865,-0.3032722,-10.63658,-1.330538
565,9.415649,-1.274765,-4.589858,-5.592743
566,9.432312,-3.606403,-13.16005,-15.82228
567,9.448914,-3.606403,-13.16005,-15.82228
568,9.465637,-11.77568,-21.97793,-25.41697
569,9.482422,-22.00052,-27.17582,-30.4788
570,9.498901,-33.58918,-39.44929,-42.10962
571,9.515564,-44.44874,-60.02559,-51.6317
572,9.532166,-32.70507,-72.94922,-70.90011
573,9.548889,-32.70507,-72.94922,-70.90011
574,9.565552,-15.54249,-50.84053,-31.90494
575,9.582275,-2.590046,-25.40779,-11.71192
576,9.598877,-0.291937,-8.373258,-1.346069
577,9.615601,5.457428,-0.5420778,-1.619332
578,9.632324,11.44263,-0.004497563,-2.493217
579,9.648987,11.44263,-0.004497563,-2.493217
580,9.665833,-0.8611811,-2.798598,-3.960621
581,9.68219,-0.6908603,-3.250654,-3.175325
582,9.698975,-0.8739171,-3.349101,-4.016653
583,9.715576,-0.0006817136,-0.3794394,-0.003133257
584,9.732178,-5.656107e-06,-0.003148169,-2.599631e-05
585,9.74884,-5.656107e-06,-0.003148169,-2.599631e-05
586,9.765503,-0.001909745,-8.311365e-08,0.0004146867
587,9.782166,-8.363981e-06,0.0,1.816178e-06
588,9.798889,0.0235497,-1.860759,0.1084528
589,9.815491,-0.02900248,-8.561671,-0.1335641
590,9.832336,-3.217072,-5.004382,-5.06049
591,9.848877,-3.217072,-5.004382,-5.06049
592,9.865417,-7.743738e-05,-0.000742503,-9.900958e-05
593,9.882202,-3.391473e-07,-3.25189e-06,-4.336256e-07
594,9.898743,0.09174534,0.2977958,0.4233509
595,9.915466,0.0004018109,0.001304236,0.001854121
596,9.93219,-2.111783,-6.188689,-8.229096
597,9.948853,-2.111783,-6.188689,-8.229096
598,9.965637,-9.980225,-15.24631,-19.55051
599,9.982178,-5.219996,-13.14966,-18.32897
600,9.998718,-7.251106,-16.33941,-22.69433
601,10.01556,-16.0679,-16.10105,-16.89918
602,10.0318,-9.227644,-16.44279,-10.05646
603,10.0321,-9.227644,-16.44279,-10.05646
604,10.04962,-5.223719,-24.63412,-20.67279
605,10.06555,-5.615952,-25.30172,-26.69093
606,10.08215,-6.680593,-26.48486,-31.77242
607,10.09875,-6.571758,-38.2327,-31.25492
608,10.1156,-6.184968,-25.85614,-29.41537
609,10.13239,-6.184968,-25.85614,-29.41537
610,10.1488,-8.511745,-25.59929,-40.48139
611,10.16559,0.9856144,-26.84451,-45.60185
612,10.18207,-10.97494,-31.88075,-52.50526
613,10.19873,-10.31797,-32.94419,-48.9764
614,10.21552,-7.459391,-31.39825,-36.12706
615,10.23212,-7.459391,-31.39825,-36.12706
616,10.2489,-2.968537,-10.93866,-14.0608
617,10.2655,-1.794391,-4.919701,-8.499305
618,10.2821,-0.7526932,-2.052739,-3.565203
619,10.29877,-0.00997293,-3.69024,-0.04723774
620,10.31543,-0.009413345,-1.035266,-0.04458721
621,10.33209,-0.009413345,-1.035266,-0.04458721
622,10.34875,0.001667012,-0.1957909,0.007895961
623,10.36548,0.5454262,1.487984,2.583464
624,10.38226,1.02904,2.817019,4.874148
625,10.3988,0.49343,1.353348,2.337178
626,10.41547,0.002161042,0.005927166,0.01023598
627,10.4325,0.002161042,0.005927166,0.01023598
628,10.44873,-1.362018,-1.928629,0.3666275
629,10.46539,0.2422024,-0.04282703,1.190742
630,10.48206,0.7134311,1.963058,3.386304
631,10.49872,1.873259,5.177254,8.890959
632,10.51544,2.044041,5.665338,9.701533
633,10.53217,2.044041,5.665338,9.701533
634,10.54865,0.02783926,0.07730634,0.1321321
635,10.56537,0.0001678164,0.0004660063,0.0007964987
636,10.58203,1.011605e-06,2.809108e-06,4.801332e-06
637,10.59875,-0.4326206,1.778367,3.259217
638,10.61548,0.9630421,2.723783,4.640919
639,10.63202,0.9630421,2.723783,4.640919
640,10.64868,-4.942825,6.528764,12.59878
641,10.66571,-20.04028,0.05416847,4.275251
642,10.68195,-20.78528,0.2029609,4.657992
643,10.69873,-24.76959,0.0008888944,5.071597
644,10.71545,-40.07404,-2.602419,8.170535
645,10.73206,-40.07404,-2.602419,8.170535
646,10.74872,-55.05983,-4.932765,10.75892
647,10.76563,-63.51853,-0.02973494,11.83656
648,10.78198,-78.50259,-0.0001302281,14.12692
649,10.79871,-67.64079,-0.2703459,11.75257
650,10.81616,-88.69102,-0.3757738,14.77279
651,10.83197,-88.69102,-0.3757738,14.77279
652,10.84882,-86.21932,-3.699995,13.24854
653,10.86542,-74.96681,-3.020886,10.94248
654,10.88202,-63.36256,-2.123571,8.832627
655,10.8988,-55.68195,-0.03397786,8.28836
656,10.91541,-40.97214,-0.5041791,5.255478
657,10.93213,-40.97214,-0.5041791,5.255478
658,10.94873,-39.33344,0.2488382,5.129633
659,10.96533,-35.10544,0.00108982,4.061741
660,10.98187,-39.57095,4.773364e-06,4.427936
661,10.99176,-43.17322,2.877406e-08,4.687269
662,10.99872,-35.2085,0.0,3.720041
663,11.01532,-35.2085,0.0,3.720041
664,11.03204,-31.21585,0.0,3.142518
665,11.04871,-19.24126,0.0,1.889087
666,11.06531,-34.13281,0.0,3.251958
667,11.08197,-37.00991,0.0,3.433951
668,11.09869,-22.46594,0.0,2.037915
669,11.11542,-22.46594,0.0,2.037915
670,11.13202,-5.833644,3.889732,7.249668
671,11.1488,-12.12416,0.5404593,1.989761
672,11.16528,-0.08266824,0.2722059,0.477761
673,11.18213,-0.0004983281,0.00164087,0.002879966
674,11.19928,-3.003945e-06,9.891244e-06,1.736057e-05
675,11.21533,-3.003945e-06,9.891244e-06,1.736057e-05
676,11.23199,5.491745,0.191871,-0.1508244
677,11.2486,4.409231,6.207618,5.838171
678,11.26526,0.9062344,0.7201529,1.140559
679,11.28204,0.715008,5.735809,7.991136
680,11.29865,0.06599864,5.475017,0.7442492
681,11.31525,0.06599864,5.475017,0.7442492
682,11.33215,-20.21039,1.837937,4.925303
683,11.34869,-13.92869,4.720629,9.29618
684,11.36542,-4.692044,3.441091,6.291595
685,11.38196,-14.0778,0.01507072,1.215299
686,11.39874,-12.952,6.60042e-05,1.073053
687,11.41541,-12.952,6.60042e-05,1.073053
688,11.43207,-34.30477,0.01090228,2.690053
689,11.44867,-28.95235,0.1062647,2.364081
690,11.46521,-31.42143,1.819194,5.404563
691,11.48224,-21.70456,6.506924,12.62494
692,11.4986,-22.25997,0.02849794,1.588713
693,11.51532,-22.25997,0.02849794,1.588713
694,11.53217,-21.25731,6.585938,12.56792
695,11.54865,-21.77569,0.3878125,2.038246
696,11.56525,-18.50488,2.988289,2.927809
697,11.58197,-40.41798,8.211767,4.51086
698,11.59869,-40.87929,13.62993,13.44014
699,11.61523,-40.87929,13.62993,13.44014
700,11.63202,-47.73037,6.312603,7.82327
701,11.64874,-37.2994,6.368085,7.159284
702,11.66522,-37.17289,7.831132,10.05845
703,11.68213,-39.54598,8.072705,9.983959
704,11.69861,-32.86879,7.718166,8.999231
705,11.71533,-32.86879,7.718166,8.999231
706,11.73193,-20.03244,10.37971,1.804681
707,11.74854,-2.382389,0.4175647,0.6647953
708,11.76526,-7.87881,5.206316,8.157172
709,11.78198,-0.06956039,3.526148,-0.08442283
710,11.79858,-11.31521,0.528881,1.158279
711,11.81531,-11.31521,0.528881,1.158279
712,11.83197,-0.0007780543,0.05629252,-0.00243895
713,11.84857,-15.20109,0.0002465405,0.4001245
714,11.86523,-7.101358,3.87509e-06,0.1781615
715,11.8822,-14.40236,-0.7028549,-0.8241297
716,11.8985,-25.76112,-0.004236843,0.5544765
717,11.91528,-25.76112,-0.004236843,0.5544765
718,11.93182,-23.17915,1.46006,0.3442998
719,11.94861,-22.5677,0.8166158,-0.03177352
720,11.96521,-8.298841,5.122795,-0.1150544
721,11.98181,-0.06275222,2.895448,-1.784832
722,11.99847,1.097283,10.93311,-0.5535141
723,12.0155,1.097283,10.93311,-0.5535141
724,12.0318,6.123833,5.6586,-13.73487
725,12.04858,15.62472,-12.9811,-22.28759
726,12.06531,10.32949,-13.40225,-22.9391
727,12.07178,12.04685,-14.45174,-24.96911
728,12.08185,1.616755,-15.92451,-30.90107
729,12.09845,1.616755,-15.92451,-30.90107
730,12.1153,9.760195,-19.94196,-35.59315
731,12.1319,18.9757,-20.65394,-37.39228
732,12.14856,6.422362,-24.69229,-44.97192
733,12.16516,-0.7363154,-17.85418,-32.80168
734,12.18201,-0.7435917,-17.09027,-31.7355
735,12.19849,-0.7435917,-17.09027,-31.7355
736,12.21533,-0.405117,-9.547617,-17.28121
737,12.23187,-0.4596442,-19.28039,-19.60719
738,12.24854,-0.5072106,-27.91451,-21.63625
739,12.2652,-0.4195119,-29.04299,-17.89526
740,12.28186,6.850411,-25.43926,-15.7669
741,12.29865,6.850411,-25.43926,-15.7669
742,12.31512,1.016546,-11.29911,-2.770096
743,12.33179,0.005745784,-1.35614,0.04117955
744,12.34851,0.001882735,-1.893225,0.07640984
745,12.36517,1.562086e-05,-0.01570789,0.0006339644
746,12.38177,0.0002524995,-0.2601677,0.0104057
747,12.39862,0.0002524995,-0.2601677,0.0104057
748,12.41541,-1.440654,-1.032357,0.07653055
749,12.43176,-14.20566,2.150334,4.507168
750,12.44849,-6.095412,0.009417672,0.1511937
751,12.46527,-19.94163,0.03565603,0.742581
752,12.48175,-17.94736,0.0001561603,0.3410097
753,12.4986,-17.94736,0.0001561603,0.3410097
754,12.5152,-30.8142,-3.572146,0.5791369
755,12.5318,-37.95766,-0.02963772,0.4381728
756,12.54858,-37.53802,-0.4504796,0.4995442
757,12.56561,-36.56093,-4.894098,0.3782956
758,12.58179,-38.23419,-0.04060582,0.09584844
759,12.59863,-38.23419,-0.04060582,0.09584844
760,12.61511,-44.85318,0.001999185,-0.1990079
761,12.63184,-35.21395,0.3398036,0.3531793
762,12.6485,-63.97278,5.992157,10.75222
763,12.66516,-46.45941,6.375247,11.50016
764,12.68182,-41.28989,7.351457,13.25725
765,12.69843,-41.28989,7.351457,13.25725
766,12.71515,-41.22754,2.165816,2.966847
767,12.73181,-31.54481,5.510496,9.472992
768,12.74841,-33.79088,1.211237,1.121088
769,12.76514,-19.65084,0.247839,-0.2568443
770,12.7818,-19.65084,0.247839,-0.2568443
771,12.79834,-23.65222,9.005814e-06,-0.9536244
772,12.81512,-9.715103,1.211163,1.894806
773,12.83167,-23.46915,0.005304451,-1.003864
774,12.84845,-12.74954,3.197548e-05,-0.5665121
775,12.86511,-26.41678,1.400409e-07,-1.228352
776,12.88202,-26.48,8.44173e-10,-1.296772
777,12.89844,-26.48,8.44173e-10,-1.296772
778,12.91516,-37.08613,0.0,-2.076134
779,12.93195,-47.94712,0.0,-2.862184
780,12.9483,-43.44086,2.49517,-2.83052
781,12.96521,-19.21274,0.3593562,-0.615838
782,12.98181,-19.21274,0.3593562,-0.615838
783,12.99841,-3.929626,0.2591122,0.2207434
784,13.0152,-2.852843,4.557271,8.420952
785,13.03174,-1.672636,5.736649,8.116769
786,13.04865,-3.260404,3.538154,6.438176
787,13.065,-15.34034,0.06947326,-0.9620544
788,13.08179,-15.34034,0.06947326,-0.9620544
789,13.099,-16.67105,2.524475e-06,-1.229282
790,13.11523,-26.57108,2.093049e-08,-2.014229
791,13.13165,-29.34731,0.0,-2.297517
792,13.14844,-27.31426,0.0,-2.217477
793,13.16528,-41.8833,0.0,-3.538971
794,13.18164,-41.8833,0.0,-3.538971
795,13.19849,-36.69937,4.483813,5.140765
796,13.21521,-36.64669,1.872888,0.1011812
797,13.23175,-20.65944,4.576531,6.629705
798,13.24847,-27.92122,4.392435,5.512971
799,13.26501,-23.06822,3.388073,4.049208
800,13.28168,-23.06822,3.388073,4.049208
801,13.29858,-32.75307,0.0004013558,-3.446234
802,13.31177,-26.20378,1.757791e-06,-2.82311
803,13.31512,-29.82323,7.698479e-09,-3.312342
804,13.33167,-31.51195,0.0,-3.591753
805,13.34839,-36.73993,-0.4797334,-5.198112
806,13.36511,-36.73993,-0.4797334,-5.198112
807,13.38177,-4.729279,-0.01883329,-0.5936782
808,13.39838,-0.08015812,-8.841389,-2.06229
809,13.4151,0.9795527,-4.453166,-8.159045
810,13.4317,-11.70828,-22.43741,-18.20986
811,13.44836,-1.673176,-13.21232,-9.838921
812,13.46497,-1.673176,-13.21232,-9.838921
813,13.48169,0.001228919,-11.30633,-0.9828958
814,13.49835,0.00808566,-1.964708,-0.07058865
815,13.51501,0.1058324,-0.470156,-0.8682007
816,13.53162,0.0004635071,-0.002059111,-0.0038024
817,13.54834,-0.01023128,-2.589861,0.08393025
818,13.565,-0.01023128,-2.589861,0.08393025
819,13.58173,-0.01903765,-5.030598,0.1561715
820,13.59839,-7.223448,-7.475046,-0.6469061
821,13.61505,-1.772504,1.125044,2.096105
822,13.63165,-5.675746,0.01284766,-0.674938
823,13.64838,-10.84659,0.06502379,-1.224519
824,13.66504,-10.84659,0.06502379,-1.224519
825,13.68176,-18.42513,0.4744338,-1.428886
826,13.6983,-13.90144,1.018169,0.160898
827,13.71521,-25.35795,7.982667,11.90617
828,13.73163,-26.03368,5.591661,7.176119
829,13.74829,-37.76298,7.720457,9.504129
830,13.76501,-37.76298,7.720457,9.504129
831,13.7818,-32.1293,6.627766,7.944317
832,13.79858,-25.08638,4.51777,4.863643
833,13.81506,-30.64066,8.788946,11.89941
834,13.83167,-36.12117,9.669955,12.55196
835,13.84833,-40.68665,5.934557,4.741391
836,13.86487,-33.09801,8.28204,10.05581
837,13.88171,-33.09801,8.28204,10.05581
838,13.89825,-24.75709,4.983604,5.103909
839,13.91498,-22.42588,3.659626,2.990427
840,13.93188,-22.80713,4.909163,5.124898
841,13.94824,-9.92967,3.554155,4.770366
842,13.96509,-9.92967,3.554155,4.770366
843,13.98169,-19.98283,3.335667,2.647582
844,13.99829,-0.192202,0.371525,0.635824
845,14.01489,-3.978187,6.576753,11.13593
846,14.03149,-16.02755,1.737792,0.4024073
847,14.04822,-26.17315,4.110654,2.866241
848,14.06494,-26.17315,4.110654,2.866241
849,14.08167,-33.50718,9.548005,11.03875
850,14.09839,-34.14404,6.269489,4.951128
851,14.11499,-30.64982,9.155939,10.55639
852,14.13165,-25.34158,7.347867,8.216306
853,14.14819,-27.39419,7.381298,7.445582
854,14.16528,-27.39419,7.381298,7.445582
855,14.18164,-0.5491269,9.687593,2.643794
856,14.19177,-0.4138229,8.526668,2.19421
857,14.19824,-6.175908,3.4829,3.477968
858,14.21484,-8.339866,2.222678,1.560436
859,14.23151,-26.49241,0.5170485,-4.180302
860,14.24841,-26.49241,0.5170485,-4.180302
861,14.26501,-28.96616,1.469245,-3.155457
862,14.28156,-30.2183,6.779886,5.657337
863,14.29858,-33.21526,1.281935,-4.494792
864,14.31488,-36.57454,3.91796,-0.7638693
865,14.33167,-35.97446,7.993055,6.227407
866,14.34821,-35.97446,7.993055,6.227407
867,14.36481,-26.68962,6.520364,5.463878
868,14.38147,-0.5615394,1.203572,1.926311
869,14.39813,-0.09443506,0.4283074,0.4432031
870,14.41486,-0.02112171,3.860371,0.09982262
871,14.43152,10.08204,2.066932,2.304765
872,14.44818,10.08204,2.066932,2.304765
873,14.46503,19.75148,5.456832e-05,4.144533
874,14.48169,3.918778,2.389892e-07,0.82061
875,14.49829,7.640272,0.0,1.59335
876,14.51483,14.75567,-4.087861,2.350649
877,14.53168,21.49161,-4.835747,-3.718943
878,14.54816,21.49161,-4.835747,-3.718943
879,14.56482,0.0607748,-0.08249412,-0.1276136
880,14.58154,0.02476459,-0.07296821,-0.118977
881,14.59814,0.0001492821,-0.0004398559,-0.0007171989
882,14.61493,-0.7955742,10.34026,3.854493
883,14.63153,0.1327317,17.24187,-0.6430745
884,14.64825,0.1327317,17.24187,-0.6430745
885,14.66528,0.2194802,24.3972,-1.063364
886,14.68158,7.50556,16.91403,0.8260156
887,14.69818,20.22733,22.51036,6.388783
888,14.71484,8.42457,26.06342,14.96032
889,14.73151,2.881914,41.25621,20.49781
890,14.74823,2.881914,41.25621,20.49781
891,14.76501,15.62369,57.39898,21.33882
892,14.78149,2.757668,48.49466,16.9181
893,14.79816,-3.926088,53.11458,23.16956
894,14.81488,6.924607,56.11078,25.28564
895,14.83142,-2.322529,53.23912,27.61034
896,14.84875,-2.322529,53.23912,27.61034
897,14.86481,-1.648273,47.305,24.48613
898,14.88153,0.04497972,53.9192,30.79005
899,14.89813,-3.187972,47.67065,25.09018
900,14.91486,-4.09203,38.43681,21.17737
901,14.93152,-4.084445,43.98771,21.10059
902,14.94812,-4.084445,43.98771,21.10059
903,14.96478,-2.833565,34.80951,15.83428
904,14.98145,-3.751668,36.0463,19.42913
905,14.99829,-3.894295,34.337,20.1625
906,15.01483,-3.003402,30.84235,15.54993
907,15.03143,-3.788887,29.49016,19.61673
908,15.04803,-3.788887,29.49016,19.61673
909,15.06476,-10.77549,3.837081,-0.8893653
910,15.08142,-7.790631,0.0438183,-1.49771
911,15.09821,-13.15798,0.0005003918,-2.563707
912,15.11481,-20.41336,-15.78981,-14.39802
913,15.13159,0.9696257,-10.78834,-11.2358
914,15.14862,0.9696257,-10.78834,-11.2358
915,15.16479,-0.9943681,-24.77315,-12.08524
916,15.18152,1.032773,-23.64478,-9.542238
917,15.19818,2.624885,-29.92209,-15.57402
918,15.21478,-6.189766,-38.33405,-23.54017
919,15.23145,-5.813062,-36.70387,-26.19469
920,15.24805,-5.813062,-36.70387,-26.19469
921,15.26483,2.618403,-43.91623,-19.16229
922,15.28143,2.05266,-38.22907,-13.41893
923,15.29877,4.741837,-47.42506,-25.29857
924,15.31476,5.55478,-54.55475,-27.61951
925,15.33148,4.899223,-58.62505,-31.8392
926,15.34814,4.899223,-58.62505,-31.8392
927,15.36481,-1.082731,-69.79253,-34.14344
928,15.38141,4.323366,-69.44855,-32.45825
929,15.39801,7.42114,-79.44693,-36.61068
930,15.41479,8.506074,-82.03128,-41.90743
931,15.4314,8.711379,-84.8493,-42.91862
932,15.44812,8.711379,-84.8493,-42.91862
933,15.46466,9.182179,-92.64558,-45.23813
934,15.48138,6.503759,-78.48041,-32.04227
935,15.49805,16.96057,-62.9987,-27.50124
936,15.51477,21.13312,-62.4001,-33.0979
937,15.53143,6.2978,-45.57463,-30.84683
938,15.5481,6.2978,-45.57463,-30.84683
939,15.56464,6.165712,-49.99723,-30.55831
940,15.58148,6.154749,-48.18103,-30.5158
941,15.59814,5.286537,-40.20399,-29.19238
942,15.61475,-1.198866,-46.14524,-30.73254
943,15.63141,4.043793,-36.37561,-20.12499
944,15.64813,4.043793,-36.37561,-20.12499
945,15.66486,4.137932,-23.40382,-20.44439
946,15.6814,4.462592,-24.54453,-21.98624
947,15.69806,4.346822,-20.90174,-21.41563
948,15.7149,5.469298,-14.79541,-26.94576
949,15.73138,4.847515,-14.1342,-23.8824
950,15.74817,4.847515,-14.1342,-23.8824
951,15.76477,4.413476,-12.25325,-21.74401
952,15.78235,4.117468,-10.07672,-20.28566
953,15.79822,4.845679,-11.76335,-23.87336
954,15.81482,5.347807,-20.25534,-26.34721
955,15.83148,5.26692,-12.65046,-25.9487
956,15.84839,5.26692,-12.65046,-25.9487
957,15.86493,4.405313,-10.56772,-21.70379
958,15.88153,4.40085,-22.99532,-21.68181
959,15.89825,4.330495,-15.02215,-21.33519
960,15.9151,2.497756,-15.10052,-12.30577
961,15.93152,2.620567,-7.921308,-12.91083
962,15.94843,2.620567,-7.921308,-12.91083
963,15.96521,1.679373,-14.06946,-8.27382
964,15.98145,1.139553,-7.065662,-5.614274
965,15.99854,2.298907,-17.24411,-11.3261
966,16.01495,1.348369,-9.257285,-6.643053
967,16.03149,2.911325,-6.561083,-14.34332
968,16.04828,2.911325,-6.561083,-14.34332
969,16.06488,1.301843,-10.47638,-6.413831
970,16.08148,3.077498,-6.884322,-15.162
971,16.09845,2.712347,-5.938993,-13.363
972,16.11493,3.946993,-8.584048,-19.44577
973,16.13171,3.724154,-5.996472,-13.46764
974,16.14832,3.724154,-5.996472,-13.46764
975,16.16486,3.014323,-6.466228,-14.88181
976,16.1817,2.946279,-6.291843,-14.5462
977,16.19824,3.426451,-7.284093,-16.91688
978,16.2149,2.612001,-5.527453,-12.89583
979,16.23151,3.480842,-7.315691,-17.18542
980,16.24823,3.480842,-7.315691,-17.18542
981,16.26483,3.286364,-8.235245,-16.22525
982,16.28174,4.691351,-9.643037,-23.16188
983,16.29846,4.131642,-8.415888,-20.39851
984,16.31476,4.357625,-8.803393,-21.51422
985,16.33142,20.67088,-6.623343,-12.79115
986,16.34808,20.67088,-6.623343,-12.79115
987,16.36487,13.32504,-5.098664,-10.55574
988,16.38165,20.71139,-3.964875,-6.207849
989,16.39813,10.4628,-0.4687384,0.8570776
990,16.41498,8.196071,-0.07645444,1.421312
991,16.43158,9.934319,-0.0003348424,1.951815
992,16.44794,9.934319,-0.0003348424,1.951815
993,16.46478,-1.705701,3.627804,9.128306
994,16.48157,-1.397884,2.851603,7.146197
995,16.49799,-2.444639,5.008572,12.49139
996,16.51501,-10.42397,7.73543,17.86906
997,16.53168,-3.470878,7.137604,17.54173
998,16.54803,-3.470878,7.137604,17.54173
999,16.56494,-3.77364,7.956105,19.24019
1000,16.5816,9.866474,4.937894,14.25841
1001,16.59802,10.25283,2.688068,8.691893
1002,16.61481,18.5413,0.1640792,4.005059
1003,16.63159,4.068256,3.022509,8.284159
1004,16.64807,4.068256,3.022509,8.284159
1005,16.66559,21.44012,0.0413781,4.188708
1006,16.6814,26.87472,0.0001812209,5.053757
1007,16.69824,30.65779,1.092408e-06,5.686374
1008,16.7149,29.31981,6.585087e-09,5.338495
1009,16.73157,37.91005,0.0,6.757739
1010,16.74805,37.91005,0.0,6.757739
1011,16.76477,74.14291,-3.708932,3.177681
1012,16.78137,95.68043,-8.914108,-6.957633
1013,16.79816,104.1705,-9.478157,-8.093582
1014,16.81525,90.44357,-9.173699,-10.31695
1015,16.83136,77.394,-8.813035,-11.94769
1016,16.84906,77.394,-8.813035,-11.94769
1017,16.86493,69.98378,-6.164318,-7.269162
1018,16.88129,60.98476,-6.273523,-9.087786
1019,16.89819,50.64722,-4.026133,-4.793816
1020,16.91522,28.11698,-6.070377,-12.75852
1021,16.93164,2.938686,-2.238513,-5.531556
1022,16.948,2.938686,-2.238513,-5.531556
1023,16.9649,-24.59088,-0.0373225,-2.79837
1024,16.98138,-40.75385,-0.0002249818,-4.611793
1025,16.99841,-44.90935,0.3603212,-4.324019
1026,17.01477,-47.87027,2.879772,1.709271
1027,17.03143,-59.64447,5.094682,5.671045
1028,17.0484,-59.64447,5.094682,5.671045
1029,17.06464,-103.1612,9.923243,4.113691
1030,17.08142,-100.0521,6.501049,1.322107
1031,17.09821,-116.7127,9.567966,5.402464
1032,17.11481,-95.42927,7.93117,3.692708
1033,17.13135,-105.8943,8.952733,3.32699
1034,17.14862,-105.8943,8.952733,3.32699
1035,17.16467,-115.003,7.84354,-3.276536
1036,17.18127,-63.80189,5.124064,-0.3928273
1037,17.19824,-56.2339,6.301162,3.675189
1038,17.21466,-51.78223,2.040529,-6.156586
1039,17.23175,-46.16001,0.7147598,-8.424069
1040,17.24792,-46.16001,0.7147598,-8.424069
1041,17.26465,-36.46191,2.597248e-05,-8.342322
1042,17.28137,-29.34596,1.565633e-07,-6.790512
1043,17.29822,-27.48932,6.856899e-10,-6.44431
1044,17.315,-31.26726,0.0,-7.424982
1045,17.33124,-38.3147,-1.887972,-13.93674
1046,17.34875,-38.3147,-1.887972,-13.93674
1047,17.36462,-41.04699,-0.5108154,-11.53524
1048,17.38135,-26.13035,-0.005833357,-6.641166
1049,17.39807,-26.08923,-3.516375e-05,-6.684869
1050,17.41479,-6.231366,-2.119688e-07,-1.604843
1051,17.43146,0.1123862,-1.871011,-4.634361
1052,17.44806,0.1123862,-1.871011,-4.634361
1053,17.46466,2.644032,-4.360521,-10.24909
1054,17.48157,2.225172,-3.661199,-8.625327
1055,17.49811,0.175852,-0.2890039,-0.6816468
1056,17.51483,0.4710878,-0.7724136,-1.826055
1057,17.53119,-16.78308,-0.7912952,-6.337132
1058,17.5481,-16.78308,-0.7912952,-6.337132
1059,17.56476,-3.31462,-0.567888,-2.303472
1060,17.5813,-6.826117,-0.2543319,-2.425929
1061,17.59808,-1.758379,0.5206932,-0.4492743
1062,17.61462,-0.09451354,14.0383,0.3305787
1063,17.63123,-0.1015003,17.57532,0.3886206
1064,17.64813,-0.1015003,17.57532,0.3886206
1065,17.66479,10.19808,17.39216,2.995146
1066,17.68134,2.49066,14.60393,1.285869
1067,17.69806,9.077449,19.82686,16.386
1068,17.71484,22.44588,14.76589,15.97199
1069,17.73163,12.89308,32.01068,17.45498
1070,17.74799,12.89308,32.01068,17.45498
1071,17.76495,25.57672,31.52562,17.69967
1072,17.78204,23.13065,30.17539,13.93268
1073,17.79803,2.36344,24.18254,16.18805
1074,17.81488,0.9242396,29.48877,19.08821
1075,17.83142,7.117077,25.25146,21.13939
1076,17.84802,7.117077,25.25146,21.13939
1077,17.86487,-1.406853,31.13449,11.84892
1078,17.88324,-3.620846,29.41409,14.98902
1079,17.89795,6.683205,31.02692,14.34929
1080,17.91455,-2.618915,22.35789,11.06378
1081,17.93121,-2.421463,27.325,11.69673
1082,17.94794,-2.421463,27.325,11.69673
1083,17.96484,-4.171098,35.57592,18.15908
1084,17.98102,-5.044517,44.52967,20.94141
1085,17.99774,-3.434447,43.40828,14.25403
1086,18.01434,-2.02004,48.47771,8.383785
1087,18.03137,-3.018178,42.62963,12.52636
1088,18.04779,-3.018178,42.62963,12.52636
1089,18.06458,-6.710506,28.86023,-3.323207
1090,18.08112,-9.478038,23.906,-3.791817
1091,18.09778,-3.690767,18.5121,-2.107261
1092,18.11444,-0.2894418,29.19547,-2.097243
1093,18.1311,0.4107561,35.63359,-2.523456
1094,18.14789,0.4107561,35.63359,-2.523456
1095,18.16437,0.5092598,26.90035,-2.083526
1096,18.18115,0.3807217,19.34565,-1.552104
1097,18.198,2.938015,16.22956,-0.708952
1098,18.21442,8.003632,26.06704,9.362282
1099,18.2312,-3.579233,37.07347,14.89726
1100,18.24792,-3.579233,37.07347,14.89726
1101,18.2644,6.510156,37.10947,22.92664
1102,18.28107,-2.28908,35.97117,10.10661
1103,18.29767,-1.643055,30.61746,9.312399
1104,18.31439,-0.2084197,10.92191,0.8756005
1105,18.33112,0.0280204,1.281185,-0.1155399
1106,18.34772,0.0280204,1.281185,-0.1155399
1107,18.36438,-1.353824,-17.0897,-15.27923
1108,18.38104,-15.61033,-14.77026,-26.6761
1109,18.39764,2.71578,-29.79115,-22.73433
1110,18.41431,5.211161,-38.33841,-21.41443
1111,18.43115,7.638085,-52.06981,-31.19359
1112,18.44781,7.638085,-52.06981,-31.19359
1113,18.46442,9.163471,-58.10221,-37.4225
1114,18.48108,12.3845,-53.96647,-29.52247
1115,18.49774,5.119479,-56.98717,-20.70372
1116,18.51428,4.252435,-47.2798,-17.39594
1117,18.53113,3.885232,-44.21402,-15.8951
1118,18.54761,3.885232,-44.21402,-15.8951
1119,18.56537,4.17804,-48.96185,-17.09303
1120,18.58099,3.59239,-43.1991,-14.69704
1121,18.59778,2.018451,-35.8694,-8.257807
1122,18.61432,-0.4426808,-37.14594,-19.0024
1123,18.63104,3.371473,-30.03584,-14.00597
1124,18.64771,3.371473,-30.03584,-14.00597
1125,18.66437,4.89178,-34.30124,-21.41664
1126,18.68097,3.588059,-33.76853,-15.50192
1127,18.69769,2.211518,-30.939,-8.989164
1128,18.71448,4.491765,-29.26139,-18.24639
1129,18.73102,3.829566,-29.66383,-15.55639
1130,18.74774,3.829566,-29.66383,-15.55639
1131,18.76434,1.93843,-28.17808,-7.874252
1132,18.78101,1.145687,-22.36034,-4.653986
1133,18.79816,2.206446,-20.08594,-8.96298
1134,18.81494,3.101948,-23.04933,-12.60067
1135,18.83124,4.427946,-20.30431,-17.98712
1136,18.84772,4.427946,-20.30431,-17.98712
1137,18.86475,-7.515837,-26.11282,-22.84113
1138,18.88116,5.227642,-29.28674,-21.43105
1139,18.89789,6.826711,-34.45554,-28.83955
1140,18.91467,5.373591,-24.47721,-21.75867
1141,18.93127,15.62279,-4.853078,-8.397276
1142,18.94788,15.62279,-4.853078,-8.397276
1143,18.9646,32.09029,-0.03513897,7.643953
1144,18.98108,20.13508,-0.0002118194,4.815827
1145,18.99835,20.46999,1.979332,6.632592
1146,19.0144,15.98447,1.602071,6.289892
1147,19.03125,27.90461,3.206522,14.24341
1148,19.04816,15.10736,0.9943685,4.88721
1149,19.06464,15.10736,0.9943685,4.88721
1150,19.08112,-1.867372,5.678778,10.47672
1151,19.09827,2.869968,18.48981,11.05929
1152,19.11438,6.838544,18.6318,14.41471
1153,19.13184,9.080341,24.06217,21.35138
1154,19.14832,9.080341,24.06217,21.35138
1155,19.16467,6.067821,40.44075,30.003
1156,19.1814,11.39125,39.55761,27.78013
1157,19.198,8.926269,36.02521,18.7907
1158,19.21472,4.976928,32.62027,25.88321
1159,19.23138,13.10596,26.48652,25.3296
1160,19.24774,13.10596,26.48652,25.3296
1161,19.26434,14.76003,24.11165,26.16584
1162,19.28204,14.28722,22.36764,22.98518
1163,19.29767,10.64018,14.85799,14.92846
1164,19.3147,1.937268,20.30262,6.973417
1165,19.33118,-1.673864,9.554235,8.097646
1166,19.34784,-1.673864,9.554235,8.097646
1167,19.3645,-9.663276,8.26368,0.3791744
1168,19.38147,-15.10126,3.835988,1.654853
1169,19.39771,-17.60419,11.83771,5.264276
1170,19.41431,-6.504688,9.5878,3.451234
1171,19.43085,-6.059209,14.44236,2.545416
1172,19.44757,-6.059209,14.44236,2.545416
1173,19.46436,-3.97489,32.05325,5.852444
1174,19.48096,-0.6040496,33.39267,2.720774
1175,19.4975,-0.7672506,32.55468,3.589668
1176,19.51428,-0.02471193,35.09497,0.1156353
1177,19.53082,0.3039289,35.29237,-1.422218
1178,19.54761,0.3039289,35.29237,-1.422218
1179,19.56445,-2.372567,29.83964,-1.619753
1180,19.58087,-3.914734,28.33255,0.8262678
1181,19.59753,-17.93508,24.27412,-2.148156
1182,19.61426,0.1347323,18.52795,-1.336569
1183,19.63092,-1.384621,1.556012,-0.4164564
1184,19.64758,-1.384621,1.556012,-0.4164564
1185,19.66418,-1.223476,-2.753445,-3.53484
1186,19.68091,-3.610723,-25.8258,-17.71791
1187,19.69751,0.2808409,-18.60939,-4.771508
1188,19.71423,0.05358016,-26.1604,-0.2672359
1189,19.73083,-0.0460458,-13.70515,0.2115069
1190,19.74762,-0.0460458,-13.70515,0.2115069
1191,19.76447,0.6960188,-6.523277,-3.199006
1192,19.78094,0.4189819,-8.478951,-1.925703
1193,19.79755,20.62477,-24.0759,-10.63818
1194,19.81415,2.279508,-17.69601,-10.12871
1195,19.83099,3.669694,-28.21881,-16.89768
1196,19.8476,3.669694,-28.21881,-16.89768
1197,19.86438,3.159339,-39.15908,-15.01613
1198,19.8808,4.280899,-39.74249,-19.67863
1199,19.89752,4.04585,-42.76098,-18.59534
1200,19.91418,2.670973,-29.73139,-12.27619
1201,19.93091,3.621705,-39.02382,-16.64589
1202,19.94757,3.621705,-39.02382,-16.64589
1203,19.96423,0.9525644,-15.57324,-4.378127
1204,19.98083,0.9607972,-17.57596,-3.527281
1205,19.9975,2.897507,-17.04254,-13.33986
1206,20.01416,1.027002,-25.59607,-4.729591
1207,20.03082,2.929806,-31.73651,-13.49253
1208,20.04749,2.929806,-31.73651,-13.49253
1209,20.06433,3.854228,-42.49796,-17.74973
1210,20.0813,3.392403,-38.91483,-15.62291
1211,20.09802,1.897992,-27.20512,-8.740753
1212,20.11438,3.672722,-33.56466,-16.91385
1213,20.13153,2.343585,-28.66911,-10.79282
1214,20.14777,2.343585,-28.66911,-10.79282
1215,20.16437,0.9072982,-7.96528,-4.178348
1216,20.18097,2.023058,-12.91261,-6.911608
1217,20.19757,11.85336,-15.67136,-2.5149
1218,20.21454,16.72764,-8.253215,3.484289
1219,20.23108,0.1009771,-0.113374,0.02034361
1220,20.24762,0.1009771,-0.113374,0.02034361
1221,20.26434,-1.829542,3.147511,8.492872
1222,20.28094,-14.83065,4.440047,9.288659
1223,20.29767,-11.435,4.135231,9.116148
1224,20.31421,-19.29324,2.40659,2.522503
1225,20.33105,-9.780546,3.9186,8.743737
1226,20.34796,-9.780546,3.9186,8.743737
1227,20.36493,-19.12617,0.7564757,-2.147564
1228,20.38098,-28.91648,-1.73478,-1.416262
1229,20.39777,-16.90242,-0.5502569,1.87052
1230,20.41431,-24.16838,0.5499087,-2.518538
1231,20.43091,-7.776633,2.934701,6.776931
1232,20.44763,-7.776633,2.934701,6.776931
1233,20.46429,-1.136019,1.889305,4.879408
1234,20.48132,-3.123954,5.282572,13.60194
1235,20.49786,11.18174,2.097889,8.235407
1236,20.51422,-3.214092,5.571204,14.27117
1237,20.53088,-1.899517,3.250201,8.288018
1238,20.54767,-1.899517,3.250201,8.288018
1239,20.56439,-1.820677,3.137617,7.942578
1240,20.58081,-0.2046533,1.929318,5.080739
1241,20.59766,3.442117,3.580505,10.27569
1242,20.61432,0.4376031,2.824239,7.566303
1243,20.63092,-1.661541,5.544006,14.22612
1244,20.64752,-1.661541,5.544006,14.22612
1245,20.66492,-4.463804,8.528823,20.50446
1246,20.68097,-4.716104,18.2178,20.93207
1247,20.69781,-3.411146,23.46994,15.13792
1248,20.71423,-3.491842,20.86258,15.49601
1249,20.7312,-2.688182,19.81673,11.92955
1250,20.74762,-2.688182,19.81673,11.92955
1251,20.76465,-1.808828,14.20743,8.027173
1252,20.78088,14.30542,13.95143,17.59373
1253,20.79755,-2.857068,14.96092,13.1934
1254,20.81421,-1.638155,9.849965,15.39066
1255,20.83099,9.136605,10.69371,22.02006
1256,20.84784,9.136605,10.69371,22.02006
1257,20.86462,-0.3738539,19.86783,28.65149
1258,20.8808,6.831785,27.67156,25.6049
1259,20.89789,2.629522,25.24794,26.68327
1260,20.91425,-2.843706,27.45667,27.21443
1261,20.93091,-5.552305,25.63952,26.22478
1262,20.94751,-5.552305,25.63952,26.22478
1263,20.96436,-3.204417,15.22928,14.81073
1264,20.98083,-2.967331,4.975379,10.15965
1265,20.99762,-2.61366,0.02999182,-0.5046484
1266,21.01477,-3.83247,0.0001807921,-0.8384039
1267,21.03088,-21.96206,-3.637226,-9.880808
1268,21.04761,-21.96206,-3.637226,-9.880808
1269,21.06403,-4.426932,-10.81149,-19.65861
1270,21.08069,-13.9544,-10.56303,-14.34607
1271,21.09735,-19.40391,-20.81513,-11.45736
1272,21.11414,-0.377044,-15.53712,-3.50021
1273,21.13074,8.194253,3.663283,10.60883
1274,21.14746,8.194253,3.663283,10.60883
1275,21.16479,12.67978,16.74639,19.47618
1276,21.18079,14.44648,8.79072,23.24095
1277,21.19757,-4.478436,9.569657,20.75805
1278,21.21436,-4.616537,9.609637,20.6538
1279,21.23096,-3.665964,6.934254,16.39448
1280,21.24762,-3.665964,6.934254,16.39448
1281,21.26416,-2.887913,5.397441,12.91493
1282,21.28094,-2.115582,-0.4290215,9.461016
1283,21.29761,-1.009258,2.102576,4.513466
1284,21.31421,-0.006083855,0.01267442,0.02720739
1285,21.33075,-1.493343,3.178205,6.678326
1286,21.34784,-1.493343,3.178205,6.678326
1287,21.36395,-4.476573,12.21105,20.01952
1288,21.38074,-2.738574,9.532489,12.24708
1289,21.39728,-3.500702,11.09389,15.65536
1290,21.414,-2.926308,22.23483,13.08664
1291,21.43073,-5.858892,27.0448,26.20134
1292,21.44745,-5.858892,27.0448,26.20134
1293,21.46393,-6.922221,30.65844,30.95661
1294,21.48071,-6.951347,23.51184,31.08687
1295,21.49744,-7.174603,33.77885,30.6335
1296,21.51392,-6.847726,30.05447,30.55605
1297,21.53082,-3.091904,18.60024,13.77392
1298,21.5473,-3.091904,18.60024,13.77392
1299,21.56396,-7.037383,0.186859,-1.517458
1300,21.58069,-7.239655,-4.474664,-10.60968
1301,21.59729,-15.78533,-10.07826,-22.53058
1302,21.61395,-14.92744,-11.72502,-27.27679
1303,21.63074,-2.621028,-9.135252,-19.34015
1304,21.64734,-2.621028,-9.135252,-19.34015
1305,21.66394,2.420798,-5.419649,-10.6894
1306,21.6806,0.06682794,-0.1462891,-0.2884977
1307,21.69727,10.83872,1.892879,2.475918
1308,21.71399,0.2237379,14.96931,-0.2804316
1309,21.73065,0.2071135,3.052893,-0.02232544
1310,21.74744,0.2071135,3.052893,-0.02232544
1311,21.76465,-0.003059133,0.0286957,0.01327823
1312,21.7807,-2.50653,5.827503,11.47871
1313,21.7973,-4.881667,24.57521,21.14365
1314,21.81403,-5.480965,22.52484,25.12874
1315,21.83063,2.048317,39.09119,23.90653
1316,21.84723,2.048317,39.09119,23.90653
1317,21.86407,-2.436031,31.92062,12.3515
1318,21.88062,-0.4033797,33.67499,1.767273
1319,21.89728,0.1592655,25.33718,-0.694739
1320,21.91479,0.2828967,27.02932,-1.234116
1321,21.9306,0.5882601,27.67266,-2.566244
1322,21.94733,0.5882601,27.67266,-2.566244
1323,21.96393,-2.442368,-0.4274341,-15.38293
1324,21.98065,3.858596,-9.545137,-25.7202
1325,21.99719,2.373615,-21.87602,-44.89157
1326,22.0141,-4.679676,-19.06031,-40.79406
1327,22.03052,5.424118,-24.49513,-50.71901
1328,22.0473,5.424118,-24.49513,-50.71901
1329,22.06396,4.62308,-19.4873,-41.74548
1330,22.08051,6.861663,-17.83508,-37.65874
1331,22.09723,9.100945,-23.12767,-38.58798
1332,22.11395,10.29701,-25.08843,-43.60126
1333,22.13049,9.207323,-37.17334,-54.95903
1334,22.14771,9.207323,-37.17334,-54.95903
1335,22.16406,0.9447371,-36.22005,-27.28668
1336,22.18054,-0.9380239,-37.53127,-25.91245
1337,22.19739,4.819923,-22.29163,-23.62592
1338,22.21399,2.472615,-27.51643,-22.45467
1339,22.23059,-9.872418,-20.39225,-24.12813
1340,22.24725,-9.872418,-20.39225,-24.12813
1341,22.26385,-8.452464,-27.48491,-23.23243
1342,22.28058,-23.10592,-35.29515,-32.55188
1343,22.29742,-21.8362,-29.5509,-29.75078
1344,22.3139,-17.9461,-35.83663,-27.82742
1345,22.33051,-4.071939,-24.88566,-3.119446
1346,22.34723,-4.071939,-24.88566,-3.119446
1347,22.36383,-0.01043036,-1.35069,0.02215061
1348,22.38055,-0.0829478,0.1253158,0.3281299
1349,22.39722,-0.9691957,3.655014,9.45093
1350,22.414,0.9315307,2.476119,6.794206
1351,22.43103,4.297252,4.062552,11.81268
1352,22.44745,4.297252,4.062552,11.81268
1353,22.46423,-1.220205,18.55321,38.45238
1354,22.48065,-1.283211,27.94882,45.04755
1355,22.49731,-1.408757,15.85399,29.0125
1356,22.51422,12.12736,11.24462,28.75357
1357,22.53101,-5.251552,9.623204,22.38183
1358,22.54736,-5.251552,9.623204,22.38183
1359,22.56458,-7.016798,12.67777,28.82764
1360,22.58087,-6.413541,16.85961,38.45676
1361,22.59735,15.16908,12.85898,33.72384
1362,22.61383,6.803205,21.36879,50.65128
1363,22.63062,15.97038,19.81428,48.54638
1364,22.64709,15.97038,19.81428,48.54638
1365,22.66382,-5.798366,26.41699,56.01943
1366,22.68054,5.73205,37.03558,59.83027
1367,22.6972,8.728598,35.0972,60.22636
1368,22.71381,-2.871516,45.02308,67.62463
1369,22.73041,3.018114,43.58246,64.20132
1370,22.74713,3.018114,43.58246,64.20132
1371,22.76373,4.058318,40.3092,46.70013
1372,22.78052,8.942726,25.85653,33.21194
1373,22.7973,3.424869,24.90263,35.11434
1374,22.81378,-3.882249,25.36903,22.25739
1375,22.83075,-4.011454,17.04935,20.69187
1376,22.84723,-4.011454,17.04935,20.69187
1377,22.86377,-2.569492,20.69294,11.49112
1378,22.88049,-4.174818,26.15276,18.67005
1379,22.89716,-3.793863,23.67134,16.9664
1380,22.91382,-3.446525,31.70692,15.41308
1381,22.93054,-2.961852,25.59135,16.93834
1382,22.94708,-2.961852,25.59135,16.93834
1383,22.96381,-1.916374,48.95715,21.81961
1384,22.98102,-1.180807,52.08207,30.48818
1385,22.99713,-0.399539,40.74963,27.29032
1386,23.01379,-7.539225,52.62517,34.22278
1387,23.03046,-5.010056,51.40818,32.08495
1388,23.04724,-5.010056,51.40818,32.08495
1389,23.06372,-4.949809,32.89502,22.4392
1390,23.08051,-5.723197,39.24576,25.94495
1391,23.09711,-6.16362,41.49435,27.94151
1392,23.11395,-3.691438,29.57696,16.73438
1393,23.13135,-1.185923,40.30374,15.22367
1394,23.14703,-1.185923,40.30374,15.22367
1395,23.16376,-2.941707,39.92846,16.13444
1396,23.18042,-3.384547,40.52491,16.89733
1397,23.19714,-1.570234,38.60625,17.3211
1398,23.21368,5.840053,40.64609,22.84222
1399,23.23047,13.17508,58.13076,34.28177
1400,23.24713,13.17508,58.13076,34.28177
1401,23.26379,-6.210363,52.43081,32.72286
1402,23.2807,-6.69816,52.88514,33.0323
1403,23.29712,-8.1083,65.53948,45.50997
1404,23.31372,-8.049936,50.93219,37.26817
1405,23.33044,-7.778528,62.74799,35.96518
1406,23.34729,-7.778528,62.74799,35.96518
1407,23.36377,-8.117922,68.03773,37.534
1408,23.38043,-6.920785,66.72887,31.99892
1409,23.39709,-4.478125,49.29413,20.70505
1410,23.4137,-4.308541,55.54664,18.2259
1411,23.43054,-24.38158,41.34454,14.09136
1412,23.44708,-24.38158,41.34454,14.09136
1413,23.46375,-6.801145,13.87076,2.448633
1414,23.48041,-1.443645,6.127758,1.389752
1415,23.49707,-5.778852,0.5323008,-0.8776734
1416,23.51367,-2.442331,0.7445157,0.2151165
1417,23.53046,-1.662212,0.004487976,-0.3628394
1418,23.54706,-10.58212,-8.631012,-3.245752
1419,23.5636,-10.58212,-8.631012,-3.245752
1420,23.58044,-10.45395,-10.77271,-4.380788
1421,23.59705,-0.4069983,-18.52949,-8.633927
1422,23.61371,0.5341113,-18.74947,-2.614678
1423,23.63605,2.306763,-30.03057,-10.31787
1424,23.64709,2.306763,-30.03057,-10.31787
1425,23.66364,0.9233353,-31.64561,-4.129215
1426,23.68042,2.488607,-35.92603,-5.912848
1427,23.69708,-0.7372792,-35.19031,3.346995
1428,23.71368,-0.09182339,-45.2214,0.4119306
1429,23.73035,0.7032453,-47.97312,-3.15104
1430,23.74689,0.7032453,-47.97312,-3.15104
1431,23.76367,0.6191704,-65.25571,-2.767215
1432,23.78046,-0.0293702,-76.78296,0.1319581
1433,23.79694,0.2755444,-88.64963,-1.237027
1434,23.81372,-2.032938,-91.05186,-1.192845
1435,23.83032,-4.788387,-94.86645,1.076998
1436,23.84698,-4.788387,-94.86645,1.076998
1437,23.86371,-14.24538,-86.42171,-3.872723
1438,23.88031,-16.9667,-87.04248,-6.286837
1439,23.89685,-11.93253,-81.77662,0.04743389
1440,23.91357,-1.788037,-66.01775,1.990755
1441,23.9303,-10.75421,-48.27782,-1.043487
1442,23.94696,-10.75421,-48.27782,-1.043487
1443,23.96375,-0.2917238,-11.53995,0.2129637
1444,23.98029,-0.7179584,2.270414,3.099841
1445,23.99695,-4.372214,17.17838,18.9304
1446,24.01367,-6.279611,24.99157,27.18895
1447,24.03027,-6.77927,46.32734,29.35233
1448,24.04694,-6.77927,46.32734,29.35233
1449,24.06366,-7.15817,65.64552,30.99286
1450,24.08026,-22.26648,65.95382,26.30739
1451,24.09711,-8.347844,65.70448,28.31505
1452,24.11401,-6.471753,70.9497,27.80062
1453,24.13031,-8.265864,78.0167,35.58805
1454,24.14709,-8.265864,78.0167,35.58805
1455,24.1637,-5.1265,59.64425,22.07209
1456,24.18024,-5.459094,50.72592,23.50406
1457,24.19696,6.542769,38.27597,22.08339
1458,24.21362,-3.940882,41.87714,17.79092
1459,24.23029,-4.258715,41.70415,18.417
1460,24.24695,-4.258715,41.70415,18.417
1461,24.26355,-5.789692,45.28038,28.91222
1462,24.28033,-7.163301,49.8294,31.09628
1463,24.29694,-6.711579,45.32108,29.11403
1464,24.31372,-5.981685,32.59781,25.94767
1465,24.33038,-6.410763,33.3473,27.80894
1466,24.34711,-6.410763,33.3473,27.80894
1467,24.36359,4.71241,33.27224,34.15775
1468,24.38031,6.031028,20.89665,24.55742
1469,24.39697,7.132043,24.49432,26.44987
1470,24.41364,-5.495646,25.18225,26.15879
1471,24.4303,-3.912319,16.639,17.10888
1472,24.44696,-3.912319,16.639,17.10888
1473,24.46362,6.966475,18.54128,21.3752
1474,24.48022,-4.262725,18.93291,19.09737
1475,24.49701,-3.374073,20.05607,20.33501
1476,24.51355,3.472843,22.14591,22.77645
1477,24.53027,5.498489,29.06188,28.39337
1478,24.54688,5.498489,29.06188,28.39337
1479,24.5636,-4.032221,24.28633,21.59691
1480,24.58014,-4.324448,32.26512,22.25964
1481,24.59692,2.976389,27.15198,26.20566
1482,24.61353,9.456821,27.42739,23.77409
1483,24.63013,-1.702234,19.58678,16.02494
1484,24.64679,-1.702234,19.58678,16.02494
1485,24.66351,21.93058,2.96141,6.228837
1486,24.6803,4.526355,0.2983423,1.282459
1487,24.6969,8.348378,0.001798422,1.850446
1488,24.71368,2.318462,7.876427e-06,0.5124367
1489,24.73126,4.494202,6.534989e-08,0.991376
1490,24.74695,4.494202,6.534989e-08,0.991376
1491,24.76355,2.913194,-17.68052,-12.90227
1492,24.78021,4.188592,-27.70402,-19.02387
1493,24.79718,5.948726,-32.43982,-27.02014
1494,24.81354,5.416536,-33.48393,-24.60286
1495,24.83032,-6.01498,-38.58247,-31.78294
1496,24.8468,-6.01498,-38.58247,-31.78294
1497,24.86359,6.055753,-43.6953,-27.40404
1498,24.88043,8.745097,-58.31278,-39.56681
1499,24.89685,10.38202,-59.42842,-46.97295
1500,24.91357,-9.961826,-70.05524,-71.75552
1501,24.93011,-7.124034,-99.05828,-90.82652
1502,24.94684,-7.124034,-99.05828,-90.82652
1503,24.96362,4.415265,-97.58721,-76.62246
1504,24.98041,-5.061436,-96.93161,-72.0572
1505,24.99689,-12.34077,-87.47925,-72.57186
1506,25.01355,11.44091,-72.49835,-82.34692
1507,25.03015,-8.322476,-75.37504,-98.61942
1508,25.04688,-8.322476,-75.37504,-98.61942
1509,25.0636,2.259548,-85.40947,-74.66149
1510,25.08014,0.09086423,-89.90446,-74.27453
1511,25.09692,4.236165,-71.86127,-51.63251
1512,25.11353,3.311481,-59.14236,-39.67776
1513,25.13019,5.851622,-57.62231,-47.75086
1514,25.14691,5.851622,-57.62231,-47.75086
1515,25.16345,8.553125,-32.57161,-39.53135
1516,25.18018,5.960026,-19.3027,-24.32481
1517,25.1969,4.178198,-18.9885,-17.03306
1518,25.21344,2.485382,-8.843856,-10.13196
1519,25.23022,4.083731,-12.75864,-16.64783
1520,25.24683,4.083731,-12.75864,-16.64783
1521,25.26367,8.839586,-20.46566,-31.54299
1522,25.28015,11.19233,-33.96983,-42.3838
1523,25.29694,6.250046,-26.08197,-24.72663
1524,25.31342,4.149572,-8.48592,-4.103611
1525,25.3302,15.37123,-0.1109328,3.556257
1526,25.34674,15.37123,-0.1109328,3.556257
1527,25.3634,22.42185,17.06061,19.22029
1528,25.38,28.20835,8.119675,10.12178
1529,25.39685,37.84389,0.4141735,8.764393
1530,25.41357,45.19601,0.001813928,10.2821
1531,25.43024,58.30291,-0.9731216,11.3286
1532,25.44678,58.30291,-0.9731216,11.3286
1533,25.46362,79.85168,-4.867051e-05,16.82408
1534,25.4801,84.28393,2.465874,21.22549
1535,25.49677,104.2878,0.03875828,20.34084
1536,25.51349,87.61048,0.0004426078,16.36245
1537,25.53015,79.26704,6.956849e-06,14.26449
1538,25.54675,79.26704,6.956849e-06,14.26449
1539,25.56348,45.33138,7.628284,20.3021
1540,25.58014,20.28036,14.98453,27.97521
1541,25.59674,1.730798,12.78099,21.10575
1542,25.61353,-4.204189,16.27809,25.53288
1543,25.63013,-12.84877,19.07072,28.23661
1544,25.64679,-12.84877,19.07072,28.23661
1545,25.66345,-31.02202,35.71189,36.01817
1546,25.68011,-6.001812,21.47308,27.81225
1547,25.69678,-6.671742,36.54484,39.23214
1548,25.7135,-5.386046,40.67245,31.72263
1549,25.7301,-6.058888,50.94843,35.68583
1550,25.74677,-6.058888,50.94843,35.68583
1551,25.76361,-17.1161,43.94502,26.09816
1552,25.78015,-40.99153,47.98482,26.71157
1553,25.79681,-24.91336,31.51878,17.4491
1554,25.81366,-35.96373,11.57679,7.567658
1555,25.83008,-42.89582,12.43214,9.293106
1556,25.8468,-42.89582,12.43214,9.293106
1557,25.86328,-56.87013,1.923759,-8.098883
1558,25.88007,-48.86175,8.123796,1.784943
1559,25.89673,-53.90713,2.166244,-7.667175
1560,25.91339,-39.42595,-0.2690232,-7.921977
1561,25.93005,-33.82402,-0.001621685,-6.908683
1562,25.94696,-33.82402,-0.001621685,-6.908683
1563,25.96356,-0.03256079,-4.28135e-08,-0.006692686
1564,25.98004,-0.000196278,0.0,-4.034385e-05
1565,25.99683,10.30401,10.39902,3.085088
1566,26.01337,0.01317784,0.1629069,0.169325
1567,26.03003,-0.06377019,0.2372616,0.3142223
1568,26.04681,-0.06377019,0.2372616,0.3142223
1569,26.06342,8.644584,0.03184877,1.802303
1570,26.08002,25.66825,4.450233,11.30264
1571,26.09705,28.4472,7.478659,15.94655
1572,26.11346,21.24467,8.887311,16.3468
1573,26.13013,20.83959,7.988863,14.94281
1574,26.14679,20.83959,7.988863,14.94281
1575,26.16339,11.86524,13.11687,19.93522
1576,26.18005,6.964991,11.32321,16.50484
1577,26.19678,19.04249,8.761414,15.3047
1578,26.21344,28.45079,9.670667,17.43221
1579,26.23004,29.83168,25.16413,17.25985
1580,26.2467,29.83168,25.16413,17.25985
1581,26.26331,10.60417,32.08135,21.97771
1582,26.27997,-3.281347,41.44377,25.28142
1583,26.29675,1.701321,44.34838,23.65376
1584,26.31335,1.996396,60.54834,34.03312
1585,26.3302,-6.551764,56.33334,36.52659
1586,26.34674,-6.551764,56.33334,36.52659
1587,26.36334,-5.750943,65.3351,31.7331
1588,26.38007,-4.609109,64.81503,25.43257
1589,26.39667,-4.990684,54.48148,27.53806
1590,26.41351,-4.461298,60.44831,24.61696
1591,26.43018,-4.200805,51.50834,23.17959
1592,26.44672,-4.200805,51.50834,23.17959
1593,26.46332,-3.434109,38.75201,18.90474
1594,26.48053,-17.06511,28.89556,10.8905
1595,26.49658,-3.03707,33.9343,15.73264
1596,26.51337,-4.24042,17.66968,18.50585
1597,26.52997,-4.063556,14.71336,15.86305
1598,26.54669,-4.063556,14.71336,15.86305
1599,26.56342,-4.367274,15.96128,17.0145
1600,26.58008,-4.43892,20.70725,22.14815
1601,26.59668,-3.999518,17.04997,18.01863
1602,26.61328,-3.833379,19.69407,20.74669
1603,26.63007,-4.955799,25.73033,26.84194
1604,26.64661,-4.955799,25.73033,26.84194
1605,26.66327,-4.211549,38.63317,24.20207
1606,26.68011,1.92755,35.48995,23.22868
1607,26.69672,-3.988192,41.34095,21.98137
1608,26.71326,2.758885,46.41562,18.79089
1609,26.72998,-4.216353,49.99089,23.20012
1610,26.74664,-4.216353,49.99089,23.20012
1611,26.76324,-2.434127,40.24292,13.27564
1612,26.77997,-2.94762,44.10954,16.07621
1613,26.79669,-3.549473,38.99004,19.3587
1614,26.81335,-2.715798,43.61481,14.81186
1615,26.83008,-2.325511,42.84755,12.68325
1616,26.84674,-2.325511,42.84755,12.68325
1617,26.86334,-2.034118,46.6708,11.094
1618,26.88007,-2.116124,43.75282,11.54126
1619,26.89655,-3.087241,51.43431,16.8377
1620,26.91333,19.25494,48.57613,18.28266
1621,26.93011,0.07950693,55.41951,13.99676
1622,26.94666,0.07950693,55.41951,13.99676
1623,26.96326,-2.877153,58.74723,18.7515
1624,26.98035,-2.33549,55.63516,17.976
1625,26.99658,12.35087,66.26813,22.23174
1626,27.01324,-3.027366,59.56697,17.14091
1627,27.02997,-2.598629,51.13384,14.37593
1628,27.04663,-2.598629,51.13384,14.37593
1629,27.06317,11.25105,49.80325,11.62931
1630,27.08002,19.91731,55.88218,16.14197
1631,27.09662,-2.282941,52.31526,14.1356
1632,27.11322,0.3023717,47.00741,11.98652
1633,27.13007,-0.6114764,30.44434,3.519463
1634,27.14667,-0.6114764,30.44434,3.519463
1635,27.16339,0.1428435,8.64995,-0.6886042
1636,27.17993,0.04780015,1.263466,-0.2659784
1637,27.19647,0.0002881415,0.007616233,-0.00160333
1638,27.2132,0.5995479,-4.040795,-3.34745
1639,27.22992,1.035503,-22.73785,-5.781516
1640,27.24658,1.035503,-22.73785,-5.781516
1641,27.26337,5.073337,-27.97597,-9.578502
1642,27.27997,25.41077,-45.28457,-10.06567
1643,27.29657,5.923643,-61.58697,-18.21055
1644,27.31323,6.198594,-74.7711,-21.07564
1645,27.32983,5.89658,-86.46017,-25.90918
1646,27.34668,5.89658,-86.46017,-25.90918
1647,27.3634,3.527514,-86.77302,-19.66286
1648,27.37994,2.808744,-73.59504,-16.01702
1649,27.39648,2.250315,-77.64611,-12.83771
1650,27.41333,3.487605,-77.10561,-19.89633
1651,27.42981,4.433099,-88.45231,-25.29025
1652,27.44659,4.433099,-88.45231,-25.29025
1653,27.46332,3.137053,-86.02271,-23.21416
1654,27.47992,4.535686,-73.50664,-25.85748
1655,27.49664,2.544929,-54.05871,-14.48397
1656,27.51337,4.925321,-34.01599,-2.388515
1657,27.52991,11.15575,-15.68901,3.954071
1658,27.54651,11.15575,-15.68901,3.954071
1659,27.56329,6.786836,-0.009582523,1.173676
1660,27.57983,10.3564,3.578625,5.372807
1661,27.5965,2.207278,9.361307,9.317134
1662,27.61316,-0.586446,20.37232,12.19993
1663,27.62982,10.76577,30.04938,18.03429
1664,27.64655,10.76577,30.04938,18.03429
1665,27.66327,-0.05789817,50.83475,19.95853
1666,27.67987,-3.953167,64.69239,23.68321
1667,27.69647,-4.144912,77.24767,24.66111
1668,27.71338,-3.95834,74.58083,23.54861
1669,27.7298,4.592375,71.37671,27.28745
1670,27.74646,4.592375,71.37671,27.28745
1671,27.76318,1.107,58.41608,21.75847
1672,27.77972,22.09772,50.12904,22.39335
1673,27.79645,20.08278,42.54409,21.40168
1674,27.81335,-1.782086,37.47948,17.89993
1675,27.82977,-2.363651,36.24252,14.59457
1676,27.8465,-2.363651,36.24252,14.59457
1677,27.86322,-0.9594249,13.46663,5.900502
1678,27.87982,0.04559348,1.971836,-0.2804016
1679,27.89642,-3.203963,0.01188632,-0.5240539
1680,27.91333,0.7816157,-17.9327,-12.85579
1681,27.92987,-0.5709871,-31.00435,-26.74486
1682,27.94659,-0.5709871,-31.00435,-26.74486
1683,27.96313,3.269888,-55.17078,-20.21478
1684,27.97974,2.176671,-50.34786,-13.15488
1685,27.9967,2.129326,-58.17255,-12.86171
1686,28.01324,9.273647,-50.70021,-13.03548
1687,28.02985,6.92369,-58.72421,-18.10337
1688,28.04639,6.92369,-58.72421,-18.10337
1689,28.06329,5.202962,-79.77237,-31.92453
1690,28.07977,4.230646,-84.71598,-33.53149
1691,28.0965,-3.229335,-94.89239,-35.01931
1692,28.1131,-6.240236,-91.83184,-41.48743
1693,28.12982,-3.697564,-77.89242,-34.81836
1694,28.14655,-3.697564,-77.89242,-34.81836
1695,28.16327,-5.562067,-60.32811,-50.85104
1696,28.17981,-9.945235,-78.97221,-69.60339
1697,28.19659,-5.421987,-85.67615,-78.16197
1698,28.21326,-15.2497,-71.38867,-60.69471
1699,28.22974,0.4445397,-95.45931,-62.73048
1700,28.24652,0.4445397,-95.45931,-62.73048
1701,28.26306,7.347633,-55.00553,-42.48745
1702,28.27972,8.435869,-40.04659,-47.89726
1703,28.29639,7.395884,-34.54317,-41.98951
1704,28.31305,2.456247,-47.54022,-60.20702
1705,28.32977,-3.200668,-49.55077,-65.18144
1706,28.34644,-3.200668,-49.55077,-65.18144
1707,28.36316,2.02646,-62.61102,-63.8435
1708,28.37988,8.675772,-56.14601,-52.92954
1709,28.39642,7.00868,-42.69636,-38.62547
1710,28.41309,8.591566,-34.18332,-47.29675
1711,28.42975,7.695733,-30.12121,-42.36494
1712,28.44666,7.695733,-30.12121,-42.36494
1713,28.46301,7.857294,-30.53484,-44.44251
1714,28.4798,6.466854,-28.04,-41.61229
1715,28.4964,6.46935,-18.5214,-35.49901
1716,28.513,6.568654,1.168806,-31.07658
1717,28.52979,7.359704,8.555392,-35.93939
1718,28.54639,7.359704,8.555392,-35.93939
1719,28.56305,6.802971,22.11915,-37.45018
1720,28.57977,6.652226,20.23097,-36.62045
1721,28.59637,6.3886,22.47838,-35.16919
1722,28.6131,5.751062,11.48545,-31.65955
1723,28.62976,6.098437,12.66407,-33.57184
1724,28.64636,6.098437,12.66407,-33.57184
1725,28.66321,16.63219,12.21205,-37.09491
1726,28.68005,7.65106,12.06156,-41.59562
1727,28.69641,7.330338,8.645349,-40.44094
1728,28.71307,5.946699,7.461414,-32.81319
1729,28.72968,5.256769,7.349359,-29.00629
1730,28.74628,5.256769,7.349359,-29.00629
1731,28.76306,6.073416,3.512381,-27.72114
1732,28.77972,3.890471,-1.588019,-21.4823
1733,28.79639,3.898076,5.696852,-18.39396
1734,28.81317,6.683177,0.2515644,-15.80574
1735,28.82983,0.7394611,-0.5807608,-3.980626
1736,28.84637,0.7394611,-0.5807608,-3.980626
1737,28.86304,0.1558027,-0.4505061,-0.8499225
1738,28.87964,0.29155,-0.8933213,-1.623852
1739,28.89642,0.00241896,-0.007411793,-0.01347293
1740,28.91302,0.6347794,-1.941566,-3.535779
1741,28.92957,-2.950179,-6.758427,-13.27349
1742,28.94629,-2.950179,-6.758427,-13.27349
1743,28.96301,-1.321346,-6.84241,-13.26709
1744,28.9798,-1.810455,-10.05145,-19.58108
1745,28.99634,-2.371035,-12.86903,-25.25603
1746,29.01306,-15.39192,-14.12645,-30.28952
1747,29.02972,-0.8424155,-13.21946,-26.0741
1748,29.04639,-0.8424155,-13.21946,-26.0741
1749,29.06305,2.420907,-12.16368,-23.79126
1750,29.07959,-7.086929,-6.813082,-14.97112
1751,29.09625,-2.954529,-2.252429,-5.082583
1752,29.1131,-1.38438,-0.3094245,-0.8816052
1753,29.12964,-2.654986,-0.09660407,-0.6898075
1754,29.1463,-2.654986,-0.09660407,-0.6898075
1755,29.16315,-9.561759,-4.174296,-6.335174
1756,29.17969,-11.02116,-17.44982,-13.04487
1757,29.19635,-0.3666602,-15.70379,-12.54365
1758,29.21301,-17.89105,-17.40516,-17.8229
1759,29.22968,-21.3308,-15.90012,-16.7483
1760,29.24628,-21.3308,-15.90012,-16.7483
1761,29.26324,-13.13005,-19.24982,-22.18522
1762,29.27979,-20.73418,-24.18332,-31.90708
1763,29.29645,1.388823,-22.44579,-34.59022
1764,29.31323,-2.799795,-19.54234,-26.67264
1765,29.32959,-1.796599,-23.2041,-28.24442
1766,29.34625,-1.796599,-23.2041,-28.24442
1767,29.36298,-1.393277,-22.63478,-29.49114
1768,29.37952,1.292373,-25.20986,-42.60841
1769,29.3963,7.232191,-32.07253,-41.36429
1770,29.41309,-1.381105,-37.44786,-42.99802
1771,29.42969,8.714697,-40.85245,-43.51772
1772,29.44647,8.714697,-40.85245,-43.51772
1773,29.46301,6.60998,-27.76412,-32.84262
1774,29.4718,6.593212,-16.5244,-32.75929
1775,29.47961,7.8214,-15.85726,-38.86171
1776,29.4964,4.276335,-13.45149,-21.24756
1777,29.51318,21.04265,-7.830253,-16.14387
1778,29.52985,21.04265,-7.830253,-16.14387
1779,29.54633,3.306902,-4.293273,-9.591424
1780,29.56293,4.269846,-8.34234,-21.3394
1781,29.57953,4.184254,-8.683463,-20.96781
1782,29.59619,3.611346,-14.32436,-18.09731
1783,29.61298,2.372477,-8.710519,-11.88905
1784,29.62964,2.372477,-8.710519,-11.88905
1785,29.6463,4.384103,-8.583326,-21.96978
1786,29.6629,3.781904,-7.076515,-18.95202
1787,29.6795,4.750421,-8.805869,-23.80549
1788,29.69629,3.896001,-7.157821,-19.52379
1789,29.71301,14.85548,-7.602499,-18.80188
1790,29.72961,14.85548,-7.602499,-18.80188
1791,29.74622,10.82363,-0.2044042,1.544402
1792,29.76288,2.545406,0.3906331,0.4424471
1793,29.77966,1.01002,0.002354755,0.1977495
1794,29.79614,-0.02224092,0.04918599,0.1368236
1795,29.81287,-0.07217786,0.133315,0.3681071
1796,29.82953,-0.07217786,0.133315,0.3681071
1797,29.84619,-3.503014,6.51861,17.86039
1798,29.86285,-2.39335,3.409398,12.17617
1799,29.8797,-3.422128,4.662978,12.49462
1800,29.89624,-4.049925,1.167125,2.480108
1801,29.91309,-17.48008,0.009694387,-3.438548
1802,29.92963,-17.48008,0.009694387,-3.438548
1803,29.94617,-4.0348,3.522836e-07,-0.8068747
1804,29.96301,-19.9233,-0.4774833,-5.361104
1805,29.97955,-13.63788,-2.899326,-10.95091
1806,29.99622,-10.2491,-1.69962,-6.898595
1807,30.013,-12.05189,-0.3521959,-3.473446
1808,30.02954,-12.05189,-0.3521959,-3.473446
1809,30.0462,0.1368444,-0.2452586,-0.6674039
1810,30.06317,0.6683808,-1.192034,-3.251783
1811,30.07965,1.524986,-2.70929,-7.419252
1812,30.09619,1.356427,-2.406732,-6.59919
1813,30.11285,0.015459,-0.02748415,-0.07536711
1814,30.12952,0.015459,-0.02748415,-0.07536711
1815,30.14618,7.188633,-0.7307382,2.313793
1816,30.16284,4.849,-15.55645,3.048985
1817,30.1795,12.47071,-21.17447,5.274509
1818,30.19617,9.525652,-31.02532,5.841053
1819,30.21289,6.319955,-37.15896,5.81287
1820,30.22961,6.319955,-37.15896,5.81287
1821,30.24628,12.72423,-42.43597,7.243011
1822,30.26288,4.924222,-44.99455,3.149396
1823,30.27948,1.976609,-44.6756,4.818877
1824,30.29626,13.59148,-38.64588,6.266985
1825,30.31281,12.07986,-40.30679,5.915413
1826,30.32947,12.07986,-40.30679,5.915413
1827,30.34619,7.13662,-26.6576,3.522405
1828,30.36279,25.56672,-15.60664,6.082828
1829,30.37952,20.53252,-12.10754,4.791198
1830,30.39624,26.67547,-2.958207,5.204436
1831,30.41309,19.7977,-12.62033,4.599475
1832,30.4295,19.7977,-12.62033,4.599475
1833,30.44611,6.889569,-0.0004585894,1.251547
1834,30.46283,10.10832,-2.008453e-06,1.823332
1835,30.47949,6.97108,-1.666393e-08,1.25152
1836,30.49609,6.561997,0.0,1.175292
1837,30.51282,0.02873914,0.0,0.005147348
1838,30.52948,0.02873914,0.0,0.005147348
1839,30.54614,3.525079,0.00150589,0.6297533
1840,30.56323,1.064251,9.302671,-0.5132965
1841,30.57941,18.99616,0.07718328,3.356198
1842,30.59631,11.28964,1.921311,1.837803
1843,30.61279,8.892133,7.469022,0.9777533
1844,30.62952,8.892133,7.469022,0.9777533
1845,30.64612,8.259478,5.763956,0.9654898
1846,30.66278,19.72612,2.628533,3.148216
1847,30.6795,26.80104,2.284582,4.321289
1848,30.69611,20.53362,9.831296,2.613979
1849,30.71277,10.88512,11.25135,2.218459
1850,30.72949,10.88512,11.25135,2.218459
1851,30.74609,-0.4102069,16.22638,2.489536
1852,30.76288,-3.447824,8.78612,12.75303
1853,30.77954,-14.63805,6.374069,11.06796
1854,30.7962,-16.26234,10.21265,-1.698643
1855,30.81299,-27.9597,5.942986,4.238614
1856,30.82947,-27.9597,5.942986,4.238614
1857,30.84607,-32.18323,21.8786,12.82384
1858,30.86285,-43.19221,14.60557,7.896516
1859,30.87939,-51.98045,14.84576,10.49201
1860,30.89606,-54.46064,11.09847,6.552544
1861,30.91278,-70.36524,17.56939,10.05265
1862,30.92926,-70.36524,17.56939,10.05265
1863,30.94635,-62.19697,20.81817,6.877749
1864,30.96277,-52.45492,20.10989,3.365954
1865,30.97937,-49.80749,29.822,10.0555
1866,30.99603,-55.6334,28.27729,4.916404
1867,31.01288,-49.56697,30.54952,3.963023
1868,31.02942,-49.56697,30.54952,3.963023
1869,31.04602,-35.72429,17.92838,0.8274044
1870,31.06281,-31.24905,20.41692,-3.148772
1871,31.07947,-36.98487,15.99819,0.5195131
1872,31.09601,-40.15934,6.446361,-5.96031
1873,31.11292,-42.95357,9.597747,-7.308645
1874,31.12939,-42.95357,9.597747,-7.308645
1875,31.146,-49.70638,2.764468,-8.955817
1876,31.16266,-25.70136,8.666002,-6.05052
1877,31.17957,-0.8278822,2.150727,-0.06567272
1878,31.19604,4.989267,6.945776,0.4248689
1879,31.21277,17.42172,4.128521,4.029439
1880,31.22943,17.42172,4.128521,4.029439
1881,31.24603,23.49928,9.700047,4.74779
1882,31.26288,22.07149,7.056043,4.678176
1883,31.27936,11.02727,12.91098,1.077704
1884,31.29602,15.3125,0.07782798,3.826105
1885,31.31262,4.71054,0.00122329,1.175895
1886,31.32953,4.71054,0.00122329,1.175895
1887,31.34607,2.828262,-2.536371,-5.78091
1888,31.36267,0.9158784,12.96242,-1.529016
1889,31.37933,4.949671,5.704964,0.4581897
1890,31.39606,0.6708244,20.25878,-2.591874
1891,31.4126,0.9862567,30.44363,-3.991461
1892,31.42932,0.9862567,30.44363,-3.991461
1893,31.44598,1.240149,35.9615,-5.019919
1894,31.46265,3.403965,33.76419,-13.77869
1895,31.47955,1.453873,38.8446,-5.885038
1896,31.49597,0.7697475,49.45873,-3.115811
1897,31.5127,1.294534,54.34394,-5.24006
1898,31.52936,1.294534,54.34394,-5.24006
1899,31.54602,0.5504125,50.82777,-2.227979
1900,31.56262,-0.04262005,52.55524,0.1725189
1901,31.57953,-0.5813105,49.72589,2.353049
1902,31.59601,0.2562177,47.7215,-1.037127
1903,31.61267,0.1051807,51.50464,-0.4257542
1904,31.62946,0.1051807,51.50464,-0.4257542
1905,31.646,-1.083155,57.57802,3.766966
1906,31.66266,-0.8570681,49.43707,3.460483
1907,31.67938,-0.6675565,45.8083,2.697372
1908,31.69611,-0.04286529,61.22214,0.1732056
1909,31.71265,-0.2923183,54.26551,1.18117
1910,31.72949,-0.2923183,54.26551,1.18117
1911,31.74597,-1.599809,42.73807,6.464345
1912,31.76263,-1.32722,40.4172,5.362897
1913,31.77924,-2.004339,27.374,8.098927
1914,31.7959,-1.786224,18.97605,7.217593
1915,31.81274,-1.89192,22.1579,8.468886
1916,31.82928,-1.89192,22.1579,8.468886
1917,31.84601,16.86614,1.81948,5.843033
1918,31.8631,0.09155243,0.6213812,0.07633422
1919,31.87921,0.2152027,0.5398012,1.278381
1920,31.89594,14.40407,0.004478674,3.53722
1921,31.91266,16.76745,-4.930077,1.699421
1922,31.92926,16.76745,-4.930077,1.699421
1923,31.94592,8.565672,-1.456928,-1.164035
1924,31.96271,13.18426,-3.059177,-3.169994
1925,31.97931,1.173583,-2.55478,-4.242735
1926,31.99585,-0.576501,-12.99892,2.406682
1927,32.01257,1.873903,-6.419114,-7.805392
1928,32.0293,1.873903,-6.419114,-7.805392
1929,32.04596,3.668774,-21.40326,-15.28171
1930,32.06262,2.988536,-20.26773,-12.44828
1931,32.07928,13.34629,-21.64449,-6.87301
1932,32.09589,22.94445,-21.5229,0.4739709
1933,32.11261,10.12773,-25.12061,-4.747791
1934,32.12927,10.12773,-25.12061,-4.747791
1935,32.146,9.651702,-45.01264,-6.96771
1936,32.1626,5.715283,-43.65674,-7.106435
1937,32.17938,3.685538,-45.21136,-7.422297
1938,32.19592,0.6510333,-35.54561,-2.760951
1939,32.21265,2.252872,-38.05541,-9.68134
1940,32.22919,2.252872,-38.05541,-9.68134
1941,32.24591,1.360289,-24.27452,-5.845801
1942,32.26257,3.697511,-25.54304,-15.88994
1943,32.27917,1.086236,-20.31173,-4.668064
1944,32.2959,0.01710282,-0.3192264,-0.07349884
1945,32.31262,0.0002688198,-0.005017557,-0.001155245
1946,32.32916,0.0002688198,-0.005017557,-0.001155245
1947,32.34589,-1.847815,14.71659,7.940928
1948,32.36255,0.3343493,20.14798,-1.436856
1949,32.37933,1.099028,23.58637,-4.723039
1950,32.39624,0.7110127,14.00144,-3.055555
1951,32.41254,-0.05082516,0.266789,0.2184195
1952,32.42932,-0.05082516,0.266789,0.2184195
1953,32.44592,-2.541973e-06,1.33432e-05,1.092405e-05
1954,32.46259,-2.054108,2.774767,6.445166
1955,32.47919,-0.972432,7.015145,4.151586
1956,32.49591,0.2364401,14.14991,-1.014323
1957,32.51257,-0.1647259,3.574273,0.7065877
1958,32.52917,-0.1647259,3.574273,0.7065877
1959,32.54626,-0.5337911,18.94885,2.289685
1960,32.5625,8.595274,14.27792,3.944936
1961,32.57922,5.057002,29.5914,8.828574
1962,32.59589,-1.309862,31.44554,5.773683
1963,32.61255,7.202828,33.33686,10.73359
1964,32.62921,7.202828,33.33686,10.73359
1965,32.64587,0.34116,38.80474,-1.470502
1966,32.66248,0.2779235,38.19946,-1.198824
1967,32.6792,0.3748361,46.99307,-1.616869
1968,32.69586,-0.292887,36.28362,-6.650916
1969,32.71259,2.437462,49.36399,-10.56006
1970,32.72919,2.437462,49.36399,-10.56006
1971,32.74579,-1.605659,52.81204,-16.06547
1972,32.76257,1.255683,58.93636,-17.8034
1973,32.77917,-2.289951,62.3065,-19.98872
1974,32.79584,-5.828324,56.61652,-15.76447
1975,32.81262,4.020338,66.99159,-17.39021
1976,32.82916,4.020338,66.99159,-17.39021
1977,32.84589,15.49586,63.19255,-10.54155
1978,32.86255,15.39165,52.8735,-9.370353
1979,32.87921,6.869686,46.53076,0.3298103
1980,32.89581,-0.4725043,25.59906,6.601964
1981,32.91278,1.381908,20.30923,-4.263485
1982,32.92914,1.381908,20.30923,-4.263485
1983,32.94586,0.007830366,0.08085166,-0.02845429
1984,32.96246,8.942041e-05,0.0009233014,-0.0003249393
1985,32.97925,0.6718065,-0.5082298,0.3470936
1986,32.99585,0.007671827,-0.00580383,0.003963703
1987,33.01245,12.25269,-0.4928349,3.030569
1988,33.02911,12.25269,-0.4928349,3.030569
1989,33.04578,0.002199276,-8.846054e-05,0.0005439666
1990,33.06244,1.824716e-05,-7.339478e-07,4.513234e-06
1991,33.0799,-0.2301698,-4.90998,0.9909937
1992,33.09576,-0.00100806,-0.02150391,0.004340189
1993,33.11255,-0.1415079,-1.717469,0.6092605
1994,33.12915,-0.1415079,-1.717469,0.6092605
1995,33.14575,-3.736042e-06,-4.534198e-05,1.608549e-05
1996,33.16248,0.7397345,-1.444669,-3.184918
1997,33.17914,2.656375,-5.170637,-11.43699
1998,33.1958,2.257556,-19.59805,-9.719882
1999,33.21265,-0.4866058,-31.94193,2.095076
2000,33.22906,-0.4866058,-31.94193,2.095076
2001,33.24573,6.550068,-51.59792,16.7865
2002,33.26251,14.24488,-56.27724,7.062422
2003,33.27911,25.50533,-49.59058,9.530977
2004,33.29578,8.128231,-60.15985,12.51796
2005,33.31244,20.56718,-58.43611,11.87066
2006,33.32916,20.56718,-58.43611,11.87066
2007,33.34583,-0.7649792,-75.24992,8.337533
2008,33.36237,0.08884749,-78.16133,-0.3701178
2009,33.37909,-16.66794,-58.37558,-5.458148
2010,33.39575,-7.877287,-42.63463,-7.691682
2011,33.41235,1.074557,-31.18969,-11.01485
2012,33.42908,1.074557,-31.18969,-11.01485
2013,33.4458,3.802254,-24.54648,-16.97654
2014,33.46252,4.855832,-20.88166,-23.8701
2015,33.47913,7.963045,-16.45126,-35.35703
2016,33.49579,3.085394,-15.08253,-25.32514
2017,33.51245,7.770967,-13.66608,-34.51624
2018,33.52911,7.770967,-13.66608,-34.51624
2019,33.5459,3.07096,-5.42423,-14.03394
2020,33.56244,3.551254,-6.027112,-15.70467
2021,33.57904,5.920581,-9.945499,-26.17384
2022,33.59576,1.911926,-13.68904,-37.96673
2023,33.61255,-8.523826,-13.68476,-40.92453
2024,33.62909,-8.523826,-13.68476,-40.92453
2025,33.64575,-6.068546,-12.38529,-38.10764
2026,33.66241,-10.00097,-9.031149,-29.42835
2027,33.6792,-9.673783,-3.424807,-13.87259
2028,33.69574,4.766319,1.451744,-21.06117
2029,33.71234,-3.339572,2.173908,-27.91436
2030,33.72913,-3.339572,2.173908,-27.91436
2031,33.74579,1.732596,-6.149515,-20.47153
2032,33.76257,1.605536,-5.737681,-18.58606
2033,33.77924,-5.258317,-4.204624,-14.73941
2034,33.79565,2.736163,-2.761101,-11.7442
2035,33.81238,4.121655,2.458026,-17.35763
2036,33.82904,4.121655,2.458026,-17.35763
2037,33.8457,-5.489426,-9.571697,-33.22311
2038,33.86243,-2.058326,-12.69142,-43.50215
2039,33.87909,-11.5108,-12.32263,-45.38321
2040,33.89569,-22.52071,-20.05822,-49.00712
2041,33.91241,-16.16165,-11.42952,-45.02542
2042,33.92902,-16.16165,-11.42952,-45.02542
2043,33.94568,4.595312,-11.62791,-42.77106
2044,33.9624,5.29584,-8.389215,-30.98409
2045,33.97906,8.13542,-8.699785,-32.01376
2046,33.99561,8.723851,-9.162969,-34.28195
2047,34.01239,9.420582,-2.735475,-37.01959
2048,34.02924,9.420582,-2.735475,-37.01959
2049,34.04565,8.029558,-7.981645,-31.55335
2050,34.06238,-0.2608914,-8.928865,-38.467
2051,34.07904,-4.115774,-10.07089,-36.62696
2052,34.09564,-2.435936,-10.4133,-30.67587
2053,34.11243,-6.08684,-16.9637,-32.7845
2054,34.12903,-6.08684,-16.9637,-32.7845
2055,34.14563,2.068937,-13.00535,-21.25854
2056,34.1626,3.423815,-9.932433,-13.19561
2057,34.17175,1.110647,-0.9880833,-4.254966
2058,34.17896,1.637951,-0.004327442,0.4069706
2059,34.19568,10.06154,-1.895261e-05,2.608844
2060,34.21234,10.06154,-1.895261e-05,2.608844
2061,34.22894,1.470665,-4.791085,1.676361
2062,34.24567,-1.163339,-18.38406,4.641084
2063,34.26239,-1.721719,-26.97613,6.697284
2064,34.27893,-2.582787,-41.37468,10.04569
2065,34.29565,-5.01065,-29.48693,19.48879
2066,34.31232,-5.01065,-29.48693,19.48879
2067,34.32904,-2.585985,-21.92409,10.05812
2068,34.34589,-3.51081,-19.77781,13.6552
2069,34.3623,-1.704762,-13.3417,6.630626
2070,34.37891,-4.567288,-13.00216,17.76435
2071,34.39569,-2.836183,-12.90963,11.03126
2072,34.41235,-2.836183,-12.90963,11.03126
2073,34.42889,-0.365961,-10.03531,10.37652
2074,34.4458,4.831977,-11.81343,13.50264
2075,34.46228,-0.822591,-4.387043,3.479084
2076,34.47894,-0.006824952,-0.03639883,0.0288656
2077,34.49561,-5.672438e-05,-0.0003019973,0.0002394715
2078,34.51239,-5.672438e-05,-0.0003019973,0.0002394715
2079,34.52893,-14.9999,12.40678,-7.204447
2080,34.54553,-14.49059,0.268409,-3.854416
2081,34.56226,-16.6162,0.4463456,-19.23457
2082,34.57892,-7.17957,1.465343,-18.67761
2083,34.59607,-9.246904,1.609591,-7.600256
2084,34.61285,-9.246904,1.609591,-7.600256
2085,34.62891,-11.00881,17.48083,-7.236185
2086,34.64557,-2.782728,33.19271,-8.764097
2087,34.66217,-12.97555,34.36954,-11.96891
2088,34.67889,-3.547482,34.50885,-9.618678
2089,34.69562,-12.69059,32.19828,-11.68786
2090,34.71222,-12.69059,32.19828,-11.68786
2091,34.72882,1.921467,38.59233,-10.34067
2092,34.74554,3.652224,33.81531,-13.42219
2093,34.76221,2.886683,35.77227,-10.59328
2094,34.77893,3.808329,32.46883,-13.97523
2095,34.79559,3.16603,32.57742,-11.61822
2096,34.81226,3.16603,32.57742,-11.61822
2097,34.82904,3.897499,18.12495,-14.30245
2098,34.84564,6.047935,13.88124,-22.19381
2099,34.8623,7.05687,9.428029,-25.89624
2100,34.87885,5.202298,-1.313362,-19.09061
2101,34.89612,5.555522,3.241414,-20.38682
2102,34.91229,5.555522,3.241414,-20.38682
2103,34.92889,4.260114,-3.229976,-15.63313
2104,34.94556,4.812083,-3.454177,-17.65866
2105,34.96216,5.615633,-4.149514,-20.6074
2106,34.97888,3.401856,-2.486888,-12.48362
2107,34.99554,5.139971,-3.699746,-18.86189
2108,35.01221,5.139971,-3.699746,-18.86189
2109,35.02881,3.884953,-2.746522,-14.25642
2110,35.0459,2.176881,-1.531997,-7.988392
2111,35.06238,0.682205,4.505585,-2.503453
2112,35.0799,1.969137,-1.35135,-7.226043
2113,35.09558,3.327574,-2.299029,-12.21103
2114,35.11218,3.327574,-2.299029,-12.21103
2115,35.12878,3.80904,-3.548108,-19.88501
2116,35.14557,-6.042325,-3.190279,-20.70975
2117,35.16217,-14.96642,-1.620753,-13.907
2118,35.17883,-5.484192,-3.819739,-24.91009
2119,35.1955,-4.270541,-4.271289,-27.80882
2120,35.2121,-4.270541,-4.271289,-27.80882
2121,35.22882,-6.433094,-6.581308,-36.08541
2122,35.24548,-12.67039,-4.723383,-35.27103
2123,35.26245,2.900506,-3.066769,-20.16048
2124,35.27881,0.495871,-0.2805443,-1.789411
2125,35.29559,2.062112,-0.00320373,0.5627341
2126,35.31219,2.062112,-0.00320373,0.5627341
2127,35.3288,0.2028389,-1.16415e-07,0.05734015
2128,35.34552,-0.5091976,-6.511394,1.810095
2129,35.36206,-0.9664179,-12.37804,3.418664
2130,35.37885,11.6768,-26.77677,12.63516
2131,35.39551,3.332782,-26.20559,20.61207
2132,35.41229,3.332782,-26.20559,20.61207
2133,35.42883,5.148665,-19.52321,16.89049
2134,35.44543,16.32098,-29.38119,17.66878
2135,35.4621,16.40679,-24.91864,25.01638
2136,35.47876,4.783835,-32.86319,16.57646
2137,35.49548,-1.0245,-34.1641,19.53929
2138,35.51221,-1.0245,-34.1641,19.53929
2139,35.52887,0.2617548,-39.58406,10.10006
2140,35.54572,-3.613478,-58.59654,13.4791
2141,35.56213,-2.960999,-49.31025,10.99074
2142,35.5788,-2.303245,-52.18013,10.89807
2143,35.59546,-2.798698,-52.38035,10.41529
2144,35.61212,-2.798698,-52.38035,10.41529
2145,35.62885,15.84938,-32.38105,-2.379974
2146,35.64557,-1.028416,-20.97863,4.084662
2147,35.66217,-1.263053,-24.28271,4.712747
2148,35.67883,-1.011618,-19.69115,3.773393
2149,35.69543,-0.9895764,-19.47006,3.691166
2150,35.71216,-0.9895764,-19.47006,3.691166
2151,35.72937,-0.006281808,-0.1246718,0.02343144
2152,35.74548,-0.03915878,0.02342095,0.1460641
2153,35.76215,-1.15867,2.582537,4.321893
2154,35.77887,-1.199681,1.772593,4.474864
2155,35.79559,0.4522957,8.990702,-1.687084
2156,35.81213,0.4522957,8.990702,-1.687084
2157,35.8288,0.4726225,9.686587,-1.762904
2158,35.8454,0.8367795,16.15195,-3.121227
2159,35.86206,1.045465,19.96554,-3.899632
2160,35.87909,1.285946,24.25231,-4.79664
2161,35.89545,-2.351308,25.54594,8.77049
2162,35.91211,-2.351308,25.54594,8.77049
2163,35.92871,1.485678,38.35139,-5.541649
2164,35.9455,1.994018,51.37146,-7.43778
2165,35.9621,1.379324,56.1373,-5.144942
2166,35.9787,0.7619938,53.08568,-2.842273
2167,35.99548,-0.8290675,53.3368,-12.64541
2168,36.01215,-0.8290675,53.3368,-12.64541
2169,36.02881,3.456627,52.94076,-13.19725
2170,36.04541,-7.67786,45.30714,-14.2248
2171,36.06226,-0.5342535,49.78417,-14.14858
2172,36.0788,1.989086,42.24346,-11.61739
2173,36.09552,3.318191,44.84124,-12.29141
2174,36.11212,3.318191,44.84124,-12.29141
2175,36.12866,2.351373,30.64112,-8.68501
2176,36.14557,2.033575,26.10534,-7.511189
2177,36.16217,1.692693,21.47309,-6.252112
2178,36.17871,3.661666,15.63659,-13.52469
2179,36.1955,0.679683,8.364316,-2.510469
2180,36.2121,0.679683,8.364316,-2.510469
2181,36.2287,0.0004384859,0.005458985,-0.001619586
2182,36.24542,-0.7053961,-8.818186,2.605443
2183,36.26221,0.2187121,-24.31293,-3.134426
2184,36.27869,-11.65825,-44.91295,10.65528
2185,36.29541,-4.000069,-51.18189,14.36978
2186,36.31213,-4.000069,-51.18189,14.36978
2187,36.32886,-1.653814,-48.90961,6.136919
2188,36.3454,-0.99344,-40.09,3.657832
2189,36.36224,0.2087412,-39.1237,-0.7684957
2190,36.37872,1.996781,-22.85159,-7.351314
2191,36.39539,-0.7893897,-11.85136,-12.493
2192,36.41266,-0.7893897,-11.85136,-12.493
2193,36.42877,0.228215,-1.113584,-7.258192
2194,36.44537,1.180589,-0.2646986,-10.88228
2195,36.46204,-0.3014188,-0.7960752,-7.438206
2196,36.4787,2.136107,7.799654,-23.52438
2197,36.4953,-0.9006778,2.997931,-19.89908
2198,36.51196,-0.9006778,2.997931,-19.89908
2199,36.52869,-0.9933451,-2.954254,-23.69611
2200,36.54541,-1.74248,-1.590497,-12.41592
2201,36.56244,-0.2337192,-8.86235,-14.46501
2202,36.57874,1.530039,-8.223804,-5.521552
2203,36.5954,-1.121477,-18.12958,3.979077
2204,36.61206,-1.121477,-18.12958,3.979077
2205,36.62866,10.38108,-21.41111,8.587294
2206,36.64532,6.818214,-23.66474,11.71032
2207,36.66199,6.161644,-25.46489,16.3475
2208,36.67871,7.035896,-24.42886,16.52105
2209,36.69531,-4.8336,-8.666226,21.90112
2210,36.71198,-4.8336,-8.666226,21.90112
2211,36.7287,-4.551863,0.8657119,16.79003
2212,36.73175,-2.051869,0.833478,7.45912
2213,36.7453,0.6595252,2.596085,18.58041
2214,36.76208,-5.16025,2.915837,18.87607
2215,36.77875,-4.44995,9.820839,19.34319
2216,36.79559,-4.44995,9.820839,19.34319
2217,36.81213,4.725626,15.73816,18.95476
2218,36.82867,1.075607,21.32786,14.51745
2219,36.84534,6.435167,22.10617,7.657824
2220,36.86212,-1.424479,21.26674,11.40105
2221,36.8786,-1.895581,26.7432,7.098089
2222,36.89526,-1.895581,26.7432,7.098089
2223,36.91217,0.2516259,8.989161,-0.9354983
2224,36.92865,-6.011013,18.77302,0.7666554
2225,36.9458,-0.8602136,27.27495,3.063003
2226,36.96204,1.147985,37.22207,-4.254831
2227,36.97876,3.474227,51.10215,-12.87433
2228,36.9953,3.474227,51.10215,-12.87433
2229,37.01202,0.6260341,52.33801,-15.33268
2230,37.02856,-2.616894,44.00282,-14.14046
2231,37.04523,3.026233,56.38415,-16.85478
2232,37.06201,2.947159,68.7026,-14.10387
2233,37.07886,-3.278815,68.47284,-19.96758
2234,37.0957,-3.278815,68.47284,-19.96758
2235,37.112,3.083665,80.93994,-15.53742
2236,37.12866,4.225614,74.56406,-15.47502
2237,37.14545,2.189506,59.15096,-8.008862
2238,37.16211,-0.8699635,54.03595,3.182142
2239,37.17853,2.467173,50.71635,-9.024397
2240,37.19519,2.467173,50.71635,-9.024397
2241,37.21204,1.162448,39.01095,-4.25199
2242,37.22858,1.130628,27.68419,-4.135597
2243,37.2453,-1.923267,26.03638,7.034905
2244,37.26196,0.4756472,15.50423,-1.739817
2245,37.27863,-1.172806,13.39357,4.289878
2246,37.29529,-1.172806,13.39357,4.289878
2247,37.31195,0.08616396,17.31985,-0.3151695
2248,37.32855,1.11405,10.32676,-4.07496
2249,37.34546,1.470304,16.32741,-6.629904
2250,37.36188,2.2249,20.17909,-8.132673
2251,37.3786,1.208463,10.90089,-4.413213
2252,37.39545,1.208463,10.90089,-4.413213
2253,37.41187,2.104512,18.74725,-7.685436
2254,37.42853,1.870234,16.58502,-6.829877
2255,37.44531,0.8297448,7.333216,-3.030132
2256,37.46191,0.07978513,0.7043403,-0.2913661
2257,37.47913,0.0003494296,0.003084752,-0.001276077
2258,37.4953,0.0003494296,0.003084752,-0.001276077
2259,37.5119,6.269489e-08,5.538857e-07,-2.285855e-07
2260,37.52856,-0.8463514,-7.494098,3.085796
2261,37.54535,-1.063011,-9.455231,3.875736
2262,37.56189,-2.353453,-21.10061,8.580685
2263,37.57861,-2.052221,-22.68427,-1.008842
2264,37.59534,-2.052221,-22.68427,-1.008842
2265,37.61206,1.461374,-3.899847,-5.320175
2266,37.62897,-0.4073934,-3.981008,1.482956
2267,37.6452,1.544787,-5.185494,-5.623226
2268,37.66211,0.7395467,-17.72492,-2.692046
2269,37.67853,-0.07159293,-24.94476,0.2606075
2270,37.69519,-0.07159293,-24.94476,0.2606075
2271,37.71179,-0.4661125,-11.23168,1.69671
2272,37.72852,-1.528498,-14.49331,5.563931
2273,37.74524,-2.191698,-20.87073,7.978066
2274,37.76184,-2.977929,-28.62968,10.84005
2275,37.77863,-2.630768,-25.59861,9.576335
2276,37.79547,-2.630768,-25.59861,9.576335
2277,37.81183,-3.675794,-55.97132,13.38037
2278,37.82849,-4.696598,-48.76472,17.09623
2279,37.84521,-3.797024,-40.17085,13.82166
2280,37.862,-3.280361,-40.97742,11.94094
2281,37.87848,-2.195884,-24.03593,7.993305
2282,37.8952,-2.195884,-24.03593,7.993305
2283,37.91187,1.306436,-18.33212,-4.755597
2284,37.92853,-0.04764651,-18.50381,0.1734395
2285,37.94519,-0.4247505,-23.5712,1.546147
2286,37.96191,0.9746135,-27.45643,-3.54772
2287,37.97858,0.6812308,-14.71589,-2.479769
2288,37.99548,0.6812308,-14.71589,-2.479769
2289,38.01196,2.539976,-3.186806,-9.245841
2290,38.02856,2.816372,-2.832357,-10.25196
2291,38.04541,2.269586,-1.728006,-9.721134
2292,38.06183,-3.108092,-3.141639,-19.89594
2293,38.07855,-3.108092,-3.141639,-19.89594
2294,38.09528,-0.2344469,-1.631197,-10.20227
2295,38.11182,-6.924573,-2.054062,-14.85864
2296,38.12854,-9.250995,-0.5978818,-6.376207
2297,38.14514,0.131118,1.176796,-0.797429
2298,38.1618,1.32453,8.207443,-2.561486
2299,38.17847,1.32453,8.207443,-2.561486
2300,38.19513,1.232777,13.82353,-4.423276
2301,38.21173,2.162751,8.552666,-7.76015
2302,38.22845,2.143725,8.388539,-7.691883
2303,38.24524,3.876176,0.06959883,1.009803
2304,38.2619,9.667751,-1.484805,-6.857813
2305,38.27856,0.0423412,-0.0065029,-0.0300347
2306,38.2951,0.0423412,-0.0065029,-0.0300347
2307,38.31177,5.312623e-05,0.0005776468,-0.0001879994
2308,38.32843,3.202475e-07,3.482082e-06,-1.13327e-06
2309,38.34528,1.889851e-09,2.09964e-08,-6.802589e-09
2310,38.36182,0.0,0.0,0.0
2311,38.37854,0.0,0.0,0.0
2312,38.39545,0.0,0.0,0.0
2313,38.4118,0.0,0.0,0.0
2314,38.42877,-0.7666013,-8.528518,2.759409
2315,38.44519,-0.004621109,-0.05141031,0.01663385
2316,38.46173,2.628973,-0.0004265459,0.7293485
2317,38.47858,2.628973,-0.0004265459,0.7293485
2318,38.49506,-1.133616,9.356153,4.157467
2319,38.51184,-1.862652,24.11252,6.726512
2320,38.5285,-1.424727,23.30656,5.144758
2321,38.54517,-1.242422,30.87261,4.486447
2322,38.56177,-0.08136831,37.57377,4.460152
2323,38.57837,-0.08136831,37.57377,4.460152
2324,38.59509,10.29431,30.22437,8.780269
2325,38.61176,3.612654,23.65058,4.40939
2326,38.62848,10.95374,11.63061,13.00119
2327,38.64526,14.12178,14.07264,18.08056
2328,38.66193,2.928752,4.216898,23.79795
2329,38.67834,9.416362,4.83497,28.95961
2330,38.69507,9.416362,4.83497,28.95961
2331,38.71173,3.380832,3.059463,26.62933
2332,38.72845,13.74014,-2.648481,36.02523
2333,38.74506,9.541644,-8.059475,37.64387
2334,38.76178,12.28765,-5.615868,40.88411
2335,38.77856,15.04794,7.327551,54.06276
2336,38.79517,15.04794,7.327551,54.06276
2337,38.81183,6.189904,11.74461,54.88409
2338,38.82837,-1.777942,10.47471,45.88064
2339,38.84534,-11.71368,11.6538,47.12746
2340,38.86176,5.493784,9.495659,41.15946
2341,38.87842,5.493784,9.495659,41.15946
2342,38.8952,-10.82476,11.91442,44.70609
2343,38.9118,-13.09726,15.09024,55.20218
2344,38.92865,-9.89774,13.68659,49.11903
2345,38.94513,-12.70563,14.81638,51.11053
2346,38.96167,-12.40109,14.85777,49.84555
2347,38.97833,-12.40109,14.85777,49.84555
2348,38.99524,-16.1916,20.5894,65.08099
2349,39.01172,-13.67836,17.90006,54.97921
2350,39.02838,-16.25089,21.87148,65.31933
2351,39.04492,-22.53894,18.48389,51.577
2352,39.06177,-23.82098,22.10836,60.74252
2353,39.07855,-23.82098,22.10836,60.74252
2354,39.09497,-30.26086,23.51617,59.92167
2355,39.11169,-34.31612,20.85234,49.72545
2356,39.1283,-31.90928,20.97538,49.2021
2357,39.14502,-36.99105,21.63057,48.37187
2358,39.16168,-22.03365,17.72284,40.89011
2359,39.17834,-22.41843,15.37219,33.88406
2360,39.19501,-22.41843,15.37219,33.88406
2361,39.21167,-16.64925,23.19687,53.24884
2362,39.22845,-21.85494,21.10937,45.52089
2363,39.245,-13.29681,22.79342,50.61894
2364,39.26184,-15.73989,27.28557,59.01827
2365,39.27832,-15.73989,27.28557,59.01827
2366,39.29498,-11.94667,21.77058,44.36378
2367,39.31183,-7.406125,13.75574,28.22249
2368,39.32831,-2.680969,6.586409,10.21818
2369,39.34503,-0.6090813,1.504699,3.088472
2370,39.36163,3.81115,1.627384,4.523824
2371,39.3783,3.81115,1.627384,4.523824
2372,39.39496,-3.349054,6.346466,12.8084
2373,39.41168,17.42383,4.300685,5.3024
2374,39.42834,2.00826,1.374458,0.2310905
2375,39.44495,13.57813,8.94636,0.1291341
2376,39.46216,4.928389,-6.160425,-12.52207
2377,39.47827,4.928389,-6.160425,-12.52207
2378,39.495,5.619435,8.771399,-1.970695
2379,39.51166,0.02461106,0.03841551,-0.008630922
2380,39.52838,2.987174,4.966047,-1.117326
2381,39.54498,1.860596,0.04119658,0.4626979
2382,39.56158,3.948183,-7.543376,-15.31865
2383,39.57825,3.948183,-7.543376,-15.31865
2384,39.59503,8.282007,-15.86081,-32.31325
2385,39.61157,-2.894666,-34.17466,-40.39493
2386,39.6283,-9.850473,-38.97083,-57.01389
2387,39.64496,4.18372,-54.82227,-84.08751
2388,39.66174,-9.177219,-65.46152,-81.44895
2389,39.67828,-9.177219,-65.46152,-81.44895
2390,39.69562,-8.788267,-71.69321,-82.5358
2391,39.71161,5.953789,-58.11565,-88.46548
2392,39.72833,23.26209,-53.91667,-108.5727
2393,39.745,10.639,-34.4747,-100.0858
2394,39.76166,16.78066,-36.49355,-110.8137
2395,39.77826,16.78066,-36.49355,-110.8137
2396,39.79498,1.653598,-36.50511,-126.8558
2397,39.81171,10.84207,-37.74385,-133.2119
2398,39.82825,6.892222,-42.7542,-94.53811
2399,39.84515,3.420293,-40.29289,-90.63689
2400,39.86145,20.02218,-52.80284,-92.77517
2401,39.8783,20.02218,-52.80284,-92.77517
2402,39.89514,22.78682,-23.94941,-78.18035
2403,39.91156,28.4244,-22.7254,-95.58456
2404,39.92841,21.20541,-26.10225,-87.08319
2405,39.94489,23.94366,-16.13199,-90.30296
2406,39.96155,18.10299,-11.43926,-68.31371
2407,39.97827,18.10299,-11.43926,-68.31371
2408,39.99487,17.85838,-9.117887,-59.43351
2409,40.01147,14.35443,-6.995636,-47.76235
2410,40.02832,15.09839,-6.966257,-50.23769
2411,40.04492,16.11457,-7.017614,-53.61891
2412,40.06158,14.722,-6.721745,-55.95494
2413,40.07849,14.722,-6.721745,-55.95494
2414,40.09497,3.025551,-5.124249,-43.66937
2415,40.11151,-4.541094,-3.551308,-39.36021
2416,40.12823,12.26083,-3.887198,-40.46172
2417,40.1449,15.14568,-4.404659,-49.58177
2418,40.1615,18.36886,-5.554267,-69.25227
2419,40.17828,18.36886,-5.554267,-69.25227
2420,40.19495,-2.339044,-2.97341,-48.9878
2421,40.21149,-4.842512,-2.212355,-40.6707
2422,40.22815,-5.431556,-1.848306,-37.396
2423,40.24518,7.410518,-1.734105,-37.87846
2424,40.2616,3.272314,-1.48377,-34.30647
2425,40.27826,3.272314,-1.48377,-34.30647
2426,40.29492,-0.6733932,-0.5893633,-16.34301
2427,40.31152,-2.425295,0.2592237,-14.48287
2428,40.32825,2.30251,4.38454,-7.442091
2429,40.34497,1.115296,-0.1059295,-3.516812
2430,40.36151,4.175249,-0.4558269,-13.16262
2431,40.37836,4.175249,-0.4558269,-13.16262
2432,40.39484,-7.125147,-0.02771387,-3.184623
2433,40.4115,-2.323212,-0.03267607,-1.833913
2434,40.4281,-0.01017482,-0.0001431092,-0.008031866
2435,40.44519,-2.8563,0.2987971,8.953129
2436,40.46149,0.05131092,0.6947421,-0.1608431
2437,40.47821,0.05131092,0.6947421,-0.1608431
2438,40.49493,-2.223459,0.2386201,6.969734
2439,40.51147,0.3946578,0.03182609,1.137333
2440,40.52832,-0.08505117,0.009994429,0.2867093
2441,40.5448,0.7882841,-13.08936,6.070916
2442,40.56152,4.420417,-20.88923,8.448808
2443,40.57819,4.420417,-20.88923,8.448808
2444,40.59479,-3.430012,-36.58127,10.86517
2445,40.61145,4.613328,-46.32111,16.26943
2446,40.62811,-5.197419,-58.52329,16.5438
2447,40.64478,-5.04366,-59.89997,15.92385
2448,40.66144,-9.787622,-52.83655,-0.2759866
2449,40.67804,-9.787622,-52.83655,-0.2759866
2450,40.69482,1.135656,-56.58074,-3.577235
2451,40.71149,-5.527178,-54.59193,-8.354755
2452,40.72839,-1.794479,-30.31053,-10.65871
2453,40.74481,0.3006836,-28.20315,-7.305398
2454,40.76154,-6.680677,-12.16821,-25.41286
2455,40.77826,-6.680677,-12.16821,-25.41286
2456,40.79474,-1.879565,-6.504802,-22.08015
2457,40.81152,-2.745008,-3.146641,-17.81392
2458,40.82837,-5.490884,-0.1983864,-25.71352
2459,40.84479,8.260714,-0.660471,-25.60894
2460,40.86145,9.393841,-0.04145509,-28.83301
2461,40.87811,9.393841,-0.04145509,-28.83301
2462,40.89471,8.153955,0.1072525,-25.02553
2463,40.91144,2.725224,3.521758,-8.364061
2464,40.92816,4.806334,11.97091,-14.75125
2465,40.94495,3.441607,0.1530228,-10.56273
2466,40.96149,2.606769,0.1961586,-4.988973
2467,40.97815,2.606769,0.1961586,-4.988973
2468,40.99475,0.1924337,2.586824,-0.5913191
2469,41.01147,0.2790405,3.73945,-0.8576076
2470,41.02808,3.148655,9.347427,-1.355816
2471,41.0318,0.2706557,3.469106,-0.7965019
2472,41.04486,0.002245602,0.02878281,-0.006608494
2473,41.06146,0.002245602,0.02878281,-0.006608494
2474,41.07813,1.123117e-07,1.439546e-06,-3.305177e-07
2475,41.09485,-0.6580203,8.67765e-09,-0.2141005
2476,41.11145,-0.002881887,0.0,-0.0009376818
2477,41.12811,-10.76232,0.03204508,-7.266076
2478,41.14478,2.703759,0.09126204,-8.540787
2479,41.16144,2.703759,0.09126204,-8.540787
2480,41.1781,-11.35942,7.255256,-7.684447
2481,41.19476,-0.5357804,10.55401,-2.896156
2482,41.21143,1.429727,18.69166,-4.377401
2483,41.22809,1.802709,26.05771,-5.494533
2484,41.24469,0.9000658,18.96411,-2.743257
2485,41.26141,0.9000658,18.96411,-2.743257
2486,41.27802,-3.642081,18.19685,11.10048
2487,41.29468,-5.026919,13.36835,15.32124
2488,41.31134,-12.12104,14.42231,7.874985
2489,41.32806,-10.19759,14.45938,9.780739
2490,41.34467,-3.365025,17.41797,10.09959
2491,41.36157,-3.148064,23.70525,9.567658
2492,41.37805,-3.148064,23.70525,9.567658
2493,41.39465,1.475376,17.97628,-4.484256
2494,41.41138,11.85059,14.76422,-0.4247482
2495,41.42798,24.76911,4.426385,6.739968
2496,41.4447,49.12845,5.583088,0.2117836
2497,41.46136,49.12845,5.583088,0.2117836
2498,41.47809,56.38791,7.664025,2.428356
2499,41.49469,49.28527,13.08598,7.602136
2500,41.51196,42.79096,11.16413,0.4578519
2501,41.52795,29.55284,8.101978,4.843749
2502,41.54462,26.90002,9.924146,2.369635
2503,41.56134,26.90002,9.924146,2.369635
2504,41.57806,24.09919,0.1563044,-3.963945
2505,41.59467,16.28331,0.03237519,-0.9700879
2506,41.61133,8.815584,0.07701802,-8.488469
2507,41.62799,12.52754,0.07272464,-6.348393
2508,41.64465,0.9891841,0.0003185072,0.223897
2509,41.66138,0.9891841,0.0003185072,0.223897
2510,41.67804,1.929769,0.06357607,-7.174339
2511,41.6947,0.02008412,0.0006616794,-0.07466829
2512,41.71136,0.4912137,0.01695408,-1.826244
2513,41.72803,6.713228,7.425265e-05,1.794154
2514,41.74463,9.607567,3.251993e-07,2.571451
2515,41.76135,9.607567,3.251993e-07,2.571451
2516,41.77795,2.977797,2.238622e-11,0.7904574
2517,41.79462,14.57647,0.0,3.843675
2518,41.81134,13.26838,0.0,3.475414
2519,41.828,20.05351,0.0,5.199821
2520,41.84473,21.41115,0.0,5.486129
2521,41.86145,21.41115,0.0,5.486129
2522,41.87878,28.44502,0.0,7.064461
2523,41.89551,26.46893,0.5071104,6.3188
2524,41.91138,26.26731,0.03156343,3.439426
2525,41.92804,29.94713,1.83738,4.363471
2526,41.94464,32.3721,0.07920434,1.571944
2527,41.9613,32.3721,0.07920434,1.571944
2528,41.97784,48.45046,0.1090211,3.190233
2529,41.99463,51.81683,0.1674536,0.6120123
2530,42.01135,53.24165,0.1401498,3.074962
2531,42.02795,53.0055,0.1458039,3.020978
2532,42.04462,52.73721,0.1670958,2.019906
2533,42.06122,52.73721,0.1670958,2.019906
2534,42.07794,31.38322,0.2227765,-4.020518
2535,42.09467,27.37071,0.04870264,2.797709
2536,42.11133,30.27156,0.1822445,-2.14809
2537,42.12793,21.41674,0.1846884,-3.61663
2538,42.14453,24.97608,0.07497212,1.339047
2539,42.16132,24.97608,0.07497212,1.339047
2540,42.17798,24.67259,0.006667994,3.747247
2541,42.19464,22.29908,0.005711857,3.316777
2542,42.2113,27.69503,0.01930019,3.5737
2543,42.22797,24.21211,8.452774e-05,3.617751
2544,42.24457,29.33605,3.702004e-07,4.239098
2545,42.26129,29.33605,3.702004e-07,4.239098
2546,42.27783,22.88437,0.0,3.124511
2547,42.29462,22.85724,0.0,3.053813
2548,42.31134,8.779489,-0.3400872,1.257642
2549,42.32788,2.750084,-11.90029,-9.195654
2550,42.3446,0.2867437,-0.07173549,-0.02013168
2551,42.36133,0.2867437,-0.07173549,-0.02013168
2552,42.37793,0.6289612,-0.1026418,-4.81311
2553,42.39459,-0.04610779,-1.310312,0.3528431
2554,42.41125,-0.0002779401,-0.007898621,0.002126955
2555,42.42798,-2.30604e-06,-6.553403e-05,1.764712e-05
2556,42.44464,-1.390092e-08,-3.950423e-07,1.063777e-07
2557,42.4613,-1.390092e-08,-3.950423e-07,1.063777e-07
2558,42.47791,-0.01350206,-0.003100617,0.1033254
2559,42.49457,-8.139104e-05,-1.869067e-05,0.0006228503
2560,42.51129,-6.31593,-1.126682e-07,-0.8279728
2561,42.52789,-0.05240262,-9.347964e-10,-0.006869603
2562,42.54462,-1.865955,-0.3772369,12.71945
2563,42.56128,-1.865955,-0.3772369,12.71945
2564,42.57794,-2.302581,-1.370779e-05,-0.3042716
2565,42.59454,-10.63702,-0.0522883,0.401715
2566,42.61127,-12.39111,-0.5077661,-1.518061
2567,42.62793,-14.99329,-2.675715,-0.7418154
2568,42.64453,-12.83625,-13.98254,5.876338
2569,42.6615,-23.53384,-5.368394,5.435144
2570,42.67792,-23.53384,-5.368394,5.435144
2571,42.69458,-3.118347,-3.094508,8.643984
2572,42.71118,-1.682861,-7.089813,9.576761
2573,42.72791,-0.8815809,-8.353532,3.306133
2574,42.74457,-1.793391,-12.64915,3.515937
2575,42.76117,-1.793391,-12.64915,3.515937
2576,42.77795,-3.11165,-16.53954,4.131454
2577,42.79462,-0.6637692,-16.2122,4.374763
2578,42.81183,-0.2535802,-6.363327,1.709677
2579,42.82794,3.246016,-2.803599,1.24726
2580,42.84448,-0.3458706,-9.274898,2.479035
2581,42.86108,-0.3458706,-9.274898,2.479035
2582,42.87787,-6.634208e-06,-0.0001779035,4.755081e-05
2583,42.89459,-5.504333e-08,-1.476047e-06,3.945241e-07
2584,42.91119,-0.2754318,-0.04374429,1.862767
2585,42.92792,-1.877474,-0.2929486,12.6975
2586,42.94452,-0.0006903638,0.2670209,0.004668985
2587,42.96124,-0.0006903638,0.2670209,0.004668985
2588,42.97784,0.09481896,3.411699,-0.6412681
2589,42.99445,-0.7337515,0.6130678,4.96242
2590,43.01117,2.14863,5.481712,9.243186
2591,43.02789,-0.8022186,11.48438,5.638692
2592,43.04456,0.2601829,17.03122,0.6855077
2593,43.06104,0.2601829,17.03122,0.6855077
2594,43.07782,-0.8476879,7.807426,5.765915
2595,43.09454,-0.5175491,5.922382,3.520231
2596,43.11121,-0.2514985,16.59323,1.710625
2597,43.12781,-1.376247,12.96052,9.360866
2598,43.14441,-2.16697,8.814885,14.73915
2599,43.16107,-2.16697,8.814885,14.73915
2600,43.17792,-0.8032839,22.48912,5.463722
2601,43.19446,-2.363636,27.78172,16.07682
2602,43.21112,-1.656541,24.00779,11.26735
2603,43.22791,-1.981431,42.13576,15.52622
2604,43.24457,3.047911,42.32847,13.47426
2605,43.26135,3.047911,42.32847,13.47426
2606,43.27887,21.71186,36.51641,9.473368
2607,43.29449,17.25791,34.13349,12.90688
2608,43.31116,22.42881,21.77951,1.700404
2609,43.328,26.38931,4.789754,15.06252
2610,43.34436,21.49266,0.2295525,2.73972
2611,43.36121,21.49266,0.2295525,2.73972
2612,43.37781,25.30022,-0.00213108,2.894536
2613,43.39447,23.22593,-0.05318929,-1.149978
2614,43.41113,26.75643,-8.941492,-1.978364
2615,43.42792,30.00782,-9.041327,-0.6922922
2616,43.44452,31.08323,-9.743669,-10.81088
2617,43.46112,31.08323,-9.743669,-10.81088
2618,43.47797,27.69394,-5.478631,3.638275
2619,43.49445,32.75369,-3.113497,2.11995
2620,43.51111,32.53697,-1.606326,3.417329
2621,43.52783,29.16618,-7.101638,4.80372
2622,43.54437,28.04511,-0.1398106,2.333745
2623,43.5611,28.04511,-0.1398106,2.333745
2624,43.57776,34.63091,-4.80867,4.074284
2625,43.59448,28.20125,-15.96201,6.488421
2626,43.61115,27.92902,-13.49627,5.715926
2627,43.62781,23.93768,-6.23978,1.978761
2628,43.64447,21.27364,-8.851898,-0.2276047
2629,43.66113,21.27364,-8.851898,-0.2276047
2630,43.67773,12.24507,-12.01758,2.11775
2631,43.69452,4.656168,-10.96838,-7.722011
2632,43.71106,12.68981,-9.34475,-4.735075
2633,43.72766,20.56816,-5.481892,-2.815845
2634,43.74445,15.73186,-2.196552,-8.833268
2635,43.76111,15.73186,-2.196552,-8.833268
2636,43.77777,8.914008,-9.285713,-3.661486
2637,43.79456,-0.1011428,-16.26578,4.842687
2638,43.8111,-0.08745413,-8.218436,2.115089
2639,43.82776,-0.1486966,-11.98641,3.578373
2640,43.8446,-0.05036353,-4.06942,1.211974
2641,43.86115,-0.05036353,-4.06942,1.211974
2642,43.87775,-4.997231,-0.001551086,-0.2671095
2643,43.89447,-12.01697,-9.350018e-06,-0.52445
2644,43.91107,-15.39116,-7.757613e-08,-0.7093329
2645,43.92773,-14.04148,0.1920548,-0.7391644
2646,43.9444,-14.92893,0.4984145,0.4003425
2647,43.96106,-14.92893,0.4984145,0.4003425
2648,43.97772,-29.82058,1.811107e-05,-1.681657
2649,43.99432,-35.11868,-0.0007924865,-1.847004
2650,44.01105,-43.14324,-5.636652e-06,-2.858082
2651,44.02777,-60.32739,6.580461,-3.657513
2652,44.04425,-68.88099,0.09737331,9.381204
2653,44.06104,-68.88099,0.09737331,9.381204
2654,44.07782,-84.24976,12.01365,3.642588
2655,44.09436,-76.07411,2.63308,6.743626
2656,44.11102,-52.79196,1.872148,3.378099
2657,44.12775,-43.08129,0.1353712,8.602476
2658,44.14441,-47.54205,0.2257634,15.05917
2659,44.16101,-47.54205,0.2257634,15.05917
2660,44.17798,-53.92655,0.2851446,10.59685
2661,44.1944,-52.16435,0.6536311,9.729411
2662,44.21112,-40.50521,0.2167101,4.673554
2663,44.22778,-36.04297,0.3335287,9.754455
2664,44.24438,-33.34114,0.429341,12.82592
2665,44.26099,-33.34114,0.429341,12.82592
2666,44.27783,-19.54003,0.06959685,-0.6921412
2667,44.29437,-2.218071,0.01960466,0.3624784
2668,44.31104,3.494786,-0.3342396,-12.39676
2669,44.3277,9.914653,-0.001463847,1.664167
2670,44.3443,8.587108,-0.02554586,0.4702159
2671,44.36108,8.587108,-0.02554586,0.4702159
2672,44.37762,3.767192,-1.758538e-06,0.6411337
2673,44.39435,9.457972,-1.459041e-08,1.601812
2674,44.41101,2.586078,-8.795165e-11,0.4368872
2675,44.42761,1.513889,3.418312,-0.790533
2676,44.4444,0.5043632,2.521799,-0.6877128
2677,44.461,0.5043632,2.521799,-0.6877128
2678,44.4776,0.305409,15.25954,-1.820992
2679,44.49438,-1.948728,8.808498,11.65184
2680,44.51105,0.01797039,15.17644,-0.107448
2681,44.52765,-0.4504892,11.72872,11.34471
2682,44.54449,-1.254837,11.02803,12.01506
2683,44.56097,-1.254837,11.02803,12.01506
2684,44.57764,3.184103,13.78463,7.30414
2685,44.59454,11.54521,4.790634,22.47938
2686,44.61096,-0.9555742,3.675354,24.69769
2687,44.62769,-0.4469326,1.229374,19.77472
2688,44.64435,-1.222209,1.901636,39.07859
2689,44.66101,-1.222209,1.901636,39.07859
2690,44.67767,-4.511827,1.521123,28.21119
2691,44.69434,-4.76781,1.71839,29.70825
2692,44.71094,-4.226029,1.632113,26.33188
2693,44.7276,-5.254854,2.192261,32.74236
2694,44.74432,-6.171404,2.781916,38.45327
2695,44.76105,-6.171404,2.781916,38.45327
2696,44.77765,-9.03754,4.814001,56.31182
2697,44.79492,-7.801656,4.794064,52.27521
2698,44.81097,-3.531825,3.006505,45.00617
2699,44.82764,-4.932292,1.979909,43.95564
2700,44.8443,4.642272,2.462929,33.93558
2701,44.86102,4.642272,2.462929,33.93558
2702,44.87762,-3.566093,-3.044204,22.60884
2703,44.89423,-2.660705,-5.127612,16.84424
2704,44.91095,-2.349523,1.259238,14.87405
2705,44.92767,-2.886616,2.268384,18.2742
2706,44.94415,-0.7111802,0.0796058,4.502244
2707,44.961,-0.7111802,0.0796058,4.502244
2708,44.97766,-1.983562,0.006938823,-0.258488
2709,44.99438,-0.9619421,-0.1276774,-1.191492
2710,45.01099,-2.920512,-0.1981393,-0.4101576
2711,45.02759,-0.9383803,-0.1243722,-1.15173
2712,45.04431,0.4020018,2.276066,-2.535461
2713,45.06091,0.4020018,2.276066,-2.535461
2714,45.0777,1.781185,-1.362288,-11.09835
2715,45.09424,2.166796,-1.43156,-13.50105
2716,45.1109,2.261158,-1.669666,-14.089
2717,45.12762,2.289123,-1.661357,-14.26325
2718,45.14429,2.472023,-1.75547,-15.40287
2719,45.16095,2.472023,-1.75547,-15.40287
2720,45.17767,3.309016,-0.950919,-20.61808
2721,45.19427,3.394462,-1.71067,-21.15048
2722,45.21149,4.570772,-2.377177,-28.47993
2723,45.22754,4.696361,-2.619958,-29.26245
2724,45.24445,5.420365,0.6103519,-33.77364
2725,45.26093,5.420365,0.6103519,-33.77364
2726,45.27753,7.618806,9.427682,-47.47186
2727,45.29419,6.347185,-2.912529,-39.54854
2728,45.31091,7.039502,-3.045418,-43.86229
2729,45.32764,7.427204,-4.764768,-46.27801
2730,45.34424,7.212128,-2.610316,-44.93789
2731,45.36078,7.212128,-2.610316,-44.93789
2732,45.37762,4.879571,-1.722959,-30.40402
2733,45.39423,5.032828,-1.387186,-31.35894
2734,45.41095,3.74041,-0.9334807,-23.30604
2735,45.42761,5.244707,-1.173836,-32.67913
2736,45.44446,-2.436409,-0.9636237,-31.48857
2737,45.46088,-2.436409,-0.9636237,-31.48857
2738,45.47754,1.040256,-20.14721,-39.70984
2739,45.4942,-5.210246,-28.53305,-36.58528
2740,45.51086,-3.719222,-34.20128,-20.3334
2741,45.52765,4.109942,-32.53222,-25.37168
2742,45.54413,4.667931,-28.36216,-28.41499
2743,45.56085,4.667931,-28.36216,-28.41499
2744,45.57758,1.73202,-30.08113,-21.74357
2745,45.59418,-2.85304,-36.31406,-11.7472
2746,45.61084,-1.629937,-39.76776,-21.29877
2747,45.62756,-12.36924,-33.67955,-21.30669
2748,45.64423,-14.27762,-38.37703,-21.42647
2749,45.66077,-14.27762,-38.37703,-21.42647
2750,45.67767,-18.23338,-36.19282,-38.03758
2751,45.69427,-18.28025,-46.98727,-36.51379
2752,45.71088,-16.61027,-46.60189,-30.88918
2753,45.72754,-18.59615,-40.04424,-28.99035
2754,45.7442,-8.859679,-29.45971,-29.51017
2755,45.76086,-8.859679,-29.45971,-29.51017
2756,45.77759,2.590744,-16.81103,-20.62582
2757,45.79419,1.92496,-8.965965,-10.22581
2758,45.81079,0.5146139,0.08861864,-2.718849
2759,45.82751,12.02442,0.0005341974,2.254241
2760,45.84418,1.782829,4.43218e-06,0.3358472
2761,45.85175,1.782829,4.43218e-06,0.3358472
2762,45.86084,0.04910236,5.828228e-10,0.009232809
2763,45.8775,11.24594,4.578474,4.540413
2764,45.89417,-0.7898619,1.010522,4.492726
2765,45.91113,4.73948,2.955202,1.344564
2766,45.92743,5.120232,11.83341,1.189874
2767,45.94415,5.120232,11.83341,1.189874
2768,45.96082,12.94886,15.18883,-0.9018713
2769,45.97754,9.636952,15.42668,-1.806517
2770,45.99414,11.99721,16.74387,-1.207153
2771,46.01086,10.78152,16.77534,1.362947
2772,46.0274,20.27898,25.9238,-2.06616
2773,46.04419,20.27898,25.9238,-2.06616
2774,46.06085,34.49374,28.50983,-1.182932
2775,46.07745,31.98061,32.25517,-2.437063
2776,46.09412,44.01947,22.29174,1.328232
2777,46.11078,42.47969,18.9072,1.649713
2778,46.12744,36.32177,12.78311,-4.889927
2779,46.1441,36.32177,12.78311,-4.889927
2780,46.16083,37.15808,4.011992,3.624604
2781,46.17743,50.82243,7.830684,2.46094
2782,46.19415,52.52247,2.293345,-2.015652
2783,46.21082,57.32785,0.6238375,2.418313
2784,46.22748,76.3059,0.5504823,-1.067528
2785,46.24408,76.3059,0.5504823,-1.067528
2786,46.26074,51.69133,1.035661,-11.60989
2787,46.2774,65.88258,0.2429125,1.36772
2788,46.29413,57.83611,0.2478354,0.2908204
2789,46.31067,53.74701,0.9516673,-10.755
2790,46.32745,68.64454,-8.769869,1.30952
2791,46.34418,68.64454,-8.769869,1.30952
2792,46.36078,46.85218,-0.8978615,1.227556
2793,46.37744,55.82495,-2.44402,1.859376
2794,46.39404,51.34923,-0.01070391,1.078114
2795,46.41071,52.04289,-8.880922e-05,0.684848
2796,46.42737,47.79773,-1.014174e-06,0.3537852
2797,46.44409,47.79773,-1.014174e-06,0.3537852
2798,46.46069,42.53359,-0.003903266,-0.1014821
2799,46.47742,42.04319,-2.352907e-05,-0.414591
2800,46.49414,50.48326,-1.860967,-0.376503
2801,46.51074,39.53258,-5.133168,0.4107944
2802,46.5274,29.97917,-5.332904,0.5251815
2803,46.5318,29.97917,-5.332904,0.5251815
2804,46.54413,11.73749,-9.267601,1.945605
2805,46.56079,6.641146,-1.164723,-3.590031
2806,46.57751,0.3732968,-1.664979,-3.822315
2807,46.59399,-0.09610397,-0.3448672,-2.835813
2808,46.61078,-0.09376189,-0.4747062,-2.682031
2809,46.6275,-0.09376189,-0.4747062,-2.682031
2810,46.64398,-4.595408,0.3670937,-4.758265
2811,46.66095,-1.976592,0.6930473,-9.113877
2812,46.67743,-10.19805,0.7767678,-9.843977
2813,46.69403,-8.899898,-2.706827,-7.694016
2814,46.71075,-13.37108,-4.185466,-8.992479
2815,46.72736,-13.37108,-4.185466,-8.992479
2816,46.74402,-8.62885,-3.584361,-0.05778439
2817,46.76074,-4.169908,0.0287949,-0.625579
2818,46.77728,-12.64401,-0.1734952,-0.01861759
2819,46.79401,-1.292372,-0.0007598453,0.02889413
2820,46.81079,-1.246939,-8.677203e-06,0.0287025
2821,46.82727,-1.246939,-8.677203e-06,0.0287025
2822,46.84412,-0.0699961,0.0,0.001583298
2823,46.86072,1.697069,0.0,-0.03908556
2824,46.87738,2.343866,0.0,-0.05494637
2825,46.89398,13.74572,0.0,-0.3392024
2826,46.91071,19.36942,-0.9684985,-0.2799796
2827,46.92731,19.36942,-0.9684985,-0.2799796
2828,46.94409,26.982,-4.843856e-05,-0.8656926
2829,46.96069,32.33476,-0.04259138,-0.6407872
2830,46.97736,43.36149,-0.5533438,5.171003
2831,46.99414,56.95511,-0.03512804,-2.321756
2832,47.01074,61.39409,-0.03082673,-3.171741
2833,47.02734,61.39409,-0.03082673,-3.171741
2834,47.04425,60.93624,-1.533798e-06,-4.669676
2835,47.06067,56.36256,-0.94716,7.425892
2836,47.07727,54.24564,-0.7249644,4.418426
2837,47.09406,55.43279,-0.004370119,-5.477792
2838,47.11066,57.84245,-2.634329e-05,-6.303615
2839,47.12732,57.84245,-2.634329e-05,-6.303615
2840,47.14404,66.78472,-3.331878,-7.847869
2841,47.16064,78.61329,-0.02764424,-10.99015
2842,47.17737,46.50436,-0.5934029,0.917479
2843,47.19446,51.82359,-0.00836804,-7.988446
2844,47.21063,45.27267,-3.664894e-05,-7.360882
2845,47.22729,45.27267,-3.664894e-05,-7.360882
2846,47.24402,17.8955,-1.832743e-09,-3.053515
2847,47.26062,14.22985,0.01095608,-2.60828
2848,47.27734,-0.9193263,0.9931332,-12.83422
2849,47.29413,-0.005541742,0.005986654,-0.07736531
2850,47.31061,-4.597926e-05,4.967064e-05,-0.0006418918
2851,47.31177,-4.597926e-05,4.967064e-05,-0.0006418918
2852,47.32745,-3.293233,3.375546,-0.2707281
2853,47.34418,-9.107077,0.01478365,1.565681
2854,47.36066,-13.47415,6.474697e-05,2.304785
2855,47.37732,-8.124235,7.393908e-07,1.379366
2856,47.39392,-9.876717,6.134648e-09,1.664377
2857,47.41064,-9.876717,6.134648e-09,1.664377
2858,47.42731,-9.309518,0.0,1.545185
2859,47.44403,-5.136318,0.0,0.8481812
2860,47.46063,-11.68859,0.0,1.920311
2861,47.47723,-0.07045937,0.0,0.01157573
2862,47.49402,-0.3419947,0.0,0.05604168
2863,47.51062,-0.3419947,0.0,0.05604168
2864,47.52722,-1.242718e-05,0.0,2.036406e-06
2865,47.54388,-0.01968773,0.4950458,-0.1201438
2866,47.56079,-0.0001633462,0.004107343,-0.0009968211
2867,47.57739,1.191433,3.40782e-05,-0.1957483
2868,47.59387,11.09354,2.05425e-07,-1.841295
2869,47.61066,11.09354,2.05425e-07,-1.841295
2870,47.62726,20.60125,-1.840288,-3.019404
2871,47.64392,31.09975,-0.1586273,-3.651532
2872,47.66071,29.64825,-0.2732112,-1.713324
2873,47.67725,31.0843,-0.07899901,-4.707433
2874,47.69385,46.39264,-0.1756212,-6.520617
2875,47.71063,46.39264,-0.1756212,-6.520617
2876,47.72754,65.50365,-0.3462037,-8.710279
2877,47.7439,60.70253,-0.8760302,-0.4839724
2878,47.76062,70.49923,-1.037529,-0.5895683
2879,47.77728,63.66795,-0.989207,-0.0548296
2880,47.79388,62.25731,-0.9396496,-0.8362738
2881,47.81061,62.25731,-0.9396496,-0.8362738
2882,47.82721,60.0663,-0.6312885,-5.881314
2883,47.84393,64.76781,-3.952852,-10.20908
2884,47.8606,66.53141,-1.037074,-2.292664
2885,47.87726,75.80769,-0.8972309,-7.298334
2886,47.89386,75.47533,-1.049314,-4.758587
2887,47.91064,75.47533,-1.049314,-4.758587
2888,47.92719,49.20385,2.648073,-2.570256
2889,47.94391,29.70775,0.03024019,-9.501658
2890,47.96063,18.10857,0.0002508997,-5.931946
2891,47.97717,12.56684,2.081689e-06,-4.134636
2892,47.99384,0.1042658,1.727155e-08,-0.03430464
2893,48.01056,0.1042658,1.727155e-08,-0.03430464
2894,48.02722,1.359724e-05,0.0,-4.473661e-06
2895,48.04388,-6.5135,0.0,2.140055
2896,48.06055,-8.392168,0.0,2.753481
2897,48.07178,-3.168955,0.0,1.038295
2898,48.07721,-0.9120729,0.0,0.2984217
2899,48.09387,-0.9120729,0.0,0.2984217
2900,48.1106,-4.435297,0.01521968,1.441196
2901,48.12726,-6.298312,0.0001262761,2.04639
2902,48.1438,-0.6845753,0.1376069,0.1864774
2903,48.16052,-2.416709,0.0006026676,0.7817768
2904,48.17731,-8.901024,1.329835,2.52701
2905,48.19379,-8.901024,1.329835,2.52701
2906,48.21063,-1.903019,3.432974,-0.2806215
2907,48.22723,-0.01578915,0.02848303,-0.002328287
2908,48.24384,-0.6247987,0.0002363207,0.2006758
2909,48.26105,-0.05639054,0.7082604,-0.1661218
2910,48.27728,2.893139,-0.103525,1.015719
2911,48.29382,2.893139,-0.103525,1.015719
2912,48.31055,12.08942,-0.6438375,8.205257
2913,48.32715,9.829157,-1.310136,12.50082
2914,48.34381,13.81775,-2.800095,33.59794
2915,48.36053,10.14907,-1.445653,29.59077
2916,48.3772,10.35119,-1.345832,30.6624
2917,48.3938,10.35119,-1.345832,30.6624
2918,48.41101,12.51089,-1.190711,35.31099
2919,48.42712,16.04791,-1.076886,36.86961
2920,48.44385,22.54683,-0.925218,37.68285
2921,48.46051,14.98051,-0.6368015,37.25251
2922,48.47711,23.51502,-1.186039,41.90833
2923,48.49384,23.51502,-1.186039,41.90833
2924,48.51044,15.89791,-13.43462,42.38806
2925,48.52716,17.59809,-19.80986,53.2314
2926,48.54382,14.47446,-21.45012,66.13809
2927,48.56049,20.00224,-17.46743,60.86037
2928,48.57715,17.67022,-18.70738,53.56113
2929,48.59381,17.67022,-18.70738,53.56113
2930,48.61041,15.35817,-22.17818,43.38063
2931,48.62714,15.78691,-13.0201,43.40504
2932,48.64398,14.56162,-11.2706,43.99557
2933,48.6604,12.42233,-6.013951,37.54816
2934,48.67706,11.76912,-2.765274,35.57386
2935,48.69391,11.76912,-2.765274,35.57386
2936,48.71039,8.604788,1.115097,26.08111
2937,48.72711,5.925488,-4.951607,24.54329
2938,48.74371,-1.545904,-4.818244,27.10864
2939,48.76044,7.532008,1.879139,23.25684
2940,48.77704,8.138453,2.169267,24.73903
2941,48.79175,8.138453,2.169267,24.73903
2942,48.79419,5.226956,1.4896,15.8868
2943,48.81042,3.303821,0.9545633,10.04163
2944,48.82715,0.02741145,0.007919911,0.08331433
2945,48.84381,0.0003130305,9.044299e-05,0.0009514244
2946,48.86047,0.02395621,-0.3543994,0.07281248
2947,48.87708,0.02395621,-0.3543994,0.07281248
2948,48.89386,-0.2186322,-0.06290628,-0.6645105
2949,48.9104,-0.002496714,-0.0007183706,-0.007588509
2950,48.92706,-2.05105,-0.5818214,-6.233959
2951,48.94373,-4.936235,-1.367835,-15.00319
2952,48.96045,-9.94721,-0.5585772,-21.35493
2953,48.97705,-9.94721,-0.5585772,-21.35493
2954,48.99377,-3.150508,0.1020282,-7.109963
2955,49.01044,-5.292713,0.8435625,-15.42537
2956,49.02716,-1.14886,1.980475,-2.230262
2957,49.0437,-0.1001395,1.297232,-0.2922104
2958,49.06055,-0.0008308472,0.01076299,-0.002424439
2959,49.07709,-0.0008308472,0.01076299,-0.002424439
2960,49.09369,1.969253,-4.265144,6.035462
2961,49.11041,-5.264593,-1.355231,17.18996
2962,49.1272,2.695206,-10.13588,32.77899
2963,49.14368,6.79521,-11.69049,25.58821
2964,49.16034,-8.18587,-5.976137,27.4121
2965,49.17706,-8.18587,-5.976137,27.4121
2966,49.19373,-10.09427,-10.01645,23.128
2967,49.21039,-17.28441,-11.82386,28.30276
2968,49.22699,-16.66901,-7.650115,37.84525
2969,49.24371,-17.55157,-13.5463,41.9488
2970,49.26038,-1.595472,-16.18228,49.21128
2971,49.27704,-1.595472,-16.18228,49.21128
2972,49.29376,12.35088,-16.56596,46.52081
2973,49.31036,16.58498,-22.0008,54.50209
2974,49.32721,6.026322,-24.05847,56.25939
2975,49.34369,14.92835,-18.00154,56.55083
2976,49.36029,6.845253,-13.53694,55.47252
2977,49.37701,6.845253,-13.53694,55.47252
2978,49.39374,-10.85989,-6.06018,38.32514
2979,49.41034,-13.99608,-4.782639,39.01032
2980,49.427,-11.39129,-5.704645,24.14881
2981,49.44373,-5.46944,-7.518708,19.76434
2982,49.46027,-11.34575,-2.509995,18.20219
2983,49.47705,-11.34575,-2.509995,18.20219
2984,49.49377,-0.8480847,-0.00781211,0.2470904
2985,49.51038,-1.554271,-4.709177e-05,0.4490687
2986,49.52692,-0.006807137,-2.062446e-07,0.001966756
2987,49.5437,-1.853382,-1.184877,-6.414673
2988,49.56042,-0.01117228,-0.007142494,-0.03866795
2989,49.57697,-0.01117228,-0.007142494,-0.03866795
2990,49.59381,-2.853274,-1.82492,-10.03239
2991,49.61041,-2.642078,-2.208823,-12.4125
2992,49.62695,-2.842575,-2.709062,-15.4961
2993,49.64362,-4.565303,-2.813846,-15.79357
2994,49.66028,-8.590607,-5.171443,-29.59693
2995,49.67175,-8.590607,-5.171443,-29.59693
2996,49.677,-5.745994,-3.346818,-19.79629
2997,49.69366,-8.339602,-3.164678,-18.14136
2998,49.71051,-10.7337,1.87537,-8.278478
2999,49.72699,-12.20264,4.075591,-1.98988
3000,49.74353,-4.907684,-0.7623895,-8.875558
3001,49.76068,-4.907684,-0.7623895,-8.875558
3002,49.77698,-0.1057825,-0.05775267,-0.3674235
3003,49.7937,-0.0008776662,-0.0004791679,-0.003048474
3004,49.8103,-3.843856e-06,-2.098579e-06,-1.33512e-05
3005,49.82703,-7.428544,0.03907892,2.393486
3006,49.84375,-10.08603,1.947937,22.39756
3007,49.86041,-10.08603,1.947937,22.39756
3008,49.87695,-11.30437,1.307732,34.22761
3009,49.89368,-7.550228,1.52763,37.48106
3010,49.91077,8.284584,2.115908,40.07238
3011,49.92694,12.19298,-3.846934,44.79888
3012,49.9436,11.97999,-0.9423397,45.11996
3013,49.96027,11.97999,-0.9423397,45.11996
3014,49.97705,13.1475,-6.079876,46.95046
3015,49.99365,12.98225,-11.5204,46.3603
3016,50.01031,15.91318,-18.10164,56.8268
3017,50.02686,19.58772,-20.3998,63.66729
3018,50.04358,32.34273,-30.35613,70.59867
3019,50.06024,32.34273,-30.35613,70.59867
3020,50.07697,21.83055,-33.29679,77.41589
3021,50.09369,21.20066,-35.62753,75.23167
3022,50.11035,6.623052,-42.18722,62.08035
3023,50.12695,-0.8957723,-49.19333,65.62621
3024,50.14368,7.320644,-49.32032,56.28483
3025,50.16028,7.320644,-49.32032,56.28483
3026,50.17694,2.497375,-25.10797,32.88555
3027,50.19354,0.08941559,-8.188759,27.01508
3028,50.21033,-5.149042,-11.64846,9.056516
3029,50.22693,-13.50169,-16.03332,5.358518
3030,50.24371,-15.64254,-9.739019,5.090473
3031,50.26019,-15.64254,-9.739019,5.090473
3032,50.27698,-15.72162,-0.0004870881,4.180274
3033,50.29358,-8.310285,-0.02927007,2.097399
3034,50.31049,-10.6931,6.665269,1.803713
3035,50.3269,-15.52051,16.38395,0.5127196
3036,50.34357,-11.74932,8.061086,-5.876432
3037,50.36029,-11.74932,8.061086,-5.876432
3038,50.37683,-14.62567,20.90044,-0.1397832
3039,50.39368,-3.992756,10.45504,-1.224855
3040,50.41022,-19.85706,16.86485,-0.6465687
3041,50.42694,-5.735013,6.845011,-3.608526
3042,50.44348,-12.79224,6.800714,0.2435368
3043,50.46021,-12.79224,6.800714,0.2435368
3044,50.47681,-1.711893,9.917335,-6.804249
3045,50.49365,-4.869774,1.447021,-20.15046
3046,50.51025,-6.228854,17.03085,-26.53683
3047,50.52686,-0.5899326,21.32961,-38.81173
3048,50.54364,-7.268539,26.72577,-32.43785
3049,50.56024,-7.268539,26.72577,-32.43785
3050,50.5769,-10.8527,57.95565,-35.77002
3051,50.59357,-13.31505,58.85422,-42.8312
3052,50.61023,-10.33999,71.55006,-40.78466
3053,50.6272,-7.644918,75.00241,-30.19741
3054,50.64355,-3.394189,74.3567,-13.40716
3055,50.66022,-3.394189,74.3567,-13.40716
3056,50.67688,3.371318,57.26928,-11.73234
3057,50.69348,3.604573,48.02512,-2.748512
3058,50.71008,8.29221,36.9362,5.248133
3059,50.72687,5.33311,33.19396,19.12608
3060,50.74353,4.240968,28.62783,16.45749
3061,50.76013,4.240968,28.62783,16.45749
3062,50.7771,-9.548679,15.59548,23.46641
3063,50.79352,-21.57262,3.273374,16.11102
3064,50.81006,-21.24792,1.911348,12.48386
3065,50.82678,-10.74343,-4.797475,3.763173
3066,50.84357,-4.594602,-17.34245,4.805591
3067,50.86005,-4.594602,-17.34245,4.805591
3068,50.87683,-1.553585,-16.92557,3.870247
3069,50.89343,-0.3063554,-12.84845,2.700201
3070,50.91016,-6.702704,-21.45234,-1.257185
3071,50.92676,-0.4252927,-17.66518,-1.619658
3072,50.94342,-2.83502,-24.7397,-11.55636
3073,50.96002,-2.83502,-24.7397,-11.55636
3074,50.97681,-1.292464,-34.51421,-5.268887
3075,50.99347,1.116652,-30.00833,4.552166
3076,51.01019,4.218582,-29.45848,4.171436
3077,51.02679,13.31057,-26.46067,1.308284
3078,51.04352,1.045321,-24.18111,4.007943
3079,51.06012,1.045321,-24.18111,4.007943
3080,51.07684,-1.573581,-15.97941,7.257304
3081,51.09344,-10.81417,-6.604918,22.11464
3082,51.11023,1.926087,5.669013,21.31313
3083,51.12695,4.46946,7.753993,27.87138
3084,51.14349,6.55432,9.177476,32.19164
3085,51.16034,6.55432,9.177476,32.19164
3086,51.1767,6.99803,11.15165,28.63026
3087,51.19342,6.110344,10.29331,24.9984
3088,51.21002,7.533559,19.02662,30.821
3089,51.22681,6.90488,12.51589,28.24897
3090,51.24347,7.345563,14.90629,30.05188
3091,51.26007,7.345563,14.90629,30.05188
3092,51.27679,8.47033,29.25656,34.65348
