sample,t,vx,vy,vz
0,0.0,0.0,0.0,0.0
1,0.01678467,0.0,0.0,0.0
2,0.03344727,0.0,0.0,0.0
3,0.05010986,0.0,0.0,0.0
4,0.0668335,0.0,0.0,0.0
5,0.08337402,0.0,0.0,0.0
6,0.100647,0.0,0.0,0.0
7,0.1167603,0.0,0.0,0.0
8,0.1333618,0.0,0.0,0.0
9,0.1500854,0.0,0.0,0.0
10,0.166626,0.0,0.0,0.0
11,0.1832886,0.0,0.0,0.0
12,0.2001343,0.0,0.0,0.0
13,0.2167358,0.0,0.0,0.0
14,0.2333374,0.0,0.0,0.0
15,0.2505493,0.0,0.0,0.0
16,0.2667236,0.0,0.0,0.0
17,0.2835083,0.0,0.0,0.0
18,0.3001099,0.0,0.0,0.0
19,0.3167725,0.0,0.0,0.0
20,0.333374,0.0,0.0,0.0
21,0.3500977,0.0,0.0,0.0
22,0.3666992,0.0,0.0,0.0
23,0.3833008,0.0,0.0,0.0
24,0.4001465,0.0,0.0,0.0
25,0.416687,0.0,0.0,0.0
26,0.4333496,0.0,0.0,0.0
27,0.4500122,0.0,0.0,0.0
28,0.4667969,0.0,0.0,0.0
29,0.4837646,0.0,0.0,0.0
30,0.5001221,0.0,0.0,0.0
31,0.5166626,0.0,0.0,0.0
32,0.5334473,0.0,0.0,0.0
33,0.5500488,0.0,0.0,0.0
34,0.5666504,0.0,0.0,0.0
35,0.583374,0.0,0.0,0.0
36,0.6000366,0.0,0.0,0.0
37,0.6166382,0.0,0.0,0.0
38,0.6340332,0.0,0.0,0.0
39,0.6499634,0.0,0.0,0.0
40,0.666626,0.0,0.0,0.0
41,0.6835327,0.0,0.0,0.0
42,0.6999512,0.0,0.0,0.0
43,0.7166138,0.0,0.0,0.0
44,0.7333374,0.0,0.0,0.0
45,0.75,0.0,0.0,0.0
46,0.7666016,0.0,0.0,0.0
47,0.7835083,0.0,0.0,0.0
48,0.7999878,0.0,0.0,0.0
49,0.8166504,0.0,0.0,0.0
50,0.833374,0.0,0.0,0.0
51,0.8500366,0.0,0.0,0.0
52,0.8666382,0.0,0.0,0.0
53,0.8833618,0.0,0.0,0.0
54,0.8999634,0.0,0.0,0.0
55,0.916687,0.0,0.0,0.0
56,0.9333496,0.0,0.0,0.0
57,0.9499512,0.0,0.0,0.0
58,0.9666138,0.0,0.0,0.0
59,0.9834595,0.0,0.0,0.0
60,1.000183,0.0,0.0,0.0
61,1.016602,0.0,0.0,0.0
62,1.033447,0.0,0.0,0.0
63,1.049988,0.0,0.0,0.0
64,1.066711,0.0,0.0,0.0
65,1.083374,0.0,0.0,0.0
66,1.099854,0.0,0.0,0.0
67,1.116638,0.0,0.0,0.0
68,1.13324,0.0,0.0,0.0
69,1.149963,0.0,0.0,0.0
70,1.167114,0.0,0.0,0.0
71,1.183472,0.0,0.0,0.0
72,1.199951,0.0,0.0,0.0
73,1.216614,0.0,0.0,0.0
74,1.233337,0.0,0.0,0.0
75,1.250122,0.0,0.0,0.0
76,1.266602,0.0,0.0,0.0
77,1.283264,0.0,0.0,0.0
78,1.300354,0.0,0.0,0.0
79,1.316895,0.0,0.0,0.0
80,1.333252,0.0,0.0,0.0
81,1.350037,0.0,0.0,0.0
82,1.366516,0.0,0.0,0.0
83,1.383301,0.0,0.0,0.0
84,1.399902,0.0,0.0,0.0
85,1.416626,0.0,0.0,0.0
86,1.433289,0.0,0.0,0.0
87,1.449829,0.0,0.0,0.0
88,1.466553,0.0,0.0,0.0
89,1.483215,0.0,0.0,0.0
90,1.499878,0.0,0.0,0.0
91,1.516663,0.0,0.0,0.0
92,1.533264,0.0,0.0,0.0
93,1.55011,0.0,0.0,0.0
94,1.566467,0.0,0.0,0.0
95,1.58313,0.0,0.0,0.0
96,1.599915,0.0,0.0,0.0
97,1.616577,0.0,0.0,0.0
98,1.633179,0.0,0.0,0.0
99,1.649902,0.0,0.0,0.0
100,1.666565,0.0,0.0,0.0
101,1.683228,0.0,0.0,0.0
102,1.700256,0.0,0.0,0.0
103,1.716736,0.0,0.0,0.0
104,1.733215,0.0,0.0,0.0
105,1.749878,0.0,0.0,0.0
106,1.766602,0.0,0.0,0.0
107,1.783325,0.0,0.0,0.0
108,1.799927,0.0,0.0,0.0
109,1.816528,0.0,0.0,0.0
110,1.833191,0.0,0.0,0.0
111,1.849854,0.0,0.0,0.0
112,1.866516,0.0,0.0,0.0
113,1.883362,0.0,0.0,0.0
114,1.899902,0.0,0.0,0.0
115,1.916565,0.2553043,75.66884,206.9592
116,1.933228,17.45626,133.0528,240.1872
117,1.949829,17.45626,133.0528,240.1872
118,1.966675,25.47605,171.4276,118.4762
119,1.983093,4.529111,184.7916,151.2117
120,1.999817,-15.87321,150.534,109.9945
121,2.016479,-27.49982,151.411,113.1978
122,2.033142,-38.68271,130.064,119.5624
123,2.049805,-38.68271,130.064,119.5624
124,2.066528,-1.363401,76.15379,95.76475
125,2.083435,-0.1781104,74.41016,105.021
126,2.099854,-0.1505685,58.80389,91.51472
127,2.116455,-0.1260467,62.47615,76.63338
128,2.133118,-0.1534484,66.61198,93.29321
129,2.149902,-0.1534484,66.61198,93.29321
130,2.166504,-0.1390462,63.48719,84.53698
131,2.183105,-0.146367,65.63126,88.9879
132,2.199829,-0.1529885,72.22421,93.0136
133,2.216492,-0.1432148,85.59029,87.0714
134,2.233154,-0.1502023,97.61772,91.31964
135,2.249878,-0.1502023,97.61772,91.31964
136,2.266479,5.837141,130.054,108.4193
137,2.283203,-0.06037003,123.5265,105.4237
138,2.299744,8.742049,142.1377,110.5432
139,2.316833,-0.004748997,129.5687,106.5236
140,2.33313,0.4993158,175.1746,123.7062
141,2.349731,0.4993158,175.1746,123.7062
142,2.366394,9.946869,172.363,100.7382
143,2.383423,5.008855,198.5176,120.2625
144,2.399841,5.32725,200.197,115.4893
145,2.416504,0.2318525,207.4924,114.6871
146,2.433716,0.1909529,208.8505,115.9784
147,2.449768,0.1909529,208.8505,115.9784
148,2.466919,0.1508705,182.2449,91.72588
149,2.482971,0.1773653,207.6444,107.8342
150,2.499695,0.1649752,204.0327,100.3012
151,2.516418,0.1631031,204.822,99.16304
152,2.533081,0.1524792,195.1151,92.70397
153,2.549683,0.1524792,195.1151,92.70397
154,2.566406,0.1447076,188.8398,87.97898
155,2.583069,0.163381,189.5448,99.332
156,2.599731,0.162347,225.3781,98.70335
157,2.616394,9.182559,195.0383,78.43015
158,2.633118,0.2833396,217.0505,91.74302
159,2.649719,0.2833396,217.0505,91.74302
160,2.666443,0.1230627,198.7211,59.85378
161,2.683105,0.1353347,210.2799,65.82433
162,2.699646,0.150083,221.5386,72.99765
163,2.71637,0.1497143,218.6433,72.81834
164,2.733093,0.1281161,210.574,62.31334
165,2.749695,0.1281161,210.574,62.31334
166,2.766418,0.09379492,180.6428,45.62016
167,2.783081,-8.49417,182.1036,34.17405
168,2.799744,-6.69562e-05,199.1401,43.26305
169,2.816345,0.06049276,182.9427,37.27458
170,2.833008,0.05023143,191.1436,30.54177
171,2.849976,0.05023143,191.1436,30.54177
172,2.866272,-7.737731,155.692,20.66779
173,2.882935,-17.07353,156.1451,17.19852
174,2.89978,-14.42524,141.2761,12.98439
175,2.916321,-10.01734,130.9484,6.908727
176,2.933105,-1.095064,136.5381,5.797559
177,2.949646,-1.095064,136.5381,5.797559
178,2.966248,0.009329755,145.7015,-1.896461
179,2.983032,-0.015369,144.6931,3.114613
180,2.999817,0.3269213,160.94,5.602393
181,3.016235,0.0362364,117.8292,-7.670174
182,3.033142,0.004572735,131.1131,-1.008117
183,3.049622,0.004572735,131.1131,-1.008117
184,3.066284,0.04442091,131.7425,-9.820641
185,3.083008,0.03128915,124.6716,-6.917452
186,3.099609,0.03815903,131.6791,-8.436255
187,3.116333,0.01780167,113.718,-3.93562
188,3.132996,0.01650882,105.9396,-3.649795
189,3.149597,0.01650882,105.9396,-3.649795
190,3.166382,0.04908792,91.77378,-10.85243
191,3.182922,0.01691461,113.987,-3.739507
192,3.199707,0.03176019,101.4817,-7.021592
193,3.216431,0.0267968,112.3777,-5.924277
194,3.23291,0.02706347,109.3784,-5.983233
195,3.249634,0.02706347,109.3784,-5.983233
196,3.266296,0.04121586,106.6831,-9.112063
197,3.28302,0.05732243,104.9203,-12.67293
198,3.299744,0.04080176,88.93858,-9.020514
199,3.316284,0.05196438,80.08678,-11.48836
200,3.332947,0.07762782,97.65115,-17.16208
201,3.349609,0.07762782,97.65115,-17.16208
202,3.366211,0.05924532,73.56359,-13.09804
203,3.383118,0.08581212,68.55936,-18.97147
204,3.399597,0.07538839,60.24198,-16.66698
205,3.416321,0.09297429,67.6459,-20.5549
206,3.433044,0.1154851,53.54058,-25.53162
207,3.449829,0.1154851,53.54058,-25.53162
208,3.466309,0.1168222,44.27751,-25.82723
209,3.48291,0.05699726,27.52699,-12.60104
210,3.499634,0.0041084,21.33052,-0.9991215
211,3.516235,2.397952,10.29222,-0.2755577
212,3.533142,1.933477,8.60823,0.1203721
213,3.549622,1.933477,8.60823,0.1203721
214,3.566223,0.02267909,2.424072,-9.072062
215,3.582947,0.009591973,1.241918,-4.656787
216,3.599792,7.958359e-05,0.01030406,-0.03863687
217,3.616272,-0.005164707,-0.6710265,2.51202
218,3.633423,-0.02101495,-2.891805,10.22129
219,3.649658,-0.02101495,-2.891805,10.22129
220,3.666199,1.678598,-3.229082,11.89617
221,3.682861,-0.009415432,-2.806226,10.25316
222,3.699585,-0.02287283,-3.84203,13.92604
223,3.716248,-0.04175132,-7.081238,25.38404
224,3.73291,-0.05250217,-24.20119,31.92015
225,3.749573,-0.05250217,-24.20119,31.92015
226,3.766296,-0.1476551,-54.59436,89.77101
227,3.782898,-0.1638307,-50.93201,99.60544
228,3.799622,-0.1851523,-41.12487,112.5685
229,3.816284,24.84743,-40.15253,84.8576
230,3.832886,34.57915,-58.16969,94.1924
231,3.849609,34.57915,-58.16969,94.1924
232,3.86615,40.19002,-97.08002,122.7201
233,3.882935,22.55537,-71.71629,123.3186
234,3.899536,25.75954,-67.95042,143.0936
235,3.916382,7.740221,-54.49873,121.5616
236,3.933044,20.89911,-67.48557,143.0121
237,3.949524,20.89911,-67.48557,143.0121
238,3.966125,1.704205,-62.88089,121.8194
239,3.98291,1.776511,-66.67484,123.4282
240,3.999573,23.96192,-83.50002,147.5276
241,4.016113,34.56265,-73.82606,124.9753
242,4.032898,28.6538,-75.34573,122.1493
243,4.049622,28.6538,-75.34573,122.1493
244,4.066345,26.83448,-68.77427,102.5525
245,4.082947,31.08075,-80.42308,115.1083
246,4.099487,16.90203,-78.64774,108.8621
247,4.116455,15.47449,-78.31123,104.5748
248,4.132813,29.7414,-79.19661,101.9352
249,4.149475,29.7414,-79.19661,101.9352
250,4.166382,31.0063,-68.03877,82.20792
251,4.1828,9.688499,-71.94202,85.11153
252,4.199524,10.3309,-78.56183,89.98514
253,4.216248,11.92741,-82.64573,91.61687
254,4.232849,11.71742,-90.59246,97.45955
255,4.249512,11.71742,-90.59246,97.45955
256,4.266174,14.81525,-51.1488,52.18379
257,4.282776,26.32431,-67.23456,66.95269
258,4.2995,15.39451,-54.38489,53.39412
259,4.316162,19.68723,-62.98954,60.47876
260,4.333313,2.987789,-86.88839,67.41853
261,4.349548,2.987789,-86.88839,67.41853
262,4.36615,-7.917956,-97.25909,67.03516
263,4.382874,-22.48285,-131.7297,85.12582
264,4.399475,-4.336142,-103.9827,61.43571
265,4.416199,2.479987,-112.3242,62.8919
266,4.432739,16.34976,-108.0155,63.99551
267,4.449402,16.34976,-108.0155,63.99551
268,4.466187,2.106858,-106.5723,51.71062
269,4.482788,-10.34498,-123.2652,59.64571
270,4.49939,-2.982782,-104.1258,52.92162
271,4.516174,1.467316,-106.8259,55.16989
272,4.532837,25.63411,-115.4913,59.20785
273,4.549438,25.63411,-115.4913,59.20785
274,4.566223,22.99815,-88.93151,46.69678
275,4.582764,29.07898,-108.2509,55.93861
276,4.599487,7.024436,-116.0638,53.76559
277,4.616211,18.00481,-95.13468,43.62305
278,4.632751,12.76832,-94.34297,40.49952
279,4.649414,12.76832,-94.34297,40.49952
280,4.666199,3.547168,-99.92919,45.02441
281,4.682739,3.405294,-102.3897,43.88091
282,4.699463,2.205941,-91.00917,35.7203
283,4.716187,1.629849,-89.18259,34.0801
284,4.732849,1.57105,-88.4896,32.91118
285,4.75,1.57105,-88.4896,32.91118
286,4.766052,1.261946,-71.05737,26.43634
287,4.782715,1.210796,-77.32604,25.36481
288,4.799438,1.294903,-78.97897,27.12675
289,4.816101,1.197923,-79.7402,25.09512
290,4.832825,1.024239,-72.37596,21.45665
291,4.849487,1.024239,-72.37596,21.45665
292,4.86615,0.5927712,-90.0556,14.32207
293,4.882751,0.6019369,-67.87483,12.83885
294,4.900146,0.3096503,-78.8765,6.60086
295,4.916077,0.2419164,-87.40543,5.156919
296,4.932861,0.2158998,-86.14371,4.602323
297,4.949463,0.2158998,-86.14371,4.602323
298,4.966064,0.1497869,-94.32376,3.192998
299,4.982727,-4.662786,-95.88873,4.43047
300,4.99939,0.07715675,-115.4338,2.290671
301,5.015991,-0.09917646,-96.91398,-2.12907
302,5.032837,-3.593016,-117.756,0.4132958
303,5.05011,-3.593016,-117.756,0.4132958
304,5.06604,0.2428452,-92.87342,5.320789
305,5.082764,0.2240322,-111.3851,4.904959
306,5.099426,2.842404,-119.5271,3.740093
307,5.116089,0.6119603,-76.40234,1.56315
308,5.132751,0.2091465,-92.56052,4.447068
309,5.149353,0.2091465,-92.56052,4.447068
310,5.166077,-0.1064048,-78.45572,0.9573758
311,5.182739,-2.876316,-80.1544,-5.350331
312,5.199341,-0.5012845,-83.38945,-10.72287
313,5.216064,-0.5491083,-60.65601,-12.02004
314,5.232788,-0.5211174,-62.92156,-11.40929
315,5.249451,-0.5211174,-62.92156,-11.40929
316,5.266052,-0.1556621,-35.09916,-3.408052
317,5.282654,-0.07900037,-27.41701,-1.729627
318,5.299377,-0.4041145,-32.23386,-8.847648
319,5.31604,-0.5289207,-41.0878,-11.58014
320,5.332764,-0.9056795,-68.22193,-19.82887
321,5.349365,-0.9056795,-68.22193,-19.82887
322,5.366028,0.7938766,-80.40725,-25.28559
323,5.382751,-0.8168561,-55.03671,-17.91018
324,5.399414,-0.6063309,-39.82262,-13.15708
325,5.415955,-0.471326,-30.49594,-10.22691
326,5.433594,-0.2871875,-18.43224,-6.23144
327,5.449524,-0.2871875,-18.43224,-6.23144
328,5.465942,-0.3951993,-24.962,-8.575097
329,5.482605,-1.038498,-64.22988,-22.53349
330,5.499451,-1.342571,-80.50928,-29.13132
331,5.515991,-1.613243,-93.51447,-35.00441
332,5.532654,-1.267247,-70.89697,-27.49692
333,5.5495,-1.267247,-70.89697,-27.49692
334,5.565918,-1.547936,-81.06745,-33.58736
335,5.583069,-1.599629,-80.29893,-34.709
336,5.599426,-19.5191,-83.0833,-41.05532
337,5.615967,-1.386998,-59.35252,-28.6784
338,5.632629,-1.401507,-58.16479,-30.6771
339,5.649353,-1.401507,-58.16479,-30.6771
340,5.666077,-1.557639,-59.86843,-34.10281
341,5.682678,-1.540259,-59.74071,-33.7223
342,5.699463,-1.812806,-68.3772,-39.68941
343,5.716003,-1.907739,-53.57757,-41.76788
344,5.732788,-25.76489,-58.09274,-44.07047
345,5.74939,-25.76489,-58.09274,-44.07047
346,5.766052,-1.78015,-34.89312,-29.06077
347,5.782837,-1.344504,-44.89171,-29.93085
348,5.799377,15.49163,-37.68376,-28.61814
349,5.815979,-0.8482813,-20.56985,-21.81305
350,5.832642,-1.511731,-31.83031,-33.41244
351,5.849487,-1.511731,-31.83031,-33.41244
352,5.865967,-1.76095,-43.38229,-38.90506
353,5.882751,-2.456656,-35.37752,-33.91806
354,5.899353,-1.990476,-43.75205,-44.25465
355,5.915955,7.180697,-41.13889,-31.59417
356,5.932678,15.14557,-36.14462,-33.02942
357,5.94928,15.14557,-36.14462,-33.02942
358,5.965942,-1.812313,-54.01152,-45.03906
359,5.98291,-2.120776,-39.00327,-46.04188
360,5.999268,-1.902286,-29.37453,-41.27626
361,6.01593,-1.288696,-14.33131,-27.96232
362,6.032837,-0.1689528,-2.290684,-19.00839
363,6.049316,-0.1689528,-2.290684,-19.00839
364,6.066101,-0.8710167,2.361862,-26.38813
365,6.082703,-1.210493,-0.8210971,-25.61419
366,6.099304,-1.357934,-1.200355,-28.69512
367,6.116577,-1.083744,-6.74437,-22.90092
368,6.132751,-1.152063,4.300947,-24.3446
369,6.149353,-1.152063,4.300947,-24.3446
370,6.165894,-1.785316,2.036886,-37.72606
371,6.182617,-2.13201,4.820945,-45.05216
372,6.19928,-2.335016,2.983162,-49.34195
373,6.216003,-2.210425,5.390048,-46.70916
374,6.232544,-2.29139,4.73119,-48.42007
375,6.249329,-2.29139,4.73119,-48.42007
376,6.266418,-2.488704,8.905921,-52.58957
377,6.282593,4.168242,8.71722,-39.98496
378,6.299438,-1.194607,13.57967,-25.58178
379,6.315918,14.98121,25.2875,-16.52152
380,6.332581,3.943551,25.23858,-11.56233
381,6.349243,3.943551,25.23858,-11.56233
382,6.366028,-0.350798,16.28142,-7.315541
383,6.382813,-0.9004828,1.584249,-18.2356
384,6.39917,-1.112481,-10.81128,-22.52719
385,6.416077,-1.362813,-28.38095,-27.59628
386,6.432495,-1.480524,-33.68613,-29.97986
387,6.449219,-1.480524,-33.68613,-29.97986
388,6.465942,-1.05404,-23.71235,-21.34378
389,6.482605,-0.02301634,-19.89265,-18.04957
390,6.499573,-0.6663063,-15.02571,-13.65685
391,6.515869,-0.4501432,-8.434163,-9.042869
392,6.532654,-0.1904747,-9.728516,-8.918505
393,6.549377,-0.1904747,-9.728516,-8.918505
394,6.565979,-0.7232674,-15.58089,-14.40579
395,6.58252,-0.6580513,-14.09465,-13.1064
396,6.599304,-0.6176383,-13.15362,-12.3015
397,6.615906,-0.4114807,-8.720325,-8.195457
398,6.632751,-0.2168171,-4.579927,-4.318345
399,6.649475,-0.2168171,-4.579927,-4.318345
400,6.665894,-0.6874624,-0.7694926,-0.6955028
401,6.682617,-0.1360756,2.269929,-2.653668
402,6.69928,-3.407567,8.024507,-5.87746
403,6.715881,-0.2906244,9.323959,-5.361517
404,6.732544,-0.2087846,9.109982,-4.221805
405,6.749207,-0.2087846,9.109982,-4.221805
406,6.76593,2.767593,12.98792,-6.186368
407,6.782654,-0.3854281,1.096767,-8.112295
408,6.799133,-0.7731046,3.808166,-15.52701
409,6.815857,-0.5729508,2.663727,-11.50594
410,6.83252,-0.4134003,2.039186,-8.30185
411,6.849243,-0.4134003,2.039186,-8.30185
412,6.865906,-0.2419167,6.993313,-4.85814
413,6.882874,-0.2585181,4.845742,-5.191526
414,6.899292,-0.6537955,-2.737168,-13.12944
415,6.916077,-0.7102431,9.099467,-14.26301
416,6.932556,-0.8870781,6.920619,-17.81419
417,6.949219,-0.8870781,6.920619,-17.81419
418,6.965881,-1.13562,3.317242,-22.80538
419,6.982544,-0.6368224,4.197561,-12.78858
420,6.999146,-0.7624981,4.419229,-15.31239
421,7.015869,-0.6730563,4.445244,-13.51623
422,7.032898,-0.4497028,10.33021,-9.030872
423,7.049194,-0.4497028,10.33021,-9.030872
424,7.065857,-0.188246,8.134822,-4.412683
425,7.08252,-0.1322452,5.300282,-2.636831
426,7.099243,11.2897,10.17006,-5.661392
427,7.115784,-0.1849414,10.04142,-5.031544
428,7.132507,-0.3353059,13.20471,-6.632202
429,7.14917,-0.3353059,13.20471,-6.632202
430,7.165894,-0.04552145,1.784999,-0.8992674
431,7.182495,-0.1479411,5.789346,-2.922544
432,7.19928,-0.0310196,1.212654,-0.6127858
433,7.215942,-0.1064298,4.730232,-2.102499
434,7.232483,-0.02331404,0.9121387,-0.460564
435,7.249146,-0.02331404,0.9121387,-0.460564
436,7.266541,-0.02250271,0.8752648,-0.4445362
437,7.282715,-0.151478,0.4711932,-2.992416
438,7.299133,-0.08314582,3.194898,-1.642528
439,7.315918,-0.157041,6.089658,-3.102311
440,7.33252,-0.06318285,2.447662,-1.248164
441,7.349121,-0.06318285,2.447662,-1.248164
442,7.365845,-0.00928506,0.3589737,-0.1834244
443,7.382751,-0.05782011,2.23316,-1.142224
444,7.399109,-0.1575168,6.077588,-3.111711
445,7.415894,-0.1642014,6.329143,-3.243764
446,7.432495,-0.04461047,1.717785,-0.8812705
447,7.449097,-0.04461047,1.717785,-0.8812705
448,7.465881,-0.03361702,1.290578,-0.6640972
449,7.482727,-0.01221438,0.4684481,-0.2412926
450,7.499329,-0.1104341,4.44558,-2.181602
451,7.515747,-0.0004836606,0.01947001,-0.009554613
452,7.53241,-4.012882e-06,0.0001615406,-7.927363e-05
453,7.549072,-4.012882e-06,0.0001615406,-7.927363e-05
454,7.565857,-1.094643e-10,4.193994e-09,-2.162445e-09
455,7.582397,0.0,0.0,0.0
456,7.599121,0.0,0.0,0.0
457,7.615723,0.0,0.0,0.0
458,7.632507,-4.168855,0.0,0.2093115
459,7.649963,-4.168855,0.0,0.2093115
460,7.665833,-0.0001514851,0.0,7.605825e-06
461,7.682495,-1.256856e-06,0.0,6.310474e-08
462,7.699097,-1.435292e-08,0.0,7.206369e-10
463,7.71582,0.0,0.0,0.0
464,7.732361,0.0,0.0,0.0
465,7.749023,0.0,0.0,0.0
466,7.765808,0.0,0.0,0.0
467,7.782593,0.0,0.0,0.0
468,7.800659,1.61016,0.0,-0.08150731
469,7.815674,0.01335933,0.0,-0.0006762576
470,7.83252,8.053066e-05,0.0,-4.076513e-06
471,7.84906,8.053066e-05,0.0,-4.076513e-06
472,7.865662,-0.002746534,-0.05515563,-0.05425726
473,7.882385,-1.655626e-05,-0.0003324807,-0.0003270654
474,7.899048,-1.373655e-07,-2.758558e-06,-2.713627e-06
475,7.915771,-6.016105e-10,-1.208147e-08,-1.188469e-08
476,7.932373,0.0,0.0,0.0
477,7.949158,0.0,0.0,0.0
478,7.965759,3.515419,-13.39157,-13.45163
479,7.982422,-0.2845259,-6.125654,-6.071406
480,7.999023,-0.2102997,-4.151413,-4.123854
481,8.015686,-0.2461931,-4.848577,-4.824238
482,8.032776,-0.09159283,-1.802366,-1.79478
483,8.049072,-0.09159283,-1.802366,-1.79478
484,8.065735,-0.1444609,-2.835763,-2.830741
485,8.082397,-0.1992402,-3.90471,-3.904152
486,8.09906,-0.02778054,-0.5439995,-0.5443653
487,8.115662,-0.0006009982,-0.01176877,-0.01177668
488,8.132324,11.55725,-5.154288e-05,-0.5993813
489,8.149048,11.55725,-5.154288e-05,-0.5993813
490,8.165771,3.676552,0.1470741,-0.04926547
491,8.182617,1.362571,0.0006441307,-0.07338485
492,8.199036,2.384499,2.821056e-06,-0.1315177
493,8.215698,2.314234,3.221561e-08,-0.1285995
494,8.232361,7.995534,0.0,-0.4476013
495,8.249084,7.995534,0.0,-0.4476013
496,8.265686,0.02493763,18.46619,0.4402558
497,8.282288,1.039165,9.442625,7.432156
498,8.299011,0.1334999,12.98027,2.319113
499,8.315674,-0.002410675,9.204411,-3.972382
500,8.332275,-1.055787e-05,0.04031194,-0.01739757
501,8.348877,-1.055787e-05,0.04031194,-0.01739757
502,8.365662,-5.280421e-10,2.016164e-06,-8.701235e-07
503,8.382385,-2.452119e-10,8.308083e-09,-4.316622e-09
504,8.398987,-0.004974552,0.1683762,-0.08757023
505,8.415833,3.033685,0.0007374259,-0.1739691
506,8.432373,4.222647,8.42118e-06,-0.243362
507,8.449036,4.222647,8.42118e-06,-0.243362
508,8.465759,2.771847,-4.803182,-4.947684
509,8.482361,1.802835,-7.080595,-7.172563
510,8.498901,1.604485,-0.04268216,-0.1377148
511,8.515625,14.69842,-0.0002572901,-0.8776729
512,8.532349,0.1219512,-2.134709e-06,-0.00728196
513,8.549072,0.1219512,-2.134709e-06,-0.00728196
514,8.565857,-0.447332,-7.57671,-7.477652
515,8.582397,-1.07216,-20.35781,-17.83759
516,8.59906,-1.351413,-27.13559,-22.48335
517,8.615723,-1.273439,-30.05547,-21.18611
518,8.632324,-1.037648,-25.48638,-17.26328
519,8.648926,-1.037648,-25.48638,-17.26328
520,8.665649,-0.2646788,-6.063806,-4.403441
521,8.682373,-0.3553608,-5.715352,-5.91211
522,8.699036,-0.478799,-7.665059,-7.965743
523,8.715698,-0.5223847,-8.335526,-8.690874
524,8.732361,0.4497338,-11.20428,-11.78037
525,8.748962,0.4497338,-11.20428,-11.78037
526,8.766113,-0.1927699,-3.035674,-3.185735
527,8.782532,-1.290945,-11.69243,-21.3309
528,8.79895,-0.7249909,-11.21574,-11.97937
529,8.815613,-0.8685414,-12.53859,-14.35132
530,8.832458,-1.332268,-3.679307,-22.01369
531,8.848938,-1.332268,-3.679307,-22.01369
532,8.865845,-0.8582967,-3.822595,-16.09485
533,8.882324,-1.774352,-2.507725,-29.12866
534,8.898926,-1.25347,-5.745061,-20.57144
535,8.915588,-1.070879,-5.247882,-17.57479
536,8.932373,5.491865,6.850498,-5.695987
537,8.949158,5.491865,6.850498,-5.695987
538,8.965698,0.6456111,3.037045,0.4301223
539,8.982483,7.648917,10.75245,-1.854504
540,8.998901,-0.1341394,16.13648,-2.891386
541,9.015625,-0.2075971,6.314075,-3.320384
542,9.03241,11.6009,1.315905,-8.573411
543,9.049011,11.6009,1.315905,-8.573411
544,9.065796,17.8917,15.58196,-11.15704
545,9.082275,20.33651,20.90466,-12.68573
546,9.099182,15.42415,23.02106,-13.03435
547,9.115784,31.99078,24.8018,-8.349549
548,9.132263,35.59969,18.83894,-12.92963
549,9.148926,35.59969,18.83894,-12.92963
550,9.165527,40.96368,-0.4902658,-19.9792
551,9.182373,53.61332,-1.386822,-11.68531
552,9.198914,50.0159,1.125274,-6.155308
553,9.215576,54.41981,-1.377543,-10.43342
554,9.232422,53.31896,-8.75518,-17.93148
555,9.248901,53.31896,-8.75518,-17.93148
556,9.265625,72.21715,-5.601544,-29.62952
557,9.282532,81.62902,-2.870061,-24.81202
558,9.2995,108.6217,13.88581,-30.0376
559,9.315552,112.1565,22.73824,-27.98627
560,9.332275,103.6792,23.81471,-28.50862
561,9.348938,103.6792,23.81471,-28.50862
562,9.365479,83.58994,31.50074,-27.7608
563,9.382324,79.92477,22.06103,-26.3958
564,9.398987,78.03679,15.5052,-22.74535
565,9.415527,60.60947,10.13061,-16.8572
566,9.43219,39.56356,12.43416,-14.71738
567,9.448853,39.56356,12.43416,-14.71738
568,9.465454,0.05877864,2.132412,-1.314474
569,9.482361,-0.7986968,7.371718,-4.373344
570,9.498962,-6.446114,4.385395,-1.516976
571,9.515747,-18.99218,0.02643537,3.409582
572,9.532227,-15.38117,1.176823,2.02605
573,9.548828,-15.38117,1.176823,2.02605
574,9.565491,-16.98356,3.106888e-05,2.984209
575,9.58252,-23.71191,1.360703e-07,4.136337
576,9.598816,-15.51135,2.943715e-09,2.692678
577,9.615601,-6.793293,-8.134746,5.930893
578,9.632202,-6.833396,-6.602832,-6.34709
579,9.648926,-6.833396,-6.602832,-6.34709
580,9.665405,-7.424664,-10.2795,-10.59338
581,9.682251,-1.547629,-7.857634,-8.838762
582,9.698853,-2.071372,-10.6277,-12.0194
583,9.715759,-5.049221,-25.6957,-29.30082
584,9.732117,-5.074145,-25.58949,-29.44546
585,9.74884,-5.074145,-25.58949,-29.44546
586,9.765503,-5.495158,-27.10131,-31.88861
587,9.782227,-3.897759,-26.12113,-31.29317
588,9.798828,-5.358565,-25.94719,-31.1192
589,9.815491,3.061277,-20.01224,-25.49802
590,9.832214,-2.592937,-31.26426,-39.0136
591,9.848816,-2.592937,-31.26426,-39.0136
592,9.866211,-6.616814,-30.20868,-37.98308
593,9.882141,-6.519342,-30.98547,-39.48181
594,9.898865,-5.818328,-25.87839,-33.28285
595,9.915527,-4.577411,-24.74343,-29.28551
596,9.932129,-4.597063,-20.03797,-26.2519
597,9.948853,-4.597063,-20.03797,-26.2519
598,9.965454,-5.984828,-25.53264,-34.14266
599,9.982239,-7.018325,-29.58554,-40.03862
600,9.99884,-12.30929,-30.76651,-41.3166
601,10.01544,-6.684368,-27.41236,-38.09899
602,10.03217,-7.444412,-30.23241,-42.57177
603,10.04883,-7.444412,-30.23241,-42.57177
604,10.06543,-6.384347,-25.34716,-36.51014
605,10.08215,-6.009884,-23.56947,-34.36869
606,10.09882,-10.79959,-41.6504,-61.75957
607,10.11548,-9.977462,-43.93237,-57.05807
608,10.1322,-24.81091,-45.76378,-42.87693
609,10.1488,-24.81091,-45.76378,-42.87693
610,10.16547,6.255455,-23.62351,-39.70775
611,10.18225,-6.88311,-24.68187,-39.69183
612,10.19873,1.75085,-17.54594,-29.6218
613,10.21545,-3.589459,-12.68196,-20.71568
614,10.23212,-2.151549,-7.483383,-12.27628
615,10.24957,-2.151549,-7.483383,-12.27628
616,10.26544,1.392067,-7.062727,-12.27778
617,10.2821,1.28195,-11.97085,-20.73609
618,10.29883,6.870784,-12.3169,-22.46258
619,10.31531,3.33562,-11.64506,-20.8112
620,10.33209,-4.283128,-14.2897,-24.25801
621,10.34894,-4.283128,-14.2897,-24.25801
622,10.36566,-4.041876,-21.79587,-22.7285
623,10.38202,-5.713195,-18.45375,-32.12675
624,10.39923,-5.441931,-17.2605,-30.60136
625,10.41541,-5.549047,-17.41429,-31.2037
626,10.43201,5.612197,-10.52028,-20.00102
627,10.44885,5.612197,-10.52028,-20.00102
628,10.46539,7.924456,-2.325669,-5.790754
629,10.48206,1.800777,-0.01929583,-0.3595661
630,10.49878,6.327265,-8.450843e-05,-1.13878
631,10.51538,0.2458268,3.53448,1.147152
632,10.53204,0.8910211,2.755452,4.949544
633,10.54877,0.8910211,2.755452,4.949544
634,10.56537,-2.522736,0.02716193,0.5036184
635,10.58197,-0.4127007,-1.392439,-2.23504
636,10.59888,-3.282983,-25.43258,-18.28624
637,10.61542,-3.803725,-13.87874,-21.18709
638,10.63239,-5.98836,-21.01997,-33.35571
639,10.6488,-5.98836,-21.01997,-33.35571
640,10.66541,-6.056695,-14.03925,-26.25535
641,10.68201,-5.730213,-16.7205,-31.96045
642,10.69885,-7.439827,-21.4486,-41.53844
643,10.71533,0.6294128,-16.75386,-34.01206
644,10.73206,9.063661,-21.17546,-45.09632
645,10.74878,9.063661,-21.17546,-45.09632
646,10.76538,1.264382,-38.66481,-66.71673
647,10.78235,-6.109611,-42.30156,-78.43684
648,10.79877,-11.68424,-58.42111,-82.48171
649,10.81537,2.096736,-44.72647,-59.77645
650,10.83203,-1.133503,-43.989,-73.63054
651,10.84863,-1.133503,-43.989,-73.63054
652,10.86536,16.00489,-35.74529,-55.30963
653,10.88214,22.89891,-33.15034,-55.37838
654,10.89868,34.30942,-27.2178,-56.45052
655,10.91541,24.08268,-23.4948,-51.83224
656,10.93207,40.08968,-29.9588,-60.43692
657,10.94867,40.08968,-29.9588,-60.43692
658,10.96533,48.3746,-13.6832,-37.83945
659,10.98206,50.05703,-11.16956,-20.90089
660,10.99866,41.94249,-0.1929861,-9.787056
661,11.01569,35.60104,6.575528,-9.176241
662,11.03198,27.91647,5.39037,8.920428
663,11.04871,27.91647,5.39037,8.920428
664,11.06531,0.7453139,0.7416357,1.967373
665,11.08215,-0.6998358,5.069659,14.77629
666,11.09863,-3.515926,8.749647,25.81989
667,11.11523,-8.164178,9.400773,28.46074
668,11.13196,-14.3194,16.50913,49.10979
669,11.1488,-14.3194,16.50913,49.10979
670,11.16577,-12.17261,26.80691,70.62751
671,11.18195,-14.45801,44.58873,87.21551
672,11.19867,-16.59368,54.00434,81.18353
673,11.21539,-19.07426,51.4738,72.59953
674,11.23206,-22.07946,65.88423,91.3904
675,11.24878,-22.07946,65.88423,91.3904
676,11.26526,-12.70413,88.84047,91.62191
677,11.28204,5.108996,110.817,121.7142
678,11.29889,-4.381427,103.9534,99.46507
679,11.31604,2.628793,128.0477,121.7812
680,11.33197,-5.98007,128.8695,120.3249
681,11.34863,-5.98007,128.8695,120.3249
682,11.36536,-6.22197,131.3671,120.1146
683,11.38208,-1.640423,163.1965,152.7404
684,11.39862,-2.934718,144.857,127.644
685,11.41522,-5.273551,112.1545,103.6443
686,11.43201,-4.801501,117.3489,104.7619
687,11.44879,-4.801501,117.3489,104.7619
688,11.4657,7.153728,99.55972,95.55523
689,11.48199,13.72491,96.22505,84.97987
690,11.49866,17.69765,114.5844,98.16756
691,11.51514,15.30684,98.48847,84.8595
692,11.5321,14.66996,97.52933,81.32842
693,11.54852,14.66996,97.52933,81.32842
694,11.56525,14.6607,79.05677,74.64176
695,11.58191,17.17638,78.84935,72.96754
696,11.59857,14.61516,88.48295,80.39432
697,11.61523,12.48445,75.10292,66.05228
698,11.6319,11.94617,72.00566,62.11344
699,11.64862,11.94617,72.00566,62.11344
700,11.66541,7.253573,41.00233,39.83757
701,11.68195,7.62348,48.37581,41.86928
702,11.69861,8.788647,37.29176,48.26855
703,11.71521,6.589773,28.27807,36.19201
704,11.73193,3.81272,13.66981,20.94003
705,11.74866,3.81272,13.66981,20.94003
706,11.7652,11.57304,-8.313134,18.54907
707,11.78192,20.18372,-10.50156,19.55549
708,11.79865,10.23081,-4.052454,24.69823
709,11.81519,23.82722,-5.206136,20.93074
710,11.83179,15.80431,-1.708799,25.55489
711,11.84875,15.80431,-1.708799,25.55489
712,11.86517,13.78452,-3.609877,9.405887
713,11.8819,-0.1377342,-14.13689,-1.112523
714,11.8985,-2.276686,-31.57773,-12.05775
715,11.91516,-5.714823,-43.27565,-30.25582
716,11.93182,-20.84956,-45.00308,-29.24557
717,11.94855,-20.84956,-45.00308,-29.24557
718,11.96515,-9.495467,-63.55478,-50.37954
719,11.98181,-11.40152,-73.81483,-60.49901
720,11.99854,-13.27603,-94.0492,-70.44564
721,12.0152,-18.69671,-122.426,-99.20901
722,12.0318,-16.84067,-122.9522,-89.36043
723,12.04852,-16.84067,-122.9522,-89.36043
724,12.06525,-21.02532,-152.2887,-111.5651
725,12.08191,-21.53233,-152.8295,-114.2554
726,12.09869,-23.13044,-163.6386,-122.7354
727,12.11511,-35.91171,-168.425,-130.4867
728,12.1319,-26.45777,-183.659,-139.8527
729,12.14862,-26.45777,-183.659,-139.8527
730,12.16516,-22.25206,-149.8153,-118.0254
731,12.18182,-17.76717,-112.3062,-94.702
732,12.19885,-19.59334,-132.8532,-104.4385
733,12.21521,-17.8685,-101.9584,-95.24463
734,12.23206,-17.35146,-82.61451,-92.48865
735,12.2486,-17.35146,-82.61451,-92.48865
736,12.2652,-13.82144,-69.88524,-73.67257
737,12.2818,-13.8405,-65.74252,-73.77415
738,12.29871,-12.16921,-50.2392,-64.86565
739,12.31506,-13.01408,-48.49525,-69.36905
740,12.33197,-12.31127,-35.28821,-65.62291
741,12.34875,-12.31127,-35.28821,-65.62291
742,12.36511,-12.14567,-39.81399,-64.74016
743,12.38257,-12.95628,-39.91947,-69.061
744,12.3985,-8.645901,-34.44511,-46.08533
745,12.4151,-7.352757,-36.31797,-46.06562
746,12.43182,-6.413682,-28.32384,-47.27095
747,12.44855,-6.413682,-28.32384,-47.27095
748,12.46515,0.2390759,-20.02323,-47.79778
749,12.48181,11.6903,-18.27049,-46.57838
750,12.49854,1.359556,-20.31426,-37.61161
751,12.5152,9.412717,-23.59031,-35.73951
752,12.53204,5.710569,-12.06904,-31.69275
753,12.54865,5.710569,-12.06904,-31.69275
754,12.56512,9.60254,-3.917157,-12.08403
755,12.58185,23.8075,-4.153088,-15.6906
756,12.59839,16.24463,-1.534005,-7.357277
757,12.61517,10.9618,-3.949966,-12.65979
758,12.63184,6.956338,-8.286994,-23.40889
759,12.64844,6.956338,-8.286994,-23.40889
760,12.66504,0.27389,-5.42317,-14.64451
761,12.68188,17.21949,-1.77676,-8.440738
762,12.69849,20.24206,-0.5415576,-5.774737
763,12.71515,18.05799,-1.41351,-7.712775
764,12.73187,20.81452,-7.269979,-24.34768
765,12.74841,20.81452,-7.269979,-24.34768
766,12.76532,16.61537,-3.637319,-13.69478
767,12.7821,9.399399,-6.971392,-21.48034
768,12.79846,28.16623,-4.658029,-19.37996
769,12.815,17.403,-7.770883,-25.9283
770,12.83179,21.98299,-13.13406,-34.8603
771,12.84845,21.98299,-13.13406,-34.8603
772,12.86511,11.46255,-19.87034,-27.99861
773,12.88177,4.165986,-13.32282,-27.19027
774,12.89838,1.265139,-21.48038,-19.73186
775,12.91547,8.397914,-13.38424,-38.19459
776,12.93176,1.376382,-15.68644,-32.62878
777,12.94836,1.376382,-15.68644,-32.62878
778,12.96503,0.8688499,-13.95892,-31.30271
779,12.98181,-0.2467346,-23.02213,-27.11817
780,12.99847,11.96272,-5.702877,-14.98256
781,13.01514,-4.36005,-5.959119,-18.63055
782,13.03174,-4.521346,-6.14646,-19.44421
783,13.0484,-4.521346,-6.14646,-19.44421
784,13.06525,-10.53234,-14.76957,-43.63368
785,13.08173,-7.146146,-14.16357,-29.60523
786,13.09863,-6.881958,-13.48754,-28.51074
787,13.11511,-4.465635,-6.52239,-18.50034
788,13.13184,-5.726867,-7.029443,-23.72541
789,13.14844,-5.726867,-7.029443,-23.72541
790,13.16504,-7.410354,-8.524722,-30.69979
791,13.18176,-7.814651,-8.815304,-32.37473
792,13.19836,-8.950662,-9.89744,-37.08102
793,13.21497,-8.626089,-9.34691,-35.73637
794,13.23175,-8.449441,-8.983852,-35.00455
795,13.24847,-8.449441,-8.983852,-35.00455
796,13.26495,0.9212916,-6.356822,-27.37752
797,13.28174,-6.227472,-7.724812,-32.15527
798,13.29889,-8.689597,-10.50081,-44.67896
799,13.315,-8.334865,-8.007012,-34.39736
800,13.33179,-6.893733,-6.450355,-28.40608
801,13.34875,-6.893733,-6.450355,-28.40608
802,13.36493,-6.767721,-6.1462,-27.88661
803,13.38165,-4.659063,-4.157296,-19.19782
804,13.39832,2.362159,-4.299087,-21.90041
805,13.41504,-6.971783,-6.049523,-28.81407
806,13.43176,-5.346664,-4.561002,-21.99279
807,13.44861,-5.346664,-4.561002,-21.99279
808,13.46503,-3.273605,-2.745454,-13.46484
809,13.48175,-3.602789,-2.995703,-14.81882
810,13.4986,-7.965617,-6.50929,-32.76379
811,13.51495,-16.55848,-7.04202,-34.4436
812,13.53174,-8.470872,-8.359432,-34.55439
813,13.54871,-8.470872,-8.359432,-34.55439
814,13.565,-3.508666,-16.53958,-12.88357
815,13.58173,-3.000298,-2.316402,-12.39387
816,13.59839,-2.299973,-1.680259,-9.511085
817,13.61493,-1.456299,0.7219382,-6.022333
818,13.63171,-6.054541,-1.785119,-25.0829
819,13.64825,-6.054541,-1.785119,-25.0829
820,13.66504,-8.462068,-5.764837,-35.05686
821,13.68164,-10.5206,-4.57452,-27.77195
822,13.6983,-5.091283,-3.296972,-21.03485
823,13.71497,-0.7354138,3.124022,-1.884455
824,13.73169,-7.471202,14.66866,3.461068
825,13.74823,-7.471202,14.66866,3.461068
826,13.76495,-1.734132,31.87182,-6.369085
827,13.78174,-0.1601115,32.25964,-0.6609375
828,13.79828,-1.673251,13.46239,-6.982271
829,13.815,-1.503668,-0.8995404,-6.274662
830,13.83203,-1.516823,-1.020413,-6.329557
831,13.84827,-1.516823,-1.020413,-6.329557
832,13.86499,1.132351,4.368496,4.725192
833,13.88165,3.331533,25.51918,13.90217
834,13.89832,-3.064354,41.84332,28.36275
835,13.91492,5.149183,35.5988,27.99531
836,13.93176,5.454412,37.30313,23.87957
837,13.94824,5.454412,37.30313,23.87957
838,13.96533,3.675307,17.03072,15.48247
839,13.98157,4.566612,4.782057,19.23044
840,13.99829,4.10694,3.346403,17.29469
841,14.0152,7.53236,6.194288,29.83757
842,14.03156,15.59376,10.23158,42.83187
843,14.04828,15.59376,10.23158,42.83187
844,14.06494,14.56923,11.50567,52.02436
845,14.08185,13.06492,9.122697,40.29609
846,14.09827,10.36555,6.928477,29.85962
847,14.11487,19.16164,-1.936218,27.80618
848,14.13159,18.81729,-7.114223,19.62999
849,14.14825,18.81729,-7.114223,19.62999
850,14.16498,20.14057,-23.07103,10.25047
851,14.18164,19.56708,-30.91024,12.95393
852,14.19849,23.74323,-36.95676,4.572034
853,14.2149,18.58324,-43.02835,-3.307319
854,14.23163,12.3496,-45.87836,-17.72761
855,14.24823,12.3496,-45.87836,-17.72761
856,14.26526,12.6364,-60.60786,-28.65895
857,14.28162,12.42029,-80.133,-27.22761
858,14.29822,11.78542,-87.48216,-33.18334
859,14.31488,3.465899,-87.8303,-39.68773
860,14.33185,1.372377,-76.78123,-40.07039
861,14.34821,1.372377,-76.78123,-40.07039
862,14.36481,-5.025502,-63.1214,-33.95058
863,14.38153,-8.02274,-60.13366,-40.2281
864,14.39825,-11.02375,-34.00784,-44.62411
865,14.41492,-11.03736,-21.92188,-40.59362
866,14.43182,-12.85936,-19.16754,-47.26608
867,14.44824,-12.85936,-19.16754,-47.26608
868,14.46497,-10.14726,-14.33825,-37.29733
869,14.48175,-9.306822,-4.449413,-34.20822
870,14.49829,-10.68094,-4.553236,-39.25895
871,14.51508,-8.099895,-3.105047,-29.77203
872,14.53156,-5.305994,-2.442351,-24.79593
873,14.5484,-5.305994,-2.442351,-24.79593
874,14.56488,-8.443074,-3.1388,-34.05875
875,14.58154,-3.406272,-3.536284,-42.22884
876,14.59821,-10.27292,-3.16504,-38.1873
877,14.61487,-9.19558,-2.636305,-33.47656
878,14.63177,-9.228818,-2.502843,-33.59412
879,14.64819,-9.228818,-2.502843,-33.59412
880,14.66486,-5.288521,-1.336148,-19.2509
881,14.68152,-2.575007,-0.6386414,-9.373359
882,14.69818,-0.06133216,-0.01511657,-0.223257
883,14.71484,-0.4520561,-0.1758614,-2.704708
884,14.73157,-2.370095,-0.7900202,-12.38839
885,14.74817,-2.370095,-0.7900202,-12.38839
886,14.76489,-8.088459,-6.885313,-29.51888
887,14.78156,-6.311271,-12.38785,-22.86434
888,14.79816,-3.704335,-17.71857,-13.41944
889,14.81476,-1.898833,-14.39352,-6.878768
890,14.83154,-0.1152683,-1.795288,-5.49673
891,14.84808,-0.1152683,-1.795288,-5.49673
892,14.86487,-2.017255,-0.3950215,-8.759547
893,14.88153,-2.920469,-9.570779,-12.52986
894,14.89813,-2.966886,-7.601165,-10.68824
895,14.91479,-3.948767,-7.792043,-14.21377
896,14.93146,-6.045146,-13.68492,-21.75972
897,14.94812,-6.045146,-13.68492,-21.75972
898,14.96484,-5.990204,-21.15865,-21.56196
899,14.98145,-2.435631,-11.61446,-8.767142
900,14.99817,-0.004995081,-0.8665395,-0.01797998
901,15.01483,-2.187662e-05,-0.003795125,-7.874569e-05
902,15.03156,4.54308,0.4565223,16.35298
903,15.04828,4.54308,0.4565223,16.35298
904,15.06494,3.803645,0.4467312,13.71545
905,15.08148,3.663453,-6.488317,13.2078
906,15.09808,1.919882,-16.24779,6.921719
907,15.11481,6.671657,-35.18536,24.05322
908,15.13141,4.199676,-39.35158,28.06222
909,15.14807,4.199676,-39.35158,28.06222
910,15.16479,-8.965952,-37.43489,18.94752
911,15.18182,-2.464118,-42.98261,17.64369
912,15.19897,-4.74556,-49.80806,20.41318
913,15.2149,2.333514,-62.68224,30.65742
914,15.23145,-2.475543,-56.77674,26.00257
915,15.24817,-2.475543,-56.77674,26.00257
916,15.26471,1.902263,-50.69242,17.99179
917,15.28149,-2.527512,-33.84809,21.42349
918,15.29822,-6.032914,-35.31661,40.27242
919,15.31506,-2.196075,-24.5124,39.41908
920,15.33154,-0.3299772,-11.94544,42.04771
921,15.34839,-0.3299772,-11.94544,42.04771
922,15.36475,-11.97996,3.117307,52.81995
923,15.38141,-15.44938,2.943636,46.98191
924,15.39819,-20.15157,4.128942,59.96059
925,15.41522,-13.33101,14.48531,69.0222
926,15.43152,-14.02439,13.39621,68.60806
927,15.44812,-14.02439,13.39621,68.60806
928,15.4649,-18.23842,41.39822,84.41203
929,15.48145,-17.88252,33.31365,64.9279
930,15.49823,-11.91832,38.37465,57.15882
931,15.51477,-10.07524,37.68706,60.39777
932,15.53143,-1.493828,35.58416,55.56152
933,15.5481,-1.493828,35.58416,55.56152
934,15.56476,10.05539,44.08099,50.48952
935,15.58148,8.366834,42.54449,41.14884
936,15.59808,8.903489,42.78661,40.7776
937,15.61475,7.678329,34.61631,35.1517
938,15.63147,8.715384,31.33481,37.07022
939,15.64807,8.715384,31.33481,37.07022
940,15.66479,8.499856,42.49905,33.37056
941,15.68146,17.3709,76.00232,38.50365
942,15.69806,8.954308,75.82581,27.83702
943,15.71478,27.73178,79.49428,34.12468
944,15.73163,22.65806,60.55501,28.47139
945,15.74817,22.65806,60.55501,28.47139
946,15.76477,28.91311,49.36274,28.31486
947,15.78143,28.73682,52.11162,31.40252
948,15.7981,18.50822,58.09767,38.24954
949,15.81482,30.14399,46.23741,44.01823
950,15.83136,9.984221,29.85487,21.14225
951,15.84808,9.984221,29.85487,21.14225
952,15.86487,2.188918,14.72633,9.233563
953,15.88165,0.9404533,1.283596,3.967585
954,15.89807,-10.86296,0.005621678,2.588524
955,15.91461,-1.423185,-11.6097,-5.461574
956,15.93146,-2.128267,-5.392383,-8.992802
957,15.94806,-2.128267,-5.392383,-8.992802
958,15.96466,-1.022639,-9.390843,-4.322235
959,15.98138,0.9821246,-9.789431,4.150997
960,15.99805,-0.5969835,-6.633072,-2.52318
961,16.01465,-1.780921,-10.43395,-7.527149
962,16.03162,-3.704056,-19.86713,-15.65537
963,16.04816,-3.704056,-19.86713,-15.65537
964,16.0647,-1.624701,-39.45111,-6.866879
965,16.08136,-1.187926,-25.35368,-5.020825
966,16.09802,2.535619,-19.2449,7.790409
967,16.11462,0.3596193,-3.612831,1.499636
968,16.13135,0.1195175,-1.214852,0.5041444
969,16.14807,0.1195175,-1.214852,0.5041444
970,16.16461,8.616991,-7.212079,1.107993
971,16.18127,7.59169,0.6667178,6.652822
972,16.19812,13.59067,5.90139,18.586
973,16.2149,12.03924,8.690166,28.83001
974,16.23132,11.87114,16.39115,21.35974
975,16.24811,11.87114,16.39115,21.35974
976,16.26465,3.747867,14.26629,13.5741
977,16.28125,2.746121,10.63387,11.3275
978,16.29816,1.012536,8.625448,4.179636
979,16.31464,0.1351547,0.2142,0.5579099
980,16.33154,2.015156,2.544322,8.31844
981,16.34808,2.015156,2.544322,8.31844
982,16.36469,1.406043,7.959875,5.80406
983,16.38153,2.331527,16.08909,9.624399
984,16.39801,9.122705,19.36689,1.075863
985,16.41528,3.644768,15.31602,9.601685
986,16.43146,15.5403,23.12145,12.76328
987,16.44794,15.5403,23.12145,12.76328
988,16.46466,12.72328,16.51729,18.58841
989,16.48145,17.64563,18.43074,8.331432
990,16.49786,18.42341,19.15944,11.25172
991,16.51477,19.02873,16.02401,15.50738
992,16.53131,17.68738,16.03495,8.052097
993,16.54797,17.68738,16.03495,8.052097
994,16.565,19.04822,16.01902,18.13424
995,16.5813,20.59384,22.02979,25.0309
996,16.59802,9.860336,23.57691,18.24991
997,16.61475,8.400109,17.15678,27.6597
998,16.63129,6.260435,15.99185,20.75554
999,16.64795,6.260435,15.99185,20.75554
1000,16.66455,6.857966,10.13645,26.58287
1001,16.68146,7.031786,10.31702,27.25697
1002,16.69806,6.052481,8.968444,23.46094
1003,16.71466,3.628025,7.907563,20.93396
1004,16.73138,5.562206,8.435978,21.63861
1005,16.74811,5.562206,8.435978,21.63861
1006,16.76465,-0.7437274,12.75333,34.30271
1007,16.78137,5.139691,8.203887,20.41291
1008,16.79834,8.298561,13.67501,33.38169
1009,16.81458,6.317683,14.05556,27.52212
1010,16.83124,5.076574,15.9426,25.08398
1011,16.8479,5.076574,15.9426,25.08398
1012,16.86469,6.174922,16.73494,24.18242
1013,16.88147,5.948368,19.21601,33.27024
1014,16.89795,9.432096,29.6059,37.11496
1015,16.91455,6.985373,34.26681,34.6786
1016,16.93127,8.802068,25.15543,34.62081
1017,16.9483,8.802068,25.15543,34.62081
1018,16.96466,10.6475,33.65112,42.01889
1019,16.98132,5.391258,42.75251,48.23989
1020,16.99786,7.258812,51.67845,54.90462
1021,17.01459,8.281066,40.54053,43.61339
1022,17.03119,-2.040203,51.44046,45.56564
1023,17.04779,-2.040203,51.44046,45.56564
1024,17.06458,2.463781,50.59182,48.08984
1025,17.08124,8.523761,51.74348,45.26936
1026,17.0979,5.213907,48.86146,49.10951
1027,17.11462,-2.43762,42.2292,46.07989
1028,17.13129,-7.703133,38.48867,44.7789
1029,17.14789,-7.703133,38.48867,44.7789
1030,17.16461,-5.393242,24.78244,18.29564
1031,17.1817,-7.58754,5.66495,11.67773
1032,17.19794,-3.741152,0.120221,1.125582
1033,17.21448,-2.544732,-2.808428,-4.477251
1034,17.23132,-12.87713,-15.36206,-24.98691
1035,17.24786,-12.87713,-15.36206,-24.98691
1036,17.26453,-11.37761,-27.27104,-42.64456
1037,17.28113,-10.03655,-32.93033,-41.30773
1038,17.29785,-9.883411,-37.7249,-40.72452
1039,17.31476,-14.71869,-42.97621,-60.64883
1040,17.33118,-16.54613,-49.81871,-68.17886
1041,17.34802,-16.54613,-49.81871,-68.17886
1042,17.36456,-34.6526,-96.43446,-114.1167
1043,17.38123,-31.82951,-116.8214,-110.5198
1044,17.39783,-19.79888,-85.48866,-78.21262
1045,17.41455,-17.20276,-71.13777,-71.62998
1046,17.43115,-16.50716,-47.37055,-74.09795
1047,17.448,-16.50716,-47.37055,-74.09795
1048,17.46448,-15.36467,-25.30525,-63.88363
1049,17.48114,-18.12928,-37.75029,-75.37814
1050,17.49786,-18.00304,-38.35526,-74.85326
1051,17.51453,-19.36464,-40.60346,-80.51453
1052,17.53107,-15.50903,-33.24819,-64.48364
1053,17.54779,-15.50903,-33.24819,-64.48364
1054,17.56451,-14.21973,-20.50344,-64.17316
1055,17.58112,-16.10616,-20.7159,-66.75649
1056,17.59796,-16.71367,-20.69844,-69.24195
1057,17.61462,-19.92122,-21.1554,-73.15973
1058,17.63104,-21.0165,-22.21137,-80.26895
1059,17.64789,-21.0165,-22.21137,-80.26895
1060,17.66449,-13.21649,-14.02704,-54.9515
1061,17.68115,-12.98133,-13.32209,-53.97392
1062,17.69788,-11.90203,-11.79847,-49.48641
1063,17.7146,-12.07533,-11.57183,-50.20698
1064,17.73114,-12.85649,-12.04274,-54.25786
1065,17.74786,-12.85649,-12.04274,-54.25786
1066,17.76447,-13.46933,-11.49005,-55.9019
1067,17.78119,-14.16034,-11.56799,-58.76973
1068,17.79785,-13.00923,-10.15915,-53.99229
1069,17.81451,-14.3019,-10.68077,-59.35724
1070,17.83112,-11.48177,-8.204618,-47.65285
1071,17.84772,-11.48177,-8.204618,-47.65285
1072,17.86475,1.620658,-7.279879,-48.88688
1073,17.8811,0.676434,-8.257989,-57.98943
1074,17.89783,-15.54815,-17.54984,-73.16627
1075,17.91437,-20.51039,-16.00104,-84.70461
1076,17.9314,-17.49881,-33.26981,-72.23432
1077,17.94769,-17.49881,-33.26981,-72.23432
1078,17.96448,-10.95426,-37.72915,-45.21852
1079,17.98114,-11.3021,-29.6856,-47.66485
1080,17.99768,-14.87125,-25.47658,-62.04613
1081,18.01447,-12.68897,-24.22279,-55.1935
1082,18.03107,-8.790094,-27.01533,-36.12547
1083,18.04773,-8.790094,-27.01533,-36.12547
1084,18.06464,-3.77992,-9.602233,-28.28047
1085,18.08105,9.501319,-1.533857,-32.46106
1086,18.09778,10.68192,-9.61716,-28.58924
1087,18.11456,-0.6777598,-12.81993,-28.39041
1088,18.1311,5.008886,-12.40753,-25.17186
1089,18.14777,5.008886,-12.40753,-25.17186
1090,18.16443,8.01527,-9.766076,-23.81606
1091,18.18103,1.237744,-1.079777,-26.93546
1092,18.19769,-2.032543,-2.503874,-27.72838
1093,18.21442,-7.889487,-8.970895,-31.16604
1094,18.23108,-6.744424,-10.03706,-26.50421
1095,18.24799,-6.744424,-10.03706,-26.50421
1096,18.2644,-7.683309,-16.04774,-30.19271
1097,18.28131,-7.061436,-18.32227,-27.74897
1098,18.29779,-4.566966,-9.747167,-17.94658
1099,18.31439,1.516892,-0.9981173,-20.57924
1100,18.33105,3.912488,-0.2662845,-20.0987
1101,18.34778,3.912488,-0.2662845,-20.0987
1102,18.36444,3.697555,-13.30985,-34.37824
1103,18.3811,5.844744,-21.13521,-25.46104
1104,18.39771,-4.48014,-16.37964,-17.65538
1105,18.41431,-3.494085,-17.72011,-13.5457
1106,18.43097,-3.494085,-17.72011,-13.5457
1107,18.44769,3.512083,-1.540252,-11.988
1108,18.46436,1.781811,-0.8759102,-16.85638
1109,18.48096,9.688224,-12.18179,-15.05027
1110,18.49762,19.38967,-13.63639,-19.18351
1111,18.51428,26.9933,-13.9945,-14.901
1112,18.53107,32.871,-15.97381,-6.496858
1113,18.54767,32.871,-15.97381,-6.496858
1114,18.56433,53.19735,-1.015472,-15.05441
1115,18.58099,60.85155,-0.6845748,-17.98404
1116,18.59766,48.53094,-4.603955,-13.07226
1117,18.61426,48.18491,-7.561398,-12.16509
1118,18.63129,47.47601,-11.17717,-10.83752
1119,18.64771,47.47601,-11.17717,-10.83752
1120,18.66437,33.42199,-1.857076,-10.47801
1121,18.68103,31.80419,-1.767627,-10.15976
1122,18.69769,28.70788,-0.02018577,-9.950079
1123,18.71429,23.90841,-8.840626e-05,-8.392593
1124,18.73102,23.90841,-8.840626e-05,-8.392593
1125,18.74762,6.098424,-12.11718,-2.593361
1126,18.76422,5.836073,-4.761817,-12.16737
1127,18.78168,3.318613,-3.226373,-4.245461
1128,18.79755,-2.398108,-6.508036,-6.802338
1129,18.81433,-3.768874,-3.265326,-10.51516
1130,18.83087,-3.768874,-3.265326,-10.51516
1131,18.84753,-4.656251,-21.97388,-12.72305
1132,18.86426,-5.456278,-21.62884,-15.24033
1133,18.88098,-3.942708,-33.47004,-11.01388
1134,18.89771,-6.122088,-29.21613,-17.10197
1135,18.91431,-5.374156,-30.69813,-15.01263
1136,18.93121,-5.893109,-29.6479,-16.46232
1137,18.94763,-5.893109,-29.6479,-16.46232
1138,18.96423,-4.736065,-34.59646,-13.23014
1139,18.9809,-4.701591,-31.2271,-13.13383
1140,18.99756,-5.525601,-31.10739,-16.84343
1141,19.01428,-6.643507,-25.92527,-18.54635
1142,19.03094,-6.643507,-25.92527,-18.54635
1143,19.04767,-4.844414,-35.11486,-13.52891
1144,19.05103,-3.956327,-28.82799,-11.02372
1145,19.06451,-0.7801742,-17.04564,-2.874312
1146,19.0816,-1.768029,-11.22432,-4.925659
1147,19.09766,6.777912,-1.654266,-4.688216
1148,19.11432,6.777912,-1.654266,-4.688216
1149,19.13092,0.0517305,0.1633305,-5.096336
1150,19.14777,2.60084,-1.257808,-2.140515
1151,19.16425,4.204754,-0.005508739,-1.52999
1152,19.18091,-0.349889,0.6607686,-7.731035
1153,19.19763,10.69982,0.3142652,-7.626632
1154,19.21429,6.820109,0.6786286,-10.4661
1155,19.23151,6.820109,0.6786286,-10.4661
1156,19.24762,-1.934577,-10.66518,-10.71745
1157,19.26428,-1.830723,-5.945444,-10.01213
1158,19.28088,4.384751,-8.147182,-10.86795
1159,19.29767,2.02269,-1.216748,-7.898824
1160,19.31427,2.02269,-1.216748,-7.898824
1161,19.33087,8.985922,0.3177665,-6.68858
1162,19.34753,6.348537,0.1377294,-3.82187
1163,19.36426,8.031768,0.1010101,-4.080413
1164,19.3811,0.8818639,0.0006088937,-0.3397074
1165,19.39758,0.2169444,2.666731e-06,-0.08214591
1166,19.41418,0.2169444,2.666731e-06,-0.08214591
1167,19.43091,2.055505e-05,2.526675e-10,-7.783164e-06
1168,19.44763,0.2474937,-0.0717553,0.6538417
1169,19.46417,0.3617086,-0.1044487,0.9555809
1170,19.48108,0.002180396,-0.0006296216,0.005760287
1171,19.49756,-5.667245,-0.1364354,3.575127
1172,19.5141,-1.279834,-0.257196,3.194422
1173,19.53113,-1.279834,-0.257196,3.194422
1174,19.54749,-15.0426,-0.6669775,12.6741
1175,19.56421,-18.78991,-0.002921116,6.993471
1176,19.5813,-23.59816,-2.42362e-05,8.667412
1177,19.59753,-14.48411,-1.061456e-07,5.279222
1178,19.6142,-14.48411,-1.061456e-07,5.279222
1179,19.6308,-7.403481,0.0,2.66745
1180,19.64752,-4.972914,0.0,1.784797
1181,19.66431,-9.711083,0.07399074,2.692531
1182,19.68115,-3.551201,-1.783121,1.819459
1183,19.69739,-8.854216,-1.829189,3.713436
1184,19.71423,-8.854216,-1.829189,3.713436
1185,19.7309,-0.02574341,-0.9563155,0.3064286
1186,19.7475,-0.0002135903,-0.007934449,0.002542406
1187,19.76422,0.4308735,-0.131235,1.219454
1188,19.78082,-10.38708,-0.3675441,3.791754
1189,19.79767,-3.287546,-7.018596,3.711066
1190,19.81421,-3.287546,-7.018596,3.711066
1191,19.83087,-7.722669,-16.0024,14.6898
1192,19.84766,-0.771049,-11.83764,4.991629
1193,19.8642,1.119953,-17.15157,5.836823
1194,19.88092,1.289503,-17.11146,4.731956
1195,19.89752,-6.550936,-12.20563,5.943995
1196,19.91412,-6.550936,-12.20563,5.943995
1197,19.93085,-1.875352,-13.55256,2.044991
1198,19.94757,-12.16903,-15.22953,-0.9003773
1199,19.96411,-3.039667,-1.215905,-8.524671
1200,19.98126,-4.196079,0.4044713,-12.15944
1201,19.99744,0.1499119,0.13531,-1.493236
1202,20.01422,0.1499119,0.13531,-1.493236
1203,20.03076,-2.972087,7.922182,-8.7066
1204,20.04755,-2.754101,1.022807,-7.961709
1205,20.06415,-1.842382,0.9490363,-8.763807
1206,20.08087,-3.881686,2.232741,-18.09221
1207,20.09747,1.394053,7.730465,-5.334775
1208,20.11414,1.394053,7.730465,-5.334775
1209,20.13092,11.86322,10.35571,-7.237203
1210,20.14752,5.40626,9.158766,-4.645204
1211,20.16418,3.221379,1.908141,0.9754615
1212,20.18097,3.196101,0.01583164,-1.111804
1213,20.19745,0.01926625,9.543389e-05,-0.006702005
1214,20.21417,0.01926625,9.543389e-05,-0.006702005
1215,20.23096,0.02263574,-0.2752298,2.673762
1216,20.24744,-7.355695,-1.100577,13.41933
1217,20.26416,-2.267078,-1.196997,12.71394
1218,20.28076,-10.0749,-1.030993,13.88312
1219,20.29742,-3.279194,-0.9457812,10.73397
1220,20.31421,-3.279194,-0.9457812,10.73397
1221,20.33081,-10.83587,-0.005853196,3.793417
1222,20.34753,-13.11977,-2.563485e-05,4.502964
1223,20.3642,-13.93626,-0.07439919,5.523667
1224,20.3808,-6.403022,-0.7177182,9.566767
1225,20.39746,-3.24427,-0.07312605,1.856964
1226,20.41412,-3.24427,-0.07312605,1.856964
1227,20.43073,-2.368401,-2.657207e-06,0.7998208
1228,20.44739,-12.08873,-1.601777e-08,4.065681
1229,20.46405,-10.63364,0.1970508,1.537
1230,20.48077,-13.00019,0.1039887,3.266972
1231,20.49738,-2.699208,0.6791064,0.6883655
1232,20.51495,-2.699208,0.6791064,0.6883655
1233,20.53076,-1.615744,9.128743,-4.863247
1234,20.54742,-0.4297086,9.573271,-2.782968
1235,20.56415,-0.1534686,10.72341,-3.208122
1236,20.58081,6.568148,15.93877,-6.113174
1237,20.59741,-1.088258,12.30675,-3.417861
1238,20.6142,-1.088258,12.30675,-3.417861
1239,20.6308,3.008647,9.729163,9.019374
1240,20.6474,-0.4189661,4.658223,-1.255985
1241,20.66425,4.785333,5.61188,-3.356532
1242,20.68079,-1.294021,14.1475,-4.020585
1243,20.69745,4.538905,12.49551,-5.471832
1244,20.71405,4.538905,12.49551,-5.471832
1245,20.73077,5.030956,25.54055,-9.904209
1246,20.74738,0.7225219,14.56711,-4.962115
1247,20.76416,-1.521203,15.54457,-4.559752
1248,20.78076,5.369383,8.292602,-4.531503
1249,20.79742,5.359028,4.297346,-3.227112
1250,20.81445,5.359028,4.297346,-3.227112
1251,20.83081,-0.981522,10.2781,-3.10236
1252,20.84741,-1.206791,11.88065,-3.560048
1253,20.86407,-0.8716735,8.531235,-2.570794
1254,20.88074,-1.307714,12.70903,-3.856786
1255,20.89734,-1.698872,16.39533,-5.010413
1256,20.914,-1.698872,16.39533,-5.010413
1257,20.93066,-2.280041,14.2934,-4.158783
1258,20.94727,-13.56677,26.48427,-4.628193
1259,20.96411,-4.528264,21.47596,-6.221521
1260,20.98071,-5.316327,22.99612,-8.288662
1261,20.99738,-3.17347,25.32385,-9.386388
1262,21.01404,-3.17347,25.32385,-9.386388
1263,21.03076,-16.54602,20.39974,-14.36366
1264,21.04822,-6.078434,12.81251,-10.57168
1265,21.06409,-8.832876,9.765392,-2.557307
1266,21.08069,-3.477869,7.692527,-3.605412
1267,21.09735,-9.289186,12.09205,-1.413666
1268,21.11414,-9.289186,12.09205,-1.413666
1269,21.13062,-13.15512,4.224891,-4.9893
1270,21.14728,-16.17673,1.004005,-4.28484
1271,21.16406,-14.94474,0.1159471,3.697775
1272,21.18066,-20.7984,0.1191691,5.484912
1273,21.19757,-28.03349,0.4152671,4.851294
1274,21.21399,-28.03349,0.4152671,4.851294
1275,21.23071,-38.88119,0.030811,11.44844
1276,21.24731,-44.21047,0.2228505,10.95753
1277,21.26404,-49.32357,-0.5590735,3.913101
1278,21.28064,-49.73967,1.344631,1.656106
1279,21.29736,-43.5524,0.3659416,8.525137
1280,21.31415,-43.5524,0.3659416,8.525137
1281,21.33063,-46.14264,0.8223432,4.487813
1282,21.34796,-49.08791,0.3193161,9.338558
1283,21.36395,-34.41969,0.001398487,8.295977
1284,21.38062,-36.8968,0.5824779,3.588422
1285,21.39752,-34.46486,0.3114954,5.219104
1286,21.414,-34.46486,0.3114954,5.219104
1287,21.4306,-23.68192,-0.8038834,4.795029
1288,21.44733,-23.52465,0.8744378,-2.446821
1289,21.46417,-21.94233,0.009130069,4.61053
1290,21.48059,-17.61314,1.053967,-5.305434
1291,21.49774,-16.94067,0.008744651,3.436412
1292,21.51398,-16.94067,0.008744651,3.436412
1293,21.53058,-15.26801,1.638178,-10.63476
1294,21.54718,-11.06914,1.633195,-11.36703
1295,21.56403,-2.711635,0.07157351,-0.04738883
1296,21.58063,-6.413171,0.02460025,1.081715
1297,21.59723,-7.742136,0.01749021,1.400759
1298,21.61407,-7.742136,0.01749021,1.400759
1299,21.63062,-0.04343717,4.617526e-07,0.008645575
1300,21.64728,-5.162541,0.06152124,0.5160169
1301,21.66406,-20.68005,-1.601798,-2.183343
1302,21.6806,-27.96863,-7.635322,-0.9580315
1303,21.6972,-38.51133,-9.67916,1.133558
1304,21.71393,-38.51133,-9.67916,1.133558
1305,21.73065,-38.61356,-6.436323,1.094891
1306,21.74725,-47.13623,-4.77536,8.449995
1307,21.76404,-38.01511,0.4123771,-6.738846
1308,21.78064,-50.4866,-3.775597,2.16807
1309,21.79724,-52.64607,-7.918449,1.129628
1310,21.8139,-52.64607,-7.918449,1.129628
1311,21.83063,-35.99246,-0.9768572,5.049342
1312,21.84741,-29.74734,-0.004278276,3.764343
1313,21.86389,-41.67531,-2.578965e-05,5.028153
1314,21.88074,-45.91636,-9.196148,8.372922
1315,21.89716,-44.19514,-4.735411,6.292389
1316,21.91394,-44.19514,-4.735411,6.292389
1317,21.93048,-20.60391,-0.01512334,1.951083
1318,21.94727,-1.047606,-0.0001254767,0.09811371
1319,21.96405,1.464104,-1.041067e-06,-0.1376679
1320,21.98059,13.27154,-8.637628e-09,-1.269935
1321,21.99731,21.94232,0.0,-2.163385
1322,22.01398,21.94232,0.0,-2.163385
1323,22.03058,14.98958,0.0,-1.552605
1324,22.04724,15.92443,0.0,-1.689157
1325,22.06396,16.99054,-2.507612,-0.9873084
1326,22.08051,8.802857,-0.015116,-0.9688633
1327,22.09717,7.848922,-2.460929,-0.04095786
1328,22.11383,7.848922,-2.460929,-0.04095786
1329,22.13049,4.769677,-0.1880951,-0.4834444
1330,22.14722,7.463461,-0.3614562,-0.7430526
1331,22.16382,4.565891,-0.1980844,-0.4663173
1332,22.18054,0.4502238,-0.4769167,0.109304
1333,22.19727,0.1011174,-2.507719,0.8394568
1334,22.21375,0.1011174,-2.507719,0.8394568
1335,22.23047,0.06974172,-1.780065,0.5944858
1336,22.24725,1.234768,-10.63208,10.5253
1337,22.26434,0.6497008,-11.16348,5.538122
1338,22.28052,1.633625,-13.42809,13.9252
1339,22.29718,1.240265,-11.64864,10.57216
1340,22.31384,1.240265,-11.64864,10.57216
1341,22.33057,-1.191821,-24.14656,8.252954
1342,22.34723,0.8643642,-35.98074,11.42656
1343,22.36401,-4.715601,-35.04451,11.59637
1344,22.38062,1.108769,-32.65734,10.02289
1345,22.39734,1.085166,-31.00317,9.386046
1346,22.41425,1.085166,-31.00317,9.386046
1347,22.43054,0.9823643,-22.59005,8.494496
1348,22.43103,1.94501,-25.78166,16.81848
1349,22.44714,0.9245391,-21.25004,7.994482
1350,22.46393,0.7891909,-23.83331,6.824127
1351,22.48053,0.6946698,-20.93786,6.006804
1352,22.49707,0.6946698,-20.93786,6.006804
1353,22.51385,0.5916231,-18.5114,5.11576
1354,22.53046,1.035965,-15.50898,8.95798
1355,22.54712,0.2947536,-9.212175,2.548732
1356,22.56384,4.50449,-9.181009,2.513176
1357,22.58044,0.5559106,-14.74469,4.63057
1358,22.59723,0.5559106,-14.74469,4.63057
1359,22.61395,0.1683636,-5.437664,1.4506
1360,22.63062,0.1529057,-4.95475,1.317427
1361,22.64728,0.04012601,-1.302369,0.3457235
1362,22.66394,0.0001757372,-0.005703898,0.001514142
1363,22.68048,2.006866e-06,-6.513679e-05,1.729104e-05
1364,22.69733,2.006866e-06,-6.513679e-05,1.729104e-05
1365,22.71381,7.292419e-11,-2.366899e-09,6.283108e-10
1366,22.73053,0.0,0.0,0.0
1367,22.74713,0.0,0.0,0.0
1368,22.76385,-0.0576962,1.862985,-0.4953287
1369,22.78046,-0.04158586,1.340599,-0.3570195
1370,22.79773,-0.04158586,1.340599,-0.3570195
1371,22.81372,-0.5235749,16.66082,-4.494952
1372,22.83044,-0.4708728,14.86382,-4.042498
1373,22.84711,-0.8285189,25.86323,-7.112933
1374,22.86407,-2.719876,19.81492,-5.26013
1375,22.88037,-4.56746,17.74615,-4.528143
1376,22.89722,-4.56746,17.74615,-4.528143
1377,22.91388,-5.237178,29.67275,-8.050258
1378,22.93042,-7.168649,24.45528,-6.399734
1379,22.94714,-8.352976,33.02727,-8.950883
1380,22.96368,-12.1533,27.38798,-9.371474
1381,22.98041,-17.02655,27.09701,-13.05863
1382,22.99719,-17.02655,27.09701,-13.05863
1383,23.01373,-14.37548,25.52509,-10.18847
1384,23.03046,-14.79465,32.59934,-9.635761
1385,23.04742,-14.66094,27.25827,-7.391125
1386,23.06396,-9.75816,38.51098,-12.0386
1387,23.08038,-2.888325,32.03975,-21.97021
1388,23.09723,-2.888325,32.03975,-21.97021
1389,23.11377,-3.452644,22.77106,-19.77202
1390,23.13043,-8.241986,16.83099,-5.083259
1391,23.14709,-13.8359,17.41416,-4.717883
1392,23.1637,-11.85911,13.76181,-3.693502
1393,23.18079,-26.13283,5.606769,0.3160344
1394,23.19702,-26.13283,5.606769,0.3160344
1395,23.21368,-39.36763,0.01586914,3.01132
1396,23.23041,-43.45086,6.9501e-05,3.042314
1397,23.24701,-56.02093,-0.1257741,4.51142
1398,23.26379,-61.67492,-0.809827,9.740539
1399,23.2804,-74.54839,-1.59554,15.96587
1400,23.297,-72.82978,-0.09977702,2.993886
1401,23.31384,-72.82978,-0.09977702,2.993886
1402,23.3313,-45.32033,-0.4572569,4.250457
1403,23.34698,-44.27022,-1.182231,9.917929
1404,23.36377,-36.54757,-1.158734,9.520678
1405,23.38043,-35.31007,-0.3690835,6.585101
1406,23.39703,-35.31007,-0.3690835,6.585101
1407,23.41376,-28.0769,3.33014,-1.663225
1408,23.43036,-24.53367,8.433831,-3.038876
1409,23.44714,-35.17429,0.05083953,-0.9985754
1410,23.46375,-25.0088,0.1911484,-0.8691209
1411,23.48029,-19.07335,2.458755,-1.542469
1412,23.49701,-19.07335,2.458755,-1.542469
1413,23.51385,-10.51453,6.43325,-2.679973
1414,23.53033,-4.47887,0.9888171,-0.5315013
1415,23.54742,0.0177567,2.588271,-0.9105253
1416,23.5636,0.07318329,5.053576,-1.780848
1417,23.58032,0.1370826,9.430428,-3.331864
1418,23.59717,0.1370826,9.430428,-3.331864
1419,23.61371,0.00216282,0.1484025,-0.05256825
1420,23.63037,0.07466743,1.453986,-1.814824
1421,23.64703,0.1729069,11.81737,-4.202576
1422,23.66364,0.07209218,4.927284,-1.752231
1423,23.68036,-6.246461,7.751041,-3.030348
1424,23.69702,-6.246461,7.751041,-3.030348
1425,23.71417,-8.8914,0.9335172,-0.7257441
1426,23.73035,-18.38447,0.005627285,-0.8492976
1427,23.74731,-24.4087,2.464544e-05,-1.195346
1428,23.76373,-24.98859,2.044807e-07,-1.326756
1429,23.78033,-26.36574,0.0,-1.50862
1430,23.79706,-26.36574,0.0,-1.50862
1431,23.81378,-26.10785,-1.199424,8.521663
1432,23.83032,-31.28761,-1.779583,9.213566
1433,23.84705,-31.46334,-1.6582,12.08821
1434,23.86365,-27.35885,-0.7438962,4.383425
1435,23.88025,-28.64592,-1.941599,14.98128
1436,23.89703,-28.64592,-1.941599,14.98128
1437,23.91357,-15.32197,-1.359017,8.141376
1438,23.93036,-7.69621,-1.288429,11.25808
1439,23.94702,-5.618201,-12.49795,9.590908
1440,23.96362,-0.4532798,-5.036745,4.462
1441,23.98029,-0.4597276,-12.91732,4.951266
1442,23.99701,-0.4597276,-12.91732,4.951266
1443,24.01361,7.671621,-9.549251,5.405047
1444,24.03027,-0.3106194,-1.371015,3.931357
1445,24.04706,-0.1181695,-2.694262,1.293256
1446,24.06366,-0.9090049,-3.421525,9.930104
1447,24.08032,-0.7861306,-10.96103,8.587784
1448,24.09692,-0.7861306,-10.96103,8.587784
1449,24.11359,0.6550827,-10.66968,10.78662
1450,24.13031,10.83677,-3.595245,7.511516
1451,24.14697,6.435466,-11.40506,6.698442
1452,24.16357,1.293484,-4.295534,6.380084
1453,24.1803,6.818647,-16.08892,14.20263
1454,24.19684,6.818647,-16.08892,14.20263
1455,24.21356,-0.9651839,-21.04679,10.99634
1456,24.23029,-2.519088,-18.66051,14.74285
1457,24.24713,-7.645696,-21.57969,13.41256
1458,24.26367,-1.927288,-19.07598,20.9841
1459,24.28027,-5.505918,-21.11924,15.25507
1460,24.29681,-5.505918,-21.11924,15.25507
1461,24.31366,-1.240426,-23.14374,13.92582
1462,24.33032,-0.944044,-30.7181,10.60087
1463,24.34698,-3.378551,-37.11107,12.21298
1464,24.36353,-4.330989,-33.46083,10.51785
1465,24.38031,-1.344128,-32.11563,9.508025
1466,24.39691,-1.344128,-32.11563,9.508025
1467,24.41382,-0.8561517,-32.61419,9.438005
1468,24.4303,-0.6018085,-23.06986,6.604139
1469,24.44696,-0.6410865,-24.8426,7.035171
1470,24.46405,-0.6576395,-25.76351,7.21682
1471,24.48029,-1.573658,-14.25578,3.851058
1472,24.49689,-1.573658,-14.25578,3.851058
1473,24.51355,-3.158734,-0.2185525,-0.230905
1474,24.53027,-1.209881,-0.367629,-0.01003191
1475,24.54688,-1.21799,-0.004198211,-0.1123485
1476,24.5636,-0.007342101,-2.530702e-05,-0.000677242
1477,24.58026,-4.425853e-05,-1.525519e-07,-4.082447e-06
1478,24.59686,-4.425853e-05,-1.525519e-07,-4.082447e-06
1479,24.61359,-2.213269e-09,0.0,-2.071933e-10
1480,24.63037,0.2411627,0.2304505,-2.576134
1481,24.64691,0.002000902,0.001912023,-0.02137392
1482,24.66357,0.9317471,1.424099,-9.953054
1483,24.68042,0.171456,0.1692744,-1.831517
1484,24.6969,0.171456,0.1692744,-1.831517
1485,24.71356,0.3055204,6.746641,-3.263613
1486,24.73022,1.188852,13.96592,-12.69949
1487,24.74713,0.202767,7.579948,-2.165986
1488,24.76355,0.4033233,15.01062,-4.308356
1489,24.78021,-0.1363363,11.4922,-3.285833
1490,24.79681,-0.1363363,11.4922,-3.285833
1491,24.81354,-12.41549,11.74615,-4.59048
1492,24.8302,-21.88737,8.415229,-5.125977
1493,24.84686,-19.80388,11.3123,-14.39108
1494,24.86353,-22.51682,6.266181,-7.747992
1495,24.88019,-22.7178,11.27799,-9.552945
1496,24.89685,-22.7178,11.27799,-9.552945
1497,24.91351,-23.71761,19.95072,-8.998516
1498,24.93018,-30.93795,27.72556,-12.08198
1499,24.94696,-20.46255,25.52237,-10.46231
1500,24.96356,-5.22803,26.09379,-8.7377
1501,24.98022,-0.1021333,23.55514,-7.396459
1502,24.99689,-0.1021333,23.55514,-7.396459
1503,25.01361,0.8663327,23.45946,-7.403806
1504,25.03021,0.5971816,14.93338,-4.741041
1505,25.04681,-10.74185,6.587511,-3.495468
1506,25.06342,0.1072169,4.27949,-1.38033
1507,25.0802,0.3718349,9.153554,-2.94273
1508,25.0968,0.3718349,9.153554,-2.94273
1509,25.11353,0.5253658,7.25507,-4.143824
1510,25.13019,0.3309221,0.3525347,-2.607499
1511,25.14679,1.252644,0.9769332,-9.870105
1512,25.16376,0.01522047,0.01186542,-0.1199284
1513,25.18011,1.64286,0.02040459,-0.000945037
1514,25.19678,1.64286,0.02040459,-0.000945037
1515,25.21344,0.3210948,0.01490901,0.03558775
1516,25.23016,4.849882,-1.254286,13.49269
1517,25.24677,-1.043984,-0.9194831,9.354228
1518,25.26343,1.535324,-0.7289066,5.770978
1519,25.28009,7.163697,-10.01336,7.81775
1520,25.29675,7.163697,-10.01336,7.81775
1521,25.31348,0.0339549,-13.46405,4.946665
1522,25.33014,-0.7654053,-19.82825,6.258515
1523,25.3468,-0.7344999,-23.78521,7.448832
1524,25.36346,-0.7665331,-20.2118,6.257498
1525,25.38007,3.903948,-8.865184,3.247295
1526,25.3974,3.903948,-8.865184,3.247295
1527,25.41339,0.000115415,-0.002568212,0.000815352
1528,25.43018,5.054754e-07,-1.124783e-05,3.570942e-06
1529,25.44678,0.8187284,0.6366191,-6.693359
1530,25.46344,2.746815,2.182356,-22.45606
1531,25.4801,2.408475,4.369678,-19.69003
1532,25.49677,2.408475,4.369678,-19.69003
1533,25.51343,2.476967,7.756305,-25.48968
1534,25.53009,2.766252,14.58141,-22.56995
1535,25.54675,2.307161,22.98876,-18.79776
1536,25.56342,1.389948,29.7857,-11.32462
1537,25.5802,2.472069,34.87783,-20.14121
1538,25.59674,2.472069,34.87783,-20.14121
1539,25.61353,1.624225,24.38412,-12.74214
1540,25.63007,0.9674981,9.657391,-7.906368
1541,25.64673,1.439994,4.81086,-11.77238
1542,25.66345,0.508523,0.4906217,-4.157333
1543,25.68018,7.623716,1.307843,-10.6506
1544,25.69666,7.623716,1.307843,-10.6506
1545,25.7135,2.085645,11.04689,-17.01611
1546,25.73004,0.1749862,2.593504,-1.43948
1547,25.74677,1.532426,1.507727,-12.61412
1548,25.76349,0.009237533,0.00908865,-0.0760385
1549,25.78058,0.1168442,0.1138284,-0.9618003
1550,25.79663,0.1168442,0.1138284,-0.9618003
1551,25.81335,0.009287645,0.009079685,-0.07645103
1552,25.83008,4.067647e-05,3.976569e-05,-0.0003348275
1553,25.84674,1.142299,0.2168333,-9.402809
1554,25.86334,1.237689,-0.0252284,-10.18801
1555,25.88007,1.244364,-7.400586,-10.20789
1556,25.89667,1.244364,-7.400586,-10.20789
1557,25.91339,-5.161583,-5.982589,-18.58327
1558,25.9306,-5.50583,-13.30483,-9.634559
1559,25.94666,-0.6642383,-5.288077,-12.79095
1560,25.96332,1.131508,-3.187658,-14.03587
1561,25.98004,1.45981,-8.592175,-11.69737
1562,25.9967,1.45981,-8.592175,-11.69737
1563,26.01349,0.8824342,-17.45721,-7.045836
1564,26.03027,1.644342,-20.57213,-13.12932
1565,26.04669,1.647879,-23.86889,-13.15756
1566,26.06329,1.726818,-28.80376,-13.78785
1567,26.08026,-1.114476,-35.56458,-3.537044
1568,26.09662,-1.114476,-35.56458,-3.537044
1569,26.1134,-0.2514487,-24.28349,-0.5293067
1570,26.13007,0.41442,-13.85829,-3.307954
1571,26.14685,0.03153591,-13.67577,-0.2505839
1572,26.151,1.080479,-12.1147,-8.569969
1573,26.16345,2.385215,-15.65984,4.782955
1574,26.18005,2.385215,-15.65984,4.782955
1575,26.19678,-0.2678818,-10.0361,2.842638
1576,26.21332,-1.074888,-8.082891,8.588332
1577,26.22998,-0.6748264,-1.614434,7.217254
1578,26.24677,5.20084,-3.045026,18.0461
1579,26.26337,-2.327183,-2.825179,19.06773
1580,26.28003,-2.327183,-2.825179,19.06773
1581,26.29663,-1.665136,-1.925568,13.38463
1582,26.31335,-1.622571,-1.854489,13.04247
1583,26.32996,-1.684236,-1.896626,13.53813
1584,26.34668,4.297229,-1.953359,14.86219
1585,26.36334,-1.049265,5.000514,8.978879
1586,26.38,-1.049265,5.000514,8.978879
1587,26.39667,-0.04697379,-0.05110583,0.3788725
1588,26.41327,-0.04998891,-0.05445488,0.4031714
1589,26.43005,-0.03665942,-0.03981169,0.2956662
1590,26.44666,-0.2016156,1.536501,1.626074
1591,26.46362,-1.111468,9.2311,8.96423
1592,26.47992,-1.111468,9.2311,8.96423
1593,26.49664,-1.190531,30.63055,5.885737
1594,26.51331,-6.209108,44.28226,10.99019
1595,26.53003,-13.32934,39.94957,-1.075325
1596,26.54663,-13.15015,31.36422,-4.195537
1597,26.56335,-11.97298,42.58297,0.7539655
1598,26.58008,-11.97298,42.58297,0.7539655
1599,26.59656,-19.14594,42.50912,-13.0208
1600,26.61346,-24.31163,49.71453,-17.71136
1601,26.63,-29.84602,50.0729,-18.08483
1602,26.64661,-31.90249,33.24788,-9.191275
1603,26.66327,-33.35301,37.51814,-18.67516
1604,26.67999,-33.35301,37.51814,-18.67516
1605,26.69659,-20.97396,26.14095,-6.766476
1606,26.7132,-20.01636,37.73545,-14.06218
1607,26.72998,-9.373648,32.46066,-4.672744
1608,26.74664,-9.47524,42.42068,-10.43008
1609,26.7641,-5.638917,33.26715,-0.6256782
1610,26.78033,-5.638917,33.26715,-0.6256782
1611,26.79663,-2.791079,31.9283,-0.5926809
1612,26.81329,-10.17684,17.92987,6.977255
1613,26.82996,-17.29638,24.70291,5.111377
1614,26.84662,-17.88511,5.474981,12.66252
1615,26.86334,-37.56685,2.773396,9.122856
1616,26.88,-37.56685,2.773396,9.122856
1617,26.89655,-83.01575,-2.828167,14.48674
1618,26.91351,-115.6658,-3.340321,15.45436
1619,26.92993,-111.1773,-3.74266,19.10765
1620,26.94659,-144.5022,-4.050722,15.87627
1621,26.96326,-141.75,-3.690096,16.29985
1622,26.97992,-141.75,-3.690096,16.29985
1623,26.99658,-125.7829,-3.343007,23.02386
1624,27.01324,-94.86326,-2.704583,24.57575
1625,27.02991,-86.78187,-2.07986,19.24139
1626,27.04663,-71.17628,-1.484123,14.62531
1627,27.06372,-51.26334,-0.9821048,11.56017
1628,27.08002,-51.26334,-0.9821048,11.56017
1629,27.09656,-31.63834,-0.7097322,15.93997
1630,27.11322,-25.56831,-0.4580415,10.06579
1631,27.13007,-21.25242,-0.2276141,2.242731
1632,27.14655,-23.29667,-0.0904133,-4.654656
1633,27.16327,-22.762,-0.05626003,-6.086819
1634,27.18005,-22.762,-0.05626003,-6.086819
1635,27.19647,-0.8319078,-3.872855e-06,-0.323344
1636,27.21344,9.101236,0.05833735,0.7930626
1637,27.22992,9.246492,0.04423362,1.540812
1638,27.24646,11.64698,0.09093627,0.4378623
1639,27.26324,10.67642,0.09195387,0.1350461
1640,27.27997,10.67642,0.09195387,0.1350461
1641,27.29657,4.238954,4.674365e-06,1.618305
1642,27.31317,7.138609,3.878272e-08,2.715552
1643,27.3299,13.26927,1.698541e-10,5.022712
1644,27.34644,11.91842,-0.8224294,18.45884
1645,27.36322,18.79611,-7.202734,20.03957
1646,27.37994,18.79611,-7.202734,20.03957
1647,27.39648,26.69334,-20.18532,19.53982
1648,27.41315,31.76458,-35.61554,29.67832
1649,27.42987,27.05927,-29.27507,29.46906
1650,27.44653,34.91345,-25.18303,27.63748
1651,27.46332,41.01593,-31.76671,27.89544
1652,27.47986,41.01593,-31.76671,27.89544
1653,27.4967,14.42457,-24.81996,22.51958
1654,27.51318,2.392655,-28.52674,26.9259
1655,27.52991,-4.171696,-26.97461,21.63633
1656,27.54651,-3.945011,-26.30603,12.25918
1657,27.56329,-3.359444,-30.2324,10.35435
1658,27.58002,-3.359444,-30.2324,10.35435
1659,27.5965,-4.388333,-18.83231,5.547805
1660,27.61316,-1.362342,-14.61927,1.201459
1661,27.62988,-12.57597,-1.037504,-5.200728
1662,27.64648,-12.29772,0.09756693,-11.58735
1663,27.66321,-11.98452,0.001975549,-4.119118
1664,27.67981,-11.98452,0.001975549,-4.119118
1665,27.69653,-13.47882,0.0008044185,-4.584866
1666,27.71326,-11.34146,7.532604,-20.69254
1667,27.72986,-18.66767,8.380495,-9.572389
1668,27.74646,-21.79565,10.26077,-11.35428
1669,27.76318,-24.04059,4.069131,-23.10645
1670,27.77979,-24.04059,4.069131,-23.10645
1671,27.79651,-20.05656,0.003386137,-7.179592
1672,27.81329,-18.72099,6.909049,-9.358919
1673,27.82977,-6.840184,3.644136,-3.860182
1674,27.84662,-0.05218474,2.165843,-0.8431134
1675,27.86316,-0.2476737,0.001523556,0.6770567
1676,27.87982,-0.2476737,0.001523556,0.6770567
1677,27.89661,-3.2299e-05,1.986861e-07,8.829461e-05
1678,27.91321,4.749888,-12.21332,6.352315
1679,27.92981,12.97697,-1.819942,5.371069
1680,27.94653,-4.111742,-12.49088,16.99519
1681,27.96313,10.41619,-13.41442,12.79314
1682,27.97986,10.41619,-13.41442,12.79314
1683,27.99646,9.90852,-16.97426,12.6353
1684,28.01306,8.304505,-18.38431,22.97623
1685,28.02972,9.418101,-21.89651,11.45641
1686,28.04688,8.017087,-13.9338,7.883456
1687,28.06299,4.113367,-16.45468,4.640316
1688,28.07983,4.113367,-16.45468,4.640316
1689,28.09631,12.33137,-6.626278,6.613131
1690,28.1131,16.0693,-0.08653461,10.80583
1691,28.12976,8.755296,-0.1257336,17.08906
1692,28.14642,11.53272,-0.09151501,16.32798
1693,28.16309,9.305847,-0.02279173,6.572516
1694,28.17975,9.305847,-0.02279173,6.572516
1695,28.19672,2.635369,-0.0103786,2.938475
1696,28.21307,1.63179,-0.000761417,0.7046353
1697,28.22974,-0.2217029,-0.003358812,0.7159389
1698,28.2464,-0.00253178,-3.835661e-05,0.008175805
1699,28.26306,-1.108827e-05,-1.679879e-07,3.580702e-05
1700,28.27979,-1.108827e-05,-1.679879e-07,3.580702e-05
1701,28.29645,-1.584262,0.6775854,4.782062
1702,28.31305,-2.084434,1.986591,6.291823
1703,28.32965,-4.313159,2.828408,7.408641
1704,28.34662,-0.5679734,9.264689,1.67834
1705,28.3631,11.33284,2.503293,4.878824
1706,28.37982,11.33284,2.503293,4.878824
1707,28.39636,-2.53707,0.1521765,11.82886
1708,28.41321,-6.354193,0.0958641,22.38187
1709,28.42993,-1.086197,0.1603214,24.01076
1710,28.44635,0.3347302,0.2917509,29.10285
1711,28.46313,0.7645503,0.3372621,25.14444
1712,28.47974,0.7645503,0.3372621,25.14444
1713,28.4964,-3.878197,0.4716373,23.08693
1714,28.51306,-1.793912,0.2186496,9.866996
1715,28.52972,-4.349405,0.0519006,13.31122
1716,28.54633,-3.664363,0.2716625,10.34951
1717,28.56305,-2.478732,0.1287317,4.380623
1718,28.58008,-2.478732,0.1287317,4.380623
1719,28.59644,-5.267483,0.4942575,15.99664
1720,28.61304,-3.424892,1.268798,10.40953
1721,28.6297,-1.480387,9.938717,4.499485
1722,28.64655,0.0989208,1.055037,-0.3006597
1723,28.66302,0.001129646,0.0120482,-0.003433443
1724,28.67963,0.001129646,0.0120482,-0.003433443
1725,28.69635,5.280783,-0.5027689,-16.05041
1726,28.71301,5.132699,-0.4484853,-15.60032
1727,28.73016,7.556329,-0.5912462,-22.9667
1728,28.74634,8.83744,0.3730994,-26.8605
1729,28.763,8.406692,2.372687,-26.12934
1730,28.77979,8.406692,2.372687,-26.12934
1731,28.79633,14.80063,13.2305,-45.14107
1732,28.81299,16.70852,13.3725,-50.57566
1733,28.82971,19.63644,14.52273,-59.43591
1734,28.84625,16.97852,2.368435,-51.39087
1735,28.86298,13.73457,0.7424611,-41.57202
1736,28.87976,13.73457,0.7424611,-41.57202
1737,28.89624,29.8465,20.29117,-1.486241
1738,28.9129,32.24969,25.17456,0.7094578
1739,28.92969,41.89724,41.56105,-2.782156
1740,28.94629,32.46965,29.64739,8.918353
1741,28.96301,22.42317,22.42088,20.87298
1742,28.97974,22.42317,22.42088,20.87298
1743,28.9964,31.84243,18.38849,55.33534
1744,29.013,35.14779,20.58067,58.18595
1745,29.02966,25.71957,26.29753,54.64027
1746,29.04633,21.69182,19.68879,49.19505
1747,29.06299,10.83832,14.18559,45.53411
1748,29.07971,10.83832,14.18559,45.53411
1749,29.09631,-11.96496,17.87523,50.35741
1750,29.11365,-11.54208,21.4864,43.65532
1751,29.12964,-10.75098,20.74683,39.97471
1752,29.14624,-14.02117,13.36372,33.40593
1753,29.16302,-19.51354,5.332983,29.37457
1754,29.17957,-19.51354,5.332983,29.37457
1755,29.19653,-13.16779,3.014689,23.97893
1756,29.21301,-16.54732,2.185253,22.56069
1757,29.22968,-19.75051,2.744127,25.37722
1758,29.24634,-12.7114,1.955214,15.12606
1759,29.26312,-7.52814,0.5417376,2.915942
1760,29.27979,-7.52814,0.5417376,2.915942
1761,29.29614,-12.88916,-0.5453656,-11.6111
1762,29.31287,-17.78956,-7.448842,-24.72147
1763,29.32971,-40.91524,-10.48712,-37.28958
1764,29.34631,-58.33151,-17.52838,-40.45149
1765,29.36285,-72.06816,-15.69015,-48.84886
1766,29.37964,-72.06816,-15.69015,-48.84886
1767,29.39636,-58.20592,-4.725335,-37.72494
1768,29.41302,-44.75973,-0.7138368,-30.00311
1769,29.42957,-31.21264,-0.9044393,-30.55947
1770,29.44623,-23.74719,-0.7792783,-25.94426
1771,29.46295,-16.2742,-1.074694,-31.33134
1772,29.47961,-16.2742,-1.074694,-31.33134
1773,29.49628,-5.055633,-10.56704,-35.33355
1774,29.51288,2.655183,-20.65682,-34.50435
1775,29.52985,7.86132,-33.33998,-30.08144
1776,29.54626,-2.195218,-31.20776,-27.95793
1777,29.56287,-0.6675991,-25.47778,-25.58429
1778,29.57983,-0.6675991,-25.47778,-25.58429
1779,29.59625,-6.975665,-18.86265,-21.08124
1780,29.61285,1.505279,-17.43019,-6.418034
1781,29.62952,4.633827,-15.33526,-8.521976
1782,29.64618,0.329779,-7.436433,-0.8481894
1783,29.6629,14.02426,-2.563624,1.014339
1784,29.6795,14.02426,-2.563624,1.014339
1785,29.69629,2.270645,-18.67701,8.123246
1786,29.71295,-1.984156,-22.83699,8.134869
1787,29.72955,-1.585525,-16.46081,5.757265
1788,29.74622,9.03246,-17.2171,9.935734
1789,29.76288,-4.241361,-15.39965,11.85318
1790,29.77948,-4.241361,-15.39965,11.85318
1791,29.79639,-1.959968,-15.98931,5.296025
1792,29.81287,-1.541016,-12.63813,4.163969
1793,29.82953,-2.242772,-18.56274,6.060176
1794,29.84625,-2.52166,-23.07937,6.813759
1795,29.86285,-0.5191856,-20.66212,-3.782068
1796,29.87958,-0.5191856,-20.66212,-3.782068
1797,29.89618,-1.704191,-15.43735,4.598882
1798,29.91284,2.762286,-16.33788,6.065944
1799,29.9295,-0.2571359,-2.407047,0.754077
1800,29.94635,-0.9393083,-8.192724,2.538357
1801,29.96289,-1.881381,-16.49836,5.083668
1802,29.97949,-1.881381,-16.49836,5.083668
1803,29.99622,4.097615,-6.005321,-13.11682
1804,30.01294,0.6295932,-6.039763,-1.720588
1805,30.02942,1.866757,-3.407974,-5.031577
1806,30.04614,0.4795442,-0.4860832,-1.292507
1807,30.06287,8.189096,-0.002930132,3.025617
1808,30.07953,8.189096,-0.002930132,3.025617
1809,30.09619,4.494171,-3.82117e-07,1.661117
1810,30.11292,1.655081,-2.303419e-09,0.6109712
1811,30.12958,11.26879,4.66574,6.344738
1812,30.14618,0.1286861,0.05328134,0.07245499
1813,30.16278,-2.501468,0.6751565,7.343586
1814,30.18005,-2.501468,0.6751565,7.343586
1815,30.19617,0.4209712,19.5702,2.68401
1816,30.21289,-1.314495,20.43719,3.631963
1817,30.22961,-0.3810811,30.91558,6.292607
1818,30.24609,1.014129,26.48244,11.05067
1819,30.26276,9.330624,37.33956,17.68213
1820,30.27948,9.330624,37.33956,17.68213
1821,30.29614,5.781521,46.08606,23.91439
1822,30.31274,8.924459,67.63354,16.9584
1823,30.3302,18.34014,66.70647,23.0745
1824,30.34613,9.688183,68.71115,24.81664
1825,30.36285,2.807934,53.27747,17.8719
1826,30.37946,2.807934,53.27747,17.8719
1827,30.39612,-4.313298,27.9105,16.17777
1828,30.41284,1.351756,24.97246,19.41709
1829,30.42944,-5.822864,19.5514,17.35689
1830,30.44611,-5.641457,12.52086,16.2254
1831,30.46277,-7.294727,1.41049,20.97379
1832,30.47949,-7.294727,1.41049,20.97379
1833,30.49609,-7.001555,-1.994441,20.13083
1834,30.51276,-6.319969,-3.347333,18.17114
1835,30.52942,-7.687825,-6.338901,22.10399
1836,30.54608,-10.51689,-11.37423,30.23811
1837,30.56281,-6.138793,-1.999704,38.30563
1838,30.57947,-6.138793,-1.999704,38.30563
1839,30.59613,-5.646745,4.173378,47.38457
1840,30.61285,-1.294953,5.337965,58.28736
1841,30.62958,3.310504,4.29212,45.64417
1842,30.64612,6.136657,5.264933,40.76556
1843,30.66284,3.007446,4.933248,47.18552
1844,30.67944,3.007446,4.933248,47.18552
1845,30.69611,2.813037,4.382329,39.02098
1846,30.71338,4.709255,3.37671,30.01017
1847,30.72937,-2.946788,3.699206,29.19461
1848,30.74609,-2.019343,3.576368,27.75508
1849,30.763,4.241645,3.262063,26.72056
1850,30.77948,4.241645,3.262063,26.72056
1851,30.79614,-0.940459,2.485394,18.31059
1852,30.81268,0.632382,1.522101,11.43256
1853,30.82959,-1.010829,2.904615,20.79203
1854,30.84619,7.701774,1.917066,16.1476
1855,30.86353,2.306694,2.929004,14.47244
1856,30.87946,2.306694,2.929004,14.47244
1857,30.89606,-7.23443,4.359561,25.05745
1858,30.91266,-7.483718,4.327594,23.70351
1859,30.92957,6.605571,3.685968,25.84483
1860,30.94611,-1.666226,4.392186,27.25779
1861,30.96283,11.2821,7.679137,50.61802
1862,30.97943,11.2821,7.679137,50.61802
1863,30.99609,15.44461,6.781545,43.94522
1864,31.01276,4.983811,7.465985,39.32752
1865,31.02942,1.694474,6.670883,34.85205
1866,31.04608,8.387234,6.29024,30.81095
1867,31.06274,12.93266,5.179937,31.06922
1868,31.07959,12.93266,5.179937,31.06922
1869,31.09607,9.664074,1.53327,10.72607
1870,31.11267,3.367631,0.3310387,2.678844
1871,31.12939,2.123957,0.0554603,0.9010608
1872,31.146,0.009302151,0.0002428957,0.003946315
1873,31.16272,4.074001e-05,1.063794e-06,1.728341e-05
1874,31.1795,4.074001e-05,1.063794e-06,1.728341e-05
1875,31.19598,12.4264,8.454662,-0.06827831
1876,31.21265,14.14964,8.330272,0.4633434
1877,31.22968,18.02122,4.517299,3.195246
1878,31.24622,21.82407,2.639116,12.66641
1879,31.26282,25.67797,1.002959,6.896854
1880,31.27936,25.67797,1.002959,6.896854
1881,31.29602,3.48308,-2.547681,-12.05758
1882,31.31274,-0.03944932,-3.963011,-20.47435
1883,31.32928,1.302885,-6.607156,-34.49648
1884,31.34607,-7.846133,-7.884954,-45.15793
1885,31.36279,-6.842962,-12.56543,-53.03074
1886,31.37939,-6.842962,-12.56543,-53.03074
1887,31.39642,-11.07586,-10.29499,-67.03931
1888,31.41272,-8.827078,-10.79731,-72.72757
1889,31.4295,-10.89052,-9.392816,-67.31662
1890,31.44598,-18.62407,-10.42272,-81.60232
1891,31.46271,-25.72219,-9.977746,-86.25471
1892,31.47937,-25.72219,-9.977746,-86.25471
1893,31.49615,-22.72042,-25.01113,-88.03386
1894,31.51276,-15.54424,-15.22482,-79.78386
1895,31.5293,-1.441374,-28.4622,-81.1603
1896,31.54645,-8.499088,-12.05382,-83.90026
1897,31.56274,-4.795799,-15.71162,-75.83301
1898,31.57928,-4.795799,-15.71162,-75.83301
1899,31.59595,-9.22269,-21.14638,-80.17058
1900,31.61273,-12.11635,-17.48938,-73.18182
1901,31.62933,1.758,-16.25885,-61.6433
1902,31.64606,9.810501,-8.950627,-45.65805
1903,31.66266,11.19067,-0.7826638,-30.89447
1904,31.67932,11.19067,-0.7826638,-30.89447
1905,31.69598,16.27831,-0.5351475,-43.9855
1906,31.71265,20.80424,-0.2686792,-56.21499
1907,31.72931,14.37905,-14.30111,-56.65019
1908,31.74597,20.65925,-21.51276,-55.83029
1909,31.76276,19.34552,-27.05326,-52.20788
1910,31.77936,19.34552,-27.05326,-52.20788
1911,31.79614,15.53642,-21.76528,-41.02485
1912,31.81262,15.62044,-20.38376,-42.20215
1913,31.82922,14.03776,-25.33142,-37.93127
1914,31.84595,15.22342,-29.3951,-41.13508
1915,31.86261,4.987123,-35.38428,-38.78242
1916,31.87939,4.987123,-35.38428,-38.78242
1917,31.89594,7.936309,-46.85915,-43.9746
1918,31.9126,9.219859,-44.0099,-43.53656
1919,31.92969,9.032795,-39.04871,-24.15507
1920,31.94592,8.151681,-29.19107,-21.72457
1921,31.96259,4.634216,-19.53004,-12.35017
1922,31.97943,4.634216,-19.53004,-12.35017
1923,31.99609,7.612537,-27.0862,-20.28739
1924,32.01263,10.64048,-31.42703,-28.32144
1925,32.0293,1.832596,-39.26495,-25.83096
1926,32.04584,3.344295,-34.90346,-15.6345
1927,32.06262,2.646854,-32.04384,-7.087057
1928,32.07916,2.646854,-32.04384,-7.087057
1929,32.09583,4.390744,-25.42967,-11.62179
1930,32.11261,5.109237,-24.59902,-14.48212
1931,32.12946,6.202886,-23.22778,-16.40256
1932,32.14594,5.201362,-25.66284,-13.7413
1933,32.1626,-4.128978,-22.10155,-12.3657
1934,32.17932,-4.128978,-22.10155,-12.3657
1935,32.19586,3.859867,-1.036234,-10.79764
1936,32.21277,3.447679,1.231076,-9.068601
1937,32.22919,0.04304077,0.01667085,-0.1131775
1938,32.24579,0.0004915126,0.0001903761,-0.001292452
1939,32.26263,4.079052e-06,1.57953e-06,-1.072295e-05
1940,32.27942,4.079052e-06,1.57953e-06,-1.072295e-05
1941,32.29578,9.366565,0.0,3.558669
1942,32.31281,1.44133,10.06873,17.00813
1943,32.32928,8.461152,12.75297,21.29107
1944,32.34589,4.397848,12.488,17.30657
1945,32.36267,7.804549,13.04975,22.48863
1946,32.37927,7.804549,13.04975,22.48863
1947,32.39594,-0.08681318,14.90697,18.99565
1948,32.4126,3.931596,15.54117,19.45086
1949,32.4292,6.549357,19.0508,22.44495
1950,32.44604,2.402829,22.07354,24.2742
1951,32.45105,-1.958097,30.79113,27.33571
1952,32.46252,-1.958097,30.79113,27.33571
1953,32.47925,-6.940236,20.12274,28.18074
1954,32.49591,-9.287213,10.61558,25.86367
1955,32.51251,-7.236438,-1.836453,20.11082
1956,32.52924,-2.991753,-1.951281,6.920506
1957,32.5459,-10.4446,-18.09433,2.869762
1958,32.5625,-10.4446,-18.09433,2.869762
1959,32.57916,-4.360816,-36.78327,9.699773
1960,32.59576,-2.591093,-43.58382,7.113302
1961,32.61243,-0.8989984,-31.35365,-6.607785
1962,32.62915,-7.987803,-28.50909,-1.234045
1963,32.64581,-11.25044,-29.68576,-1.971641
1964,32.66254,-11.25044,-29.68576,-1.971641
1965,32.67914,-0.3105316,-2.744622,0.6494206
1966,32.69623,0.6208261,6.815019,-1.680486
1967,32.71259,-3.2913,12.54923,8.904637
1968,32.72919,0.03717756,14.39491,1.106941
1969,32.74585,0.3653662,11.40835,-0.9844609
1970,32.7627,0.3653662,11.40835,-0.9844609
1971,32.77917,0.5232909,1.495172,5.352653
1972,32.7959,12.56882,6.850646,13.72076
1973,32.81262,15.53411,17.2598,10.37286
1974,32.82922,20.48608,13.3931,15.36583
1975,32.84583,23.87311,12.63947,8.37644
1976,32.86249,23.87311,12.63947,8.37644
1977,32.87921,21.66252,0.1353937,7.508856
1978,32.89587,14.48719,0.0005929746,4.978634
1979,32.91254,20.71838,3.574479e-06,7.04395
1980,32.92938,18.29632,2.154713e-08,6.170168
1981,32.9458,16.14301,0.0,5.399674
1982,32.96246,16.14301,0.0,5.399674
1983,32.97913,3.221739,0.8356366,-8.464043
1984,32.99591,0.01411003,0.003659781,-0.0370694
1985,33.01251,6.179676e-05,1.60285e-05,-0.0001623503
1986,33.02905,5.127213e-07,1.329868e-07,-1.347004e-06
1987,33.04584,3.771239e-09,1.103377e-09,-1.133654e-08
1988,33.06244,3.771239e-09,1.103377e-09,-1.133654e-08
1989,33.07959,0.0,0.0,0.0
1990,33.09583,-1.124998,-0.3272792,3.377166
1991,33.11249,-5.663778,-0.002715401,-1.858165
1992,33.12921,-4.154607,-2.25294e-05,-1.387517
1993,33.14575,-0.1097661,-0.507589,0.1112783
1994,33.16248,-0.1097661,-0.507589,0.1112783
1995,33.17908,-2.109046,0.2033537,-8.367815
1996,33.19574,-2.363939,0.009486491,-0.9477137
1997,33.2124,-7.007308,4.154735e-05,-2.366991
1998,33.22913,-0.1241831,3.44714e-07,-0.04194137
1999,33.24579,-0.2294416,2.949593e-09,-0.07758608
2000,33.26245,-0.2294416,2.949593e-09,-0.07758608
2001,33.27905,-6.057403e-06,0.0,-2.048321e-06
2002,33.29596,1.603349,0.1285708,-0.9214503
2003,33.31268,11.48628,0.0005630931,3.861915
2004,33.3291,8.521753,3.394352e-06,2.862095
2005,33.34589,0.6404272,-1.188679,13.78832
2006,33.36261,0.6404272,-1.188679,13.78832
2007,33.37921,7.239259,-0.09110173,3.449025
2008,33.39587,1.759063,-0.9978003,12.16826
2009,33.41241,6.563443,-1.238843,13.67328
2010,33.42908,7.330369,-1.245148,17.08262
2011,33.44586,14.99022,-0.3255948,8.724648
2012,33.46228,14.99022,-0.3255948,8.724648
2013,33.47913,20.80573,-0.04077899,6.646533
2014,33.49573,24.82573,-11.77709,11.17545
2015,33.51245,24.63143,-0.2974565,9.593668
2016,33.52917,20.38926,-0.9571118,17.7642
2017,33.54584,20.75996,-0.4010491,11.14073
2018,33.56238,20.75996,-0.4010491,11.14073
2019,33.5791,-1.252802,-0.8821583,10.6742
2020,33.59564,-3.928156,-1.176866,13.71452
2021,33.61237,-0.8033329,-0.296968,3.535242
2022,33.62915,-0.3554892,-2.516744,1.202118
2023,33.64563,1.17762,-0.9905475,4.41547
2024,33.66229,1.17762,-0.9905475,4.41547
2025,33.67944,0.8616152,-0.6288367,8.438777
2026,33.6958,3.68624,-0.1194706,2.662036
2027,33.7124,7.543745,-0.2203873,5.153989
2028,33.729,-1.727897,-0.606477,7.683971
2029,33.74573,-0.1248809,-1.197259,16.48331
2030,33.76239,-0.1248809,-1.197259,16.48331
2031,33.77905,-3.68003,-0.9498878,12.54438
2032,33.79572,-1.458223,-2.839387,4.970437
2033,33.81238,-5.038451,-13.81657,17.17383
2034,33.82898,-3.068933,-5.542134,10.46062
2035,33.84564,1.058762,-1.906517,0.9615483
2036,33.86255,1.058762,-1.906517,0.9615483
2037,33.87909,-3.903655,-0.9720275,13.34661
2038,33.89563,7.759714,-0.1757767,4.974178
2039,33.91278,10.38439,-2.075243,7.531904
2040,33.92908,12.32827,-0.3581195,8.988538
2041,33.94568,17.6926,-3.460371,6.108521
2042,33.9624,17.6926,-3.460371,6.108521
2043,33.979,23.03703,-9.534067,9.365368
2044,33.99573,22.14635,-6.771177,10.64914
2045,34.01245,20.64844,-0.06324179,6.16617
2046,34.02899,22.58768,-0.1872214,9.124728
2047,34.04565,16.1947,-0.6408972,15.04532
2048,34.06238,16.1947,-0.6408972,15.04532
2049,34.07898,11.94261,-0.5388663,12.47759
2050,34.09564,11.04696,-0.3903261,9.791802
2051,34.1123,16.86472,-0.5816962,14.94595
2052,34.12903,11.71603,-0.7573146,17.23238
2053,34.14569,19.13391,-0.1702816,8.010803
2054,34.16229,19.13391,-0.1702816,8.010803
2055,34.17896,32.12733,-0.10473,9.790289
2056,34.19556,25.88374,-9.049047,11.24331
2057,34.21259,21.05827,-0.05454808,4.92193
2058,34.22888,10.0992,-0.0002389006,2.319546
2059,34.23102,12.3272,-1.046297e-06,2.815096
2060,34.24567,12.3272,-1.046297e-06,2.815096
2061,34.26233,0.0003254458,0.0,7.432029e-05
2062,34.27899,2.700189e-06,0.0,6.166277e-07
2063,34.29572,-1.469649,0.03915323,-1.105612
2064,34.3125,1.736528,0.4113415,-7.622771
2065,34.32904,0.03431189,0.00810828,-0.1502398
2066,34.34558,0.03431189,0.00810828,-0.1502398
2067,34.36261,0.3915632,6.569441,-1.711398
2068,34.37885,0.558905,12.0006,-2.442796
2069,34.39563,-8.339232,0.2596185,-1.967221
2070,34.41229,-0.03652278,0.001137034,-0.008615706
2071,34.42908,-0.0003030256,9.433848e-06,-7.148361e-05
2072,34.44562,-0.0003030256,9.433848e-06,-7.148361e-05
2073,34.46228,-8.011689e-09,0.0,-1.83652e-09
2074,34.47925,0.0,0.0,0.0
2075,34.49567,-2.331918,0.0,-0.5355549
2076,34.51257,-12.59746,0.0,-2.904077
2077,34.52893,-7.550425,0.0,-1.747131
2078,34.54559,-7.550425,0.0,-1.747131
2079,34.56219,-0.01055329,0.0,-0.002446551
2080,34.5799,-6.361571e-05,0.0,-1.474792e-05
2081,34.59558,2.586683,0.0,0.5974252
2082,34.61224,19.09423,0.0,4.360446
2083,34.62891,18.95121,0.0,4.27043
2084,34.64557,18.95121,0.0,4.27043
2085,34.66223,25.75729,0.3316987,-1.584604
2086,34.67889,24.7455,0.001999495,5.276621
2087,34.69562,15.28063,1.205305e-05,3.238946
2088,34.71216,3.476522,7.265637e-08,0.730983
2089,34.729,0.1124363,3.561144e-10,0.02359294
2090,34.74585,0.1124363,3.561144e-10,0.02359294
2091,34.76227,-1.666287,0.0,-0.3503587
2092,34.77893,-6.213922,-6.285155,0.4044821
2093,34.79553,-12.17811,-0.02752667,-2.568793
2094,34.81219,-7.328784,-0.6685911,11.53268
2095,34.82892,-13.35128,-0.002928184,-2.795835
2096,34.84552,-13.35128,-0.002928184,-2.795835
2097,34.86218,-7.540322,-0.1515537,1.444202
2098,34.87891,-1.578275,-0.3538162,6.994647
2099,34.89575,-1.007207,-0.2305187,4.683363
2100,34.91217,-3.690646,-2.618864,17.16652
2101,34.92877,-4.415703,-9.043019,20.53903
2102,34.94556,-4.415703,-9.043019,20.53903
2103,34.96216,-12.25142,-5.956369,13.49649
2104,34.979,-9.974974,-3.300981,12.76522
2105,34.99561,-10.27542,-4.814336,12.91957
2106,35.01221,-17.5265,-11.7025,15.34069
2107,35.02893,-20.78631,-11.61372,4.757729
2108,35.04578,-20.78631,-11.61372,4.757729
2109,35.06213,-26.23734,-8.335812,14.59924
2110,35.07898,-23.87019,-0.950022,16.89985
2111,35.09552,-13.08458,-0.5218948,16.45545
2112,35.11224,-8.959028,-1.403062,15.48845
2113,35.12897,-2.938154,-0.2407041,9.411597
2114,35.14557,-2.938154,-0.2407041,9.411597
2115,35.16217,-3.347577,-3.065686,14.33262
2116,35.17877,-1.335279,-2.051764,5.717016
2117,35.19568,-10.71964,-2.827473,6.248374
2118,35.21222,-5.128832,-12.68443,2.141027
2119,35.22876,-12.83034,-10.11836,-0.04270252
2120,35.24554,-12.83034,-10.11836,-0.04270252
2121,35.26221,-7.605065,-4.559286,-0.6517718
2122,35.27875,-15.87428,-8.701363,-1.606439
2123,35.29541,-21.30717,-3.591802,-4.262004
2124,35.31232,-33.21859,-9.159188,-5.876101
2125,35.3288,-41.82548,-0.3587088,6.628946
2126,35.34576,-41.82548,-0.3587088,6.628946
2127,35.36218,-30.12953,-0.1941202,5.11372
2128,35.37885,-26.86757,-0.182904,6.991445
2129,35.39545,-24.51597,-0.1672807,8.651553
2130,35.41211,-30.35762,-0.1759183,11.26013
2131,35.42883,-32.34972,-0.1575555,13.42449
2132,35.44556,-32.34972,-0.1575555,13.42449
2133,35.46216,-35.82839,-12.64808,4.307926
2134,35.47876,-38.18222,-3.575788,11.62572
2135,35.49579,-36.18214,-9.954245,8.728629
2136,35.51202,-37.06413,-4.013583,10.47368
2137,35.52887,-43.57097,-3.637389,11.26462
2138,35.54547,-43.57097,-3.637389,11.26462
2139,35.55103,-48.43936,-0.4126543,11.55341
2140,35.56201,-41.29495,-1.53288,9.921192
2141,35.57874,-21.15518,-6.383425,10.21987
2142,35.5954,-17.12367,-12.17645,15.768
2143,35.61212,-12.59728,-4.566125,12.49437
2144,35.62885,-12.59728,-4.566125,12.49437
2145,35.64551,-4.005954,0.1874309,12.27608
2146,35.66205,-0.5522165,-7.236958,1.692453
2147,35.67877,-3.982922,0.1911824,12.20705
2148,35.69537,-0.05180547,-0.3758044,0.1587759
2149,35.7121,-0.1942923,-0.3997846,0.5954764
2150,35.72882,-0.1942923,-0.3997846,0.5954764
2151,35.74567,-0.0521286,-0.7094507,0.1597663
2152,35.76208,-0.0004325055,-0.005886239,0.001325564
2153,35.77875,0.4749627,-3.548254e-05,0.1547638
2154,35.79535,0.002080162,-1.554005e-07,0.0006778085
2155,35.81207,1.725898e-05,0.0,5.623416e-06
2156,35.82886,1.725898e-05,0.0,5.623416e-06
2157,35.84546,3.408811,0.0,1.109127
2158,35.86206,1.799399,0.0,0.5846534
2159,35.87872,3.968622,0.0,1.285862
2160,35.89532,1.520771,0.0,0.4913591
2161,35.91205,1.549364,0.0,0.4991905
2162,35.92871,1.549364,0.0,0.4991905
2163,35.9458,0.03783711,0.0,0.01215642
2164,35.96222,0.0001657126,0.0,5.324066e-05
2165,35.97888,0.1338961,0.0,0.0429578
2166,35.99542,6.730695,0.0,2.153302
2167,36.01208,9.977553,0.0,3.178483
2168,36.02887,9.977553,0.0,3.178483
2169,36.04541,0.006270319,0.0,0.001994654
2170,36.06207,3.779778e-05,0.0,1.202387e-05
2171,36.07874,2.278468e-07,0.0,7.248045e-08
2172,36.09601,0.3708787,0.0,0.1178125
2173,36.11206,3.792601,0.0,1.201316
2174,36.12872,3.792601,0.0,1.201316
2175,36.14539,0.02063373,0.0,0.00651712
2176,36.16199,0.0002356309,0.0,7.442353e-05
2177,36.17865,1.955005e-06,0.0,6.174843e-07
2178,36.19531,-4.860147,0.0,-1.539464
2179,36.2121,-4.745364,0.0,-1.505253
2180,36.2287,-4.745364,0.0,-1.505253
2181,36.24536,-8.945709,0.05587278,-0.1350095
2182,36.26202,-8.810769,0.1136776,2.509116
2183,36.27869,-10.59617,0.3365644,11.55316
2184,36.29535,-6.847416,0.06746802,0.7416097
2185,36.31201,-5.688672,0.3104829,10.86921
2186,36.32874,-5.688672,0.3104829,10.86921
2187,36.34534,-10.81347,0.546213,15.78802
2188,36.362,-20.72427,2.066927,17.45841
2189,36.37866,-17.6714,0.5222222,9.771189
2190,36.39532,-8.414524,0.5778368,13.63422
2191,36.41205,-3.684001,0.1455701,2.790194
2192,36.42877,-3.684001,0.1455701,2.790194
2193,36.44531,-1.2625,0.2323048,5.581915
2194,36.46198,-0.846482,0.1660823,3.924742
2195,36.47992,4.264173,0.04037059,2.402493
2196,36.49536,-0.09023276,0.01609642,0.3698503
2197,36.51208,6.300475,0.04165415,3.076148
2198,36.52863,6.300475,0.04165415,3.076148
2199,36.54547,1.030468,5.30659e-05,0.3361067
2200,36.56201,13.84898,4.402822e-07,4.480885
2201,36.57886,13.97868,1.928274e-09,4.503798
2202,36.59521,15.34565,0.0,4.923335
2203,36.612,10.75689,0.0,3.431624
2204,36.62909,10.75689,0.0,3.431624
2205,36.64532,6.201756,3.861706,1.769555
2206,36.66193,8.73761,10.21148,0.1783217
2207,36.67871,12.5132,0.5570242,3.76096
2208,36.6955,10.4778,0.003357768,3.247051
2209,36.71198,16.80053,9.120321,2.871742
2210,36.72906,16.80053,9.120321,2.871742
2211,36.74536,17.00223,15.94356,1.086982
2212,36.76221,19.43859,20.06046,0.6614166
2213,36.77905,8.935779,16.23577,-1.571472
2214,36.79541,15.8249,12.70707,1.366558
2215,36.81207,6.321404,8.999561,-0.5089334
2216,36.82861,6.321404,8.999561,-0.5089334
2217,36.84534,16.59346,15.90816,3.3226
2218,36.862,11.38853,16.20107,12.98522
2219,36.8786,6.063619,16.81647,9.482401
2220,36.89526,-0.9374912,22.41846,13.4521
2221,36.91211,-2.763504,16.59122,9.666985
2222,36.92859,-2.763504,16.59122,9.666985
2223,36.9455,-4.292449,3.918534,14.83406
2224,36.96198,-5.027429,0.7996243,4.086767
2225,36.97876,-3.150565,0.6354079,10.76093
2226,36.99524,-2.202797,0.4519345,7.600157
2227,37.0119,-2.532985,0.5308512,8.740146
2228,37.02863,-2.532985,0.5308512,8.740146
2229,37.04541,-6.190346,0.2286917,2.169316
2230,37.06201,-7.540059,0.8861876,12.88168
2231,37.07861,-19.01628,0.8758274,9.12511
2232,37.09534,-11.06449,0.2208696,0.4231184
2233,37.11194,-4.855731,0.4715008,6.337478
2234,37.1286,-4.855731,0.4715008,6.337478
2235,37.13104,-13.25149,0.002563381,-3.910877
2236,37.1452,-1.070511,1.545218e-05,-0.3195582
2237,37.16235,-0.2696263,1.764593e-07,-0.08066781
2238,37.17859,-0.001180864,7.728267e-10,-0.0003532954
2239,37.19537,-0.1020579,-1.304475,0.34109
2240,37.21185,-0.1020579,-1.304475,0.34109
2241,37.22858,6.85972,-3.443896e-05,2.040113
2242,37.24573,3.50264,-3.399729,2.004828
2243,37.2619,-0.3456495,-9.835356,2.683725
2244,37.2785,-0.625226,-8.180442,2.120957
2245,37.29517,-0.7032142,-9.22437,2.375309
2246,37.31189,-0.7032142,-9.22437,2.375309
2247,37.32855,-0.006334667,-0.08350009,0.02139648
2248,37.34528,-9.956743e-05,-0.001312443,0.000336307
2249,37.362,-6.001972e-07,-7.911468e-06,2.027275e-06
2250,37.37878,2.621031,-0.5839275,-8.853005
2251,37.3952,3.582705,-0.004844785,0.9792165
2252,37.41187,3.582705,-0.004844785,0.9792165
2253,37.42853,4.395181,-0.09870444,-0.3656615
2254,37.44525,21.02697,-0.933619,-9.959768
2255,37.4621,28.3723,-1.13641,-11.91803
2256,37.47852,27.52187,-0.8976917,-8.461517
2257,37.4953,29.83598,-0.8260694,-7.143437
2258,37.5119,29.83598,-0.8260694,-7.143437
2259,37.52863,9.234926,-0.6962126,-11.38214
2260,37.54517,13.54548,-0.5686013,-8.015251
2261,37.56183,13.25627,-9.142812,1.734079
2262,37.57855,0.5879129,-0.1366688,-1.912049
2263,37.59521,0.009240706,-0.002135335,-0.03005424
2264,37.61188,0.009240706,-0.002135335,-0.03005424
2265,37.62848,15.14435,-0.3509941,-3.540353
2266,37.6452,4.04653,-0.6073283,-12.31943
2267,37.66193,7.220916,-0.0504248,0.8465409
2268,37.67847,0.1366972,-0.000414702,0.02798204
2269,37.69513,0.001134163,-3.440739e-06,0.000232164
2270,37.71179,0.001134163,-3.440739e-06,0.000232164
2271,37.72864,-0.1911486,0.03374632,0.7003132
2272,37.74524,-0.001152253,0.0002034244,0.004221521
2273,37.76208,-0.4945824,0.08808305,1.812007
2274,37.77844,-0.626013,-8.923454,2.29353
2275,37.79523,-7.395353,-7.517136,0.04041008
2276,37.81201,-7.395353,-7.517136,0.04041008
2277,37.82855,-14.38649,-10.40623,-1.136834
2278,37.84558,-22.14788,-7.887927,-4.015212
2279,37.86194,-15.98977,-1.923003,-4.114048
2280,37.87848,-13.16657,-5.681555,-4.93187
2281,37.89514,-12.55166,-6.176742,-3.070961
2282,37.9118,-12.55166,-6.176742,-3.070961
2283,37.92847,1.149676,-2.295191,-4.443474
2284,37.94507,0.01313147,-0.02621284,-0.05075242
2285,37.96179,10.21865,-0.1104323,2.722509
2286,37.97845,13.60104,-7.528439,5.832416
2287,37.99573,12.23409,-11.2415,6.383583
2288,38.01184,12.23409,-11.2415,6.383583
2289,38.02844,14.16452,-7.114727,6.551309
2290,38.0459,11.3335,-0.7377202,4.076415
2291,38.06183,-0.179464,-2.335907,10.95304
2292,38.07843,11.06039,-0.3107927,12.33901
2293,38.09503,11.87425,-6.767561,5.090648
2294,38.11182,11.87425,-6.767561,5.090648
2295,38.12842,20.6806,-13.94771,9.079601
2296,38.14539,19.72931,-7.393719,7.100683
2297,38.1618,15.46318,-0.9740462,4.311141
2298,38.17853,6.336358,-0.212869,1.710832
2299,38.19519,2.033537,-9.353659,2.89042
2300,38.21173,2.033537,-9.353659,2.89042
2301,38.22845,-0.8066184,-10.82942,3.234103
2302,38.24512,-1.649781,-15.52951,6.352533
2303,38.26178,-0.9823281,-8.234802,3.782026
2304,38.27838,-1.131055,-10.61623,4.354632
2305,38.2951,-0.4294172,-7.148398,1.653282
2306,38.31183,-0.4294172,-7.148398,1.653282
2307,38.32849,-0.08396468,-0.9575372,0.3232691
2308,38.34521,-0.1448871,-5.120783,2.644548
2309,38.36176,0.6506241,-3.688972,12.25149
2310,38.37848,-1.601552,-9.079848,6.355769
2311,38.39514,-2.624501,-13.17287,10.13949
2312,38.4118,-2.624501,-13.17287,10.13949
2313,38.42847,-5.031067,-0.2805588,19.43559
2314,38.44531,-4.003832,-13.21717,15.46726
2315,38.46173,-3.235522,-10.74035,12.49919
2316,38.47845,-4.043566,-11.56322,15.62076
2317,38.49512,9.383359,-19.36743,8.394711
2318,38.51172,9.383359,-19.36743,8.394711
2319,38.52838,14.75869,-13.6157,6.908211
2320,38.54517,18.74187,-11.57881,7.328329
2321,38.56177,21.08269,-8.105013,7.038934
2322,38.57837,18.8822,-8.207316,6.448646
2323,38.59515,9.190298,-5.51536,3.447854
2324,38.612,9.190298,-5.51536,3.447854
2325,38.62848,26.50969,-4.910913,7.308527
2326,38.64508,30.40144,-1.071234,-2.384497
2327,38.6618,34.20589,-12.10216,10.30393
2328,38.67859,40.03729,-0.6491748,-0.908841
2329,38.69513,37.75568,-7.138832,0.9491323
2330,38.71191,37.75568,-7.138832,0.9491323
2331,38.72845,22.46747,-0.1824661,1.461611
2332,38.74518,17.44345,-0.1182345,1.464551
2333,38.76172,14.51378,-0.2869895,-2.256217
2334,38.77875,3.355108,-0.001256909,0.6539148
2335,38.79535,0.2882846,-0.01518647,-0.2191795
2336,38.81177,0.2882846,-0.01518647,-0.2191795
2337,38.82886,1.320888,-0.3686459,-6.562984
2338,38.84509,0.20237,-0.05606039,-1.005504
2339,38.86176,0.9949725,-0.2735656,-4.943659
2340,38.87836,0.005997741,-0.001649066,-0.02980061
2341,38.89508,4.976263e-05,-1.368213e-05,-0.0002472526
2342,38.91174,4.976263e-05,-1.368213e-05,-0.0002472526
2343,38.92841,-0.4357797,-0.3985166,-7.638785
2344,38.94556,-3.404423,8.996511,-2.796292
2345,38.96179,-1.064799,0.05423139,-0.2283804
2346,38.97876,-1.560312,0.0003269094,-0.317448
2347,38.995,-7.664837,3.733206e-06,-1.565614
2348,39.01184,-7.664837,3.733206e-06,-1.565614
2349,39.02838,-14.2489,0.0,-2.928783
2350,39.04504,-2.788276,0.0,-0.5743097
2351,39.06171,-7.959943,0.0,-1.646359
2352,39.07831,-0.07945459,0.0,-0.01643363
2353,39.09521,-0.0009073472,0.0,-0.0001876671
2354,39.11163,-0.0009073472,0.0,-0.0001876671
2355,39.12836,-3.29706e-08,0.0,-6.819326e-09
2356,39.14502,-0.143883,0.03853733,0.6956567
2357,39.16174,13.46364,-0.7143635,2.937394
2358,39.17834,7.657915,-0.9488288,1.783128
2359,39.19495,3.63487,-0.3176016,1.552092
2360,39.21198,3.63487,-0.3176016,1.552092
2361,39.22833,-1.285821,0.3748057,10.0967
2362,39.24591,-0.2884646,-6.640848,1.432291
2363,39.26172,0.17832,-0.01674104,0.2651396
2364,39.27844,3.86727,-4.712449,1.800493
2365,39.29492,8.782181,-0.01499182,2.480151
2366,39.31171,8.782181,-0.01499182,2.480151
2367,39.32831,22.20517,-2.875608e-07,4.383636
2368,39.34546,34.17641,-1.73343e-09,6.615606
2369,39.36163,29.36647,0.0,5.559354
2370,39.37836,29.07654,0.0,5.393082
2371,39.39532,13.59981,0.0,2.482006
2372,39.41156,13.59981,0.0,2.482006
2373,39.42834,0.8545483,0.4784309,8.4297
2374,39.44495,-0.1649649,0.06133471,1.023834
2375,39.46161,-0.2950165,0.008849789,0.09764662
2376,39.47858,-0.002448054,7.342578e-05,0.0008091573
2377,39.49512,-0.5505379,3.215779e-07,-0.1000016
2378,39.51166,-0.5505379,3.215779e-07,-0.1000016
2379,39.52832,-9.880967e-05,0.0,-1.79491e-05
2380,39.54492,0.1431142,3.78463,-0.7878457
2381,39.56158,0.1336339,3.519727,-0.7356537
2382,39.57825,0.1581972,4.141738,-0.8708742
2383,39.59497,0.1638273,4.253967,-0.8997639
2384,39.61157,0.1638273,4.253967,-0.8997639
2385,39.6283,0.253065,6.5086,-1.39316
2386,39.64502,0.07047804,1.797594,-0.3862289
2387,39.66156,0.4054058,10.2784,-2.221366
2388,39.67828,-1.185158,5.420404,6.493913
2389,39.69513,-13.72394,13.57297,-5.488986
2390,39.71155,-13.72394,13.57297,-5.488986
2391,39.72821,-6.231324,0.03084303,-1.154278
2392,39.74493,-11.03328,0.0003522563,-2.060505
2393,39.7616,-6.254945,0.9769533,13.31286
2394,39.7782,-4.885065,3.632078,16.04876
2395,39.79517,-6.707186,7.382525,14.06074
2396,39.81165,-6.707186,7.382525,14.06074
2397,39.82843,-2.188492,5.875344,11.53366
2398,39.83099,-1.716404,1.494695,9.046291
2399,39.84491,-1.250473,0.4815646,6.590609
2400,39.86157,-1.163201,1.846146,7.590205
2401,39.87823,-3.253862,1.31848,17.20007
2402,39.89514,-3.253862,1.31848,17.20007
2403,39.91156,-1.203556,0.5102858,6.357608
2404,39.92828,-0.5935085,0.1604219,1.958884
2405,39.94537,-0.05490051,0.0227822,0.2823021
2406,39.96149,-0.0006269471,0.0002601658,0.003223804
2407,39.97821,-2.745799e-06,1.139421e-06,1.411908e-05
2408,39.99506,-2.745799e-06,1.139421e-06,1.411908e-05
2409,40.01178,-0.02209404,0.0,-0.004201437
2410,40.02838,-5.277714,0.05606241,-0.2891363
2411,40.04614,-7.95419,0.0002455328,-1.516221
2412,40.06152,-0.1137515,1.480083e-06,-0.0217092
2413,40.07831,-0.0009437847,1.22801e-08,-0.0001801189
2414,40.0954,-0.0009437847,1.22801e-08,-0.0001801189
2415,40.11188,0.01435058,-0.006059105,-0.07512865
2416,40.12823,0.0001190655,-5.027176e-05,-0.0006233345
2417,40.14496,5.214633e-07,-2.201718e-07,-2.729976e-06
2418,40.1615,-2.722991,-2.514296e-09,-0.5212896
2419,40.17841,-1.372917,0.0,-0.2634166
2420,40.19489,-1.372917,0.0,-0.2634166
2421,40.21155,-10.33923,0.0,-2.001388
2422,40.22809,-5.985005,0.0,-1.163638
2423,40.24493,-10.22935,0.0,-1.997579
2424,40.26196,-1.461374,0.0,-0.2859999
2425,40.2782,-4.614149,0.7520262,8.668738
2426,40.2948,-4.614149,0.7520262,8.668738
2427,40.31152,-0.03586599,0.0113365,0.1365605
2428,40.32819,-3.857064,6.833695e-05,-0.7605745
2429,40.34515,-0.05646209,-0.2791789,0.05418535
2430,40.36151,-3.862865,-0.001222701,-0.7656006
2431,40.37823,-0.7765518,-5.354997e-06,-0.1542969
2432,40.3949,-0.7765518,-5.354997e-06,-0.1542969
2433,40.41144,-2.569265,8.389694,8.721766
2434,40.42822,-2.115704,1.179316,10.5147
2435,40.44501,-0.6726794,0.2918313,3.363006
2436,40.46161,8.708286,0.5727571,7.310374
2437,40.47815,1.966244,0.02772509,0.7134658
2438,40.49493,1.966244,0.02772509,0.7134658
2439,40.5116,2.764468,1.908553e-06,0.5457681
2440,40.52832,0.4027629,-2.389461,2.051781
2441,40.5448,2.342208,0.205716,3.061379
2442,40.56165,13.06694,2.158726,15.64369
2443,40.57813,7.255585,3.099756,7.200694
2444,40.59485,7.255585,3.099756,7.200694
2445,40.61151,3.15815,10.50367,-0.302314
2446,40.62805,9.585434,1.572491,2.998683
2447,40.64478,4.888409,8.463477,12.62473
2448,40.66217,12.33886,5.050668,3.879175
2449,40.6781,13.99468,3.585076,12.78953
2450,40.69495,13.99468,3.585076,12.78953
2451,40.71149,17.30208,14.53484,3.608436
2452,40.72815,13.96977,4.961553,11.82245
2453,40.74487,12.77773,4.309389,7.567295
2454,40.76147,-0.9368972,1.003184,5.563818
2455,40.7782,-14.0576,9.300839,-3.549671
2456,40.7948,-14.0576,9.300839,-3.549671
2457,40.8114,-5.388206,0.2168942,1.140988
2458,40.82825,-12.70261,2.026719,4.759995
2459,40.84485,-15.95753,1.132514,7.930923
2460,40.86151,-2.228218,1.169453,3.81462
2461,40.87805,-9.687452,9.837704,9.797333
2462,40.89508,-9.687452,9.837704,9.797333
2463,40.91174,-8.976144,15.2459,16.36561
2464,40.92816,-7.633087,2.028772,9.855416
2465,40.94501,-8.741862,5.673709,15.51077
2466,40.96161,-12.94424,11.70073,13.2643
2467,40.97809,-6.996702,3.261932,10.2793
2468,40.99481,-6.996702,3.261932,10.2793
2469,41.01147,-9.247509,3.222805,20.12158
2470,41.02808,-5.465221,2.926915,19.37152
2471,41.04474,-11.15746,2.911062,16.63776
2472,41.0614,-2.366655,6.485653,12.02005
2473,41.07819,-1.142677,0.81617,5.88904
2474,41.09534,-1.142677,0.81617,5.88904
2475,41.11145,8.0116,1.214916,10.58226
2476,41.12811,-1.201726,0.8982014,6.653974
2477,41.14471,-0.009970597,0.007452283,0.05520732
2478,41.16138,-1.7415,1.227128,9.01655
2479,41.17798,-0.5164546,0.3650419,2.673913
2480,41.19476,-0.5164546,0.3650419,2.673913
2481,41.21143,10.54062,0.6309215,3.949853
2482,41.22803,6.789051,1.634939,10.60309
2483,41.23102,9.30319,0.01867006,1.875366
2484,41.24475,1.156714,0.000112544,0.2201102
2485,41.2616,0.9511474,9.33766e-07,0.1796615
2486,41.27808,0.9511474,9.33766e-07,0.1796615
2487,41.29474,16.38917,-0.0002353053,3.058992
2488,41.31146,5.63398,-3.698497e-06,1.047353
2489,41.32806,10.30432,-1.619806e-08,1.90685
2490,41.34473,0.1176722,0.0,0.02177565
2491,41.36139,0.00134378,0.0,0.0002486713
2492,41.37823,0.00134378,0.0,0.0002486713
2493,41.39478,-7.437332,0.0,-1.385795
2494,41.41205,-0.8024851,0.4752602,3.412986
2495,41.4281,-0.1557657,0.002864891,-0.007613411
2496,41.44476,-2.080705,2.37697e-05,-0.3892896
2497,41.46143,-1.10425,1.041026e-07,-0.2071636
2498,41.47864,-1.10425,1.041026e-07,-0.2071636
2499,41.49475,-13.29012,-0.9884471,-9.993624
2500,41.51154,-8.547516,-0.01028544,-1.721283
2501,41.52808,-26.21321,-6.200113e-05,-5.108175
2502,41.54468,-19.44464,-2.715422e-07,-3.838656
2503,41.56128,-27.98974,-1.636869e-09,-5.621307
2504,41.578,-27.98974,-1.636869e-09,-5.621307
2505,41.59473,-16.97106,0.6323536,1.256091
2506,41.61206,-20.03842,0.6564003,0.7458521
2507,41.62952,-16.06487,0.3892285,-0.4713383
2508,41.64465,-16.19838,1.952827,11.05497
2509,41.66193,-22.0755,1.401338,5.620809
2510,41.67798,-22.0755,1.401338,5.620809
2511,41.6947,-23.26437,1.162568,3.385974
2512,41.7113,-22.61304,2.176405,10.66871
2513,41.72797,-26.47496,1.725726,6.369441
2514,41.74469,-32.48302,0.6884429,15.91605
2515,41.76129,-16.12199,1.140187,4.313458
2516,41.77808,-16.12199,1.140187,4.313458
2517,41.79462,-18.4577,2.339533,11.50939
2518,41.81134,-16.13547,0.7821449,2.804552
2519,41.828,-7.624293,1.885666,12.47729
2520,41.84454,-0.06112835,-0.2532228,0.1395508
2521,41.86127,-0.787788,-12.96738,3.341364
2522,41.87799,-0.787788,-12.96738,3.341364
2523,41.89459,-0.0501891,-0.7614836,0.212908
2524,41.91132,-3.204387,-0.7159829,13.59338
2525,41.92798,-0.1621017,-2.530392,0.6876543
2526,41.94458,2.598324,-2.701042,1.293099
2527,41.96136,0.6463687,-7.8068,2.110101
2528,41.97791,0.6463687,-7.8068,2.110101
2529,41.99469,23.53954,-21.13777,10.12992
2530,42.01129,21.7376,-19.49133,5.458188
2531,42.02783,29.47793,-22.37521,-2.531268
2532,42.04468,40.30459,-28.74818,1.856938
2533,42.06134,36.33286,-17.67599,9.02371
2534,42.07806,36.33286,-17.67599,9.02371
2535,42.0946,16.49077,-5.739024,4.326626
2536,42.11133,-0.1464048,-6.576766,1.060845
2537,42.12787,-0.9555643,-3.547883,0.5968978
2538,42.14465,-0.08940521,-1.864625,0.4014073
2539,42.16199,-0.2384951,-0.008166371,-0.04840865
2540,42.17798,-0.2384951,-0.008166371,-0.04840865
2541,42.19464,-0.1214545,-0.02845781,-0.2235999
2542,42.21136,-7.908313,-0.3044607,-3.806766
2543,42.22791,-13.26941,-0.2013904,-4.243526
2544,42.24469,-15.94541,-0.5226067,-7.115263
2545,42.26129,-22.58773,-0.002288825,-4.950079
2546,42.27789,-22.58773,-0.002288825,-4.950079
2547,42.29462,-30.66374,0.2001733,-5.492043
2548,42.31158,-36.76794,0.1915613,-7.086886
2549,42.32788,-29.00218,0.04109414,-6.474041
2550,42.34467,-24.78981,0.1047315,-5.124129
2551,42.36127,-14.87613,0.06167678,-3.116423
2552,42.37793,-14.87613,0.06167678,-3.116423
2553,42.39459,-6.32497,0.2767429,0.3889972
2554,42.41125,-4.803552,2.01126,12.64881
2555,42.4278,-10.77225,0.3961374,0.09866114
2556,42.44464,-11.35014,0.2007991,-1.392774
2557,42.46124,-2.201602,0.4020345,2.20179
2558,42.47784,-2.201602,0.4020345,2.20179
2559,42.49475,-0.2431502,-4.659018,0.996363
2560,42.51135,-0.002017392,-0.03865539,0.008266719
2561,42.5285,-0.1377559,-2.645328,0.5645879
2562,42.5451,-0.3753291,-4.785286,1.538274
2563,42.56134,-1.394056,-3.032721,5.713492
2564,42.57788,-1.394056,-3.032721,5.713492
2565,42.59454,-0.5677533,-11.14005,2.326918
2566,42.61127,-0.007581364,-6.342284,1.773587
2567,42.62787,0.9426457,-11.52608,2.745586
2568,42.64459,-2.20819,-4.936628,9.137625
2569,42.66125,-2.568303,-2.291134,10.56415
2570,42.67798,-2.568303,-2.291134,10.56415
2571,42.6947,-2.754261,-9.405934,4.70167
2572,42.71112,-4.65569,-4.711853,5.68136
2573,42.72784,-5.0181,-2.065586,11.46305
2574,42.74451,-4.870833,-6.882822,6.304753
2575,42.76141,-6.211227,-2.441887,7.450854
2576,42.77789,-6.211227,-2.441887,7.450854
2577,42.79456,-16.40009,-0.8926154,7.501535
2578,42.81122,-17.20794,-0.1815409,7.905435
2579,42.82782,-11.42084,-0.04854413,9.483916
2580,42.84454,-27.90482,-0.4725218,1.843211
2581,42.86194,-29.37875,2.505983,9.389482
2582,42.87775,-29.37875,2.505983,9.389482
2583,42.89459,-24.29222,0.5386751,-0.6041099
2584,42.91125,-22.83142,-6.676971,7.872322
2585,42.92804,-13.51875,1.647957,6.728961
2586,42.94458,-18.91374,1.277103,2.410125
2587,42.9613,-7.391202,1.908812,9.1652
2588,42.97778,-7.391202,1.908812,9.1652
2589,42.99463,-4.445919,0.9185521,4.112872
2590,43.01117,-11.76964,0.6295295,0.415924
2591,43.02783,-2.684291,0.3381861,1.215804
2592,43.04449,-3.363499,2.276259,12.19198
2593,43.06128,-1.268328,1.244317,4.616653
2594,43.07831,-1.268328,1.244317,4.616653
2595,43.09448,-0.1960571,0.1338408,0.7136732
2596,43.11115,-0.002238913,0.001528421,0.008149932
2597,43.12793,-9.80565e-06,6.693256e-06,3.569384e-05
2598,43.14453,2.904239,2.9314e-08,0.7965554
2599,43.16113,14.725,0.0,4.032164
2600,43.17786,14.725,0.0,4.032164
2601,43.19446,9.69776,5.5664,5.305737
2602,43.21124,0.0182711,2.896876,8.758696
2603,43.22839,7.659292,7.185181,2.810054
2604,43.24451,-0.9249676,0.706035,3.546989
2605,43.26117,-1.931892,1.366226,7.125131
2606,43.27783,-1.931892,1.366226,7.125131
2607,43.29449,-0.9500934,0.6747368,3.503542
2608,43.31171,-0.3732155,0.2656511,1.376261
2609,43.32782,-0.5323159,3.006346,1.962956
2610,43.34442,4.239576,3.767545,0.9741443
2611,43.36188,-1.862952,8.79698,6.953889
2612,43.37775,-1.862952,8.79698,6.953889
2613,43.39453,0.4812179,17.94424,6.70911
2614,43.41125,4.466751,15.67948,14.78077
2615,43.42786,-0.6367373,21.31,5.79025
2616,43.4444,-3.175881,26.10374,11.84737
2617,43.46106,-2.951656,20.16571,10.99187
2618,43.47772,-2.951656,20.16571,10.99187
2619,43.49445,-3.832772,28.3447,14.27295
2620,43.51117,-3.194405,36.10567,11.89572
2621,43.52802,-2.745959,32.13066,10.22574
2622,43.53101,-4.197611,33.33879,9.262441
2623,43.54443,-4.453808,31.68592,16.52014
2624,43.56116,-4.453808,31.68592,16.52014
2625,43.57782,-3.8891,30.43978,14.48271
2626,43.59442,-4.203605,26.55792,18.11875
2627,43.61169,-2.066933,21.05134,8.65487
2628,43.62781,-2.57031,2.78463,9.608789
2629,43.64484,-0.2138566,0.1921766,0.7990331
2630,43.66107,-0.2138566,0.1921766,0.7990331
2631,43.67773,-0.4295241,-6.580995,1.604783
2632,43.6947,-0.5423683,-8.340367,2.023059
2633,43.71118,-0.2649041,-4.08773,0.9881047
2634,43.72778,-0.3189547,-4.938894,1.189716
2635,43.74445,-0.08963343,-1.390356,0.3343369
2636,43.76135,-0.08963343,-1.390356,0.3343369
2637,43.77777,0.08029577,-6.805069,-0.299507
2638,43.79431,0.771073,-7.688148,-2.876138
2639,43.81171,-0.1090639,-4.199202,0.4068134
2640,43.8277,1.924507,-12.62049,-7.178501
2641,43.84436,1.023887,-4.98727,-3.819145
2642,43.86108,1.023887,-4.98727,-3.819145
2643,43.87769,3.850081,-24.55795,-14.36098
2644,43.89447,1.812315,-25.93406,-6.760019
2645,43.91101,0.7928141,-30.09056,-12.18842
2646,43.92767,-5.840113,-22.88284,-9.523882
2647,43.94446,1.792408,-18.81964,-6.851879
2648,43.961,1.792408,-18.81964,-6.851879
2649,43.97772,5.968798,-12.91594,-13.55415
2650,43.99457,2.537784,-5.152914,-1.095419
2651,44.01123,0.04696131,-1.061563,-0.07959603
2652,44.02789,-0.01477308,-0.2741994,0.05568042
2653,44.04468,0.5204602,9.23865,-1.941338
2654,44.06104,0.5204602,9.23865,-1.941338
2655,44.07758,-1.701687,2.732653,6.347374
2656,44.0943,-0.6548878,2.298173,3.42012
2657,44.11188,6.541585,1.054282,6.792136
2658,44.12769,10.34621,1.312876,9.146153
2659,44.14459,10.34621,1.312876,9.146153
2660,44.16101,7.295115,2.802699,15.32239
2661,44.17786,0.1651501,4.007893,15.6614
2662,44.1944,6.608434,1.71209,9.743029
2663,44.21106,5.360463,11.971,12.972
2664,44.22772,-3.030506,10.35407,15.16314
2665,44.24438,-2.405139,4.860679,9.306483
2666,44.26099,-2.405139,4.860679,9.306483
2667,44.27765,-5.208684,3.548805,11.01929
2668,44.2948,-3.548182,5.551616,6.78038
2669,44.31091,-2.356239,10.81177,8.993027
2670,44.32764,-1.497145,8.939241,5.763753
2671,44.3443,-2.018495,17.81823,7.771326
2672,44.36096,-2.018495,17.81823,7.771326
2673,44.37769,-4.721256,4.504536,18.2135
2674,44.39441,-1.734349,1.664221,6.688676
2675,44.41125,-1.73187,1.673717,6.679091
2676,44.4281,-4.235318,4.136811,16.33383
2677,44.4444,-4.247935,4.185708,16.38249
2678,44.461,-4.247935,4.185708,16.38249
2679,44.4776,-7.609452,7.694923,29.34644
2680,44.49426,-9.225769,3.412825,11.35487
2681,44.51117,-15.29722,4.035279,12.11726
2682,44.52856,-7.362928,5.306513,19.04047
2683,44.54437,-5.48012,5.225651,19.00739
2684,44.56104,-5.48012,5.225651,19.00739
2685,44.57764,-3.512916,3.727711,13.42549
2686,44.59436,-3.071746,3.28273,11.7469
2687,44.61121,-2.32139,2.496907,8.877458
2688,44.62775,-0.08947593,2.565747,9.659246
2689,44.64429,-0.08947593,2.565747,9.659246
2690,44.651,-5.221609,5.752207,20.00241
2691,44.66144,-3.413751,3.784328,13.07683
2692,44.67761,-3.399692,3.792412,13.02298
2693,44.69464,-3.470604,3.883605,13.29461
2694,44.71118,-0.1738693,-2.503057,0.6660295
2695,44.7276,-0.001442575,-0.0207676,0.005525977
2696,44.74432,-0.001442575,-0.0207676,0.005525977
2697,44.76093,-0.007444544,-5.482778e-07,-0.001946538
2698,44.77759,-4.487603e-05,-3.34759e-09,-1.173397e-05
2699,44.79443,-0.1785895,0.0,-0.0467783
2700,44.81091,0.940789,0.3363215,-3.597772
2701,44.82788,0.940789,0.3363215,-3.597772
2702,44.84454,0.02610825,-0.02890159,-0.09967624
2703,44.8609,2.524099,-2.086345,-7.017422
2704,44.87769,6.024951,-0.04113289,1.421487
2705,44.89435,3.910661,-2.518327,-8.275008
2706,44.91168,14.14181,-1.115921,-0.4631458
2707,44.92786,14.14181,-1.115921,-0.4631458
2708,44.94427,21.17813,-3.885387,-9.095081
2709,44.96094,9.862305,-2.689374,-7.584473
2710,44.9776,12.2544,-0.9923798,-0.6246199
2711,44.99432,12.70578,-0.1972626,2.462652
2712,45.01093,1.441852,3.486979,-0.459329
2713,45.02753,1.441852,3.486979,-0.459329
2714,45.04419,5.23931e-05,0.0001267076,-1.66908e-05
2715,45.06091,0.4446919,-0.4978658,-1.765698
2716,45.07745,18.12854,-10.75936,0.3910614
2717,45.09448,13.16947,-0.6019833,1.166748
2718,45.11096,4.100389,-1.98564,-6.557314
2719,45.12781,4.100389,-1.98564,-6.557314
2720,45.14478,2.942882,-0.6705986,-1.845647
2721,45.16089,0.02441678,-0.005563886,-0.01531314
2722,45.17761,1.194668,-8.745241e-05,0.2958441
2723,45.19427,1.713446,-5.271673e-07,0.424045
2724,45.21088,3.266332,-1.814774,1.228949
2725,45.22754,3.266332,-1.814774,1.228949
2726,45.24426,3.228993,-3.680563,1.644363
2727,45.26086,-0.3129202,-10.67951,2.390425
2728,45.27765,4.19191,-2.671376,1.635596
2729,45.29535,2.049832,-2.739136,1.126094
2730,45.31085,18.34067,-0.7344287,4.603012
2731,45.32776,18.34067,-0.7344287,4.603012
2732,45.34424,15.9316,-3.558778,0.5652072
2733,45.36096,24.90152,-5.005717,6.417726
2734,45.3775,17.83558,-0.0301747,4.161349
2735,45.39435,14.71372,-6.609872,4.895151
2736,45.41089,14.69249,-0.02894881,3.380846
2737,45.42755,14.69249,-0.02894881,3.380846
2738,45.44476,15.95316,-8.014008,6.453755
2739,45.46106,13.37482,-10.5327,5.357103
2740,45.47784,0.9202667,-10.4235,2.516407
2741,45.4942,2.996683,-8.910798,2.631652
2742,45.5108,0.5641107,-6.316214,1.508566
2743,45.52759,0.5641107,-6.316214,1.508566
2744,45.54419,15.77817,-3.560991,4.262026
2745,45.56097,20.9237,-0.02146582,4.602188
2746,45.57751,15.06176,-0.000129397,3.283554
2747,45.59418,17.59448,-0.6791843,3.937515
2748,45.61084,22.89118,-7.467152,6.886929
2749,45.62842,22.89118,-7.467152,6.886929
2750,45.6441,14.1612,0.009290269,13.651
2751,45.66083,9.543624,-1.30691,7.603524
2752,45.67743,7.227631,-5.022751,14.81089
2753,45.69415,13.90143,-13.12877,10.07767
2754,45.71088,-1.074226,-8.379447,5.601623
2755,45.72772,7.955548,-6.25641,8.036546
2756,45.74426,7.955548,-6.25641,8.036546
2757,45.7608,1.596489,-2.577349,0.8613068
2758,45.77753,4.404652,-0.01128784,0.8963811
2759,45.79468,-0.8203472,2.436821,8.883635
2760,45.81073,1.682117,0.02782775,0.4433237
2761,45.82849,1.682117,0.02782775,0.4433237
2762,45.84424,3.401358,1.88009,7.627584
2763,45.86072,17.79032,1.572471,10.36703
2764,45.87744,1.878008,-5.198113,8.062198
2765,45.89435,6.691545,-1.300168,3.875916
2766,45.91144,5.587476,-1.6005,3.755322
2767,45.92749,5.587476,-1.6005,3.755322
2768,45.94421,16.41349,-7.875591,4.770111
2769,45.96082,17.45103,-2.753472,3.883433
2770,45.97876,13.7755,-2.56566,3.119985
2771,45.99408,18.96977,-0.02128701,3.546999
2772,46.01086,21.88781,-0.3705609,2.695704
2773,46.02832,13.08669,-0.002233759,2.380253
2774,46.04413,13.08669,-0.002233759,2.380253
2775,46.06079,25.39152,-2.9123e-07,4.504677
2776,46.07739,27.31274,-2.416305e-09,4.776043
2777,46.09412,18.88678,0.0,3.254636
2778,46.11084,22.22698,0.0,3.773788
2779,46.12744,18.44475,0.0,3.084827
2780,46.14429,18.44475,0.0,3.084827
2781,46.16077,13.59566,0.0,2.227881
2782,46.17102,3.552157,0.0,0.5790824
2783,46.17749,0.02141257,0.0,0.003490736
2784,46.19415,0.000129076,0.0,2.104232e-05
2785,46.21136,0.000129076,0.0,2.104232e-05
2786,46.22742,8.885394e-09,0.0,1.448521e-09
2787,46.24402,-1.917468,3.342159,11.76197
2788,46.26086,-1.016262,1.774127,6.233867
2789,46.27795,-0.8812783,1.543298,5.40586
2790,46.29419,-2.254637,3.966825,13.8302
2791,46.31201,-9.580976,1.977978,5.491987
2792,46.32745,-9.580976,1.977978,5.491987
2793,46.34406,-0.09965474,0.1752219,0.6060539
2794,46.362,-0.1528532,5.3735,0.9351809
2795,46.37781,-11.34537,0.3294693,-0.8455241
2796,46.39417,-8.24319,3.548193,11.15237
2797,46.41083,-8.24319,3.548193,11.15237
2798,46.42737,-3.668451,0.6048001,1.516634
2799,46.44409,-2.67462,2.49019,8.256688
2800,46.46118,-2.63301,3.824361,12.88373
2801,46.47754,-12.01274,2.641007,7.168355
2802,46.49396,-4.800462,0.0302016,-0.6981218
2803,46.51172,-4.800462,0.0302016,-0.6981218
2804,46.52759,-0.2246635,0.04465475,0.1166543
2805,46.54407,-0.2195545,0.3874241,1.300809
2806,46.56079,-0.06169803,0.1094623,0.3670161
2807,46.57745,-1.495097,2.660758,8.894495
2808,46.59412,-0.01707355,0.03038505,0.1015724
2809,46.61072,-0.01707355,0.03038505,0.1015724
2810,46.6275,6.189865,2.09166e-06,1.037859
2811,46.64398,8.574734,2.388613e-08,1.434097
2812,46.66071,0.7482182,0.0,0.1248209
2813,46.67743,8.651155,0.0,1.43591
2814,46.69403,0.05214957,0.0,0.008655735
2815,46.71075,0.05214957,0.0,0.008655735
2816,46.72736,0.4856564,-0.02184251,0.005042459
2817,46.74445,9.605991,-0.5335349,-0.2562134
2818,46.76074,4.577567,-0.002336687,0.7439945
2819,46.77747,17.83265,-13.25795,5.579697
2820,46.7959,2.489243,-0.07991954,0.4218671
2821,46.81073,2.489243,-0.07991954,0.4218671
2822,46.82733,3.469425,-2.904053e-06,0.5597392
2823,46.84399,11.90535,-2.409463e-08,1.90568
2824,46.86066,5.204013,0.0,0.8286136
2825,46.87732,15.95096,0.0,2.512911
2826,46.8941,12.79792,0.0,2.000006
2827,46.91071,12.79792,0.0,2.000006
2828,46.92761,-0.3447422,0.7128682,2.399245
2829,46.94391,-1.448735,2.775659,9.296556
2830,46.96069,-0.4796206,0.9215685,3.077371
2831,46.97742,-1.111524,2.145333,7.131802
2832,46.9939,-1.223869,2.372744,7.852628
2833,47.01062,-1.658889,3.230477,10.64382
2834,47.02759,-1.658889,3.230477,10.64382
2835,47.04529,-0.08345136,0.1632333,0.5354435
2836,47.06061,-0.07789204,0.1525839,0.4997736
2837,47.07733,-0.1457601,0.2859525,0.935231
2838,47.09399,-6.430575,0.3950306,0.3165588
2839,47.11066,-6.430575,0.3950306,0.3165588
2840,47.12726,-1.094092,2.156062,6.999543
2841,47.14398,-1.095282,1.496119,4.78989
2842,47.16064,-6.971577,1.446739,3.688738
2843,47.17786,-1.220312,2.311288,7.42908
2844,47.19415,-0.635965,0.2582089,0.7500004
2845,47.21167,-0.635965,0.2582089,0.7500004
2846,47.22729,-0.436724,0.826079,2.635475
2847,47.24438,-0.1991003,0.3949391,1.259658
2848,47.26093,-0.003129037,0.006215766,0.01979663
2849,47.27728,-1.809092,4.369426,11.45276
2850,47.29407,-0.4066244,2.161627,6.960725
2851,47.31061,-0.4066244,2.161627,6.960725
2852,47.32733,-0.02234303,0.04475483,0.1419403
2853,47.34387,-0.00035114,0.0007043692,0.002230715
2854,47.3606,-2.913372e-06,5.844077e-06,1.850801e-05
2855,47.37726,-1.276966e-08,2.559491e-08,8.105668e-08
2856,47.39398,0.0,0.0,0.0
2857,47.41083,0.0,0.0,0.0
2858,47.42816,12.58239,0.0,1.966323
2859,47.44403,16.97821,0.0,2.638983
2860,47.46118,11.41104,-2.927262,-11.26235
2861,47.47784,2.548173,-0.01764567,0.3143339
2862,47.49445,9.154683,-0.0002773601,1.40244
2863,47.51056,9.154683,-0.0002773601,1.40244
2864,47.52722,0.2772646,-1.007853e-08,0.04227916
2865,47.54401,0.2051336,0.9705936,-0.1652476
2866,47.56067,0.2593636,2.540866,-0.4759811
2867,47.57727,0.1803989,7.723744,-1.184202
2868,47.59393,0.5197591,2.77389,8.684551
2869,47.61066,0.5197591,2.77389,8.684551
2870,47.62738,9.511969,0.01684736,1.484898
2871,47.64404,9.057296,7.378526e-05,1.3585
2872,47.66144,-0.9627843,2.306074,7.299456
2873,47.67749,-0.01079776,0.02400088,0.07585381
2874,47.69397,-6.508941e-05,0.0001446784,0.0004572504
2875,47.71063,-6.508941e-05,0.0001446784,0.0004572504
2876,47.72723,0.1956783,6.552398,-1.304842
2877,47.7439,0.003075644,0.1029897,-0.02050932
2878,47.76056,4.834256e-05,0.001618778,-0.0003223627
2879,47.77728,-3.284541,0.9763905,-0.6931837
2880,47.79388,0.1765926,6.536603,-1.310109
2881,47.81055,0.1765926,6.536603,-1.310109
2882,47.82733,-0.2709535,9.362205,1.801745
2883,47.8446,-0.1902824,0.5663558,1.265313
2884,47.8606,-0.001578754,0.004698995,0.01049817
2885,47.87781,-9.516802e-06,2.832577e-05,6.328346e-05
2886,47.8938,-7.895991e-08,2.350159e-07,5.250562e-07
2887,47.91089,-7.895991e-08,2.350159e-07,5.250562e-07
2888,47.92719,-0.05002869,0.0,-0.007544538
2889,47.94385,-1.804648,5.788656,11.96534
2890,47.96112,-0.2354011,10.27283,1.560962
2891,47.97729,-2.157977,10.04925,5.820421
2892,47.99396,-1.105302,2.486259,7.238851
2893,48.01056,-1.105302,2.486259,7.238851
2894,48.02789,-1.267341,12.77216,8.380509
2895,48.04382,7.130552,3.504411,11.82676
2896,48.06134,-0.800481,1.846459,5.664615
2897,48.07739,-1.149236,12.29916,7.622278
2898,48.09393,0.9749306,1.691008,5.170022
2899,48.11047,0.9749306,1.691008,5.170022
2900,48.1272,-0.13426,0.2931419,0.8933657
2901,48.1438,-0.0005880094,0.001283854,0.003912614
2902,48.16095,-6.178605,7.73903e-06,-0.9317357
2903,48.17719,-0.02706002,3.389411e-08,-0.00408066
2904,48.19385,-4.191997,1.840756,5.087559
2905,48.21051,-4.191997,1.840756,5.087559
2906,48.22717,-3.937273,3.015475,8.723559
2907,48.24408,-8.04013,3.298515,9.819484
2908,48.26117,-2.244873,4.843571,14.53366
2909,48.27716,-1.806993,0.2357742,11.84902
2910,48.29407,1.02877,5.114642,15.7602
2911,48.31042,1.02877,5.114642,15.7602
2912,48.32721,-1.888159,4.228886,12.41751
2913,48.34424,-1.739674,3.917089,11.44025
2914,48.36053,-0.6650654,-6.594854,4.373528
2915,48.3772,-6.380628,-0.267389,-0.8686433
2916,48.3938,-9.191556,-2.614657,-0.8648149
2917,48.41052,-11.26278,-19.37149,-8.302268
2918,48.42712,-11.26278,-19.37149,-8.302268
2919,48.44379,3.669307,-20.88653,-28.77835
2920,48.46045,-8.130271,-23.18256,-37.37492
2921,48.47711,-14.94204,-16.53896,-40.60016
2922,48.49469,2.557713,-17.65849,-41.67249
2923,48.5105,2.557713,-17.65849,-41.67249
2924,48.51105,3.593274,-31.15653,-55.59475
2925,48.52771,4.678778,-23.09857,-64.68637
2926,48.54388,-11.25609,-27.26734,-67.80798
2927,48.56042,3.595095,-25.27899,-55.32676
2928,48.57764,7.643088,-29.61812,-52.29922
2929,48.59454,7.643088,-29.61812,-52.29922
2930,48.61108,2.96693,-11.32706,-45.48207
2931,48.62775,5.119911,-14.38369,-59.47072
2932,48.64423,0.8523265,-24.92183,-50.55406
2933,48.66064,-6.043041,-14.68304,-35.03087
2934,48.67731,-14.9164,-6.256263,-30.88188
2935,48.69373,-14.9164,-6.256263,-30.88188
2936,48.71045,-6.479998,-2.728203,-13.90594
2937,48.72705,0.461959,-0.7114025,-3.276061
2938,48.74377,2.308082,-2.914112,-13.43042
2939,48.76074,0.1822853,-0.0178889,-1.06043
2940,48.7771,0.001098825,-0.0001078351,-0.006392321
2941,48.79376,0.001098825,-0.0001078351,-0.006392321
2942,48.81067,-0.005864571,1.507958,7.153102
2943,48.82721,-1.73658,2.24392,10.30637
2944,48.84406,-3.192459,4.105752,18.66444
2945,48.86072,-3.015918,2.02361,17.63143
2946,48.87775,-1.873982,2.449138,10.95553
2947,48.89447,-1.873982,2.449138,10.95553
2948,48.91046,-3.713434,4.982668,21.70919
2949,48.92706,-2.632907,3.921817,16.93895
2950,48.9436,-3.32844,5.034411,21.46382
2951,48.96039,-3.531398,4.954673,20.76352
2952,48.97699,-13.37317,5.758265,22.23561
2953,48.99371,-13.37317,5.758265,22.23561
2954,49.01038,-4.132437,5.109241,23.60706
2955,49.02795,-8.659636,5.863302,24.18479
2956,49.04376,-3.523309,4.970491,20.32801
2957,49.06042,-4.447948,5.10708,23.75148
2958,49.07709,-11.31377,-8.762761,17.91144
2959,49.09369,-11.31377,-8.762761,17.91144
2960,49.11035,-18.69023,-3.689439,21.95317
2961,49.12714,-19.76553,0.8517514,20.82388
2962,49.14368,-28.36934,0.2664059,19.11689
2963,49.1604,-23.27456,-6.589685,24.62926
2964,49.17719,-18.16109,-3.618405,24.10287
2965,49.19391,-18.16109,-3.618405,24.10287
2966,49.21051,-45.55533,-7.258769,24.87084
2967,49.22699,-38.64237,-0.5337145,28.15433
2968,49.24414,-31.64751,3.681636,20.94328
2969,49.26099,-10.31045,3.729814,26.58559
2970,49.27783,-24.64923,-2.519767,19.04122
2971,49.2937,-24.64923,-2.519767,19.04122
2972,49.3103,-21.12176,-6.492055,14.61973
2973,49.32715,-21.11001,-7.784657,7.964589
2974,49.34369,-7.675865,-0.1022385,5.898685
2975,49.36035,-16.41894,0.4903995,5.026532
2976,49.3772,-15.80615,-2.092667,2.198715
2977,49.39362,-15.80615,-2.092667,2.198715
2978,49.41046,-3.515582,0.9165759,3.932763
2979,49.427,-4.290901,-9.62357,11.13082
2980,49.44373,-3.622319,2.668677,8.464458
2981,49.46045,-2.561538,0.3296162,0.5418108
2982,49.47754,-3.303894,2.426131,7.205988
2983,49.49371,-3.303894,2.426131,7.205988
2984,49.51031,-13.53887,4.09518,10.45447
2985,49.52704,-20.61217,4.773015,11.01409
2986,49.54364,-3.913904,4.27022,12.88603
2987,49.56042,-5.656052,5.058644,14.93053
2988,49.57721,-17.26,6.499707,16.86982
2989,49.59369,-17.26,6.499707,16.86982
2990,49.6106,-21.4132,6.591504,15.84996
2991,49.62701,-23.80835,4.250953,7.880204
2992,49.64435,-6.20656,4.010335,10.96708
2993,49.66058,-3.512346,5.341731,15.53787
2994,49.677,-2.740934,4.232259,12.23317
2995,49.69366,-2.740934,4.232259,12.23317
2996,49.71057,-1.630544,2.541599,7.277843
2997,49.72693,-2.032583,3.180965,9.072321
2998,49.74371,-2.358185,3.705264,10.52563
2999,49.7605,-15.23629,4.958528,11.3154
3000,49.77698,-2.631627,4.044917,11.38228
3001,49.79437,-2.631627,4.044917,11.38228
3002,49.8103,-1.641344,2.615247,7.311943
3003,49.82703,-0.4710568,0.7525296,2.098491
3004,49.84387,-2.831234,4.429432,12.61275
3005,49.86029,0.7332031,0.2666107,0.9437515
3006,49.87701,2.322609,1.697549,5.452024
3007,49.8938,2.322609,1.697549,5.452024
3008,49.91052,-1.680592,2.743928,7.556113
3009,49.927,-1.191981,1.944896,5.341084
3010,49.9436,-1.497046,2.448898,6.707839
3011,49.96045,-0.9950671,1.629849,4.458612
3012,49.97693,-0.4523383,-12.67558,2.026799
3013,49.99359,-0.4523383,-12.67558,2.026799
3014,50.01044,11.00249,-8.706974,3.86028
3015,50.02692,22.2383,-5.625814,5.798733
3016,50.04388,5.531119,-7.930264,2.486239
3017,50.0603,5.493685,-6.851864,1.274472
3018,50.07739,-0.6775702,-21.50688,3.224041
3019,50.09357,-0.6775702,-21.50688,3.224041
3020,50.11035,-0.5270358,-19.24609,2.417552
3021,50.12726,-0.3738362,-21.6551,1.714812
3022,50.14368,-0.3027655,-10.023,1.388806
3023,50.16028,1.5142,-12.4227,-11.27076
3024,50.17719,-1.497704,-7.758309,0.7290325
3025,50.1936,-1.497704,-7.758309,0.7290325
3026,50.21027,-18.41221,-19.51324,-4.5406
3027,50.22687,-9.16922,-30.23724,-7.159038
3028,50.24359,-12.67904,-36.61022,-8.814645
3029,50.26025,-21.20641,-29.20263,-1.74484
3030,50.27698,-20.98859,-22.30263,-2.974008
3031,50.2937,-20.98859,-22.30263,-2.974008
3032,50.3103,-13.9418,-0.0482043,-3.165806
3033,50.32776,-1.423371,0.04948093,-0.1777355
3034,50.34363,-1.11802,0.187142,0.2954732
3035,50.36035,-0.004896516,0.0008196134,0.001294064
3036,50.37695,-2.144494e-05,3.589693e-06,5.667515e-06
3037,50.39362,-2.144494e-05,3.589693e-06,5.667515e-06
3038,50.41028,-1.263406,7.892092,2.318977
3039,50.42688,-1.695121,14.98985,1.367277
3040,50.4436,-9.932922,15.72181,-4.066921
3041,50.46033,-4.317067,17.78227,-3.149872
3042,50.47687,-4.918855,13.13697,-0.2524709
3043,50.49359,-4.918855,13.13697,-0.2524709
3044,50.51025,0.3289442,12.47592,-1.594773
3045,50.52692,0.5274552,17.6293,-2.276656
3046,50.54358,9.111338,10.64593,0.6416439
3047,50.56018,4.096074,20.63793,-1.94976
3048,50.57697,7.012501,19.56946,-1.17078
3049,50.59363,7.012501,19.56946,-1.17078
3050,50.61035,7.957081,12.804,5.540017
3051,50.62695,-2.082181,6.431906,9.3262
3052,50.64362,-2.252612,14.81591,10.32727
3053,50.66028,-3.468194,18.2451,15.16128
3054,50.67682,-4.491104,13.19419,23.90548
3055,50.69354,-4.491104,13.19419,23.90548
3056,50.71039,-3.996487,11.26988,26.24784
3057,50.72693,5.765076,14.31458,38.87574
3058,50.74347,9.459418,11.77853,33.89834
3059,50.76019,10.37897,14.64681,39.82985
3060,50.77686,3.651799,10.73254,29.01775
3061,50.79364,3.651799,10.73254,29.01775
3062,50.81018,-4.316719,7.913292,19.446
3063,50.82703,-1.362561,2.501629,6.117406
3064,50.84357,-3.86969,0.7304324,1.009118
3065,50.86133,-9.376893,-0.08890139,-1.33392
3066,50.87683,-6.632462,-0.0003893554,-1.485457
3067,50.89343,-6.632462,-0.0003893554,-1.485457
3068,50.91028,-3.519061,0.004225749,-0.7821645
3069,50.92682,-1.60675,2.878071,6.994297
3070,50.94348,-0.1539378,0.02995382,0.04181463
3071,50.96014,-0.000927944,0.0001805631,0.0002520606
3072,50.97693,-4.064054e-06,7.908e-07,1.103933e-06
3073,50.99353,-4.064054e-06,7.908e-07,1.103933e-06
3074,51.01074,0.0,0.0,0.0
3075,51.01105,0.0,0.0,0.0
3076,51.02686,0.0,0.0,0.0
3077,51.04352,-0.9701555,0.0,-0.2194515
3078,51.06018,-0.01107888,0.0,-0.00250607
3079,51.07684,-0.01107888,0.0,-0.00250607
3080,51.09344,-7.626533e-07,0.0,-1.72514e-07
3081,51.11017,0.8844692,0.07321439,0.3866199
3082,51.12683,0.007340533,0.0006080685,0.003207984
3083,51.14355,-0.1082066,0.1978091,0.4794342
3084,51.16022,-0.04277546,0.07826445,0.1894653
3085,51.17676,-0.04277546,0.07826445,0.1894653
3086,51.19348,-2.139383e-06,3.914324e-06,9.475931e-06
3087,51.21021,12.473,4.47004e-08,2.810641
3088,51.22693,11.39493,0.0,2.557865
3089,51.24347,11.43128,0.0,2.556152
3090,51.26025,2.225397,-0.5007339,-0.7781137
3091,51.27679,2.225397,-0.5007339,-0.7781137
3092,51.29346,16.10646,-6.469696,-9.454531
3093,51.31012,22.19614,-6.42645,-8.090585
3094,51.32678,32.62318,-11.65312,-3.952785
3095,51.34357,35.71006,-8.89955,-10.24122
3096,51.36011,34.34097,-5.318626,-6.55699
3097,51.37683,34.34097,-5.318626,-6.55699
3098,51.3941,39.31929,-3.387151,-0.3285967
3099,51.41003,20.06714,-20.31706,-10.04665
3100,51.42688,6.192557,-7.732953,-4.041567
3101,51.44348,19.96559,-9.065788,-8.332673
3102,51.46021,0.06243486,-2.161079,0.2425703
3103,51.47675,0.06243486,-2.161079,0.2425703
3104,51.49347,-0.01440224,-0.5284895,0.07281704
3105,51.51013,-0.6513215,1.274043,3.292134
3106,51.52698,-11.64946,2.426305,4.149083
3107,51.54407,-4.728968,2.586413,5.932342
3108,51.56012,-5.737931,3.735961,8.747159
3109,51.57678,-5.737931,3.735961,8.747159
3110,51.59344,-22.07069,6.275095,12.045
3111,51.61011,-25.21728,4.609558,6.94028
3112,51.62677,-12.74037,3.327181,6.064392
3113,51.64355,-24.90039,4.747349,7.179335
3114,51.66016,-30.56458,7.743509,13.5846
3115,51.67676,-30.56458,7.743509,13.5846
3116,51.69342,-32.03986,7.241158,11.59468
3117,51.71008,-41.11531,10.55218,12.72572
3118,51.72668,-40.08664,7.901266,10.99726
3119,51.74341,-30.76334,14.77125,5.511888
3120,51.76007,-26.36547,2.855961,1.066217
3121,51.77673,-26.36547,2.855961,1.066217
3122,51.79333,-4.600382,13.73601,-2.440111
3123,51.81012,6.591969,0.08280133,1.488419
3124,51.82672,13.4854,7.853231,1.896069
3125,51.84332,9.767896,7.626819,1.072819
3126,51.86005,12.67177,0.1085861,2.81207
3127,51.87665,12.67177,0.1085861,2.81207
3128,51.89337,0.7714904,8.820227,3.841633
3129,51.90997,3.178504,3.265845,8.637796
3130,51.92682,-2.907304,5.711887,13.3452
3131,51.9436,-2.624568,5.109358,11.87589
3132,51.96008,-2.742408,5.362653,12.4079
3133,51.97668,-2.742408,5.362653,12.4079
3134,51.99402,8.545225,14.28927,3.76586
3135,52.01001,17.14598,2.798186,3.694939
3136,52.02667,19.68004,2.051163,4.33514
3137,52.0434,19.47636,1.97328,3.856985
3138,52.06,4.21504,0.640058,1.065133
3139,52.07697,4.21504,0.640058,1.065133
3140,52.09332,-0.5173395,1.072671,2.44497
3141,52.11005,-0.9369171,1.937174,4.419862
3142,52.12683,-7.979309,6.036472,12.61572
3143,52.14331,-10.88103,7.071764,14.3531
3144,52.15997,-5.957328,9.530862,21.02983
3145,52.17676,-5.957328,9.530862,21.02983
3146,52.19336,-5.770043,8.197637,17.67443
3147,52.20996,-3.078929,7.061496,14.28101
3148,52.22754,-17.24598,14.50652,17.4919
3149,52.24341,-3.111925,20.64075,14.17142
3150,52.26007,-8.744361,9.720264,16.6047
3151,52.27673,-8.744361,9.720264,16.6047
3152,52.29327,-19.61516,17.65032,4.807613
3153,52.30994,-4.318923,1.509864,2.295541
3154,52.3266,-12.98732,3.490531,4.926281
3155,52.34326,-3.460036,1.593247,2.78202
3156,52.35999,-0.325604,0.013219,-0.04190807
3157,52.3772,-0.325604,0.013219,-0.04190807
3158,52.39337,-0.008441727,1.252473e-06,-0.001848462
3159,52.40997,-5.088713e-05,7.549967e-09,-1.114261e-05
3160,52.4267,-7.997818e-07,0.0,-1.753896e-07
3161,52.4433,0.2962266,0.0,0.06483388
3162,52.46008,-0.2979985,-9.242243,1.370108
3163,52.47668,-0.2979985,-9.242243,1.370108
3164,52.49323,1.350783,-17.71968,3.001287
3165,52.50995,-0.6735343,-22.02121,3.159663
3166,52.52667,-0.8129891,-26.5749,3.722341
3167,52.54327,1.162849,-25.35519,-5.323544
3168,52.56,-0.4562815,-15.89112,2.088866
3169,52.57782,-0.4562815,-15.89112,2.088866
3170,52.59326,0.9802205,-18.42304,-4.121334
3171,52.61041,-0.06722067,-7.706698,0.3114566
3172,52.62665,-0.1153261,-15.5854,0.5290274
3173,52.64337,0.4915271,-9.784908,-2.254668
3174,52.65991,0.4947297,-9.05871,1.279149
3175,52.6767,0.4947297,-9.05871,1.279149
3176,52.6933,12.69041,-0.2857382,2.776779
3177,52.7099,-0.5750278,5.517034,12.2289
3178,52.72668,-0.1758014,4.543398,10.09796
3179,52.74323,-1.219694,3.794245,8.174785
3180,52.76044,-1.98267,4.383588,9.279781
3181,52.77661,-1.98267,4.383588,9.279781
3182,52.79321,-1.648324,17.68137,7.682323
3183,52.80988,-2.962437,6.696812,13.80699
3184,52.8266,-2.062523,7.916336,16.69557
3185,52.8432,-2.8448,6.764268,13.32798
3186,52.85986,-2.038527,7.816824,12.04724
3187,52.87659,-2.038527,7.816824,12.04724
3188,52.89343,-2.700957,14.11372,19.92794
3189,52.90991,11.7473,35.56318,36.61111
3190,52.9267,-7.880025,64.47032,44.8613
3191,52.94324,-7.472886,55.54408,37.35491
3192,52.9599,-6.266138,67.782,29.63218
3193,52.97656,-6.266138,67.782,29.63218
3194,52.99316,-6.128663,48.3883,28.97006
3195,53.00989,-5.719196,49.41772,27.03451
3196,53.02643,-6.129164,50.48167,28.97242
3197,53.04321,13.40848,46.15726,28.10586
3198,53.06012,-4.172305,41.79675,20.16458
3199,53.07654,-4.172305,41.79675,20.16458
3200,53.0932,-2.477095,22.33329,13.2921
3201,53.10986,0.7570616,11.53316,15.25463
3202,53.12653,10.53897,8.517596,17.55627
3203,53.13104,-2.495811,10.0753,17.59341
3204,53.14368,2.165722,9.225177,16.95428
3205,53.15973,2.165722,9.225177,16.95428
3206,53.17651,-3.281473,9.989636,17.00582
3207,53.19318,-1.788465,5.116577,8.65389
3208,53.21002,-1.873868,4.801364,9.05995
3209,53.22662,-1.371322,3.933855,6.630173
3210,53.24323,-0.07708348,-1.326841,0.3726891
3211,53.25983,-0.07708348,-1.326841,0.3726891
3212,53.27649,2.167907,-16.42399,-10.48157
3213,53.29315,1.855489,-7.473796,-8.971062
3214,53.30994,2.687929,-20.07982,-12.9958
3215,53.32654,-6.757455,-34.09465,-22.03638
3216,53.3432,1.384875,-43.18698,-26.30022
3217,53.3598,1.384875,-43.18698,-26.30022
3218,53.37653,5.618474,-53.85387,-27.35332
3219,53.39313,7.515944,-49.7094,-36.0415
3220,53.41022,7.10761,-38.94946,-34.08172
3221,53.42639,7.61466,-48.66204,-36.51305
3222,53.44324,7.997146,-47.25156,-38.34711
3223,53.45984,7.997146,-47.25156,-38.34711
3224,53.47656,7.007123,-43.31332,-33.59985
3225,53.49316,5.836256,-35.60751,-27.98543
3226,53.50989,7.692935,-30.50148,-36.88839
3227,53.52704,6.405338,-24.56843,-30.71423
3228,53.54321,7.338872,-28.89421,-35.19062
3229,53.55975,7.338872,-28.89421,-35.19062
3230,53.57648,7.656711,-31.48531,-36.71469
3231,53.59314,9.733665,-43.07755,-33.50331
3232,53.60974,16.80361,-39.55751,-28.7028
3233,53.62659,10.04504,-33.49031,-34.24761
3234,53.64319,22.39639,-32.65906,-33.06727
3235,53.65979,22.39639,-32.65906,-33.06727
3236,53.67645,18.53501,-42.26355,-37.70668
3237,53.69318,9.010382,-47.11937,-30.77114
3238,53.70978,9.081073,-51.19865,-26.24123
3239,53.72644,17.36555,-46.8238,-21.75723
3240,53.74323,13.82074,-34.11546,-11.90521
3241,53.75977,13.82074,-34.11546,-11.90521
3242,53.77661,27.12057,-8.716599,-0.4776189
3243,53.79321,29.00816,-8.228168,6.396212
3244,53.80981,23.18803,-20.87471,6.44171
3245,53.82635,23.04493,-22.13528,5.745083
3246,53.84314,35.67777,-17.25997,8.211523
3247,53.85968,35.67777,-17.25997,8.211523
3248,53.8764,55.10394,-6.797145,10.27645
3249,53.89301,51.90924,-4.571067,8.3646
3250,53.90997,67.37273,-5.224739,11.34913
3251,53.92633,70.74227,-4.588631,6.657016
3252,53.94305,58.3458,-4.979681,-1.602803
3253,53.95972,58.3458,-4.979681,-1.602803
3254,53.97638,92.64771,-8.268873,-7.100232
3255,53.99304,101.1747,-6.129409,-1.78023
3256,54.00977,97.37947,-9.350592,-11.15741
3257,54.02655,88.22808,-10.77423,-17.91303
3258,54.04315,66.42344,-8.510937,-14.62196
3259,54.06024,66.42344,-8.510937,-14.62196
3260,54.07642,75.83985,-12.68076,-19.69346
3261,54.0932,71.67171,-8.799137,-16.58853
3262,54.11041,53.20827,-7.511022,-16.19492
3263,54.12683,57.65742,-8.036885,-17.72197
3264,54.14362,49.6496,-2.610366,-3.806648
3265,54.15991,49.6496,-2.610366,-3.806648
3266,54.17676,38.84464,-1.709896,-2.38525
3267,54.19324,26.41392,12.78959,0.3740418
3268,54.21033,26.59187,0.07709625,1.427089
3269,54.22662,11.99371,0.0003376533,0.6268794
3270,54.24353,1.897589,2.801474e-06,0.09762155
3271,54.26013,1.897589,2.801474e-06,0.09762155
3272,54.27667,0.002229484,0.5347677,-0.04236073
3273,54.2937,-0.9745234,0.6593636,0.2524497
3274,54.31024,-7.538083,7.23263,-0.483773
3275,54.32678,-13.35199,15.94796,0.3980548
3276,54.34552,-2.598921,6.67671,-0.6846352
3277,54.36041,-2.598921,6.67671,-0.6846352
3278,54.37646,-6.977169,23.66257,-2.355588
3279,54.39307,-11.28459,25.41393,-2.932775
3280,54.4101,-0.09285874,23.13561,-2.167113
3281,54.42657,0.03229873,30.85201,-2.995729
3282,54.44373,-0.8227606,29.09562,-1.966823
3283,54.45984,-0.8227606,29.09562,-1.966823
3284,54.47662,0.1058268,17.3911,-1.863253
3285,54.49316,3.549226,9.755815,-0.8645596
3286,54.5097,4.910182,10.75966,-1.02072
3287,54.52649,4.124254,15.23859,-1.473781
3288,54.54407,18.00451,13.84031,-0.6041331
3289,54.55994,18.00451,13.84031,-0.6041331
3290,54.57666,14.06934,35.63892,2.843601
3291,54.59375,2.688704,36.54536,2.665767
3292,54.60974,-0.07185192,31.81134,1.663843
3293,54.62683,0.105002,18.43658,-2.071502
3294,54.64337,-0.5644034,17.3088,-2.23641
3295,54.65997,-0.5644034,17.3088,-2.23641
3296,54.67645,0.09861783,14.02777,-1.932787
3297,54.69336,0.1049643,14.70614,-2.056799
3298,54.70978,0.1283768,17.67126,-2.51557
3299,54.72656,0.7444915,13.43483,-14.58846
3300,54.7431,-1.296342,9.049678,-1.440335
3301,54.75977,-1.296342,9.049678,-1.440335
3302,54.77661,-17.87968,0.01574173,-0.9516129
3303,54.79327,-12.25269,6.894299e-05,-0.6606656
3304,54.81018,-7.212753,5.719974e-07,-0.3948554
3305,54.8277,-8.738262,3.448028e-09,-0.4891803
3306,54.84302,-17.4447,0.3603835,-0.03620905
3307,54.85968,-17.4447,0.3603835,-0.03620905
3308,54.87628,-30.19118,1.325573,1.671036
3309,54.89288,-34.04485,3.644134,7.504539
3310,54.90967,-28.71498,2.890551,5.752429
3311,54.92621,-25.19082,3.533395,7.615621
3312,54.94293,-21.51989,4.268359,9.735415
3313,54.95972,-21.51989,4.268359,9.735415
3314,54.9762,-39.88311,5.705569,11.88181
3315,54.99292,-35.18998,1.215863,0.3555846
3316,55.00964,-41.57626,3.772118,6.347137
3317,55.02631,-34.20754,1.479365,0.8623743
3318,55.04291,-37.6758,4.066702,7.120658
3319,55.05963,-37.6758,4.066702,7.120658
3320,55.07623,-3.132009,0.02915274,-0.2203016
3321,55.09296,-0.1728579,0.09396822,0.2266698
3322,55.10992,3.65744,0.0004115463,0.34497
3323,55.12622,19.16694,2.480821e-06,1.770455
3324,55.14294,13.89572,1.086508e-08,1.260499
3325,55.15991,13.89572,1.086508e-08,1.260499
3326,55.17621,16.59859,0.0,1.457522
3327,55.1933,17.85721,0.0,1.545846
3328,55.20996,11.94574,0.0,1.019262
3329,55.22626,15.93307,0.0,1.333085
3330,55.24292,15.7506,0.0,1.291734
3331,55.25964,15.7506,0.0,1.291734
3332,55.27637,30.36414,0.0,2.339438
3333,55.29291,32.36799,0.3607204,3.330457
3334,55.30951,23.31135,1.734931,6.139089
3335,55.32623,20.70361,0.9955822,3.993118
3336,55.3429,20.0949,0.008260241,1.361831
3337,55.36011,20.0949,0.008260241,1.361831
3338,55.37634,15.71295,0.4862079,2.243378
3339,55.39288,0.9985232,2.841478,7.333066
3340,55.40948,-0.8964302,7.638813,14.36973
3341,55.42615,-1.158563,12.46084,18.39151
3342,55.44293,-1.336192,20.66697,21.21055
3343,55.46008,-1.336192,20.66697,21.21055
3344,55.4762,-1.000206,18.92914,15.87716
3345,55.49292,-3.463463,29.61737,24.76805
3346,55.50964,-1.808617,23.98628,28.27465
3347,55.52625,-1.4368,28.01166,22.65626
3348,55.54285,-2.962474,25.15759,29.96244
3349,55.55963,-2.962474,25.15759,29.96244
3350,55.57623,-4.958827,20.03743,19.01969
3351,55.59326,-0.8108526,8.395803,12.27205
3352,55.60944,-12.36106,5.680148,7.590689
3353,55.62622,-2.916344,0.4278954,0.7566591
3354,55.64288,-5.210075,0.2079078,0.1332969
3355,55.65967,-5.210075,0.2079078,0.1332969
3356,55.67615,-2.916695,2.058436,4.529647
3357,55.69287,-0.1234994,14.28461,1.659183
3358,55.70966,-0.1187407,0.9845138,1.755442
3359,55.7262,-0.164172,1.89228,2.430757
3360,55.74377,1.707664,0.9368021,2.231175
3361,55.75958,1.707664,0.9368021,2.231175
3362,55.77631,-0.4572157,3.238102,7.310353
3363,55.79285,-0.09713336,0.6466762,1.458745
3364,55.80945,-0.1756776,1.169954,2.633353
3365,55.82617,-0.1297617,0.866066,1.945076
3366,55.84277,-0.5141329,3.442779,7.706646
3367,55.85944,-0.5141329,3.442779,7.706646
3368,55.87622,-0.3052983,2.051087,4.576298
3369,55.89105,-0.001840352,0.01236405,0.02758614
3370,55.89282,-0.0232788,0.1565651,0.3489398
3371,55.90955,-0.5654047,3.806872,8.47519
3372,55.92621,-0.003408286,0.02294801,0.05108885
3373,55.94281,-0.003408286,0.02294801,0.05108885
3374,55.95959,-0.06028141,0.4067616,0.9035942
3375,55.97607,-0.2988409,2.018691,4.479505
3376,55.99274,-0.001801427,0.01216877,0.02700267
3377,56.00964,-7.889588e-06,5.329472e-05,0.0001182618
3378,56.02612,0.001555692,-1.038677,-0.0233192
3379,56.04279,0.001555692,-1.038677,-0.0233192
3380,56.05951,18.10374,-4.175135,0.4226281
3381,56.07611,7.65556,-14.87034,2.883953
3382,56.09283,17.754,-1.397941,1.357857
3383,56.1095,2.689455,-3.580694,0.7433437
3384,56.12677,13.73817,-0.5220303,0.9430729
3385,56.14288,13.73817,-0.5220303,0.9430729
3386,56.15961,26.23539,-0.07790776,1.5893
3387,56.17615,27.17441,-0.3616088,1.259692
3388,56.19287,16.8535,-1.458962,-2.335908
3389,56.20966,17.53674,-0.2000661,0.9473319
3390,56.22614,25.26586,-0.8017628,-0.5088759
3391,56.24274,25.26586,-0.8017628,-0.5088759
3392,56.2594,16.23291,-2.483539,1.16356
3393,56.27643,4.384176,-7.375168,1.366276
3394,56.29279,16.79143,-6.601278,1.700159
3395,56.30939,11.13615,-1.920899,0.7983233
3396,56.32623,1.190536,-0.09503319,-0.1337355
3397,56.34296,1.190536,-0.09503319,-0.1337355
3398,56.35938,0.008133434,-0.08163042,-0.1820575
3399,56.37616,0.5165846,-5.146931,-11.62465
3400,56.39276,0.003113994,-0.03102594,-0.07007392
3401,56.40955,0.2868658,-2.851858,-6.455315
3402,56.42615,0.1102754,-1.095087,-2.481517
3403,56.44269,0.1102754,-1.095087,-2.481517
3404,56.45935,0.07708307,-0.7629374,-1.734593
3405,56.47614,-2.512457,-0.5891343,-1.456281
3406,56.49274,-0.7155768,-0.3032882,-0.7248555
3407,56.50946,-6.798269,-1.974795,-6.641881
3408,56.52618,-5.005743,-1.07179,-2.713992
3409,56.54285,-5.005743,-1.07179,-2.713992
3410,56.55957,0.154175,-1.450085,-3.318578
3411,56.57623,0.3161596,-2.967724,-6.799298
3412,56.59283,0.004523365,-0.04245983,-0.09727895
3413,56.60931,0.03273834,-0.3069656,-0.7040663
3414,56.62604,-5.003843,-0.001344397,-0.2378257
3415,56.6427,-5.003843,-0.001344397,-0.2378257
3416,56.6601,-1.866841e-05,0.01548667,-0.002424264
3417,56.67603,-8.177751e-08,6.782608e-05,-1.061703e-05
3418,56.69275,5.00536,4.088589e-07,0.2327439
3419,56.70953,0.04766136,-0.1638745,-0.3748841
3420,56.72601,0.002118361,0.2616091,-0.04271005
3421,56.74274,0.002118361,0.2616091,-0.04271005
3422,56.7594,0.294315,9.480979,-6.329498
3423,56.77606,5.11693,14.67941,-2.643462
3424,56.79285,0.2316259,8.578576,-4.127211
3425,56.80981,2.01806,14.00253,-3.852087
3426,56.82599,1.214517,12.95079,-4.102923
3427,56.84271,1.214517,12.95079,-4.102923
3428,56.85938,1.48659,-3.406984,-9.177665
3429,56.87598,10.69815,-1.715153,-4.45592
3430,56.8927,14.33916,11.0056,-6.31586
3431,56.90979,20.07372,1.0092,-6.167272
3432,56.92603,12.14203,8.714183,-1.96881
3433,56.94281,12.14203,8.714183,-1.96881
3434,56.95935,0.2332268,4.318754,-3.793505
3435,56.97607,0.1258898,9.89163,-3.068693
3436,56.99268,0.5399601,-3.250672,-13.25654
3437,57.0094,0.6231486,1.603964,-15.29905
3438,57.026,0.161285,4.002255,-3.959741
3439,57.04285,0.161285,4.002255,-3.959741
3440,57.05933,13.10792,10.20271,-1.662288
3441,57.07623,0.1155963,5.280789,-1.465904
3442,57.09271,0.06804335,9.599817,-1.698763
3443,57.10938,0.0004101685,0.05786815,-0.01024023
3444,57.12616,0.001002642,0.1418365,-0.02512402
3445,57.14252,0.001002642,0.1418365,-0.02512402
3446,57.1593,-0.02440025,-0.05814745,-0.1409606
3447,57.17603,-0.0002024463,-0.0004824433,-0.001169535
3448,57.1933,-1.679679e-06,-4.003136e-06,-9.703448e-06
3449,57.20935,-1.918019e-08,-4.57146e-08,-1.108104e-07
3450,57.22614,0.03492254,4.866787,-0.8661491
3451,57.24249,0.03492254,4.866787,-0.8661491
3452,57.25928,0.001873471,0.2604702,-0.04646583
3453,57.27606,0.01357399,-0.1355342,-0.3366622
3454,57.29272,0.002555809,0.3456608,-0.06338919
3455,57.30945,0.4527079,12.80658,-4.142422
3456,57.32599,0.657985,-1.581813,-11.95642
3457,57.3429,0.657985,-1.581813,-11.95642
3458,57.35931,0.252324,10.13189,-5.407886
3459,57.37598,0.1993784,8.771912,-5.201763
3460,57.39258,0.3822162,3.860304,-9.989889
3461,57.4093,0.1318712,4.235686,-3.446699
3462,57.42596,0.1751236,14.16594,-4.57718
3463,57.44263,0.1751236,14.16594,-4.57718
3464,57.45935,6.904181,11.45973,-3.948739
3465,57.47595,0.3632585,9.698492,-8.913508
3466,57.49268,0.9481739,13.5368,-6.221409
3467,57.50928,0.517058,3.435964,-13.88033
3468,57.52588,0.4702867,13.28336,-4.580092
3469,57.54266,0.4702867,13.28336,-4.580092
3470,57.55939,1.965015,2.789953,-0.78608
3471,57.57611,2.214017,1.042189,-1.516616
3472,57.59259,2.105987,-0.4908975,-1.721003
3473,57.60944,1.479879,0.1293519,0.01118315
3474,57.62585,0.7696366,-0.2720799,-0.6481967
3475,57.64258,0.7696366,-0.2720799,-0.6481967
3476,57.65942,17.90636,-0.3548934,-0.3183182
3477,57.67584,0.1152175,-0.09658919,-0.2356642
3478,57.69263,9.879444,-0.0004230251,0.2996638
3479,57.70929,9.334561,-3.509795e-06,0.2802759
3480,57.72644,10.2097,-2.115721e-08,0.3023599
3481,57.74261,10.2097,-2.115721e-08,0.3023599
3482,57.75928,0.001209575,0.0,3.582154e-05
3483,57.77588,3.894741,0.0,0.1121369
3484,57.79272,3.936833,0.0,0.1101085
3485,57.8092,14.18793,0.0,0.3793043
3486,57.82581,10.99991,0.0,0.2850221
3487,57.84265,10.99991,0.0,0.2850221
3488,57.85919,0.013326,0.0,0.000339811
3489,57.87592,5.836297e-05,0.0,1.488247e-06
3490,57.89264,6.664874e-07,0.0,1.699533e-08
3491,57.9093,2.91897e-09,0.0,7.443332e-11
3492,57.92596,0.0,0.0,0.0
3493,57.94257,0.0,0.0,0.0
3494,57.95923,0.0,0.0,0.0
3495,57.97607,0.0,0.0,0.0
3496,57.99261,0.04692079,9.102363,-1.840041
3497,58.00928,0.0002054958,0.03986501,-0.008058705
3498,58.02582,-6.724789,0.0004552463,-0.1743403
3499,58.04254,-6.724789,0.0004552463,-0.1743403
3500,58.05927,-8.701668e-05,0.007994993,-0.001622906
3501,58.07593,-7.219683e-07,6.633362e-05,-1.346508e-05
3502,58.09259,0.003743078,0.7116233,-0.1444574
3503,58.10999,0.01758351,3.335943,-0.6786034
3504,58.12585,0.006838415,1.29468,-0.2639161
3505,58.14258,0.006838415,1.29468,-0.2639161
3506,58.15918,0.01478907,2.776777,-0.570757
3507,58.1759,0.07327371,13.67292,-2.827864
3508,58.19263,0.03886106,7.221788,-1.499771
3509,58.20917,0.4273062,9.566345,-1.985237
3510,58.22583,0.008815148,1.068282,-0.2231401
3511,58.24268,0.008815148,1.068282,-0.2231401
3512,58.25916,0.02864763,2.557294,-0.5361544
3513,58.27588,0.0001726893,0.01541549,-0.003231964
3514,58.29254,1.432785e-06,0.0001279007,-2.681527e-05
3515,58.3092,6.275072e-09,5.601582e-07,-1.17441e-07
3516,58.32587,18.01883,3.37666e-09,0.4446496
3517,58.34271,18.01883,3.37666e-09,0.4446496
3518,58.35931,2.794538,0.0,0.06551132
3519,58.37598,0.4074805,0.0,0.009384768
3520,58.39246,0.001784615,0.0,4.110184e-05
3521,58.40918,1.480676e-05,0.0,3.410177e-07
3522,58.42584,8.925587e-08,0.0,2.055671e-09
3523,58.44263,8.925587e-08,0.0,2.055671e-09
3524,58.45923,-0.0002664586,-0.05525305,0.01156946
3525,58.47583,-0.008500224,-1.766204,0.3690741
3526,58.49268,0.002980851,-0.06061377,-0.1294266
3527,58.50922,0.08862814,-5.262639,-3.848176
3528,58.52588,0.0005342546,-0.03172344,-0.02319699
3529,58.5426,0.0005342546,-0.03172344,-0.02319699
3530,58.5592,1.024764e-08,-6.08493e-07,-4.449456e-07
3531,58.57574,6.177323e-11,-3.668025e-09,-2.682153e-09
3532,58.59247,-17.66211,-0.1910785,-0.3742588
3533,58.60919,-0.3572615,4.544487,11.93736
3534,58.62579,-0.0844848,1.437613,3.566173
3535,58.64246,-0.0844848,1.437613,3.566173
3536,58.65912,-0.4220138,7.349683,18.00198
3537,58.67584,-0.4614216,8.101591,19.68302
3538,58.6925,-0.384843,7.236444,16.41637
3539,58.70911,-0.4247636,17.65208,18.11928
3540,58.72589,-0.459339,11.05151,19.59418
3541,58.74243,-0.459339,11.05151,19.59418
3542,58.75909,-0.5089402,13.42283,21.71003
3543,58.77576,-0.3579819,24.39348,15.27055
3544,58.79266,-0.1844139,22.18492,7.866606
3545,58.80914,-0.3395928,17.63091,14.48612
3546,58.82574,-0.4405723,25.36606,18.79364
3547,58.84241,-0.4405723,25.36606,18.79364
3548,58.85913,-0.326874,16.60894,13.94357
3549,58.87671,-2.937304,13.36177,11.6615
3550,58.89246,-0.1405864,7.485881,5.404891
3551,58.90912,-1.00325,5.296114,11.67673
3552,58.92627,-17.95283,7.286024,15.67012
3553,58.94244,-17.95283,7.286024,15.67012
3554,58.95911,-10.17334,4.360163,9.296555
3555,58.97583,-13.63891,8.691457,18.57813
3556,58.99243,-11.37039,8.755727,18.67229
3557,59.00909,-0.6528365,7.508512,16.17268
3558,59.02576,-0.5456805,9.383013,20.06728
3559,59.04248,-0.5456805,9.383013,20.06728
3560,59.05914,-0.6086033,10.6505,22.4198
3561,59.07574,-2.837563,2.799249,5.794043
3562,59.09241,-1.98884,-0.7046869,1.477363
3563,59.10919,-4.096159,-2.526421,0.4433554
3564,59.12573,-9.953124,-16.02934,-8.130976
3565,59.1424,-9.953124,-16.02934,-8.130976
3566,59.15912,0.01733817,-25.75261,-14.24544
3567,59.17566,0.7757423,-34.51989,-25.64171
3568,59.19257,0.6725431,-31.68958,-22.09672
3569,59.20941,0.8072072,-34.51455,-26.51963
3570,59.22571,0.9582172,-32.67266,-31.48083
3571,59.24237,0.9582172,-32.67266,-31.48083
3572,59.25916,0.8168967,-36.09793,-26.83796
3573,59.2757,0.99354,-34.9571,-32.64132
3574,59.29248,0.9084902,-36.1299,-29.84713
3575,59.30908,0.8997017,-32.29475,-29.55839
3576,59.32568,1.011469,-30.36512,-33.23036
3577,59.34241,1.011469,-30.36512,-33.23036
3578,59.35901,-2.723709,-36.44982,-30.88136
3579,59.37579,-12.12156,-37.94606,-33.23892
3580,59.39246,-3.975577,-27.72399,-29.06732
3581,59.40942,0.8224366,-16.59481,-25.64683
3582,59.42572,1.000394,-13.42636,-30.40385
3583,59.44244,1.000394,-13.42636,-30.40385
3584,59.45917,3.02072,-6.093091,-16.08549
3585,59.47589,4.265926,-6.631816,-17.63294
3586,59.49243,2.425088,-6.849799,-18.4147
3587,59.50903,9.845301,-4.428185,-15.74518
3588,59.52576,4.336118,0.003945021,-20.41153
3589,59.54248,4.336118,0.003945021,-20.41153
3590,59.55902,2.513199,1.422567,-19.25684
3591,59.57568,7.013241,4.228502,-13.25973
3592,59.59229,7.398513,4.706923,-20.11846
3593,59.60907,17.93611,8.769413,-18.39135
3594,59.62579,11.00896,0.3688419,-17.1619
3595,59.64233,11.00896,0.3688419,-17.1619
3596,59.65912,2.676495,3.101836,-7.634658
3597,59.67578,0.5435688,6.931131,-7.231366
3598,59.69232,6.713447,4.043142,-0.8411008
3599,59.70892,6.462845,6.152246,-1.219931
3600,59.72589,1.883893,9.997815,-1.958732
3601,59.74225,1.883893,9.997815,-1.958732
3602,59.75897,0.01160398,-0.1132799,-0.3391446
3603,59.77557,0.02027067,-0.3196467,-0.9291297
3604,59.79236,0.1383224,-2.177502,-6.345934
3605,59.80908,-0.5815721,-1.61122,-4.71704
3606,59.8255,-0.002547072,-0.007056551,-0.0206589
3607,59.84253,-0.002547072,-0.007056551,-0.0206589
3608,59.85907,-6.724432e-08,-1.862974e-07,-5.454081e-07
3609,59.87103,7.277973e-11,-1.12301e-09,-3.277127e-09
3610,59.87567,0.0,0.0,0.0
3611,59.89233,0.0,0.0,0.0
3612,59.909,0.0,0.0,0.0
3613,59.9256,0.0,0.0,0.0
3614,59.94238,0.03905222,0.0,0.000851221
3615,59.95905,1.800724,0.0,0.03850957
3616,59.97565,0.02056373,0.0,0.0004397676
3617,59.99231,9.006156e-05,0.0,1.926021e-06
