sample,t,x,y,z, HasCollision
0,0.0,-21.60845,-95.60003,-39.14906,False
1,0.01708984,-21.61742,-95.60065,-39.09547,False
2,0.03349304,-21.61742,-95.60065,-39.09547,False
3,0.05026245,-21.62638,-95.60126,-39.04187,False
4,0.06698608,-21.62541,-95.54717,-39.04768,False
5,0.08337402,-21.62541,-95.54717,-39.04768,False
6,0.1003113,-21.6334,-95.49368,-38.99991,False
7,0.1169128,-21.6334,-95.49368,-38.99991,False
8,0.1334686,-21.6334,-95.49368,-38.99991,False
9,0.1502533,-21.64138,-95.44015,-38.95216,False
10,0.167038,-21.6404,-95.38607,-38.95803,False
11,0.1837463,-21.58719,-95.38607,-38.94914,False
12,0.2001953,-21.58719,-95.38607,-38.94914,False
13,0.2169342,-21.58719,-95.38607,-38.94914,False
14,0.23349,-21.58719,-95.38607,-38.94914,False
15,0.25,-21.58719,-95.38607,-38.94914,False
16,0.2668304,-21.58719,-95.38607,-38.94914,False
17,0.2837372,-21.58719,-95.38607,-38.94914,False
18,0.3001404,-21.58621,-95.33199,-38.95503,False
19,0.316864,-21.58621,-95.33199,-38.95503,False
20,0.3335571,-21.58621,-95.33199,-38.95503,False
21,0.3504028,-21.59417,-95.27845,-38.90735,False
22,0.3669128,-21.60311,-95.27897,-38.85376,False
23,0.3835297,-21.60311,-95.27897,-38.85376,False
24,0.4001312,-21.60311,-95.27897,-38.85376,False
25,0.4170227,-21.54986,-95.27897,-38.84488,False
26,0.4335175,-21.54986,-95.27897,-38.84488,False
27,0.4504242,-21.4966,-95.27897,-38.83603,False
28,0.4668274,-21.44236,-95.22489,-38.83314,False
29,0.4836273,-21.28942,-95.11724,-38.76511,False
30,0.5002747,-21.0471,-95.01047,-38.57273,False
31,0.5169373,-20.80308,-94.84945,-38.38698,False
32,0.5332184,-20.80308,-94.84945,-38.38698,False
33,0.5502777,-20.35477,-94.5277,-37.74899,False
34,0.5667877,-20.09983,-94.14956,-37.25998,False
35,0.5834503,-19.78735,-93.71576,-36.77093,False
36,0.600235,-19.63591,-93.33431,-36.30138,False
37,0.6168213,-19.63591,-93.33431,-36.30138,False
38,0.6335602,-19.8054,-93.48729,-35.53703,False
39,0.6501923,-20.28505,-94.34243,-34.95376,False
40,0.6669922,-20.8649,-95.73177,-34.11315,False
41,0.6836395,-21.58202,-97.49421,-33.16456,False
42,0.7000885,-22.5047,-99.78948,-32.06864,False
43,0.7169342,-23.64283,-102.3565,-31.14976,False
44,0.7335358,-23.64283,-102.3565,-31.14976,False
45,0.7503052,-25.47092,-106.2822,-29.43253,False
46,0.7667236,-26.04238,-106.8768,-28.58491,False
47,0.7836609,-26.39265,-106.8864,-27.9875,False
48,0.8001404,-26.59839,-106.7962,-27.53111,False
49,0.816803,-26.59839,-106.7962,-27.53111,False
50,0.8335876,-26.71676,-106.7714,-27.22265,False
51,0.8500824,-26.72786,-107.0392,-27.16402,False
52,0.8669434,-26.97164,-107.4702,-27.14746,False
53,0.8833771,-27.26333,-108.0142,-27.1958,False
54,0.9003448,-27.5545,-108.5583,-27.24693,False
55,0.9169312,-27.69195,-109.0394,-27.16047,False
56,0.9335785,-27.69195,-109.0394,-27.16047,False
57,0.9501953,-27.61742,-110.0015,-26.92471,False
58,0.9667969,-27.34651,-110.5912,-26.76511,False
59,0.9835815,-26.79325,-111.1219,-26.49945,False
60,1.000046,-25.97578,-111.2578,-26.01929,False
61,1.016846,-25.97578,-111.2578,-26.01929,False
62,1.033478,-24.15066,-110.8743,-25.03559,False
63,1.050156,-23.32698,-110.7851,-24.5149,False
64,1.066772,-22.50601,-110.7441,-23.94616,False
65,1.083435,-21.97663,-110.8649,-23.42884,False
66,1.100159,-21.63058,-111.0331,-22.88757,False
67,1.116837,-21.63058,-111.0331,-22.88757,False
68,1.133453,-21.41967,-111.1405,-21.8219,False
69,1.150146,-21.44551,-110.8554,-21.22242,False
70,1.166748,-21.52374,-110.5741,-20.68579,False
71,1.183365,-21.54077,-110.3995,-20.14199,False
72,1.200073,-21.50376,-110.2702,-19.53685,False
73,1.21698,-21.35814,-110.0694,-18.80729,False
74,1.233307,-21.35814,-110.0694,-18.80729,False
75,1.250031,-20.52544,-109.0175,-16.62247,False
76,1.266708,-19.94309,-108.2194,-15.24423,False
77,1.283508,-19.41716,-107.2908,-13.82817,False
78,1.300308,-18.98676,-106.2687,-12.59591,False
79,1.316666,-18.98676,-106.2687,-12.59591,False
80,1.333603,-18.66134,-103.5176,-10.40124,False
81,1.350128,-18.73781,-102.183,-9.754026,False
82,1.366867,-18.86557,-100.8128,-9.234224,False
83,1.383621,-18.97272,-99.3657,-8.89133,False
84,1.400162,-19.06993,-97.65793,-8.634082,False
85,1.416641,-19.06993,-97.65793,-8.634082,False
86,1.433472,-19.57091,-93.44308,-8.351757,False
87,1.45047,-20.27382,-90.98627,-8.604151,False
88,1.466705,-20.89639,-88.93542,-8.949141,False
89,1.483582,-21.20572,-87.18523,-9.629014,False
90,1.500046,-21.1705,-85.51418,-10.38754,False
91,1.516632,-21.1705,-85.51418,-10.38754,False
92,1.533401,-20.79999,-81.88105,-12.66582,False
93,1.550064,-20.59014,-80.0843,-14.23653,False
94,1.566742,-20.28421,-78.54419,-16.04931,False
95,1.583481,-20.01759,-77.4267,-18.522,False
96,1.600235,-19.59925,-77.02747,-21.6532,False
97,1.617218,-19.1746,-77.32392,-25.27982,False
98,1.633194,-19.1746,-77.32392,-25.27982,False
99,1.650177,-18.43887,-78.52496,-32.4674,False
100,1.666733,-18.34427,-78.93119,-35.62298,False
101,1.683487,-18.5125,-78.94151,-38.73151,False
102,1.700272,-18.54491,-78.46442,-41.48758,False
103,1.716568,-18.54491,-78.46442,-41.48758,False
104,1.733475,-17.8856,-77.1756,-46.34835,False
105,1.749863,-17.54533,-76.79015,-48.66944,False
106,1.766556,-17.16094,-76.67783,-50.95511,False
107,1.783539,-16.77675,-76.8834,-53.2526,False
108,1.800354,-16.461,-76.99485,-55.09254,False
109,1.816772,-16.461,-76.99485,-55.09254,False
110,1.833359,-16.14853,-76.64801,-57.8808,False
111,1.850159,-16.04939,-76.61857,-59.18635,False
112,1.866577,-16.04469,-76.78687,-60.45181,False
113,1.883347,-15.92175,-77.21515,-61.58035,False
114,1.899872,-15.75005,-77.72816,-62.73177,False
115,1.916397,-15.75005,-77.72816,-62.73177,False
116,1.933441,-15.54906,-79.11134,-63.78488,False
117,1.94989,-15.52136,-79.73429,-64.26535,False
118,1.966415,-15.43603,-80.38722,-64.83755,False
119,1.983078,-15.36897,-81.16529,-65.28726,False
120,1.999756,-15.27584,-82.17883,-65.33109,False
121,2.016373,-15.27584,-82.17883,-65.33109,False
122,2.033371,-14.57016,-82.72513,-64.81413,False
123,2.049957,-14.13079,-82.89513,-63.89279,False
124,2.066452,-13.69846,-83.18671,-62.84636,False
125,2.08313,-13.25379,-83.67557,-61.81407,False
126,2.100021,-12.91257,-84.44209,-60.95402,False
127,2.116501,-12.91257,-84.44209,-60.95402,False
128,2.133179,-12.14598,-86.96723,-59.80535,False
129,2.150146,-11.68794,-88.66188,-59.01987,False
130,2.166611,-11.22911,-90.21341,-58.17085,False
131,2.183365,-10.77358,-91.57387,-57.20611,False
132,2.199966,-10.31647,-92.8396,-56.15983,False
133,2.216583,-10.31647,-92.8396,-56.15983,False
134,2.233032,-9.498772,-95.49786,-54.25574,False
135,2.249939,-8.952671,-96.89243,-53.38562,False
136,2.266312,-8.431562,-98.10108,-52.70815,False
137,2.283447,-7.715857,-99.36929,-51.97191,False
138,2.299698,-6.704165,-100.5877,-51.18317,False
139,2.316422,-6.704165,-100.5877,-51.18317,False
140,2.333115,-3.674489,-102.1394,-49.2406,False
141,2.350159,-1.926559,-102.2384,-48.22632,False
142,2.366547,-0.2489137,-102.4885,-47.28287,False
143,2.383133,1.554578,-103.0536,-46.40178,False
144,2.400162,3.537313,-103.7805,-45.49195,False
145,2.416519,3.537313,-103.7805,-45.49195,False
146,2.43335,7.890448,-104.991,-43.91345,False
147,2.450089,10.04492,-105.524,-43.34494,False
148,2.466614,12.10145,-105.9357,-42.97058,False
149,2.483124,14.39803,-106.4622,-42.49009,False
150,2.499786,16.34458,-106.9825,-42.05967,False
151,2.516464,16.34458,-106.9825,-42.05967,False
152,2.533157,19.12578,-108.0119,-41.1701,False
153,2.549652,19.85365,-108.2511,-40.61916,False
154,2.566299,20.27921,-108.434,-39.96912,False
155,2.583069,20.38128,-108.6665,-39.32293,False
156,2.599869,20.14339,-109.0078,-38.40301,False
157,2.616516,20.14339,-109.0078,-38.40301,False
158,2.633331,19.14894,-110.0533,-35.83301,False
159,2.649811,18.62707,-110.7482,-34.38923,False
160,2.666611,17.99988,-111.4251,-32.77483,False
161,2.683395,17.50851,-112.0342,-31.29565,False
162,2.699921,17.09022,-112.4751,-30.04801,False
163,2.716339,17.09022,-112.4751,-30.04801,False
164,2.733017,16.75754,-113.0763,-28.00098,False
165,2.750061,16.85398,-113.0247,-27.19328,False
166,2.766647,16.99602,-112.9215,-26.49918,False
167,2.783295,17.30167,-112.7141,-25.93172,False
168,2.79982,17.60285,-112.3997,-25.41671,False
169,2.816635,17.60285,-112.3997,-25.41671,False
170,2.833237,17.91953,-112.3033,-24.3102,False
171,2.84996,18.00562,-112.5108,-23.61814,False
172,2.866562,18.09829,-112.7091,-22.87333,False
173,2.883224,18.19064,-112.9575,-22.13098,False
174,2.899734,18.27696,-112.99,-21.43712,False
175,2.916367,18.27696,-112.99,-21.43712,False
176,2.933334,18.56507,-112.9416,-20.11646,False
177,2.949982,18.76666,-113.1876,-19.49967,False
178,2.966537,18.97615,-113.3689,-18.82903,False
179,2.983109,19.2425,-113.3364,-18.21339,False
180,2.999588,19.34512,-113.2234,-17.41274,False
181,3.016449,19.34512,-113.2234,-17.41274,False
182,3.033264,19.54325,-112.9908,-15.86684,False
183,3.049683,19.63171,-112.935,-15.17662,False
184,3.066345,19.72715,-112.8121,-14.43195,False
185,3.083008,19.83612,-112.6665,-13.58178,False
186,3.099686,19.87419,-112.5249,-12.77743,False
187,3.116547,19.87419,-112.5249,-12.77743,False
188,3.132904,19.5288,-112.0667,-10.846,False
189,3.149948,19.29525,-111.9195,-10.06532,False
190,3.166595,19.08574,-111.8334,-9.610736,False
191,3.183075,18.88124,-111.6806,-9.102042,False
192,3.199951,18.81445,-111.0253,-8.541413,False
193,3.216629,18.81445,-111.0253,-8.541413,False
194,3.23317,18.88733,-109.2139,-7.922328,False
195,3.249664,18.95447,-108.5066,-7.920219,False
196,3.266495,18.94284,-107.659,-8.018658,False
197,3.283066,18.8993,-106.6505,-8.38715,False
198,3.299698,18.63898,-105.4566,-8.902682,False
199,3.316483,18.63898,-105.4566,-8.902682,False
200,3.333267,17.8395,-103.1491,-10.10191,False
201,3.349747,17.43328,-102.143,-10.79606,False
202,3.366745,17.01761,-101.2079,-11.60518,False
203,3.382843,16.73824,-100.2588,-12.38561,False
204,3.399887,16.45821,-99.25578,-12.58051,False
205,3.416321,16.45821,-99.25578,-12.58051,False
206,3.432922,16.06837,-97.1736,-13.8384,False
207,3.449707,16.02236,-95.8188,-14.28082,False
208,3.4664,15.69814,-94.65807,-15.56677,False
209,3.48291,15.56029,-93.39828,-16.29353,False
210,3.499878,15.82138,-91.98888,-16.81916,False
211,3.516495,15.82138,-91.98888,-16.81916,False
212,3.532928,17.63768,-89.9896,-18.00443,False
213,3.549591,18.55231,-88.86736,-18.72166,False
214,3.566406,19.20753,-87.5304,-19.45744,False
215,3.58287,19.93166,-86.28693,-20.09416,False
216,3.599701,20.93171,-84.84026,-20.49013,False
217,3.616241,20.93171,-84.84026,-20.49013,False
218,3.63298,22.31261,-82.16903,-21.21333,False
219,3.649628,22.70737,-81.26328,-21.46354,False
220,3.666245,23.02928,-81.07975,-21.77726,False
221,3.682861,23.46012,-81.1232,-22.17285,False
222,3.699936,23.76925,-81.11601,-22.16823,False
223,3.71637,23.76925,-81.11601,-22.16823,False
224,3.732971,23.86713,-81.25503,-20.41452,False
225,3.749771,23.49554,-81.86273,-20.00339,False
226,3.766235,23.30157,-82.68887,-19.24464,False
227,3.783005,23.24121,-83.71951,-18.41865,False
228,3.799667,23.28159,-85.26595,-17.74913,False
229,3.816254,23.28159,-85.26595,-17.74913,False
230,3.832962,23.34821,-89.53888,-16.90576,False
231,3.849686,23.52818,-92.29007,-16.56744,False
232,3.86618,24.01079,-94.9399,-16.34573,False
233,3.882919,24.59314,-97.00058,-15.9145,False
234,3.899643,24.95989,-98.58431,-15.24323,False
235,3.916199,24.95989,-98.58431,-15.24323,False
236,3.932892,24.83606,-99.89782,-13.59955,False
237,3.949509,24.40254,-99.91895,-13.03696,False
238,3.966583,23.81312,-99.96825,-12.61471,False
239,3.982925,23.32669,-100.2099,-12.36333,False
240,3.99971,22.82783,-101.0692,-12.18892,False
241,4.016144,22.82783,-101.0692,-12.18892,False
242,4.03302,21.49717,-104.3648,-10.90159,False
243,4.049927,20.90936,-105.9671,-10.36273,False
244,4.066254,20.2495,-106.9698,-9.839509,False
245,4.083099,19.63679,-107.34,-9.439993,False
246,4.09964,19.29583,-107.1976,-8.969389,False
247,4.116257,19.29583,-107.1976,-8.969389,False
248,4.133087,18.91435,-106.937,-7.692854,False
249,4.149582,18.59087,-107.1547,-6.428122,False
250,4.166153,18.17751,-107.791,-4.685759,False
251,4.18306,17.68707,-108.6636,-2.903358,False
252,4.199753,17.06921,-109.5167,-1.548198,False
253,4.216324,17.06921,-109.5167,-1.548198,False
254,4.216843,17.06921,-109.5167,-1.548198,True
255,4.232971,15.0976,-109.8992,-0.3790761,False
256,4.249634,14.15687,-109.7579,0.02007931,False
257,4.266296,13.22005,-109.6409,0.5161636,False
258,4.283371,12.23836,-109.4027,1.42848,False
259,4.29982,11.55436,-109.144,2.726717,False
260,4.316223,11.55436,-109.144,2.726717,False
261,4.333023,10.96946,-108.2599,5.777928,False
262,4.349594,11.1784,-107.9199,6.798945,False
263,4.36618,11.80279,-107.6768,7.480476,False
264,4.382889,12.84112,-107.4994,7.770513,False
265,4.399628,13.87091,-107.4286,7.898543,False
266,4.416138,13.87091,-107.4286,7.898543,False
267,4.432785,14.54026,-107.2488,8.054504,False
268,4.449509,14.54885,-107.1587,8.158678,False
269,4.466324,14.40786,-107.1408,8.221728,False
270,4.482651,14.19032,-107.0321,8.24304,False
271,4.499466,14.12263,-106.6879,8.310493,False
272,4.516388,14.12263,-106.6879,8.310493,False
273,4.532913,14.16649,-104.5458,7.94644,False
274,4.549774,14.06625,-103.4181,7.605136,False
275,4.56633,13.96535,-102.3437,7.251976,False
276,4.58287,13.79611,-101.523,6.948115,False
277,4.59938,13.55156,-101.2085,6.599705,False
278,4.616135,13.55156,-101.2085,6.599705,False
279,4.632919,13.58733,-101.2534,6.129612,False
280,4.649704,13.58739,-101.3078,6.130443,False
281,4.666245,13.46389,-101.3858,6.40115,False
282,4.683044,13.19971,-101.2829,6.731549,False
283,4.699585,12.87732,-101.0553,7.271224,False
284,4.716156,12.87732,-101.0553,7.271224,False
285,4.732773,12.56362,-100.7183,7.962543,False
286,4.749451,12.56727,-100.7005,8.013786,False
287,4.766174,12.63985,-100.755,8.009412,False
288,4.782791,12.92615,-100.7727,7.937148,False
289,4.799545,13.14348,-100.6638,7.91943,False
290,4.816055,13.14348,-100.6638,7.91943,False
291,4.832733,13.21474,-99.79344,7.897717,False
292,4.84935,13.05742,-99.30248,7.741724,False
293,4.866119,12.87787,-99.02521,7.278727,False
294,4.88298,12.821,-99.12135,6.503183,False
295,4.899597,12.7301,-99.41761,5.263514,False
296,4.916153,12.7301,-99.41761,5.263514,False
297,4.933121,12.48674,-100.3295,1.944547,False
298,4.949524,12.25514,-100.3091,0.691907,False
299,4.966599,11.89734,-99.85316,-0.4137664,False
300,4.982895,10.93933,-99.44103,-1.270811,False
301,4.999588,9.593916,-99.45747,-1.880069,False
302,5.016312,9.593916,-99.45747,-1.880069,False
303,5.033112,6.143329,-100.299,-2.42532,False
304,5.049728,4.715249,-100.6394,-2.205089,False
305,5.066376,3.297178,-100.6392,-1.320662,False
306,5.083023,1.590498,-100.617,-0.183134,False
307,5.099594,-0.2089569,-100.5561,1.038284,False
308,5.116135,-0.2089569,-100.5561,1.038284,False
309,5.13295,-4.523481,-100.2603,3.496447,False
310,5.149612,-6.904574,-99.87657,4.664628,False
311,5.166306,-9.315139,-99.44299,5.742523,False
312,5.182816,-11.32718,-98.98106,6.862918,False
313,5.199783,-12.63225,-98.43369,7.903425,False
314,5.216095,-12.63225,-98.43369,7.903425,False
315,5.233002,-13.9001,-96.89071,10.146,False
316,5.249664,-13.9858,-96.04033,11.24656,False
317,5.266235,-13.53144,-95.11448,12.12156,False
318,5.282913,-12.60953,-94.04451,12.80923,False
319,5.299469,-11.07451,-92.63105,13.40001,False
320,5.316406,-11.07451,-92.63105,13.40001,False
321,5.332748,-7.947003,-89.49982,13.85925,False
322,5.349594,-6.599298,-87.52229,13.9445,False
323,5.366394,-5.254018,-84.92493,14.13267,False
324,5.383011,-4.428529,-82.37254,14.15315,False
325,5.399475,-3.819966,-80.02328,13.77674,False
326,5.416306,-3.819966,-80.02328,13.77674,False
327,5.432922,-3.10968,-76.51203,11.69094,False
328,5.449524,-3.008466,-75.47346,10.08009,False
329,5.466293,-2.976727,-75.08884,8.19768,False
330,5.48288,-3.156744,-75.09249,6.106564,False
331,5.49971,-3.758416,-75.20916,4.078201,False
332,5.516296,-3.758416,-75.20916,4.078201,False
333,5.532928,-5.217695,-74.03339,0.7827742,False
334,5.549728,-5.716796,-72.839,-0.9120075,False
335,5.566345,-5.92851,-71.54565,-2.700925,False
336,5.582809,-5.917815,-70.11948,-4.880328,False
337,5.599564,-5.841595,-68.65187,-6.985795,False
338,5.616318,-5.841595,-68.65187,-6.985795,False
339,5.632782,-5.19218,-63.84347,-10.57029,False
340,5.649628,-4.36621,-60.79859,-12.24004,False
341,5.666046,-3.363987,-57.56541,-14.01737,False
342,5.682663,-2.191306,-54.13963,-16.10148,False
343,5.699402,-1.109631,-50.8396,-18.43465,False
344,5.715973,-1.109631,-50.8396,-18.43465,False
345,5.732971,0.5345199,-43.98857,-23.91667,False
346,5.749512,0.8125141,-40.8465,-27.21129,False
347,5.766083,0.9095017,-38.06836,-30.11267,False
348,5.782761,0.8907562,-35.25378,-32.96184,False
349,5.799347,0.7633959,-32.95966,-35.74343,False
350,5.816071,0.7633959,-32.95966,-35.74343,False
351,5.83284,0.6784494,-31.36729,-41.43352,False
352,5.849487,0.6587527,-32.20832,-45.11815,False
353,5.865891,0.5399499,-34.26114,-48.97707,False
354,5.882584,0.4773821,-36.91193,-52.25548,False
355,5.899368,0.5121084,-39.37197,-55.13231,False
356,5.915985,0.5121084,-39.37197,-55.13231,False
357,5.932724,0.852835,-42.49951,-59.19323,False
358,5.94931,0.9332601,-43.17601,-60.27613,False
359,5.966019,0.9295133,-43.24212,-60.71002,False
360,5.982635,0.928104,-42.95938,-60.87322,False
361,5.999146,0.8414013,-42.69911,-60.65667,False
362,6.016037,0.8414013,-42.69911,-60.65667,False
363,6.032745,1.164132,-42.57857,-59.46688,False
364,6.049576,1.623917,-42.79779,-58.65732,False
365,6.066055,2.181793,-43.15273,-57.82413,False
366,6.082626,2.698821,-43.63953,-57.12947,False
367,6.099319,3.081728,-44.54213,-56.52017,False
368,6.116074,3.081728,-44.54213,-56.52017,False
369,6.132706,3.37813,-47.75161,-55.8452,False
370,6.149384,3.37577,-49.96881,-55.92379,False
371,6.166,3.323448,-52.57285,-56.12811,False
372,6.182693,3.36598,-55.63174,-56.24984,False
373,6.199356,3.557656,-58.11384,-56.02508,False
374,6.216049,3.557656,-58.11384,-56.02508,False
375,6.232651,4.11127,-63.31143,-54.78308,False
376,6.249344,4.18807,-66.36382,-53.96264,False
377,6.266083,4.217789,-69.64918,-53.15093,False
378,6.282776,4.254067,-73.34251,-52.16008,False
379,6.299423,4.287974,-76.40006,-51.234,False
380,6.315933,4.287974,-76.40006,-51.234,False
381,6.332855,3.924572,-81.8791,-49.09031,False
382,6.349472,3.159497,-85.08974,-48.32113,False
383,6.365982,2.478163,-87.76902,-47.83344,False
384,6.382675,2.038105,-90.02667,-47.47132,False
385,6.399536,1.943987,-91.59784,-47.13972,False
386,6.415817,1.943987,-91.59784,-47.13972,False
387,6.432663,1.946376,-92.7307,-46.99074,False
388,6.449509,1.946689,-92.46529,-46.97118,False
389,6.466095,1.947635,-92.09644,-46.91222,False
390,6.482758,1.951518,-91.90231,-46.67011,False
391,6.499573,1.859691,-91.9439,-46.12682,False
392,6.515976,1.859691,-91.9439,-46.12682,False
393,6.532654,1.325573,-93.02661,-44.36712,False
394,6.549683,0.6175936,-93.79189,-43.18983,False
395,6.565948,-0.4166359,-94.07939,-41.69765,False
396,6.582428,-1.688563,-94.08747,-40.0312,False
397,6.599243,-3.271226,-93.97333,-37.96199,False
398,6.616226,-3.271226,-93.97333,-37.96199,False
399,6.632675,-6.206709,-94.77776,-33.67585,False
400,6.649445,-7.211057,-96.45662,-31.47135,False
401,6.665878,-7.57258,-98.90832,-28.97296,False
402,6.682922,-7.54274,-101.3102,-26.28735,False
403,6.699524,-7.261088,-102.9123,-23.73098,False
404,6.716019,-7.261088,-102.9123,-23.73098,False
405,6.732605,-6.140791,-102.1588,-19.09547,False
406,6.749146,-5.518767,-101.9181,-17.61775,False
407,6.7659,-4.801019,-102.1337,-16.76869,False
408,6.7827,-4.434202,-102.7557,-16.51156,False
409,6.799164,-4.442532,-103.0978,-16.22631,False
410,6.816055,-4.442532,-103.0978,-16.22631,False
411,6.832764,-5.743525,-102.7892,-14.92984,False
412,6.849396,-6.838934,-102.3249,-14.45407,False
413,6.866089,-7.351472,-101.7015,-14.345,False
414,6.882553,-7.470678,-100.8492,-14.5044,False
415,6.899704,-7.237339,-99.95065,-15.41557,False
416,6.915924,-7.237339,-99.95065,-15.41557,False
417,6.93277,-7.081931,-97.45044,-18.69954,False
418,6.949326,-7.239047,-94.98788,-20.52917,False
419,6.966034,-7.316314,-91.6604,-22.63106,False
420,6.982544,-7.21189,-88.31429,-24.71086,False
421,6.999435,-7.038679,-84.91961,-27.00018,False
422,7.016022,-7.038679,-84.91961,-27.00018,False
423,7.032562,-6.827426,-79.85797,-31.24253,False
424,7.049271,-7.018075,-78.44557,-33.01607,False
425,7.065933,-7.599118,-78.02514,-34.57787,False
426,7.082718,-8.559752,-78.27552,-35.9446,False
427,7.099106,-9.639151,-79.19601,-36.891,False
428,7.115997,-9.639151,-79.19601,-36.891,False
429,7.132431,-11.791,-82.12935,-37.76952,False
430,7.14917,-12.73665,-83.78101,-37.51468,False
431,7.165924,-13.88153,-85.644,-36.44854,False
432,7.182526,-14.88539,-87.98036,-34.82735,False
433,7.19902,-15.91167,-91.37573,-32.71717,False
434,7.216003,-15.91167,-91.37573,-32.71717,False
435,7.233093,-17.92549,-101.8531,-28.94381,False
436,7.249222,-18.46293,-103.0444,-27.9599,False
437,7.266098,-18.69212,-100.3911,-26.66786,False
438,7.282791,-18.90835,-99.56847,-25.9322,False
439,7.299103,-19.03895,-99.57806,-25.39915,False
440,7.315903,-19.03895,-99.57806,-25.39915,False
441,7.332397,-19.32202,-100.1087,-24.62873,False
442,7.349289,-19.49722,-99.9604,-24.2233,False
443,7.365784,-19.65979,-99.21899,-23.91575,False
444,7.382401,-19.61933,-97.62007,-23.76814,False
445,7.399109,-19.34369,-95.36182,-23.566,False
446,7.415665,-19.34369,-95.36182,-23.566,False
447,7.432587,-18.21553,-90.04936,-23.87103,False
448,7.44928,-17.51009,-87.30786,-24.21607,False
449,7.465881,-16.98766,-85.27686,-24.56721,False
450,7.482529,-16.7646,-84.06351,-24.93713,False
451,7.499054,-16.74964,-83.96759,-25.06504,False
452,7.515854,-16.74964,-83.96759,-25.06504,False
453,7.532486,-17.07684,-88.03339,-24.32068,False
454,7.54921,-17.31999,-91.36454,-23.79525,False
455,7.566086,-17.59281,-96.20579,-23.03608,False
456,7.582703,-18.19324,-101.1328,-22.11006,False
457,7.599182,-18.66936,-100.1558,-21.24632,False
458,7.615921,-18.66936,-100.1558,-21.24632,False
459,7.632599,-19.05121,-98.53323,-19.21957,False
460,7.649033,-19.16183,-99.35848,-18.84278,False
461,7.665878,-19.21312,-99.68736,-18.44266,False
462,7.682648,-19.27017,-99.89912,-17.99746,False
463,7.699387,-19.31257,-100.0163,-17.66667,False
464,7.715836,-19.31257,-100.0163,-17.66667,False
465,7.732529,-19.58296,-100.2104,-17.5248,False
466,7.7491,-19.63152,-100.2801,-17.63614,False
467,7.76593,-19.58419,-100.4964,-17.99953,False
468,7.782486,-19.53681,-100.7116,-18.36326,False
469,7.799164,-19.40006,-100.7807,-18.45078,False
470,7.816071,-19.40006,-100.7807,-18.45078,False
471,7.832565,-19.35914,-100.6909,-17.7943,False
472,7.849365,-19.44831,-100.5901,-17.10084,False
473,7.866028,-19.59988,-100.4855,-16.41598,False
474,7.882553,-19.84321,-100.4737,-16.011,False
475,7.899307,-20.0477,-100.7063,-15.42311,False
476,7.915985,-20.0477,-100.7063,-15.42311,False
477,7.932556,-20.5342,-100.9847,-11.71198,False
478,7.948975,-20.59809,-101.0913,-8.678116,False
479,7.965881,-20.18653,-101.1334,-6.087707,False
480,7.982697,-19.64785,-101.426,-4.935542,False
481,7.999115,-19.16599,-101.669,-4.976918,False
482,8.015869,-19.16599,-101.669,-4.976918,False
483,8.032486,-19.60787,-102.1131,-6.948297,False
484,8.049271,-20.37996,-101.5054,-7.767813,False
485,8.065994,-20.89799,-100.3708,-8.426737,False
486,8.082626,-21.35801,-99.15781,-8.988406,False
487,8.099258,-21.83809,-97.61953,-9.863501,False
488,8.115738,-21.83809,-97.61953,-9.863501,False
489,8.132385,-22.56888,-94.14114,-13.06823,False
490,8.149323,-23.22625,-92.03195,-15.61219,False
491,8.165848,-24.11619,-89.87201,-18.47887,False
492,8.182373,-25.05507,-87.29597,-21.87501,False
493,8.199142,-26.17147,-84.38881,-25.28016,False
494,8.215714,-26.17147,-84.38881,-25.28016,False
495,8.232376,-28.02888,-78.32783,-31.12779,False
496,8.249084,-28.77636,-75.97232,-33.69262,False
497,8.265701,-29.47742,-74.44237,-36.01413,False
498,8.282608,-30.17734,-73.73615,-38.17895,False
499,8.299011,-30.89662,-73.84591,-40.11957,False
500,8.315872,-30.89662,-73.84591,-40.11957,False
501,8.332382,-32.03477,-77.7834,-43.53884,False
502,8.349091,-32.14769,-81.10754,-44.15979,False
503,8.366028,-32.17914,-85.36284,-43.82724,False
504,8.382355,-32.25358,-90.13928,-42.90056,False
505,8.399033,-32.53799,-95.54461,-41.5782,False
506,8.41571,-32.53799,-95.54461,-41.5782,False
507,8.432739,-34.46373,-95.76029,-38.51882,False
508,8.449219,-35.77708,-95.94819,-37.27316,False
509,8.465714,-35.89302,-97.64257,-35.77595,False
510,8.482559,-34.90429,-97.90941,-33.96638,False
511,8.499252,-33.36532,-98.62618,-31.60337,False
512,8.515625,-33.36532,-98.62618,-31.60337,False
513,8.532349,-30.31275,-99.63231,-27.35449,False
514,8.549255,-29.42114,-99.95023,-25.80693,False
515,8.565903,-28.78973,-100.1526,-24.38632,False
516,8.582382,-28.44676,-100.2651,-23.31201,False
517,8.599564,-28.24614,-100.4439,-22.42965,False
518,8.615662,-28.24614,-100.4439,-22.42965,False
519,8.632324,-27.61045,-100.869,-20.84307,False
520,8.649231,-27.30348,-100.8388,-20.12513,False
521,8.665985,-27.11558,-100.8597,-19.42724,False
522,8.682373,-27.10881,-100.8232,-18.76649,False
523,8.699265,-27.20148,-100.8058,-17.90261,False
524,8.715927,-27.20148,-100.8058,-17.90261,False
525,8.732513,-27.11981,-100.8732,-15.84843,False
526,8.749069,-26.86733,-100.9089,-14.7039,False
527,8.765854,-26.59912,-100.9456,-13.61411,False
528,8.78241,-26.46209,-101.0188,-12.49274,False
529,8.799133,-26.48427,-100.9863,-11.18754,False
530,8.815628,-26.48427,-100.9863,-11.18754,False
531,8.832428,-26.51923,-101.1015,-8.575397,False
532,8.848877,-26.47908,-101.159,-7.589829,False
533,8.865845,-26.19431,-101.2718,-6.834828,False
534,8.88237,-25.99666,-101.3351,-6.36798,False
535,8.899017,-25.81371,-101.3173,-5.799514,False
536,8.915771,-25.81371,-101.3173,-5.799514,False
537,8.932205,-25.63012,-101.3466,-3.455516,False
538,8.948959,-25.24216,-101.39,-1.894889,False
539,8.965546,-24.75016,-101.4612,-0.4857453,False
540,8.98233,-24.41739,-101.4869,0.6264405,False
541,8.998978,-24.43003,-101.4267,1.206441,False
542,9.015594,-24.43003,-101.4267,1.206441,False
543,9.032242,-24.80889,-101.419,1.363178,False
544,9.048889,-24.98648,-101.3953,1.601373,False
545,9.065857,-25.12498,-101.3622,2.056409,False
546,9.082367,-24.98316,-101.4905,2.555274,False
547,9.098816,-24.60613,-101.557,2.927586,False
548,9.11554,-24.60613,-101.557,2.927586,False
549,9.132339,-24.19087,-101.5952,3.04009,False
550,9.149033,-24.59095,-101.4261,2.821881,False
551,9.165649,-25.24771,-101.0874,2.402269,False
552,9.182465,-25.76111,-100.7479,1.999761,False
553,9.198639,-25.72894,-100.5393,1.786999,False
554,9.215805,-25.72894,-100.5393,1.786999,False
555,9.23233,-24.53114,-100.4464,1.908201,False
556,9.249161,-23.64208,-100.3989,2.191387,False
557,9.265884,-23.11492,-100.1019,2.519364,False
558,9.282349,-23.07701,-99.47809,2.768793,False
559,9.298965,-23.29768,-98.57599,2.810686,False
560,9.315796,-23.29768,-98.57599,2.810686,False
561,9.332092,-23.50594,-95.42819,2.240617,False
562,9.348907,-23.47746,-92.92809,1.517427,False
563,9.36557,-23.17616,-89.84278,0.8763868,False
564,9.382172,-22.82977,-86.57955,0.4115,False
565,9.398941,-22.3449,-83.41924,-0.04813329,False
566,9.415588,-22.3449,-83.41924,-0.04813329,False
567,9.432159,-21.77365,-78.42979,-0.6524218,False
568,9.449036,-21.02386,-76.36733,-1.042093,False
569,9.465775,-19.72681,-74.7623,-1.970327,False
570,9.482361,-18.31793,-73.64075,-3.42146,False
571,9.498978,-17.0014,-73.01151,-5.517377,False
572,9.515503,-17.0014,-73.01151,-5.517377,False
573,9.532516,-16.48046,-73.13123,-10.50676,False
574,9.548782,-16.88796,-73.90985,-13.39315,False
575,9.565781,-17.26981,-74.89853,-16.27907,False
576,9.582062,-17.181,-75.48041,-18.70779,False
577,9.598999,-16.46795,-75.81281,-21.18126,False
578,9.615494,-16.46795,-75.81281,-21.18126,False
579,9.632187,-14.39449,-75.6751,-26.53427,False
580,9.649033,-13.42266,-75.44911,-29.28184,False
581,9.665543,-12.86525,-75.77579,-31.52785,False
582,9.682373,-12.73283,-77.1682,-33.53095,False
583,9.698868,-12.78043,-79.24526,-34.78724,False
584,9.715271,-12.78043,-79.24526,-34.78724,False
585,9.73201,-12.88645,-86.17579,-35.97593,False
586,9.748779,-12.95605,-90.42296,-35.82605,False
587,9.765488,-13.00319,-94.95552,-35.34384,False
588,9.782272,-13.08731,-98.74048,-34.48346,False
589,9.798904,-13.22082,-101.0534,-33.11779,False
590,9.815521,-13.22082,-101.0534,-33.11779,False
591,9.832077,-13.29092,-100.3812,-29.45238,False
592,9.848846,-13.26301,-99.87736,-27.2977,False
593,9.86557,-13.00527,-99.81772,-24.98021,False
594,9.882111,-12.63148,-100.5714,-22.43442,False
595,9.898895,-12.2867,-101.952,-20.03098,False
596,9.91568,-12.2867,-101.952,-20.03098,False
597,9.932327,-12.06254,-102.8103,-15.07922,False
598,9.949005,-12.1218,-103.1281,-12.6897,False
599,9.965347,-12.17984,-103.1761,-10.26485,False
600,9.982147,-12.01065,-102.9754,-8.161465,False
601,9.998901,-11.75387,-102.6689,-6.222388,False
602,10.01558,-11.75387,-102.6689,-6.222388,False
603,10.03209,-10.97623,-102.6128,-3.82075,False
604,10.04916,-10.47536,-102.6743,-3.148016,False
605,10.06567,-10.10004,-102.7051,-2.59262,False
606,10.08234,-10.08283,-102.5432,-1.746644,False
607,10.09889,-10.14946,-102.251,-0.6456045,False
608,10.1156,-10.14946,-102.251,-0.6456045,False
609,10.13226,-10.10664,-101.4716,2.134349,False
610,10.14922,-10.04551,-101.1219,3.495315,False
611,10.16577,-10.17422,-100.8718,4.477244,False
612,10.18208,-10.5705,-100.6592,5.128335,False
613,10.19894,-11.18083,-100.4053,5.710892,False
614,10.21571,-11.18083,-100.4053,5.710892,False
615,10.23253,-12.36286,-99.83892,7.18118,False
616,10.24893,-12.7145,-99.59482,8.033811,False
617,10.26544,-12.91924,-99.30835,8.841983,False
618,10.28218,-13.04835,-99.08932,9.603697,False
619,10.29887,-13.1666,-98.86722,10.20972,False
620,10.31554,-13.1666,-98.86722,10.20972,False
621,10.33206,-13.91783,-98.43314,11.32824,False
622,10.34874,-14.48012,-98.43925,11.84948,False
623,10.36569,-15.11999,-98.60606,12.36454,False
624,10.38231,-15.6887,-98.77039,12.88176,False
625,10.3989,-16.35326,-98.96082,13.59096,False
626,10.41551,-16.35326,-98.96082,13.59096,False
627,10.43227,-17.69243,-99.01476,15.74752,False
628,10.44897,-18.36029,-99.01658,17.08993,False
629,10.46562,-18.77483,-99.08067,18.14771,False
630,10.48232,-18.94592,-99.20232,19.07393,False
631,10.49898,-18.84561,-99.38969,19.62638,False
632,10.51584,-18.84561,-99.38969,19.62638,False
633,10.53229,-18.5589,-99.83453,20.6813,False
634,10.54898,-18.61567,-99.99146,21.25952,False
635,10.56555,-18.66738,-100.169,21.78622,False
636,10.58223,-18.70466,-100.3609,22.1659,False
637,10.59889,-18.80188,-100.3748,22.34974,False
638,10.61568,-18.80188,-100.3748,22.34974,False
639,10.63226,-18.99704,-100.2927,22.71976,False
640,10.64885,-19.18755,-100.3423,23.0371,False
641,10.66556,-19.37834,-100.4453,23.35165,False
642,10.68225,-19.54567,-100.4512,23.43063,False
643,10.69885,-19.61444,-100.554,23.32398,False
644,10.71553,-19.61444,-100.554,23.32398,False
645,10.73219,-19.83893,-100.9865,22.41888,False
646,10.74937,-20.38796,-100.9865,22.36099,False
647,10.76564,-20.91656,-100.7774,22.84157,False
648,10.78236,-21.32206,-100.4197,23.62678,False
649,10.79895,-21.57135,-100.0564,24.4261,False
650,10.81537,-21.57135,-100.0564,24.4261,False
651,10.83208,-21.99503,-99.93246,24.62156,False
652,10.84885,-22.41508,-100.1799,24.08615,False
653,10.8656,-23.10396,-100.2783,23.80947,False
654,10.88225,-24.14291,-100.2291,23.77938,False
655,10.89877,-25.33057,-99.90762,24.26085,False
656,10.91554,-25.33057,-99.90762,24.26085,False
657,10.93231,-26.67574,-99.35976,25.24495,False
658,10.94876,-26.60267,-99.33442,25.30352,False
659,10.96559,-26.10579,-99.356,25.22753,False
660,10.98206,-25.33941,-99.50331,24.94288,False
661,10.99875,-24.36748,-99.52425,24.92398,False
662,11.01541,-24.36748,-99.52425,24.92398,False
663,11.03206,-23.78074,-98.9135,26.06492,False
664,11.04877,-23.81643,-98.45388,27.02334,False
665,11.06544,-23.74746,-98.03707,27.80031,False
666,11.08217,-23.63155,-97.82681,28.19753,False
667,11.09882,-23.56225,-97.71967,28.3034,False
668,11.11525,-23.56225,-97.71967,28.3034,False
669,11.1321,-23.4731,-96.95666,28.2437,False
670,11.14886,-23.44139,-96.40736,27.97804,False
671,11.16557,-23.66813,-95.77882,27.82111,False
672,11.18239,-24.05532,-95.09562,27.64101,False
673,11.1989,-24.20565,-94.33171,27.53335,False
674,11.21541,-24.20565,-94.33171,27.53335,False
675,11.23206,-24.06024,-92.49554,27.01667,False
676,11.24892,-23.8501,-91.17865,26.63195,False
677,11.26566,-23.69964,-89.61122,26.06527,False
678,11.28209,-23.53382,-87.92986,25.36811,False
679,11.2988,-23.35003,-85.91669,24.51766,False
680,11.31548,-23.35003,-85.91669,24.51766,False
681,11.33214,-23.12523,-81.52848,22.00477,False
682,11.34886,-22.91098,-79.6503,20.24121,False
683,11.36545,-22.61925,-78.48345,18.48147,False
684,11.38225,-22.32984,-77.91476,16.72882,False
685,11.3989,-22.08845,-77.8955,15.36329,False
686,11.4155,-22.08845,-77.8955,15.36329,False
687,11.43204,-21.78083,-78.81647,12.80477,False
688,11.44887,-21.5834,-79.54205,11.16268,False
689,11.46561,-21.36568,-80.24943,9.351935,False
690,11.48206,-21.00743,-80.79194,6.98058,False
691,11.49895,-20.56986,-80.23638,4.532075,False
692,11.51549,-20.56986,-80.23638,4.532075,False
693,11.53203,-19.30196,-76.37794,-1.446132,False
694,11.54883,-17.81169,-73.27844,-4.917467,False
695,11.56555,-15.70622,-70.07091,-8.374629,False
696,11.58235,-13.21252,-66.73859,-11.98143,False
697,11.59883,-10.77608,-63.91214,-15.34835,False
698,11.61534,-10.77608,-63.91214,-15.34835,False
699,11.63214,-5.366387,-58.7477,-21.77965,False
700,11.64851,-3.555722,-56.74957,-24.25914,False
701,11.66562,-2.445771,-55.16359,-26.74736,False
702,11.68216,-2.00236,-54.19095,-29.22914,False
703,11.69887,-1.910922,-53.81421,-31.67668,False
704,11.71536,-1.910922,-53.81421,-31.67668,False
705,11.73192,-2.17493,-53.48417,-36.13092,False
706,11.74895,-2.09964,-52.61822,-37.43452,False
707,11.7655,-2.132614,-51.49338,-38.70337,False
708,11.78207,-2.373256,-50.57981,-40.10791,False
709,11.79852,-2.865346,-49.92243,-41.67571,False
710,11.81546,-2.865346,-49.92243,-41.67571,False
711,11.83205,-4.779999,-49.50679,-46.04864,False
712,11.84865,-5.116198,-49.78339,-47.62469,False
713,11.86546,-4.611361,-50.76429,-47.82353,False
714,11.88205,-3.946803,-52.62377,-46.89548,False
715,11.89874,-3.837328,-54.69183,-45.59987,False
716,11.91527,-3.837328,-54.69183,-45.59987,False
717,11.93192,-5.023427,-58.62937,-43.75892,False
718,11.94861,-6.104439,-60.4994,-43.69777,False
719,11.96521,-7.405957,-62.37764,-44.28589,False
720,11.9821,-8.704762,-64.3491,-45.4784,False
721,11.99886,-9.779788,-66.15549,-46.64435,False
722,12.01537,-9.779788,-66.15549,-46.64435,False
723,12.03209,-11.10401,-71.20683,-47.0485,False
724,12.04892,-10.96975,-75.06013,-46.30416,False
725,12.0652,-10.53785,-78.6926,-45.44315,False
726,12.08223,-10.28924,-81.0835,-44.76102,False
727,12.09863,-10.19601,-80.95729,-44.02615,False
728,12.11545,-10.19601,-80.95729,-44.02615,False
729,12.13202,-10.34122,-80.3983,-43.51593,False
730,12.14853,-10.41011,-80.75141,-43.928,False
731,12.16539,-10.47434,-81.62737,-44.38745,False
732,12.18188,-10.67951,-83.23383,-44.98301,False
733,12.19867,-10.94416,-85.05827,-45.45544,False
734,12.21553,-10.94416,-85.05827,-45.45544,False
735,12.23193,-11.97179,-88.64334,-45.89377,False
736,12.2487,-12.58608,-89.9805,-45.85516,False
737,12.26521,-13.34825,-91.15796,-45.87212,False
738,12.28181,-14.01457,-91.9126,-45.84209,False
739,12.29854,-14.58005,-92.23978,-45.81004,False
740,12.31526,-14.58005,-92.23978,-45.81004,False
741,12.33212,-15.02642,-93.68131,-45.08381,False
742,12.34856,-15.06071,-95.20135,-44.80251,False
743,12.36525,-15.32588,-97.14329,-44.74343,False
744,12.38177,-15.72953,-98.70485,-44.81719,False
745,12.39883,-16.19612,-99.62691,-44.80354,False
746,12.41515,-16.19612,-99.62691,-44.80354,False
747,12.43182,-16.55147,-98.5605,-43.68425,False
748,12.44852,-16.59959,-98.13106,-42.52877,False
749,12.46513,-16.62087,-98.23866,-41.15769,False
750,12.48189,-16.50109,-98.98558,-39.60283,False
751,12.49867,-16.59276,-100.416,-38.46404,False
752,12.51535,-16.59276,-100.416,-38.46404,False
753,12.53197,-16.64321,-103.1942,-37.64151,False
754,12.54872,-16.5013,-103.0328,-37.46771,False
755,12.56532,-16.18465,-102.979,-37.3763,False
756,12.58208,-15.87452,-102.9799,-37.22889,False
757,12.59865,-15.62169,-103.0377,-36.59373,False
758,12.61504,-15.62169,-103.0377,-36.59373,False
759,12.63196,-14.81537,-103.4647,-34.45554,False
760,12.6485,-14.20935,-103.8294,-33.33362,False
761,12.66508,-13.93394,-104.3071,-32.737,False
762,12.68192,-14.06494,-104.9556,-32.56044,False
763,12.69862,-14.55878,-105.7738,-32.69347,False
764,12.71501,-14.55878,-105.7738,-32.69347,False
765,12.73189,-15.42003,-108.0752,-33.5563,False
766,12.74866,-15.42056,-108.7358,-34.04078,False
767,12.76524,-15.26728,-109.0126,-34.40377,False
768,12.7821,-15.23664,-109.1785,-34.67261,False
769,12.79865,-15.1085,-109.3975,-34.82095,False
770,12.81531,-15.1085,-109.3975,-34.82095,False
771,12.83206,-14.70042,-109.9431,-34.99273,False
772,12.8484,-14.7004,-110.2151,-34.9929,False
773,12.8652,-14.69439,-110.4331,-35.04744,False
774,12.88164,-14.79795,-110.5966,-35.1142,False
775,12.89867,-14.99872,-110.7606,-35.30154,False
776,12.91516,-14.99872,-110.7606,-35.30154,False
777,12.93172,-15.34413,-110.816,-35.66945,False
778,12.94872,-15.48886,-110.8161,-35.85039,False
779,12.96529,-15.69394,-110.8706,-35.98431,False
780,12.98186,-16.01393,-110.8705,-36.07738,False
781,12.99852,-16.23805,-110.925,-36.05032,False
782,13.01529,-16.23805,-110.925,-36.05032,False
783,13.03175,-16.31761,-110.7604,-35.4021,False
784,13.04886,-16.19301,-110.5953,-35.0576,False
785,13.06525,-16.17741,-110.5382,-34.72707,False
786,13.08182,-16.24272,-110.532,-34.18766,False
787,13.09874,-16.37332,-110.513,-33.10894,False
788,13.11537,-16.37332,-110.513,-33.10894,False
789,13.13199,-16.60147,-110.4311,-29.30812,False
790,13.14845,-16.84572,-110.5293,-27.26242,False
791,13.16515,-17.03797,-110.9566,-25.65235,False
792,13.18169,-17.1925,-111.4348,-24.85934,False
793,13.19855,-17.34198,-111.9013,-24.6126,False
794,13.21513,-17.34198,-111.9013,-24.6126,False
795,13.23181,-18.13002,-112.0504,-24.54923,False
796,13.24854,-18.5926,-111.908,-24.22423,False
797,13.26523,-18.96637,-111.7985,-23.67165,False
798,13.28165,-19.23708,-111.7299,-22.99817,False
799,13.29863,-19.44224,-111.6634,-22.37107,False
800,13.31535,-19.44224,-111.6634,-22.37107,False
801,13.33179,-19.68683,-111.7202,-21.91521,False
802,13.3485,-19.94237,-111.6539,-21.83974,False
803,13.36533,-20.28052,-111.6241,-21.61355,False
804,13.38194,-20.59664,-111.5626,-21.11241,False
805,13.39862,-21.01281,-111.5752,-20.35576,False
806,13.41527,-21.01281,-111.5752,-20.35576,False
807,13.43179,-21.29291,-111.7559,-18.82475,False
808,13.44846,-21.24524,-111.737,-18.27538,False
809,13.46509,-21.24369,-111.6768,-17.84036,False
810,13.48184,-21.4135,-111.4131,-17.53367,False
811,13.49835,-21.58432,-110.931,-17.22367,False
812,13.51532,-21.58432,-110.931,-17.22367,False
813,13.53178,-22.3473,-110.3071,-16.78277,False
814,13.54861,-22.47279,-110.0784,-16.36477,False
815,13.56528,-22.49653,-109.9317,-15.77066,False
816,13.58205,-22.45569,-109.766,-14.73469,False
817,13.59843,-22.2594,-109.5455,-13.40748,False
818,13.61522,-22.2594,-109.5455,-13.40748,False
819,13.63168,-22.12215,-109.0044,-10.2071,False
820,13.64813,-22.28396,-108.9807,-9.05039,False
821,13.66507,-22.45964,-109.0821,-8.274292,False
822,13.68164,-22.51814,-109.2067,-7.85737,False
823,13.69859,-22.64299,-109.2211,-7.448378,False
824,13.715,-22.64299,-109.2211,-7.448378,False
825,13.73166,-22.75359,-108.8753,-6.179287,False
826,13.74835,-22.78958,-108.6452,-5.435961,False
827,13.76509,-22.72857,-108.4083,-4.89239,False
828,13.78162,-22.69058,-108.2477,-4.672217,False
829,13.79834,-22.63084,-108.0715,-4.608166,False
830,13.815,-22.63084,-108.0715,-4.608166,False
831,13.8317,-22.63848,-107.8408,-4.55292,False
832,13.84834,-22.68938,-107.5313,-4.184645,False
833,13.8652,-22.69424,-107.0719,-3.650115,False
834,13.88168,-22.56966,-106.651,-3.046523,False
835,13.89853,-22.29997,-106.2958,-2.478149,False
836,13.91505,-22.29997,-106.2958,-2.478149,False
837,13.93179,-22.33517,-105.791,-2.216274,False
838,13.94859,-22.40352,-105.6277,-2.225241,False
839,13.96503,-22.40352,-105.6277,-2.225241,False
840,13.98192,-22.40514,-105.4326,-1.695852,False
841,13.99858,-22.31024,-105.2029,-0.8371447,False
842,14.01515,-22.31024,-105.2029,-0.8371447,False
843,14.03146,-22.06422,-104.6815,1.040021,False
844,14.04842,-22.05497,-104.5433,1.514262,False
845,14.06502,-22.14499,-104.4968,1.66012,False
846,14.08177,-22.35468,-104.2247,1.632507,False
847,14.09825,-22.7876,-103.704,1.678365,False
848,14.11494,-22.7876,-103.704,1.678365,False
849,14.13148,-23.97351,-102.2099,3.027501,False
850,14.14853,-24.30791,-101.8774,3.869325,False
851,14.16508,-24.40909,-101.6437,4.586197,False
852,14.18184,-24.18157,-101.454,5.034513,False
853,14.19856,-23.83186,-101.3282,5.133451,False
854,14.21503,-23.83186,-101.3282,5.133451,False
855,14.23181,-23.33576,-101.2836,4.151895,False
856,14.24872,-23.13894,-101.0894,3.228031,False
857,14.26511,-22.94795,-100.4919,2.341708,False
858,14.28156,-22.81749,-99.4688,1.371297,False
859,14.29819,-22.6444,-97.64514,0.0838193,False
860,14.3149,-22.6444,-97.64514,0.0838193,False
861,14.33167,-22.1757,-93.40567,-3.402444,False
862,14.34825,-21.8689,-91.48823,-5.684529,False
863,14.36494,-21.35852,-89.98609,-8.485385,False
864,14.38159,-20.8368,-89.06113,-11.40717,False
865,14.39848,-20.06917,-88.82027,-14.76936,False
866,14.41499,-20.06917,-88.82027,-14.76936,False
867,14.43181,-18.13008,-89.83511,-20.13093,False
868,14.44846,-17.10405,-90.35705,-22.0333,False
869,14.46507,-16.42747,-90.92783,-23.69639,False
870,14.48177,-16.07726,-91.29376,-25.20541,False
871,14.49821,-15.80001,-91.57879,-26.62316,False
872,14.51488,-15.80001,-91.57879,-26.62316,False
873,14.53198,-15.51172,-91.75826,-29.20916,False
874,14.54816,-15.42412,-91.8289,-30.50967,False
875,14.5648,-15.29456,-92.09814,-31.66747,False
876,14.58174,-15.09874,-92.46796,-32.91356,False
877,14.5984,-14.74783,-92.66097,-34.05564,False
878,14.61496,-14.74783,-92.66097,-34.05564,False
879,14.63164,-13.68152,-91.9856,-35.73008,False
880,14.64804,-13.34121,-91.45065,-36.37112,False
881,14.66486,-13.03779,-91.0745,-36.66759,False
882,14.68159,-12.87459,-91.02065,-36.6593,False
883,14.6983,-12.83395,-91.23579,-36.5152,False
884,14.71495,-12.83395,-91.23579,-36.5152,False
885,14.73155,-12.85201,-92.74243,-35.76431,False
886,14.74835,-12.70018,-93.71404,-35.62596,False
887,14.76503,-12.26628,-94.41669,-35.55486,False
888,14.7816,-11.65765,-94.57953,-35.59009,False
889,14.79819,-10.98368,-94.0401,-35.76043,False
890,14.815,-10.98368,-94.0401,-35.76043,False
891,14.83147,-9.48438,-91.98985,-36.01772,False
892,14.84822,-8.27547,-90.69685,-36.11967,False
893,14.86481,-6.689074,-89.51323,-36.20874,False
894,14.88161,-4.506446,-88.65384,-36.36168,False
895,14.89818,-2.10985,-88.27867,-36.7979,False
896,14.91492,-2.10985,-88.27867,-36.7979,False
897,14.93146,2.191003,-88.42977,-38.40307,False
898,14.94823,3.190305,-88.47391,-39.06716,False
899,14.96489,3.657942,-88.46685,-39.46,False
900,14.9816,3.550445,-88.46576,-39.51134,False
901,14.99825,3.074913,-88.46685,-39.44478,False
902,15.01488,3.074913,-88.46685,-39.44478,False
903,15.03171,2.023908,-88.42375,-38.83508,False
904,15.04831,1.8148,-88.48138,-38.5515,False
905,15.06514,1.76597,-88.53906,-38.21603,False
906,15.08151,1.821759,-88.54076,-38.05378,False
907,15.09843,1.932676,-88.43574,-37.80122,False
908,15.11511,1.932676,-88.43574,-37.80122,False
909,15.13177,2.320771,-88.38564,-37.10985,False
910,15.14839,2.381778,-88.43973,-36.7217,False
911,15.16505,2.333417,-88.43919,-36.39475,False
912,15.18173,2.010331,-88.43863,-36.2264,False
913,15.19826,1.358451,-88.49232,-36.20931,False
914,15.21486,1.358451,-88.49232,-36.20931,False
915,15.23164,-1.248402,-88.6003,-36.35374,False
916,15.24835,-2.768806,-88.49273,-36.34003,False
917,15.26505,-4.301467,-88.27583,-35.98145,False
918,15.28165,-5.586197,-88.10699,-35.24039,False
919,15.29817,-6.674611,-88.09106,-34.31135,False
920,15.31508,-6.674611,-88.09106,-34.31135,False
921,15.3316,-8.484245,-88.17876,-31.88361,False
922,15.34824,-9.366594,-88.22398,-30.5089,False
923,15.36504,-10.15317,-88.14362,-29.09575,False
924,15.38152,-10.72179,-87.99345,-27.67899,False
925,15.3983,-11.1273,-87.71534,-26.21554,False
926,15.41492,-11.1273,-87.71534,-26.21554,False
927,15.43153,-11.22767,-87.45206,-23.40159,False
928,15.44829,-10.91951,-87.34554,-21.90668,False
929,15.46516,-10.59751,-87.45135,-20.48659,False
930,15.48151,-10.38316,-87.61186,-19.17671,False
931,15.49817,-10.27779,-87.9454,-18.01344,False
932,15.51498,-10.27779,-87.9454,-18.01344,False
933,15.53146,-10.68712,-88.28313,-16.61139,False
934,15.54834,-11.15978,-88.2616,-16.15267,False
935,15.56491,-11.69318,-88.19315,-15.76218,False
936,15.58151,-12.17421,-88.05185,-15.27006,False
937,15.59813,-12.47234,-87.84549,-14.71916,False
938,15.61505,-12.47234,-87.84549,-14.71916,False
939,15.63174,-12.43175,-87.6591,-13.64174,False
940,15.64819,-12.09281,-87.67019,-13.06195,False
941,15.66478,-11.75167,-87.73291,-12.47524,False
942,15.68164,-11.3466,-87.72948,-11.84004,False
943,15.69826,-10.87955,-87.59488,-11.11176,False
944,15.7153,-10.87955,-87.59488,-11.11176,False
945,15.73161,-9.565299,-87.22549,-9.212851,False
946,15.74805,-8.832603,-87.01978,-8.212829,False
947,15.76477,-7.901781,-86.75885,-6.996176,False
948,15.78166,-6.824364,-86.42109,-5.736984,False
949,15.7982,-5.592511,-85.97743,-4.552174,False
950,15.8148,-5.592511,-85.97743,-4.552174,False
951,15.83145,-3.404953,-85.48074,-2.762359,False
952,15.84831,-2.459425,-85.34191,-2.220209,False
953,15.86478,-1.779264,-85.37927,-1.932644,False
954,15.88161,-1.300844,-85.52656,-1.851288,False
955,15.89822,-1.02741,-85.62003,-1.780715,False
956,15.91498,-1.02741,-85.62003,-1.780715,False
957,15.93141,-0.8904662,-85.67384,-1.771864,False
958,15.9483,-0.9589629,-85.67384,-1.772244,False
959,15.9649,-1.095956,-85.67384,-1.773089,False
960,15.98172,-1.301443,-85.67384,-1.774568,False
961,15.9982,-1.506455,-85.68797,-1.828768,False
962,16.01479,-1.506455,-85.68797,-1.828768,False
963,16.0314,-1.982102,-85.82611,-2.140668,False
964,16.0482,-2.318794,-85.97733,-2.504727,False
965,16.0649,-2.786402,-86.12827,-3.090355,False
966,16.08128,-3.450467,-86.31662,-3.840097,False
967,16.09811,-4.238332,-86.37824,-4.779353,False
968,16.11491,-4.238332,-86.37824,-4.779353,False
969,16.13136,-4.788157,-85.59828,-6.66973,False
970,16.14827,-4.691304,-84.94412,-7.707724,False
971,16.16508,-4.456424,-84.34194,-9.014524,False
972,16.18126,-4.286394,-83.69852,-10.44729,False
973,16.19824,-4.103921,-83.03934,-12.44257,False
974,16.21507,-4.103921,-83.03934,-12.44257,False
975,16.23158,-3.967486,-81.99526,-17.62573,False
976,16.24808,-3.898921,-81.70892,-20.23051,False
977,16.26494,-3.885916,-81.44841,-22.99679,False
978,16.28162,-3.812083,-81.1888,-25.75851,False
979,16.29802,-3.786731,-80.89996,-28.85394,False
980,16.31451,-3.786731,-80.89996,-28.85394,False
981,16.3315,-3.633313,-80.16139,-34.50558,False
982,16.34819,-3.604157,-79.68508,-37.56224,False
983,16.36484,-3.576855,-79.35805,-40.46272,False
984,16.38135,-3.500683,-79.02987,-43.18619,False
985,16.39824,-3.385806,-78.61845,-45.48577,False
986,16.41486,-3.385806,-78.61845,-45.48577,False
987,16.43149,-2.812549,-77.24596,-48.37416,False
988,16.44791,-2.350653,-76.61031,-49.26995,False
989,16.46469,-1.849765,-76.29582,-49.97888,False
990,16.48146,-1.30772,-76.24632,-50.56736,False
991,16.49825,-0.9637938,-76.19414,-51.1595,False
992,16.51453,-0.9637938,-76.19414,-51.1595,False
993,16.53149,-0.62271,-76.12904,-51.86059,False
994,16.54817,-0.478452,-76.01332,-51.99529,False
995,16.56499,-0.1912249,-75.8501,-52.0895,False
996,16.58163,0.1911134,-75.79221,-52.15728,False
997,16.59801,0.5256224,-75.84487,-52.14462,False
998,16.61497,0.5256224,-75.84487,-52.14462,False
999,16.63123,0.8120418,-76.09772,-52.18629,False
1000,16.64803,0.7652493,-76.67765,-52.03794,False
1001,16.6647,0.6709563,-77.62802,-51.80075,False
1002,16.68127,0.5296497,-79.02475,-51.25425,False
1003,16.69798,0.3879302,-80.81668,-50.42384,False
1004,16.71512,0.3879302,-80.81668,-50.42384,False
1005,16.73154,-0.04921287,-85.00428,-48.66857,False
1006,16.74789,-0.4456993,-87.12512,-47.91698,False
1007,16.76466,-0.8977337,-89.10216,-47.06275,False
1008,16.78127,-1.405914,-90.6545,-46.24611,False
1009,16.79787,-1.973647,-91.79015,-45.29034,False
1010,16.81505,-1.973647,-91.79015,-45.29034,False
1011,16.83119,-3.262535,-94.10105,-42.43845,False
1012,16.84798,-3.929831,-95.34926,-40.96364,False
1013,16.86465,-4.404836,-96.53516,-39.33773,False
1014,16.88118,-4.833382,-97.37881,-37.80558,False
1015,16.89818,-5.313763,-98.15098,-36.55801,False
1016,16.91484,-5.313763,-98.15098,-36.55801,False
1017,16.93123,-6.588044,-99.23687,-34.94546,False
1018,16.94801,-7.164737,-99.72175,-34.44677,False
1019,16.96498,-7.512768,-100.316,-34.1489,False
1020,16.98135,-7.696447,-100.9641,-33.84134,False
1021,16.99823,-7.769838,-101.612,-33.53077,False
1022,17.01462,-7.769838,-101.612,-33.53077,False
1023,17.03133,-7.986119,-103.174,-32.69154,False
1024,17.048,-8.336933,-104.1477,-32.44851,False
1025,17.0649,-9.184834,-105.0695,-32.35703,False
1026,17.08148,-10.36489,-105.8295,-32.36153,False
1027,17.09816,-11.88024,-106.4265,-32.41372,False
1028,17.11464,-11.88024,-106.4265,-32.41372,False
1029,17.13132,-14.75236,-106.6932,-32.46982,False
1030,17.1481,-15.95679,-106.686,-32.33252,False
1031,17.16475,-17.08679,-106.7789,-31.9198,False
1032,17.18146,-17.97153,-107.0248,-31.26048,False
1033,17.198,-18.62461,-107.2521,-30.24627,False
1034,17.21486,-18.62461,-107.2521,-30.24627,False
1035,17.23112,-18.90207,-107.9576,-27.3133,False
1036,17.24794,-18.94276,-108.3278,-25.67303,False
1037,17.26459,-18.90529,-108.3616,-24.13756,False
1038,17.2813,-19.04506,-108.1097,-22.1385,False
1039,17.29797,-19.2472,-107.825,-20.58663,False
1040,17.31487,-19.2472,-107.825,-20.58663,False
1041,17.33124,-20.3951,-107.4722,-17.58599,False
1042,17.34801,-20.95063,-107.4371,-16.30409,False
1043,17.36472,-21.51239,-107.4972,-15.02563,False
1044,17.38138,-21.74727,-107.3989,-13.81344,False
1045,17.39807,-21.84727,-107.19,-12.63888,False
1046,17.41487,-21.84727,-107.19,-12.63888,False
1047,17.43144,-21.80542,-106.7629,-10.10062,False
1048,17.44814,-21.8997,-106.5754,-8.931612,False
1049,17.46492,-22.08774,-106.6025,-7.562828,False
1050,17.48129,-22.27519,-106.7782,-6.198285,False
1051,17.49792,-22.49066,-106.8875,-4.62978,False
1052,17.51474,-22.49066,-106.8875,-4.62978,False
1053,17.53133,-22.89101,-106.6698,-1.715392,False
1054,17.54797,-23.07602,-106.5109,-0.3686506,False
1055,17.56442,-23.29425,-106.5227,0.7043613,False
1056,17.58124,-23.56152,-106.5176,1.610253,False
1057,17.59781,-23.67528,-106.4831,2.430821,False
1058,17.6145,-23.67528,-106.4831,2.430821,False
1059,17.63116,-23.92354,-106.296,3.701504,False
1060,17.64793,-23.8526,-106.2392,4.231669,False
1061,17.66447,-23.77382,-106.1427,4.71101,False
1062,17.68106,-23.6366,-106.0648,5.300595,False
1063,17.69786,-23.43288,-106.0215,5.948672,False
1064,17.71458,-23.43288,-106.0215,5.948672,False
1065,17.73116,-23.32762,-105.9264,7.353732,False
1066,17.74789,-23.41476,-105.8551,8.010076,False
1067,17.7645,-23.48845,-105.7627,8.565117,False
1068,17.78142,-23.54877,-105.6506,9.019464,False
1069,17.79803,-23.60901,-105.5368,9.473182,False
1070,17.81483,-23.60901,-105.5368,9.473182,False
1071,17.83112,-23.45526,-105.1922,10.57026,False
1072,17.84766,-23.54106,-104.9407,11.22476,False
1073,17.86432,-23.62668,-104.6857,11.87792,False
1074,17.88116,-23.72546,-104.3327,12.63142,False
1075,17.89787,-23.7629,-103.7711,13.49713,False
1076,17.91438,-23.7629,-103.7711,13.49713,False
1077,17.931,-23.9052,-102.0528,15.17349,False
1078,17.94815,-24.00994,-101.06,15.97753,False
1079,17.96494,-24.0946,-100.1814,16.6275,False
1080,17.9812,-24.2356,-99.5284,17.11456,False
1081,17.99777,-24.34436,-99.1467,17.35243,False
1082,18.01453,-24.34436,-99.1467,17.35243,False
1083,18.03127,-24.30675,-98.41594,17.659,False
1084,18.04771,-24.23009,-97.87184,17.66766,False
1085,18.06448,-24.22316,-97.29543,17.61444,False
1086,18.08125,-24.18379,-96.82909,17.31222,False
1087,18.09816,-24.34684,-96.50364,16.78065,False
1088,18.11438,-24.34684,-96.50364,16.78065,False
1089,18.13129,-24.77857,-95.81135,15.38605,False
1090,18.14774,-24.75037,-95.36609,14.60888,False
1091,18.16452,-24.62583,-95.03249,13.68826,False
1092,18.1812,-24.33925,-94.95017,12.69046,False
1093,18.1978,-24.05525,-95.13149,11.6992,False
1094,18.21474,-24.05525,-95.13149,11.6992,False
1095,18.23111,-23.64602,-96.1466,9.192314,False
1096,18.24799,-23.67579,-96.93375,7.755516,False
1097,18.26468,-23.77386,-97.86768,6.309041,False
1098,18.28113,-23.81483,-98.46243,5.009478,False
1099,18.29779,-23.91481,-98.89737,3.638711,False
1100,18.31454,-23.91481,-98.89737,3.638711,False
1101,18.33124,-23.70283,-99.58677,0.08285248,False
1102,18.34775,-23.40985,-99.9528,-1.999056,False
1103,18.36462,-23.02802,-100.5515,-4.712362,False
1104,18.3813,-22.51263,-101.3616,-7.896622,False
1105,18.3976,-21.84018,-102.4045,-11.28149,False
1106,18.41438,-21.84018,-102.4045,-11.28149,False
1107,18.43129,-20.30821,-103.9517,-17.76218,False
1108,18.44768,-19.69096,-103.7166,-20.96671,False
1109,18.46483,-19.21086,-103.0663,-24.10838,False
1110,18.48122,-18.76794,-102.4319,-26.98979,False
1111,18.49771,-18.29218,-101.9662,-30.13763,False
1112,18.51459,-18.29218,-101.9662,-30.13763,False
1113,18.5312,-17.35127,-102.0059,-35.9919,False
1114,18.54785,-16.98771,-102.4729,-38.76517,False
1115,18.56425,-16.70763,-102.7413,-40.90167,False
1116,18.58113,-16.49143,-102.7082,-42.95103,False
1117,18.59795,-16.27959,-102.6709,-44.56182,False
1118,18.61435,-16.27959,-102.6709,-44.56182,False
1119,18.63098,-16.04094,-102.6765,-46.76324,False
1120,18.6479,-15.95136,-102.9993,-47.44221,False
1121,18.66446,-15.92693,-103.5998,-48.00902,False
1122,18.68121,-16.01689,-104.6972,-48.46646,False
1123,18.69765,-16.05648,-106.1196,-48.91854,False
1124,18.71461,-16.05648,-106.1196,-48.91854,False
1125,18.73126,-16.01444,-108.1325,-49.96859,False
1126,18.74776,-15.92236,-108.0437,-50.28379,False
1127,18.76433,-15.83738,-107.6881,-50.54826,False
1128,18.7809,-15.68967,-107.211,-50.91564,False
1129,18.79791,-15.60427,-106.5276,-51.1879,False
1130,18.81432,-15.60427,-106.5276,-51.1879,False
1131,18.8311,-15.4245,-104.8267,-51.80527,False
1132,18.84776,-15.25375,-103.5568,-51.99213,False
1133,18.86476,-14.93307,-101.4722,-52.21574,False
1134,18.88101,-14.52678,-98.59507,-52.36032,False
1135,18.89774,-14.16355,-95.35044,-52.55856,False
1136,18.91438,-14.16355,-95.35044,-52.55856,False
1137,18.93105,-13.45858,-88.09418,-53.21844,False
1138,18.94791,-13.3041,-84.77619,-53.72256,False
1139,18.96443,-13.23617,-81.7868,-54.30791,False
1140,18.98114,-13.24395,-78.9048,-55.05451,False
1141,18.99773,-13.15208,-76.49899,-55.84045,False
1142,19.0145,-13.15208,-76.49899,-55.84045,False
1143,19.03123,-12.66127,-71.64883,-57.26743,False
1144,19.04768,-12.35894,-69.61002,-57.90218,False
1145,19.06433,-12.14789,-67.63289,-58.56293,False
1146,19.08128,-12.02594,-66.00977,-59.6651,False
1147,19.09735,-11.98253,-64.77235,-60.86612,False
1148,19.11441,-11.98253,-64.77235,-60.86612,False
1149,19.13113,-11.76952,-62.92869,-63.55953,False
1150,19.14763,-11.84003,-62.75269,-64.09149,False
1151,19.16455,-11.86439,-62.58274,-64.25873,False
1152,19.18123,-11.80676,-62.22527,-64.38445,False
1153,19.19783,-11.87541,-61.96181,-64.54144,False
1154,19.21452,-11.87541,-61.96181,-64.54144,False
1155,19.23112,-12.39606,-61.19764,-64.89101,False
1156,19.2476,-12.72452,-60.94331,-65.02821,False
1157,19.26424,-12.84055,-60.83327,-65.13574,False
1158,19.28133,-12.75567,-60.83327,-65.12521,False
1159,19.2977,-12.45849,-60.83327,-65.08893,False
1160,19.31415,-12.45849,-60.83327,-65.08893,False
1161,19.3309,-11.8929,-61.02581,-64.38857,False
1162,19.34766,-11.6586,-61.15184,-64.1609,False
1163,19.36421,-11.49356,-61.30446,-64.08433,False
1164,19.38103,-11.49944,-61.31252,-64.03091,False
1165,19.3979,-11.54234,-61.31252,-64.03565,False
1166,19.41431,-11.54234,-61.31252,-64.03565,False
1167,19.431,-11.38986,-61.2428,-63.84144,False
1168,19.44777,-10.23995,-60.87564,-63.60828,False
1169,19.46425,-8.354566,-60.6863,-62.74923,False
1170,19.48074,-6.061715,-60.76747,-61.64176,False
1171,19.49748,-4.316102,-60.89734,-61.30201,False
1172,19.51422,-4.316102,-60.89734,-61.30201,False
1173,19.53116,-2.975143,-60.75315,-61.97641,False
1174,19.54759,-2.647222,-60.48851,-62.83418,False
1175,19.56415,-2.535187,-60.28833,-63.87296,False
1176,19.58084,-2.545033,-60.07964,-65.21593,False
1177,19.59755,-2.837989,-59.9448,-66.88022,False
1178,19.61427,-2.837989,-59.9448,-66.88022,False
1179,19.63104,-4.483619,-60.42476,-71.06372,False
1180,19.64772,-5.655576,-61.23175,-73.60816,False
1181,19.6644,-5.33528,-62.26902,-75.10679,False
1182,19.68088,-3.654341,-63.17191,-76.77962,False
1183,19.69778,-2.426923,-64.56892,-78.94673,False
1184,19.71407,-2.426923,-64.56892,-78.94673,False
1185,19.73093,-0.868003,-66.6377,-83.91666,False
1186,19.74753,-0.3069792,-67.09927,-85.40073,False
1187,19.76431,0.0,-65.51071,-88.1142,False
1188,19.7811,0.0,-65.51071,-88.1142,False
1189,19.79755,0.0,-65.51071,-88.1142,False
1190,19.81438,0.0,-65.51071,-88.1142,False
1191,19.83116,0.0,-65.51071,-88.1142,False
1192,19.84764,0.0,-65.51071,-88.1142,False
1193,19.86429,0.0,-65.51071,-88.1142,False
1194,19.88107,0.0,-65.51071,-88.1142,False
1195,19.89745,0.0,-65.51071,-88.1142,False
1196,19.91415,0.0,-65.51071,-88.1142,False
1197,19.93117,0.0,-65.51071,-88.1142,False
1198,19.94762,0.0,-65.51071,-88.1142,False
1199,19.96432,0.0,-65.51071,-88.1142,False
1200,19.98128,0.0,-65.51071,-88.1142,False
1201,19.99756,0.0,-65.51071,-88.1142,False
1202,20.01439,0.0,-65.51071,-88.1142,False
1203,20.03116,0.0,-65.51071,-88.1142,False
1204,20.04742,0.0,-65.51071,-88.1142,False
1205,20.06415,0.0,-65.51071,-88.1142,False
1206,20.08124,0.0,-65.51071,-88.1142,False
1207,20.09795,0.0,-65.51071,-88.1142,False
1208,20.11427,0.0,-65.51071,-88.1142,False
1209,20.13086,0.0,-65.51071,-88.1142,False
1210,20.14751,0.0,-65.51071,-88.1142,False
1211,20.16423,0.0,-65.51071,-88.1142,False
1212,20.18108,0.0,-65.51071,-88.1142,False
1213,20.19748,0.0,-65.51071,-88.1142,False
1214,20.21434,0.0,-65.51071,-88.1142,False
1215,20.23079,0.0,-65.51071,-88.1142,False
1216,20.24777,0.0,-65.51071,-88.1142,False
1217,20.26411,0.0,-65.51071,-88.1142,False
1218,20.28128,0.0,-65.51071,-88.1142,False
1219,20.2973,0.0,-65.51071,-88.1142,False
1220,20.31418,0.0,-65.51071,-88.1142,False
1221,20.33112,0.0,-65.51071,-88.1142,False
1222,20.34755,0.0,-65.51071,-88.1142,False
1223,20.36418,0.0,-65.51071,-88.1142,False
1224,20.38098,0.0,-65.51071,-88.1142,False
1225,20.39767,0.0,-65.51071,-88.1142,False
1226,20.4142,0.0,-65.51071,-88.1142,False
1227,20.43091,0.0,-65.51071,-88.1142,False
1228,20.44757,0.0,-65.51071,-88.1142,False
1229,20.46429,0.0,-65.51071,-88.1142,False
1230,20.48088,0.0,-65.51071,-88.1142,False
1231,20.49736,0.0,-65.51071,-88.1142,False
1232,20.51421,0.0,-65.51071,-88.1142,False
1233,20.53082,0.0,-65.51071,-88.1142,False
1234,20.54747,0.0,-65.51071,-88.1142,False
1235,20.56403,0.0,-65.51071,-88.1142,False
1236,20.58096,0.0,-65.51071,-88.1142,False
1237,20.59761,0.0,-65.51071,-88.1142,False
1238,20.61427,0.0,-65.51071,-88.1142,False
1239,20.6308,0.0,-65.51071,-88.1142,False
1240,20.64772,0.0,-65.51071,-88.1142,False
1241,20.66441,0.0,-65.51071,-88.1142,False
1242,20.68112,0.0,-65.51071,-88.1142,False
1243,20.69766,0.0,-65.51071,-88.1142,False
1244,20.71419,0.0,-65.51071,-88.1142,False
1245,20.73126,0.0,-65.51071,-88.1142,False
1246,20.74744,0.0,-65.51071,-88.1142,False
1247,20.7644,0.0,-65.51071,-88.1142,False
1248,20.78139,0.0,-65.51071,-88.1142,False
1249,20.79761,0.0,-65.51071,-88.1142,False
1250,20.8141,0.0,-65.51071,-88.1142,False
1251,20.83093,0.0,-65.51071,-88.1142,False
1252,20.84761,0.0,-65.51071,-88.1142,False
1253,20.86407,0.0,-65.51071,-88.1142,False
1254,20.88081,0.0,-65.51071,-88.1142,False
1255,20.89732,0.0,-65.51071,-88.1142,False
1256,20.91425,0.0,-65.51071,-88.1142,False
1257,20.93124,0.0,-65.51071,-88.1142,False
1258,20.94777,0.0,-65.51071,-88.1142,False
1259,20.96423,0.0,-65.51071,-88.1142,False
1260,20.98099,0.0,-65.51071,-88.1142,False
1261,20.99742,0.0,-65.51071,-88.1142,False
1262,21.01404,0.0,-65.51071,-88.1142,False
1263,21.03078,0.0,-65.51071,-88.1142,False
1264,21.04723,0.0,-65.51071,-88.1142,False
1265,21.06412,0.0,-65.51071,-88.1142,False
1266,21.08089,0.0,-65.51071,-88.1142,False
1267,21.0976,0.0,-65.51071,-88.1142,False
1268,21.11403,0.0,-65.51071,-88.1142,False
1269,21.13133,0.0,-65.51071,-88.1142,False
1270,21.14754,0.0,-65.51071,-88.1142,False
1271,21.16412,0.0,-65.51071,-88.1142,False
1272,21.18111,0.0,-65.51071,-88.1142,False
1273,21.19742,0.0,-65.51071,-88.1142,False
1274,21.21423,0.0,-65.51071,-88.1142,False
1275,21.23099,0.0,-65.51071,-88.1142,False
1276,21.24751,0.0,-65.51071,-88.1142,False
1277,21.26422,0.0,-65.51071,-88.1142,False
1278,21.2809,0.0,-65.51071,-88.1142,False
1279,21.29745,0.0,-65.51071,-88.1142,False
1280,21.3141,0.0,-65.51071,-88.1142,False
1281,21.3309,0.0,-65.51071,-88.1142,False
1282,21.34734,0.0,-65.51071,-88.1142,False
1283,21.36401,0.0,-65.51071,-88.1142,False
1284,21.381,0.0,-65.51071,-88.1142,False
1285,21.39745,0.0,-65.51071,-88.1142,False
1286,21.41415,0.0,-65.51071,-88.1142,False
1287,21.43091,0.0,-65.51071,-88.1142,False
1288,21.44768,0.0,-65.51071,-88.1142,False
1289,21.46436,0.0,-65.51071,-88.1142,False
1290,21.48096,0.0,-65.51071,-88.1142,False
1291,21.49741,0.0,-65.51071,-88.1142,False
1292,21.51402,0.0,-65.51071,-88.1142,False
1293,21.53075,0.0,-65.51071,-88.1142,False
1294,21.54756,0.0,-65.51071,-88.1142,False
1295,21.56412,0.0,-65.51071,-88.1142,False
1296,21.58107,0.0,-65.51071,-88.1142,False
1297,21.5974,0.0,-65.51071,-88.1142,False
1298,21.61404,0.0,-65.51071,-88.1142,False
1299,21.63074,0.0,-65.51071,-88.1142,False
1300,21.64737,0.0,-65.51071,-88.1142,False
1301,21.66425,0.0,-65.51071,-88.1142,False
1302,21.68066,0.0,-65.51071,-88.1142,False
1303,21.69737,0.0,-65.51071,-88.1142,False
1304,21.71388,0.0,-65.51071,-88.1142,False
1305,21.73145,0.0,-65.51071,-88.1142,False
1306,21.74747,0.0,-65.51071,-88.1142,False
1307,21.76404,0.0,-65.51071,-88.1142,False
1308,21.7813,0.0,-65.51071,-88.1142,False
1309,21.79759,0.0,-65.51071,-88.1142,False
1310,21.8141,0.0,-65.51071,-88.1142,False
1311,21.83093,0.0,-65.51071,-88.1142,False
1312,21.84738,0.0,-65.51071,-88.1142,False
1313,21.86432,0.0,-65.51071,-88.1142,False
1314,21.88089,0.0,-65.51071,-88.1142,False
1315,21.89732,0.0,-65.51071,-88.1142,False
1316,21.91412,0.0,-65.51071,-88.1142,False
1317,21.93088,0.0,-65.51071,-88.1142,False
1318,21.94728,0.0,-65.51071,-88.1142,False
1319,21.96397,0.0,-65.51071,-88.1142,False
1320,21.98064,0.0,-65.51071,-88.1142,False
1321,21.99721,0.0,-65.51071,-88.1142,False
1322,22.01411,0.0,-65.51071,-88.1142,False
1323,22.0309,0.0,-65.51071,-88.1142,False
1324,22.04756,0.0,-65.51071,-88.1142,False
1325,22.06413,0.0,-65.51071,-88.1142,False
1326,22.08099,0.0,-65.51071,-88.1142,False
1327,22.09732,0.0,-65.51071,-88.1142,False
1328,22.11417,0.0,-65.51071,-88.1142,False
1329,22.13092,0.0,-65.51071,-88.1142,False
1330,22.14726,0.0,-65.51071,-88.1142,False
1331,22.16394,0.0,-65.51071,-88.1142,False
1332,22.181,0.0,-65.51071,-88.1142,False
1333,22.1972,0.0,-65.51071,-88.1142,False
1334,22.21397,0.0,-65.51071,-88.1142,False
1335,22.23073,0.0,-65.51071,-88.1142,False
1336,22.24722,0.0,-65.51071,-88.1142,False
1337,22.26401,0.0,-65.51071,-88.1142,False
1338,22.28078,0.0,-65.51071,-88.1142,False
1339,22.2971,0.0,-65.51071,-88.1142,False
1340,22.31389,0.0,-65.51071,-88.1142,False
1341,22.33064,0.0,-65.51071,-88.1142,False
1342,22.3472,0.0,-65.51071,-88.1142,False
1343,22.36409,0.0,-65.51071,-88.1142,False
1344,22.38083,0.0,-65.51071,-88.1142,False
1345,22.39728,0.0,-65.51071,-88.1142,False
1346,22.41397,0.0,-65.51071,-88.1142,False
1347,22.43073,0.0,-65.51071,-88.1142,False
1348,22.44724,0.0,-65.51071,-88.1142,False
1349,22.46382,0.0,-65.51071,-88.1142,False
1350,22.4807,0.0,-65.51071,-88.1142,False
1351,22.49716,0.0,-65.51071,-88.1142,False
1352,22.51401,0.0,-65.51071,-88.1142,False
1353,22.53091,0.0,-65.51071,-88.1142,False
1354,22.54727,0.0,-65.51071,-88.1142,False
1355,22.56401,0.0,-65.51071,-88.1142,False
1356,22.5807,0.0,-65.51071,-88.1142,False
1357,22.5975,0.0,-65.51071,-88.1142,False
1358,22.61385,0.0,-65.51071,-88.1142,False
1359,22.63077,0.0,-65.51071,-88.1142,False
1360,22.64742,0.0,-65.51071,-88.1142,False
1361,22.66388,0.0,-65.51071,-88.1142,False
1362,22.68071,0.0,-65.51071,-88.1142,False
1363,22.69725,0.0,-65.51071,-88.1142,False
1364,22.71387,0.0,-65.51071,-88.1142,False
1365,22.73109,0.0,-65.51071,-88.1142,False
1366,22.74739,0.0,-65.51071,-88.1142,False
1367,22.76384,0.0,-65.51071,-88.1142,False
1368,22.78078,0.0,-65.51071,-88.1142,False
1369,22.79709,0.0,-65.51071,-88.1142,False
1370,22.81381,0.0,-65.51071,-88.1142,False
1371,22.83055,0.0,-65.51071,-88.1142,False
1372,22.84732,0.0,-65.51071,-88.1142,False
1373,22.86385,0.0,-65.51071,-88.1142,False
1374,22.88065,0.0,-65.51071,-88.1142,False
1375,22.89737,0.0,-65.51071,-88.1142,False
1376,22.914,0.0,-65.51071,-88.1142,False
1377,22.93068,0.0,-65.51071,-88.1142,False
1378,22.9471,0.0,-65.51071,-88.1142,False
1379,22.9639,0.0,-65.51071,-88.1142,False
1380,22.98071,0.0,-65.51071,-88.1142,False
1381,22.99733,0.0,-65.51071,-88.1142,False
1382,23.01413,0.0,-65.51071,-88.1142,False
1383,23.0307,0.0,-65.51071,-88.1142,False
1384,23.04704,0.0,-65.51071,-88.1142,False
1385,23.0638,0.0,-65.51071,-88.1142,False
1386,23.08072,0.0,-65.51071,-88.1142,False
1387,23.09727,0.0,-65.51071,-88.1142,False
1388,23.11385,0.0,-65.51071,-88.1142,False
1389,23.13081,0.0,-65.51071,-88.1142,False
1390,23.14708,0.0,-65.51071,-88.1142,False
1391,23.16383,0.0,-65.51071,-88.1142,False
1392,23.18071,0.0,-65.51071,-88.1142,False
1393,23.19728,0.0,-65.51071,-88.1142,False
1394,23.21385,0.0,-65.51071,-88.1142,False
1395,23.23083,0.0,-65.51071,-88.1142,False
1396,23.24719,0.0,-65.51071,-88.1142,False
1397,23.26398,0.0,-65.51071,-88.1142,False
1398,23.2809,0.0,-65.51071,-88.1142,False
1399,23.29709,0.0,-65.51071,-88.1142,False
1400,23.31378,0.0,-65.51071,-88.1142,False
1401,23.33054,0.0,-65.51071,-88.1142,False
1402,23.34709,0.0,-65.51071,-88.1142,False
1403,23.36397,0.0,-65.51071,-88.1142,False
1404,23.38094,0.0,-65.51071,-88.1142,False
1405,23.39716,0.0,-65.51071,-88.1142,False
1406,23.4137,0.0,-65.51071,-88.1142,False
1407,23.43025,0.0,-65.51071,-88.1142,False
1408,23.44711,0.0,-65.51071,-88.1142,False
1409,23.46404,0.0,-65.51071,-88.1142,False
1410,23.48038,0.0,-65.51071,-88.1142,False
1411,23.49716,0.0,-65.51071,-88.1142,False
1412,23.5139,0.0,-65.51071,-88.1142,False
1413,23.53055,0.0,-65.51071,-88.1142,False
1414,23.54736,0.0,-65.51071,-88.1142,False
1415,23.56378,0.0,-65.51071,-88.1142,False
1416,23.58073,0.0,-65.51071,-88.1142,False
1417,23.59711,0.0,-65.51071,-88.1142,False
1418,23.61404,0.0,-65.51071,-88.1142,False
1419,23.63063,0.0,-65.51071,-88.1142,False
1420,23.64709,0.0,-65.51071,-88.1142,False
1421,23.66443,0.0,-65.51071,-88.1142,False
1422,23.68085,0.0,-65.51071,-88.1142,False
1423,23.69724,0.0,-65.51071,-88.1142,False
1424,23.71396,0.0,-65.51071,-88.1142,False
1425,23.73059,0.0,-65.51071,-88.1142,False
1426,23.7471,0.0,-65.51071,-88.1142,False
1427,23.76363,0.0,-65.51071,-88.1142,False
1428,23.78079,0.0,-65.51071,-88.1142,False
1429,23.79738,0.0,-65.51071,-88.1142,False
1430,23.8138,0.0,-65.51071,-88.1142,False
1431,23.83063,0.0,-65.51071,-88.1142,False
1432,23.84709,0.0,-65.51071,-88.1142,False
1433,23.86397,0.0,-65.51071,-88.1142,False
1434,23.88069,0.0,-65.51071,-88.1142,False
1435,23.89709,0.0,-65.51071,-88.1142,False
1436,23.91368,0.0,-65.51071,-88.1142,False
1437,23.93044,0.0,-65.51071,-88.1142,False
1438,23.94691,0.0,-65.51071,-88.1142,False
1439,23.9639,0.0,-65.51071,-88.1142,False
1440,23.98051,0.0,-65.51071,-88.1142,False
1441,23.99715,0.0,-65.51071,-88.1142,False
1442,24.01372,0.0,-65.51071,-88.1142,False
1443,24.0303,0.0,-65.51071,-88.1142,False
1444,24.048,0.0,-65.51071,-88.1142,False
1445,24.06383,0.0,-65.51071,-88.1142,False
1446,24.08044,0.0,-65.51071,-88.1142,False
1447,24.09686,0.0,-65.51071,-88.1142,False
1448,24.11348,0.0,-65.51071,-88.1142,False
1449,24.13014,0.0,-65.51071,-88.1142,False
1450,24.14705,0.0,-65.51071,-88.1142,False
1451,24.16339,0.0,-65.51071,-88.1142,False
1452,24.18048,0.0,-65.51071,-88.1142,False
1453,24.19756,0.0,-65.51071,-88.1142,False
1454,24.21384,0.0,-65.51071,-88.1142,False
1455,24.23053,0.0,-65.51071,-88.1142,False
1456,24.2475,0.0,-65.51071,-88.1142,False
1457,24.26437,0.0,-65.51071,-88.1142,False
1458,24.2807,0.0,-65.51071,-88.1142,False
1459,24.29744,0.0,-65.51071,-88.1142,False
1460,24.31473,0.0,-65.51071,-88.1142,False
1461,24.33055,0.0,-65.51071,-88.1142,False
1462,24.34712,0.0,-65.51071,-88.1142,False
1463,24.36339,0.0,-65.51071,-88.1142,False
1464,24.38036,0.0,-65.51071,-88.1142,False
1465,24.39694,0.0,-65.51071,-88.1142,False
1466,24.41362,0.0,-65.51071,-88.1142,False
1467,24.43016,0.0,-65.51071,-88.1142,False
1468,24.44687,0.0,-65.51071,-88.1142,False
1469,24.46364,0.0,-65.51071,-88.1142,False
1470,24.48056,0.0,-65.51071,-88.1142,False
1471,24.49731,0.0,-65.51071,-88.1142,False
1472,24.51372,0.0,-65.51071,-88.1142,False
1473,24.53058,0.0,-65.51071,-88.1142,False
1474,24.54718,0.0,-65.51071,-88.1142,False
1475,24.56372,0.0,-65.51071,-88.1142,False
1476,24.58018,0.0,-65.51071,-88.1142,False
1477,24.59703,0.0,-65.51071,-88.1142,False
1478,24.61378,0.0,-65.51071,-88.1142,False
1479,24.63031,0.0,-65.51071,-88.1142,False
1480,24.64699,0.0,-65.51071,-88.1142,False
1481,24.6636,0.0,-65.51071,-88.1142,False
1482,24.68027,0.0,-65.51071,-88.1142,False
1483,24.69736,0.0,-65.51071,-88.1142,False
1484,24.71388,0.0,-65.51071,-88.1142,False
1485,24.73016,0.0,-65.51071,-88.1142,False
1486,24.7469,0.0,-65.51071,-88.1142,False
1487,24.76392,0.0,-65.51071,-88.1142,False
1488,24.78085,0.0,-65.51071,-88.1142,False
1489,24.79718,0.0,-65.51071,-88.1142,False
1490,24.81374,0.0,-65.51071,-88.1142,False
1491,24.83015,0.0,-65.51071,-88.1142,False
1492,24.84683,0.0,-65.51071,-88.1142,False
1493,24.8636,0.0,-65.51071,-88.1142,False
1494,24.88022,0.0,-65.51071,-88.1142,False
1495,24.89705,0.0,-65.51071,-88.1142,False
1496,24.91356,0.0,-65.51071,-88.1142,False
1497,24.93034,0.0,-65.51071,-88.1142,False
1498,24.94688,0.0,-65.51071,-88.1142,False
1499,24.96407,0.0,-65.51071,-88.1142,False
1500,24.9803,0.0,-65.51071,-88.1142,False
1501,24.99696,0.0,-65.51071,-88.1142,False
1502,25.01393,0.0,-65.51071,-88.1142,False
1503,25.03021,0.0,-65.51071,-88.1142,False
1504,25.04684,0.0,-65.51071,-88.1142,False
1505,25.06374,0.0,-65.51071,-88.1142,False
1506,25.0804,0.0,-65.51071,-88.1142,False
1507,25.09694,0.0,-65.51071,-88.1142,False
1508,25.11354,0.0,-65.51071,-88.1142,False
1509,25.13045,0.0,-65.51071,-88.1142,False
1510,25.14684,0.0,-65.51071,-88.1142,False
1511,25.16351,0.0,-65.51071,-88.1142,False
1512,25.18011,0.0,-65.51071,-88.1142,False
1513,25.1969,0.0,-65.51071,-88.1142,False
1514,25.21362,0.0,-65.51071,-88.1142,False
1515,25.23029,0.0,-65.51071,-88.1142,False
1516,25.24681,0.0,-65.51071,-88.1142,False
1517,25.26373,0.0,-65.51071,-88.1142,False
1518,25.28035,0.0,-65.51071,-88.1142,False
1519,25.29695,0.0,-65.51071,-88.1142,False
1520,25.31393,0.0,-65.51071,-88.1142,False
1521,25.33044,0.0,-65.51071,-88.1142,False
1522,25.34711,0.0,-65.51071,-88.1142,False
1523,25.36377,0.0,-65.51071,-88.1142,False
1524,25.38025,0.0,-65.51071,-88.1142,False
1525,25.39746,0.0,-65.51071,-88.1142,False
1526,25.41367,0.0,-65.51071,-88.1142,False
1527,25.43042,0.0,-65.51071,-88.1142,False
1528,25.44691,0.0,-65.51071,-88.1142,False
1529,25.46376,0.0,-65.51071,-88.1142,False
1530,25.4803,0.0,-65.51071,-88.1142,False
1531,25.49706,0.0,-65.51071,-88.1142,False
1532,25.51364,0.0,-65.51071,-88.1142,False
1533,25.53033,0.0,-65.51071,-88.1142,False
1534,25.54697,0.0,-65.51071,-88.1142,False
1535,25.56371,0.0,-65.51071,-88.1142,False
1536,25.58044,0.0,-65.51071,-88.1142,False
1537,25.59686,0.0,-65.51071,-88.1142,False
1538,25.61368,0.0,-65.51071,-88.1142,False
1539,25.63019,0.0,-65.51071,-88.1142,False
1540,25.64713,0.0,-65.51071,-88.1142,False
1541,25.66368,0.0,-65.51071,-88.1142,False
1542,25.68022,0.0,-65.51071,-88.1142,False
1543,25.69707,0.0,-65.51071,-88.1142,False
1544,25.71365,0.0,-65.51071,-88.1142,False
1545,25.7303,0.0,-65.51071,-88.1142,False
1546,25.7471,0.0,-65.51071,-88.1142,False
1547,25.7636,0.0,-65.51071,-88.1142,False
1548,25.78047,0.0,-65.51071,-88.1142,False
1549,25.79684,0.0,-65.51071,-88.1142,False
1550,25.81363,0.0,-65.51071,-88.1142,False
1551,25.83031,0.0,-65.51071,-88.1142,False
1552,25.84747,0.0,-65.51071,-88.1142,False
1553,25.86353,0.0,-65.51071,-88.1142,False
1554,25.88007,0.0,-65.51071,-88.1142,False
1555,25.89725,0.0,-65.51071,-88.1142,False
1556,25.91379,0.0,-65.51071,-88.1142,False
1557,25.9303,0.0,-65.51071,-88.1142,False
1558,25.94678,0.0,-65.51071,-88.1142,False
1559,25.96371,0.0,-65.51071,-88.1142,False
1560,25.98047,0.0,-65.51071,-88.1142,False
1561,25.9969,0.0,-65.51071,-88.1142,False
1562,26.01372,0.0,-65.51071,-88.1142,False
1563,26.03003,0.0,-65.51071,-88.1142,False
1564,26.04694,0.0,-65.51071,-88.1142,False
1565,26.06351,0.0,-65.51071,-88.1142,False
1566,26.08044,0.0,-65.51071,-88.1142,False
1567,26.0968,0.0,-65.51071,-88.1142,False
1568,26.11385,0.0,-65.51071,-88.1142,False
1569,26.13045,0.0,-65.51071,-88.1142,False
1570,26.14709,0.0,-65.51071,-88.1142,False
1571,26.16357,0.0,-65.51071,-88.1142,False
1572,26.18011,0.0,-65.51071,-88.1142,False
1573,26.19691,0.0,-65.51071,-88.1142,False
1574,26.21402,0.0,-65.51071,-88.1142,False
1575,26.23039,0.0,-65.51071,-88.1142,False
1576,26.24699,0.0,-65.51071,-88.1142,False
1577,26.26344,0.0,-65.51071,-88.1142,False
1578,26.28012,0.0,-65.51071,-88.1142,False
1579,26.29686,0.0,-65.51071,-88.1142,False
1580,26.31355,0.0,-65.51071,-88.1142,False
1581,26.33044,0.0,-65.51071,-88.1142,False
1582,26.34682,0.0,-65.51071,-88.1142,False
1583,26.36395,0.0,-65.51071,-88.1142,False
1584,26.38045,0.0,-65.51071,-88.1142,False
1585,26.3969,0.0,-65.51071,-88.1142,False
1586,26.41396,0.0,-65.51071,-88.1142,False
1587,26.43056,0.0,-65.51071,-88.1142,False
1588,26.44691,0.0,-65.51071,-88.1142,False
1589,26.46361,0.0,-65.51071,-88.1142,False
1590,26.48026,0.0,-65.51071,-88.1142,False
1591,26.4969,0.0,-65.51071,-88.1142,False
1592,26.51395,0.0,-65.51071,-88.1142,False
1593,26.53043,0.0,-65.51071,-88.1142,False
1594,26.54713,0.0,-65.51071,-88.1142,False
1595,26.56349,0.0,-65.51071,-88.1142,False
1596,26.5802,0.0,-65.51071,-88.1142,False
1597,26.59686,0.0,-65.51071,-88.1142,False
1598,26.6136,0.0,-65.51071,-88.1142,False
1599,26.63029,0.0,-65.51071,-88.1142,False
1600,26.64682,0.0,-65.51071,-88.1142,False
1601,26.66359,0.0,-65.51071,-88.1142,False
1602,26.68025,0.0,-65.51071,-88.1142,False
1603,26.69667,0.0,-65.51071,-88.1142,False
1604,26.71344,0.0,-65.51071,-88.1142,False
1605,26.73021,0.0,-65.51071,-88.1142,False
1606,26.74707,0.0,-65.51071,-88.1142,False
1607,26.76334,0.0,-65.51071,-88.1142,False
1608,26.78009,0.0,-65.51071,-88.1142,False
1609,26.79683,0.0,-65.51071,-88.1142,False
1610,26.81349,0.0,-65.51071,-88.1142,False
1611,26.83008,0.0,-65.51071,-88.1142,False
1612,26.84694,0.0,-65.51071,-88.1142,False
1613,26.86348,0.0,-65.51071,-88.1142,False
1614,26.88016,0.0,-65.51071,-88.1142,False
1615,26.89691,0.0,-65.51071,-88.1142,False
1616,26.91331,0.0,-65.51071,-88.1142,False
1617,26.93001,0.0,-65.51071,-88.1142,False
1618,26.94695,0.0,-65.51071,-88.1142,False
1619,26.96346,0.0,-65.51071,-88.1142,False
1620,26.9801,0.0,-65.51071,-88.1142,False
1621,26.99672,0.0,-65.51071,-88.1142,False
1622,27.01331,0.0,-65.51071,-88.1142,False
1623,27.03001,0.0,-65.51071,-88.1142,False
1624,27.04674,0.0,-65.51071,-88.1142,False
1625,27.06343,0.0,-65.51071,-88.1142,False
1626,27.07997,0.0,-65.51071,-88.1142,False
1627,27.09703,0.0,-65.51071,-88.1142,False
1628,27.11356,0.0,-65.51071,-88.1142,False
1629,27.13008,0.0,-65.51071,-88.1142,False
1630,27.14688,0.0,-65.51071,-88.1142,False
1631,27.1635,0.0,-65.51071,-88.1142,False
1632,27.1799,0.0,-65.51071,-88.1142,False
1633,27.1969,0.0,-65.51071,-88.1142,False
1634,27.21373,0.0,-65.51071,-88.1142,False
1635,27.22998,0.0,-65.51071,-88.1142,False
1636,27.24655,0.0,-65.51071,-88.1142,False
1637,27.26349,0.0,-65.51071,-88.1142,False
1638,27.28035,0.0,-65.51071,-88.1142,False
1639,27.29655,0.0,-65.51071,-88.1142,False
1640,27.31329,0.0,-65.51071,-88.1142,False
1641,27.33054,0.0,-65.51071,-88.1142,False
1642,27.34685,0.0,-65.51071,-88.1142,False
1643,27.36345,0.0,-65.51071,-88.1142,False
1644,27.38013,0.0,-65.51071,-88.1142,False
1645,27.39717,0.0,-65.51071,-88.1142,False
1646,27.41354,0.0,-65.51071,-88.1142,False
1647,27.43039,0.0,-65.51071,-88.1142,False
1648,27.44687,0.0,-65.51071,-88.1142,False
1649,27.46324,0.0,-65.51071,-88.1142,False
1650,27.48003,0.0,-65.51071,-88.1142,False
1651,27.49666,0.0,-65.51071,-88.1142,False
1652,27.51349,0.0,-65.51071,-88.1142,False
1653,27.53026,0.0,-65.51071,-88.1142,False
1654,27.54654,0.0,-65.51071,-88.1142,False
1655,27.56317,0.0,-65.51071,-88.1142,False
1656,27.57994,0.0,-65.51071,-88.1142,False
1657,27.59674,0.0,-65.51071,-88.1142,False
1658,27.61319,0.0,-65.51071,-88.1142,False
1659,27.6304,0.0,-65.51071,-88.1142,False
1660,27.64697,0.0,-65.51071,-88.1142,False
1661,27.66322,0.0,-65.51071,-88.1142,False
1662,27.68015,0.0,-65.51071,-88.1142,False
1663,27.6965,0.0,-65.51071,-88.1142,False
1664,27.71326,0.0,-65.51071,-88.1142,False
1665,27.73015,0.0,-65.51071,-88.1142,False
1666,27.74658,0.0,-65.51071,-88.1142,False
1667,27.76321,0.0,-65.51071,-88.1142,False
1668,27.78009,0.0,-65.51071,-88.1142,False
1669,27.79651,0.0,-65.51071,-88.1142,False
1670,27.81323,0.0,-65.51071,-88.1142,False
1671,27.83009,0.0,-65.51071,-88.1142,False
1672,27.84679,0.0,-65.51071,-88.1142,False
1673,27.86313,0.0,-65.51071,-88.1142,False
1674,27.87991,0.0,-65.51071,-88.1142,False
1675,27.89658,0.0,-65.51071,-88.1142,False
1676,27.91382,0.0,-65.51071,-88.1142,False
1677,27.93013,0.0,-65.51071,-88.1142,False
1678,27.94675,0.0,-65.51071,-88.1142,False
1679,27.96341,0.0,-65.51071,-88.1142,False
1680,27.98032,0.0,-65.51071,-88.1142,False
1681,27.99667,0.0,-65.51071,-88.1142,False
1682,28.01324,0.0,-65.51071,-88.1142,False
1683,28.03008,0.0,-65.51071,-88.1142,False
1684,28.04654,0.0,-65.51071,-88.1142,False
1685,28.06335,0.0,-65.51071,-88.1142,False
1686,28.08015,0.0,-65.51071,-88.1142,False
1687,28.09676,0.0,-65.51071,-88.1142,False
1688,28.11366,0.0,-65.51071,-88.1142,False
1689,28.12975,0.0,-65.51071,-88.1142,False
1690,28.14679,0.0,-65.51071,-88.1142,False
1691,28.16321,0.0,-65.51071,-88.1142,False
1692,28.17989,0.0,-65.51071,-88.1142,False
1693,28.19656,0.0,-65.51071,-88.1142,False
1694,28.2131,0.0,-65.51071,-88.1142,False
1695,28.22997,0.0,-65.51071,-88.1142,False
1696,28.24655,0.0,-65.51071,-88.1142,False
1697,28.26331,0.0,-65.51071,-88.1142,False
1698,28.27972,0.0,-65.51071,-88.1142,False
1699,28.29637,0.0,-65.51071,-88.1142,False
1700,28.31314,0.0,-65.51071,-88.1142,False
1701,28.3298,0.0,-65.51071,-88.1142,False
1702,28.34673,0.0,-65.51071,-88.1142,False
1703,28.36308,0.0,-65.51071,-88.1142,False
1704,28.37979,0.0,-65.51071,-88.1142,False
1705,28.39655,0.0,-65.51071,-88.1142,False
1706,28.41354,0.0,-65.51071,-88.1142,False
1707,28.4299,0.0,-65.51071,-88.1142,False
1708,28.44672,0.0,-65.51071,-88.1142,False
1709,28.46361,0.0,-65.51071,-88.1142,False
1710,28.48,0.0,-65.51071,-88.1142,False
1711,28.49706,0.0,-65.51071,-88.1142,False
1712,28.51349,0.0,-65.51071,-88.1142,False
1713,28.52986,0.0,-65.51071,-88.1142,False
1714,28.54674,0.0,-65.51071,-88.1142,False
1715,28.56343,0.0,-65.51071,-88.1142,False
1716,28.58003,0.0,-65.51071,-88.1142,False
1717,28.59651,0.0,-65.51071,-88.1142,False
1718,28.61325,0.0,-65.51071,-88.1142,False
1719,28.62999,0.0,-65.51071,-88.1142,False
1720,28.64645,0.0,-65.51071,-88.1142,False
1721,28.66319,0.0,-65.51071,-88.1142,False
1722,28.68004,0.0,-65.51071,-88.1142,False
1723,28.69676,0.0,-65.51071,-88.1142,False
1724,28.71313,0.0,-65.51071,-88.1142,False
1725,28.73032,0.0,-65.51071,-88.1142,False
1726,28.74643,0.0,-65.51071,-88.1142,False
1727,28.76323,0.0,-65.51071,-88.1142,False
1728,28.7802,0.0,-65.51071,-88.1142,False
1729,28.79665,0.0,-65.51071,-88.1142,False
1730,28.8134,0.0,-65.51071,-88.1142,False
1731,28.82961,0.0,-65.51071,-88.1142,False
1732,28.84633,0.0,-65.51071,-88.1142,False
1733,28.8633,0.0,-65.51071,-88.1142,False
1734,28.8797,0.0,-65.51071,-88.1142,False
1735,28.89653,0.0,-65.51071,-88.1142,False
1736,28.91347,0.0,-65.51071,-88.1142,False
1737,28.92976,0.0,-65.51071,-88.1142,False
1738,28.94644,0.0,-65.51071,-88.1142,False
1739,28.96309,0.0,-65.51071,-88.1142,False
1740,28.98004,0.0,-65.51071,-88.1142,False
1741,28.99673,0.0,-65.51071,-88.1142,False
1742,29.01334,0.0,-65.51071,-88.1142,False
1743,29.02988,0.0,-65.51071,-88.1142,False
1744,29.04671,0.0,-65.51071,-88.1142,False
1745,29.06313,0.0,-65.51071,-88.1142,False
1746,29.0798,0.0,-65.51071,-88.1142,False
1747,29.09677,0.0,-65.51071,-88.1142,False
1748,29.11302,0.0,-65.51071,-88.1142,False
1749,29.1297,0.0,-65.51071,-88.1142,False
1750,29.14633,0.0,-65.51071,-88.1142,False
1751,29.16298,0.0,-65.51071,-88.1142,False
1752,29.17989,0.0,-65.51071,-88.1142,False
1753,29.19667,0.0,-65.51071,-88.1142,False
1754,29.21333,0.0,-65.51071,-88.1142,False
1755,29.22971,0.0,-65.51071,-88.1142,False
1756,29.24658,0.0,-65.51071,-88.1142,False
1757,29.26334,0.0,-65.51071,-88.1142,False
1758,29.27968,0.0,-65.51071,-88.1142,False
1759,29.29659,0.0,-65.51071,-88.1142,False
1760,29.31316,0.0,-65.51071,-88.1142,False
1761,29.33011,0.0,-65.51071,-88.1142,False
1762,29.34644,0.0,-65.51071,-88.1142,False
1763,29.3633,0.0,-65.51071,-88.1142,False
1764,29.37973,0.0,-65.51071,-88.1142,False
1765,29.39627,0.0,-65.51071,-88.1142,False
1766,29.41325,0.0,-65.51071,-88.1142,False
1767,29.43004,0.0,-65.51071,-88.1142,False
1768,29.44629,0.0,-65.51071,-88.1142,False
1769,29.4633,0.0,-65.51071,-88.1142,False
1770,29.47971,0.0,-65.51071,-88.1142,False
1771,29.49651,0.0,-65.51071,-88.1142,False
1772,29.51328,0.0,-65.51071,-88.1142,False
1773,29.5296,0.0,-65.51071,-88.1142,False
1774,29.54631,0.0,-65.51071,-88.1142,False
1775,29.56288,0.0,-65.51071,-88.1142,False
1776,29.57956,0.0,-65.51071,-88.1142,False
1777,29.59639,0.0,-65.51071,-88.1142,False
1778,29.61288,0.0,-65.51071,-88.1142,False
1779,29.62962,0.0,-65.51071,-88.1142,False
1780,29.64613,0.0,-65.51071,-88.1142,False
1781,29.66296,0.0,-65.51071,-88.1142,False
1782,29.67966,0.0,-65.51071,-88.1142,False
1783,29.69633,0.0,-65.51071,-88.1142,False
1784,29.71329,0.0,-65.51071,-88.1142,False
1785,29.72993,0.0,-65.51071,-88.1142,False
1786,29.74637,0.0,-65.51071,-88.1142,False
1787,29.76286,0.0,-65.51071,-88.1142,False
1788,29.77992,0.0,-65.51071,-88.1142,False
1789,29.79631,0.0,-65.51071,-88.1142,False
1790,29.81313,0.0,-65.51071,-88.1142,False
1791,29.82973,0.0,-65.51071,-88.1142,False
1792,29.84615,0.0,-65.51071,-88.1142,False
1793,29.86324,0.0,-65.51071,-88.1142,False
1794,29.87978,0.0,-65.51071,-88.1142,False
1795,29.89629,0.0,-65.51071,-88.1142,False
1796,29.91286,0.0,-65.51071,-88.1142,False
1797,29.9297,0.0,-65.51071,-88.1142,False
1798,29.94623,0.0,-65.51071,-88.1142,False
1799,29.96307,0.0,-65.51071,-88.1142,False
1800,29.9796,0.0,-65.51071,-88.1142,False
1801,29.99646,0.0,-65.51071,-88.1142,False
1802,30.01308,0.0,-65.51071,-88.1142,False
1803,30.03014,0.0,-65.51071,-88.1142,False
1804,30.04614,0.0,-65.51071,-88.1142,False
1805,30.063,0.0,-65.51071,-88.1142,False
1806,30.07965,0.0,-65.51071,-88.1142,False
1807,30.09637,0.0,-65.51071,-88.1142,False
1808,30.11304,0.0,-65.51071,-88.1142,False
1809,30.12962,0.0,-65.51071,-88.1142,False
1810,30.14639,0.0,-65.51071,-88.1142,False
1811,30.16277,0.0,-65.51071,-88.1142,False
1812,30.17981,0.0,-65.51071,-88.1142,False
1813,30.19662,0.0,-65.51071,-88.1142,False
1814,30.21309,0.0,-65.51071,-88.1142,False
1815,30.22975,0.0,-65.51071,-88.1142,False
1816,30.24654,0.0,-65.51071,-88.1142,False
1817,30.26308,0.0,-65.51071,-88.1142,False
1818,30.27959,0.0,-65.51071,-88.1142,False
1819,30.29625,0.0,-65.51071,-88.1142,False
1820,30.31288,0.0,-65.51071,-88.1142,False
1821,30.32973,0.0,-65.51071,-88.1142,False
1822,30.34625,0.0,-65.51071,-88.1142,False
1823,30.3629,0.0,-65.51071,-88.1142,False
1824,30.37952,0.0,-65.51071,-88.1142,False
1825,30.39638,0.0,-65.51071,-88.1142,False
1826,30.41304,0.0,-65.51071,-88.1142,False
1827,30.42986,0.0,-65.51071,-88.1142,False
1828,30.44652,0.0,-65.51071,-88.1142,False
1829,30.46289,0.0,-65.51071,-88.1142,False
1830,30.47966,0.0,-65.51071,-88.1142,False
1831,30.4962,0.0,-65.51071,-88.1142,False
1832,30.51294,0.0,-65.51071,-88.1142,False
1833,30.52954,0.0,-65.51071,-88.1142,False
1834,30.54642,0.0,-65.51071,-88.1142,False
1835,30.56316,0.0,-65.51071,-88.1142,False
1836,30.57944,0.0,-65.51071,-88.1142,False
1837,30.59641,0.0,-65.51071,-88.1142,False
1838,30.61346,0.0,-65.51071,-88.1142,False
1839,30.62964,0.0,-65.51071,-88.1142,False
1840,30.64626,0.0,-65.51071,-88.1142,False
1841,30.66296,0.0,-65.51071,-88.1142,False
1842,30.67981,0.0,-65.51071,-88.1142,False
1843,30.6962,0.0,-65.51071,-88.1142,False
1844,30.71284,0.0,-65.51071,-88.1142,False
1845,30.72974,0.0,-65.51071,-88.1142,False
1846,30.74623,0.0,-65.51071,-88.1142,False
1847,30.76344,0.0,-65.51071,-88.1142,False
1848,30.77954,0.0,-65.51071,-88.1142,False
1849,30.79611,0.0,-65.51071,-88.1142,False
1850,30.81276,0.0,-65.51071,-88.1142,False
1851,30.8295,0.0,-65.51071,-88.1142,False
1852,30.84612,0.0,-65.51071,-88.1142,False
1853,30.86285,0.0,-65.51071,-88.1142,False
1854,30.87971,0.0,-65.51071,-88.1142,False
1855,30.89619,0.0,-65.51071,-88.1142,False
1856,30.91289,0.0,-65.51071,-88.1142,False
1857,30.9297,0.0,-65.51071,-88.1142,False
1858,30.94646,0.0,-65.51071,-88.1142,False
1859,30.96289,0.0,-65.51071,-88.1142,False
1860,30.97975,0.0,-65.51071,-88.1142,False
1861,30.99631,0.0,-65.51071,-88.1142,False
1862,31.0128,0.0,-65.51071,-88.1142,False
1863,31.02945,0.0,-65.51071,-88.1142,False
1864,31.04649,0.0,-65.51071,-88.1142,False
1865,31.06311,0.0,-65.51071,-88.1142,False
1866,31.07947,0.0,-65.51071,-88.1142,False
1867,31.09616,0.0,-65.51071,-88.1142,False
1868,31.1131,0.0,-65.51071,-88.1142,False
1869,31.12944,0.0,-65.51071,-88.1142,False
1870,31.14615,0.0,-65.51071,-88.1142,False
1871,31.16313,0.0,-65.51071,-88.1142,False
1872,31.1794,0.0,-65.51071,-88.1142,False
1873,31.19637,0.0,-65.51071,-88.1142,False
1874,31.21262,0.0,-65.51071,-88.1142,False
1875,31.22963,0.0,-65.51071,-88.1142,False
1876,31.24612,0.0,-65.51071,-88.1142,False
1877,31.26305,0.0,-65.51071,-88.1142,False
1878,31.27966,0.0,-65.51071,-88.1142,False
1879,31.29617,0.0,-65.51071,-88.1142,False
1880,31.3129,0.0,-65.51071,-88.1142,False
1881,31.32948,0.0,-65.51071,-88.1142,False
1882,31.34641,0.0,-65.51071,-88.1142,False
1883,31.36316,0.0,-65.51071,-88.1142,False
1884,31.3801,0.0,-65.51071,-88.1142,False
1885,31.39648,0.0,-65.51071,-88.1142,False
1886,31.41341,0.0,-65.51071,-88.1142,False
1887,31.42938,0.0,-65.51071,-88.1142,False
1888,31.4462,0.0,-65.51071,-88.1142,False
1889,31.46341,0.0,-65.51071,-88.1142,False
1890,31.4794,0.0,-65.51071,-88.1142,False
1891,31.4962,0.0,-65.51071,-88.1142,False
1892,31.5128,0.0,-65.51071,-88.1142,False
1893,31.52954,0.0,-65.51071,-88.1142,False
1894,31.5463,0.0,-65.51071,-88.1142,False
1895,31.5629,0.0,-65.51071,-88.1142,False
1896,31.57967,0.0,-65.51071,-88.1142,False
1897,31.59608,0.0,-65.51071,-88.1142,False
1898,31.61285,0.0,-65.51071,-88.1142,False
1899,31.62982,0.0,-65.51071,-88.1142,False
1900,31.64633,0.0,-65.51071,-88.1142,False
1901,31.66333,0.0,-65.51071,-88.1142,False
1902,31.67972,0.0,-65.51071,-88.1142,False
1903,31.69666,0.0,-65.51071,-88.1142,False
1904,31.71315,0.0,-65.51071,-88.1142,False
1905,31.72951,0.0,-65.51071,-88.1142,False
1906,31.74612,0.0,-65.51071,-88.1142,False
1907,31.76292,0.0,-65.51071,-88.1142,False
1908,31.77945,0.0,-65.51071,-88.1142,False
1909,31.79613,0.0,-65.51071,-88.1142,False
1910,31.81277,0.0,-65.51071,-88.1142,False
1911,31.82961,0.0,-65.51071,-88.1142,False
1912,31.84616,0.0,-65.51071,-88.1142,False
1913,31.8627,0.0,-65.51071,-88.1142,False
1914,31.8795,0.0,-65.51071,-88.1142,False
1915,31.89609,0.0,-65.51071,-88.1142,False
1916,31.9127,0.0,-65.51071,-88.1142,False
1917,31.92964,0.0,-65.51071,-88.1142,False
1918,31.94611,0.0,-65.51071,-88.1142,False
1919,31.96274,0.0,-65.51071,-88.1142,False
1920,31.97949,0.0,-65.51071,-88.1142,False
1921,31.99612,0.0,-65.51071,-88.1142,False
1922,32.01273,0.0,-65.51071,-88.1142,False
1923,32.02937,0.0,-65.51071,-88.1142,False
1924,32.04607,0.0,-65.51071,-88.1142,False
1925,32.0629,0.0,-65.51071,-88.1142,False
1926,32.07983,0.0,-65.51071,-88.1142,False
1927,32.09612,0.0,-65.51071,-88.1142,False
1928,32.11282,0.0,-65.51071,-88.1142,False
1929,32.12939,0.0,-65.51071,-88.1142,False
1930,32.14604,0.0,-65.51071,-88.1142,False
1931,32.16298,0.0,-65.51071,-88.1142,False
1932,32.17979,0.0,-65.51071,-88.1142,False
1933,32.19598,0.0,-65.51071,-88.1142,False
1934,32.21292,0.0,-65.51071,-88.1142,False
1935,32.22929,0.0,-65.51071,-88.1142,False
1936,32.24602,0.0,-65.51071,-88.1142,False
1937,32.26289,0.0,-65.51071,-88.1142,False
1938,32.27939,0.0,-65.51071,-88.1142,False
1939,32.29602,0.0,-65.51071,-88.1142,False
1940,32.31279,0.0,-65.51071,-88.1142,False
1941,32.32965,0.0,-65.51071,-88.1142,False
1942,32.34608,0.0,-65.51071,-88.1142,False
1943,32.36308,0.0,-65.51071,-88.1142,False
1944,32.3795,0.0,-65.51071,-88.1142,False
1945,32.3961,0.0,-65.51071,-88.1142,False
1946,32.41264,0.0,-65.51071,-88.1142,False
1947,32.42944,0.0,-65.51071,-88.1142,False
1948,32.4462,0.0,-65.51071,-88.1142,False
1949,32.46304,0.0,-65.51071,-88.1142,False
1950,32.47951,0.0,-65.51071,-88.1142,False
1951,32.49628,0.0,-65.51071,-88.1142,False
1952,32.513,0.0,-65.51071,-88.1142,False
1953,32.5296,0.0,-65.51071,-88.1142,False
1954,32.5459,0.0,-65.51071,-88.1142,False
1955,32.56265,0.0,-65.51071,-88.1142,False
1956,32.5797,0.0,-65.51071,-88.1142,False
1957,32.59616,0.0,-65.51071,-88.1142,False
1958,32.61259,0.0,-65.51071,-88.1142,False
1959,32.62935,0.0,-65.51071,-88.1142,False
1960,32.64606,0.0,-65.51071,-88.1142,False
1961,32.66273,0.0,-65.51071,-88.1142,False
1962,32.67953,0.0,-65.51071,-88.1142,False
1963,32.69592,0.0,-65.51071,-88.1142,False
1964,32.71257,0.0,-65.51071,-88.1142,False
1965,32.72972,0.0,-65.51071,-88.1142,False
1966,32.74605,0.0,-65.51071,-88.1142,False
1967,32.76254,0.0,-65.51071,-88.1142,False
1968,32.77959,0.0,-65.51071,-88.1142,False
1969,32.79593,0.0,-65.51071,-88.1142,False
1970,32.8125,0.0,-65.51071,-88.1142,False
1971,32.82954,0.0,-65.51071,-88.1142,False
1972,32.84596,0.0,-65.51071,-88.1142,False
1973,32.86256,0.0,-65.51071,-88.1142,False
1974,32.87932,0.0,-65.51071,-88.1142,False
1975,32.89592,0.0,-65.51071,-88.1142,False
1976,32.9127,0.0,-65.51071,-88.1142,False
1977,32.92946,0.0,-65.51071,-88.1142,False
1978,32.94608,0.0,-65.51071,-88.1142,False
1979,32.96271,0.0,-65.51071,-88.1142,False
1980,32.97917,0.0,-65.51071,-88.1142,False
1981,32.99597,0.0,-65.51071,-88.1142,False
1982,33.0127,0.0,-65.51071,-88.1142,False
1983,33.02924,0.0,-65.51071,-88.1142,False
1984,33.04588,0.0,-65.51071,-88.1142,False
1985,33.0627,0.0,-65.51071,-88.1142,False
1986,33.07921,0.0,-65.51071,-88.1142,False
1987,33.09607,0.0,-65.51071,-88.1142,False
1988,33.11255,0.0,-65.51071,-88.1142,False
1989,33.12923,0.0,-65.51071,-88.1142,False
1990,33.14589,0.0,-65.51071,-88.1142,False
1991,33.16272,0.0,-65.51071,-88.1142,False
1992,33.17934,0.0,-65.51071,-88.1142,False
1993,33.1963,0.0,-65.51071,-88.1142,False
1994,33.21266,0.0,-65.51071,-88.1142,False
1995,33.22937,0.0,-65.51071,-88.1142,False
1996,33.24609,0.0,-65.51071,-88.1142,False
1997,33.26253,0.0,-65.51071,-88.1142,False
1998,33.27925,0.0,-65.51071,-88.1142,False
1999,33.29596,0.0,-65.51071,-88.1142,False
2000,33.31267,0.0,-65.51071,-88.1142,False
2001,33.32922,0.0,-65.51071,-88.1142,False
2002,33.34615,0.0,-65.51071,-88.1142,False
2003,33.3629,0.0,-65.51071,-88.1142,False
2004,33.37901,0.0,-65.51071,-88.1142,False
2005,33.39578,0.0,-65.51071,-88.1142,False
2006,33.41257,0.0,-65.51071,-88.1142,False
2007,33.42915,0.0,-65.51071,-88.1142,False
2008,33.44586,0.0,-65.51071,-88.1142,False
2009,33.46245,0.0,-65.51071,-88.1142,False
2010,33.4791,0.0,-65.51071,-88.1142,False
2011,33.49585,0.0,-65.51071,-88.1142,False
2012,33.51245,0.0,-65.51071,-88.1142,False
2013,33.52914,0.0,-65.51071,-88.1142,False
2014,33.54588,0.0,-65.51071,-88.1142,False
2015,33.56248,0.0,-65.51071,-88.1142,False
2016,33.57918,0.0,-65.51071,-88.1142,False
2017,33.59615,0.0,-65.51071,-88.1142,False
2018,33.61249,0.0,-65.51071,-88.1142,False
2019,33.62915,0.0,-65.51071,-88.1142,False
2020,33.64577,0.0,-65.51071,-88.1142,False
2021,33.6626,0.0,-65.51071,-88.1142,False
2022,33.67928,0.0,-65.51071,-88.1142,False
2023,33.69586,0.0,-65.51071,-88.1142,False
2024,33.71265,0.0,-65.51071,-88.1142,False
2025,33.7291,0.0,-65.51071,-88.1142,False
2026,33.74596,0.0,-65.51071,-88.1142,False
2027,33.7625,0.0,-65.51071,-88.1142,False
2028,33.77945,0.0,-65.51071,-88.1142,False
2029,33.79579,0.0,-65.51071,-88.1142,False
2030,33.81245,0.0,-65.51071,-88.1142,False
2031,33.82939,0.0,-65.51071,-88.1142,False
2032,33.84581,0.0,-65.51071,-88.1142,False
2033,33.86246,0.0,-65.51071,-88.1142,False
2034,33.87914,0.0,-65.51071,-88.1142,False
2035,33.89592,0.0,-65.51071,-88.1142,False
2036,33.91254,0.0,-65.51071,-88.1142,False
2037,33.92932,0.0,-65.51071,-88.1142,False
2038,33.94585,0.0,-65.51071,-88.1142,False
2039,33.96257,0.0,-65.51071,-88.1142,False
2040,33.97929,0.0,-65.51071,-88.1142,False
2041,33.99568,0.0,-65.51071,-88.1142,False
2042,34.01259,0.0,-65.51071,-88.1142,False
2043,34.02917,0.0,-65.51071,-88.1142,False
2044,34.04593,0.0,-65.51071,-88.1142,False
2045,34.06274,0.0,-65.51071,-88.1142,False
2046,34.07904,0.0,-65.51071,-88.1142,False
2047,34.09567,0.0,-65.51071,-88.1142,False
2048,34.11267,0.0,-65.51071,-88.1142,False
2049,34.12904,0.0,-65.51071,-88.1142,False
2050,34.14586,0.0,-65.51071,-88.1142,False
2051,34.16252,0.0,-65.51071,-88.1142,False
2052,34.17923,0.0,-65.51071,-88.1142,False
2053,34.19566,0.0,-65.51071,-88.1142,False
2054,34.21249,0.0,-65.51071,-88.1142,False
2055,34.22911,0.0,-65.51071,-88.1142,False
2056,34.24573,0.0,-65.51071,-88.1142,False
2057,34.26237,0.0,-65.51071,-88.1142,False
2058,34.27902,0.0,-65.51071,-88.1142,False
2059,34.29585,0.0,-65.51071,-88.1142,False
2060,34.31242,0.0,-65.51071,-88.1142,False
2061,34.32921,0.0,-65.51071,-88.1142,False
2062,34.34575,0.0,-65.51071,-88.1142,False
2063,34.36244,0.0,-65.51071,-88.1142,False
2064,34.37906,0.0,-65.51071,-88.1142,False
2065,34.39586,0.0,-65.51071,-88.1142,False
2066,34.4126,0.0,-65.51071,-88.1142,False
2067,34.42903,0.0,-65.51071,-88.1142,False
2068,34.44589,0.0,-65.51071,-88.1142,False
2069,34.46234,0.0,-65.51071,-88.1142,False
2070,34.47908,0.0,-65.51071,-88.1142,False
2071,34.49573,0.0,-65.51071,-88.1142,False
2072,34.51268,0.0,-65.51071,-88.1142,False
2073,34.52919,0.0,-65.51071,-88.1142,False
2074,34.54576,0.0,-65.51071,-88.1142,False
2075,34.56242,0.0,-65.51071,-88.1142,False
2076,34.57927,0.0,-65.51071,-88.1142,False
2077,34.59586,0.0,-65.51071,-88.1142,False
2078,34.61249,0.0,-65.51071,-88.1142,False
2079,34.62894,0.0,-65.51071,-88.1142,False
2080,34.64569,0.0,-65.51071,-88.1142,False
2081,34.66246,0.0,-65.51071,-88.1142,False
2082,34.67892,0.0,-65.51071,-88.1142,False
2083,34.69566,0.0,-65.51071,-88.1142,False
2084,34.7124,0.0,-65.51071,-88.1142,False
2085,34.7289,0.0,-65.51071,-88.1142,False
2086,34.74559,0.0,-65.51071,-88.1142,False
2087,34.76259,0.0,-65.51071,-88.1142,False
2088,34.77892,0.0,-65.51071,-88.1142,False
2089,34.79581,0.0,-65.51071,-88.1142,False
2090,34.81244,0.0,-65.51071,-88.1142,False
2091,34.82915,0.0,-65.51071,-88.1142,False
2092,34.8457,0.0,-65.51071,-88.1142,False
2093,34.86235,0.0,-65.51071,-88.1142,False
2094,34.87904,0.0,-65.51071,-88.1142,False
2095,34.89554,0.0,-65.51071,-88.1142,False
2096,34.91222,0.0,-65.51071,-88.1142,False
2097,34.92902,0.0,-65.51071,-88.1142,False
2098,34.94568,0.0,-65.51071,-88.1142,False
2099,34.96214,0.0,-65.51071,-88.1142,False
2100,34.97888,0.0,-65.51071,-88.1142,False
2101,34.9955,0.0,-65.51071,-88.1142,False
2102,35.01224,0.0,-65.51071,-88.1142,False
2103,35.02884,0.0,-65.51071,-88.1142,False
2104,35.04556,0.0,-65.51071,-88.1142,False
2105,35.06226,0.0,-65.51071,-88.1142,False
2106,35.07906,0.0,-65.51071,-88.1142,False
2107,35.09558,0.0,-65.51071,-88.1142,False
2108,35.11214,0.0,-65.51071,-88.1142,False
2109,35.12883,0.0,-65.51071,-88.1142,False
2110,35.14571,0.0,-65.51071,-88.1142,False
2111,35.16225,0.0,-65.51071,-88.1142,False
2112,35.179,0.0,-65.51071,-88.1142,False
2113,35.19572,0.0,-65.51071,-88.1142,False
2114,35.21213,0.0,-65.51071,-88.1142,False
2115,35.22873,0.0,-65.51071,-88.1142,False
2116,35.24562,0.0,-65.51071,-88.1142,False
2117,35.26216,0.0,-65.51071,-88.1142,False
2118,35.27881,0.0,-65.51071,-88.1142,False
2119,35.29526,0.0,-65.51071,-88.1142,False
2120,35.3123,0.0,-65.51071,-88.1142,False
2121,35.32881,0.0,-65.51071,-88.1142,False
2122,35.34544,0.0,-65.51071,-88.1142,False
2123,35.36226,0.0,-65.51071,-88.1142,False
2124,35.37909,0.0,-65.51071,-88.1142,False
2125,35.39555,0.0,-65.51071,-88.1142,False
2126,35.41251,0.0,-65.51071,-88.1142,False
2127,35.42892,0.0,-65.51071,-88.1142,False
2128,35.44554,0.0,-65.51071,-88.1142,False
2129,35.4623,0.0,-65.51071,-88.1142,False
2130,35.47887,0.0,-65.51071,-88.1142,False
2131,35.49561,0.0,-65.51071,-88.1142,False
2132,35.51216,0.0,-65.51071,-88.1142,False
2133,35.52884,0.0,-65.51071,-88.1142,False
2134,35.5455,0.0,-65.51071,-88.1142,False
2135,35.56219,0.0,-65.51071,-88.1142,False
2136,35.57907,0.0,-65.51071,-88.1142,False
2137,35.59543,0.0,-65.51071,-88.1142,False
2138,35.61229,0.0,-65.51071,-88.1142,False
2139,35.62894,0.0,-65.51071,-88.1142,False
2140,35.64554,0.0,-65.51071,-88.1142,False
2141,35.66212,0.0,-65.51071,-88.1142,False
2142,35.67903,0.0,-65.51071,-88.1142,False
2143,35.69559,0.0,-65.51071,-88.1142,False
2144,35.7122,0.0,-65.51071,-88.1142,False
2145,35.72891,0.0,-65.51071,-88.1142,False
2146,35.74565,0.0,-65.51071,-88.1142,False
2147,35.76239,0.0,-65.51071,-88.1142,False
2148,35.77888,0.0,-65.51071,-88.1142,False
2149,35.79552,0.0,-65.51071,-88.1142,False
2150,35.81215,0.0,-65.51071,-88.1142,False
2151,35.82886,0.0,-65.51071,-88.1142,False
2152,35.84549,0.0,-65.51071,-88.1142,False
2153,35.86215,0.0,-65.51071,-88.1142,False
2154,35.87886,0.0,-65.51071,-88.1142,False
2155,35.89589,0.0,-65.51071,-88.1142,False
2156,35.9124,0.0,-65.51071,-88.1142,False
2157,35.92892,0.0,-65.51071,-88.1142,False
2158,35.94551,0.0,-65.51071,-88.1142,False
2159,35.96246,0.0,-65.51071,-88.1142,False
2160,35.97873,0.0,-65.51071,-88.1142,False
2161,35.99553,0.0,-65.51071,-88.1142,False
2162,36.01208,0.0,-65.51071,-88.1142,False
2163,36.02875,0.0,-65.51071,-88.1142,False
2164,36.04536,0.0,-65.51071,-88.1142,False
2165,36.06209,0.0,-65.51071,-88.1142,False
2166,36.07886,0.0,-65.51071,-88.1142,False
2167,36.09549,0.0,-65.51071,-88.1142,False
2168,36.11212,0.0,-65.51071,-88.1142,False
2169,36.12874,0.0,-65.51071,-88.1142,False
2170,36.14545,0.0,-65.51071,-88.1142,False
2171,36.16206,0.0,-65.51071,-88.1142,False
2172,36.17892,0.0,-65.51071,-88.1142,False
2173,36.19548,0.0,-65.51071,-88.1142,False
2174,36.21205,0.0,-65.51071,-88.1142,False
2175,36.22893,0.0,-65.51071,-88.1142,False
2176,36.24588,0.0,-65.51071,-88.1142,False
2177,36.26213,0.0,-65.51071,-88.1142,False
2178,36.27876,0.0,-65.51071,-88.1142,False
2179,36.29552,0.0,-65.51071,-88.1142,False
2180,36.31229,0.0,-65.51071,-88.1142,False
2181,36.32889,0.0,-65.51071,-88.1142,False
2182,36.34537,0.0,-65.51071,-88.1142,False
2183,36.36212,0.0,-65.51071,-88.1142,False
2184,36.37891,0.0,-65.51071,-88.1142,False
2185,36.39532,0.0,-65.51071,-88.1142,False
2186,36.41206,0.0,-65.51071,-88.1142,False
2187,36.429,0.0,-65.51071,-88.1142,False
2188,36.4456,0.0,-65.51071,-88.1142,False
2189,36.46217,0.0,-65.51071,-88.1142,False
2190,36.479,0.0,-65.51071,-88.1142,False
2191,36.49547,0.0,-65.51071,-88.1142,False
2192,36.51205,0.0,-65.51071,-88.1142,False
2193,36.5287,0.0,-65.51071,-88.1142,False
2194,36.54552,0.0,-65.51071,-88.1142,False
2195,36.56216,0.0,-65.51071,-88.1142,False
2196,36.57872,0.0,-65.51071,-88.1142,False
2197,36.59555,0.0,-65.51071,-88.1142,False
2198,36.61205,0.0,-65.51071,-88.1142,False
2199,36.62859,0.0,-65.51071,-88.1142,False
2200,36.64543,0.0,-65.51071,-88.1142,False
2201,36.662,0.0,-65.51071,-88.1142,False
2202,36.67868,0.0,-65.51071,-88.1142,False
2203,36.69545,0.0,-65.51071,-88.1142,False
2204,36.71207,0.0,-65.51071,-88.1142,False
2205,36.72887,0.0,-65.51071,-88.1142,False
2206,36.74535,0.0,-65.51071,-88.1142,False
2207,36.76196,0.0,-65.51071,-88.1142,False
2208,36.77858,0.0,-65.51071,-88.1142,False
2209,36.79547,0.0,-65.51071,-88.1142,False
2210,36.81209,0.0,-65.51071,-88.1142,False
2211,36.8287,0.0,-65.51071,-88.1142,False
2212,36.84541,0.0,-65.51071,-88.1142,False
2213,36.86212,0.0,-65.51071,-88.1142,False
2214,36.87874,0.0,-65.51071,-88.1142,False
2215,36.89525,0.0,-65.51071,-88.1142,False
2216,36.9119,0.0,-65.51071,-88.1142,False
2217,36.92874,0.0,-65.51071,-88.1142,False
2218,36.9454,0.0,-65.51071,-88.1142,False
2219,36.96193,0.0,-65.51071,-88.1142,False
2220,36.97884,0.0,-65.51071,-88.1142,False
2221,36.99545,0.0,-65.51071,-88.1142,False
2222,37.01192,0.0,-65.51071,-88.1142,False
2223,37.02864,0.0,-65.51071,-88.1142,False
2224,37.04535,0.0,-65.51071,-88.1142,False
2225,37.06204,0.0,-65.51071,-88.1142,False
2226,37.07854,0.0,-65.51071,-88.1142,False
2227,37.09544,0.0,-65.51071,-88.1142,False
2228,37.11218,0.0,-65.51071,-88.1142,False
2229,37.12851,0.0,-65.51071,-88.1142,False
2230,37.14543,0.0,-65.51071,-88.1142,False
2231,37.16199,0.0,-65.51071,-88.1142,False
2232,37.17873,0.0,-65.51071,-88.1142,False
2233,37.19553,0.0,-65.51071,-88.1142,False
2234,37.21201,0.0,-65.51071,-88.1142,False
2235,37.22896,0.0,-65.51071,-88.1142,False
2236,37.24532,0.0,-65.51071,-88.1142,False
2237,37.26201,0.0,-65.51071,-88.1142,False
2238,37.27858,0.0,-65.51071,-88.1142,False
2239,37.29524,0.0,-65.51071,-88.1142,False
2240,37.31204,0.0,-65.51071,-88.1142,False
2241,37.3288,0.0,-65.51071,-88.1142,False
2242,37.34546,0.0,-65.51071,-88.1142,False
2243,37.36198,0.0,-65.51071,-88.1142,False
2244,37.37897,0.0,-65.51071,-88.1142,False
2245,37.39514,0.0,-65.51071,-88.1142,False
2246,37.41183,0.0,-65.51071,-88.1142,False
2247,37.42856,0.0,-65.51071,-88.1142,False
2248,37.44571,0.0,-65.51071,-88.1142,False
2249,37.46196,0.0,-65.51071,-88.1142,False
2250,37.47862,0.0,-65.51071,-88.1142,False
2251,37.49529,0.0,-65.51071,-88.1142,False
2252,37.51199,0.0,-65.51071,-88.1142,False
2253,37.52852,0.0,-65.51071,-88.1142,False
2254,37.54521,0.0,-65.51071,-88.1142,False
2255,37.56184,0.0,-65.51071,-88.1142,False
2256,37.57857,0.0,-65.51071,-88.1142,False
2257,37.59532,0.0,-65.51071,-88.1142,False
2258,37.61186,0.0,-65.51071,-88.1142,False
2259,37.62856,0.0,-65.51071,-88.1142,False
2260,37.64517,0.0,-65.51071,-88.1142,False
2261,37.66188,0.0,-65.51071,-88.1142,False
2262,37.67867,0.0,-65.51071,-88.1142,False
2263,37.69537,0.0,-65.51071,-88.1142,False
2264,37.7119,0.0,-65.51071,-88.1142,False
2265,37.72856,0.0,-65.51071,-88.1142,False
2266,37.74536,0.0,-65.51071,-88.1142,False
2267,37.76207,0.0,-65.51071,-88.1142,False
2268,37.77859,0.0,-65.51071,-88.1142,False
2269,37.79523,0.0,-65.51071,-88.1142,False
2270,37.81189,0.0,-65.51071,-88.1142,False
2271,37.82851,0.0,-65.51071,-88.1142,False
2272,37.84515,0.0,-65.51071,-88.1142,False
2273,37.8618,0.0,-65.51071,-88.1142,False
2274,37.87846,0.0,-65.51071,-88.1142,False
2275,37.89517,0.0,-65.51071,-88.1142,False
2276,37.91187,0.0,-65.51071,-88.1142,False
2277,37.92854,0.0,-65.51071,-88.1142,False
2278,37.94513,0.0,-65.51071,-88.1142,False
2279,37.96201,0.0,-65.51071,-88.1142,False
2280,37.97871,0.0,-65.51071,-88.1142,False
2281,37.99522,0.0,-65.51071,-88.1142,False
2282,38.01183,0.0,-65.51071,-88.1142,False
2283,38.02838,0.0,-65.51071,-88.1142,False
2284,38.04524,0.0,-65.51071,-88.1142,False
2285,38.06184,0.0,-65.51071,-88.1142,False
2286,38.07845,0.0,-65.51071,-88.1142,False
2287,38.09534,0.0,-65.51071,-88.1142,False
2288,38.11183,0.0,-65.51071,-88.1142,False
2289,38.12863,0.0,-65.51071,-88.1142,False
2290,38.14519,0.0,-65.51071,-88.1142,False
2291,38.16183,0.0,-65.51071,-88.1142,False
2292,38.1787,0.0,-65.51071,-88.1142,False
2293,38.19505,0.0,-65.51071,-88.1142,False
2294,38.21164,0.0,-65.51071,-88.1142,False
2295,38.22859,0.0,-65.51071,-88.1142,False
2296,38.24512,0.0,-65.51071,-88.1142,False
2297,38.26195,0.0,-65.51071,-88.1142,False
2298,38.27846,0.0,-65.51071,-88.1142,False
2299,38.2951,0.0,-65.51071,-88.1142,False
2300,38.3118,0.0,-65.51071,-88.1142,False
2301,38.32845,0.0,-65.51071,-88.1142,False
2302,38.34509,0.0,-65.51071,-88.1142,False
2303,38.36182,0.0,-65.51071,-88.1142,False
2304,38.37831,0.0,-65.51071,-88.1142,False
2305,38.395,0.0,-65.51071,-88.1142,False
2306,38.41176,0.0,-65.51071,-88.1142,False
2307,38.42839,0.0,-65.51071,-88.1142,False
2308,38.44522,0.0,-65.51071,-88.1142,False
2309,38.46191,0.0,-65.51071,-88.1142,False
2310,38.47852,0.0,-65.51071,-88.1142,False
2311,38.49518,0.0,-65.51071,-88.1142,False
2312,38.5118,0.0,-65.51071,-88.1142,False
2313,38.52861,0.0,-65.51071,-88.1142,False
2314,38.54536,0.0,-65.51071,-88.1142,False
2315,38.5618,0.0,-65.51071,-88.1142,False
2316,38.57867,0.0,-65.51071,-88.1142,False
2317,38.59514,0.0,-65.51071,-88.1142,False
2318,38.6118,0.0,-65.51071,-88.1142,False
2319,38.62852,0.0,-65.51071,-88.1142,False
2320,38.64517,0.0,-65.51071,-88.1142,False
2321,38.66211,0.0,-65.51071,-88.1142,False
2322,38.67848,0.0,-65.51071,-88.1142,False
2323,38.69514,0.0,-65.51071,-88.1142,False
2324,38.71184,0.0,-65.51071,-88.1142,False
2325,38.72867,0.0,-65.51071,-88.1142,False
2326,38.74513,0.0,-65.51071,-88.1142,False
2327,38.7617,0.0,-65.51071,-88.1142,False
2328,38.77847,0.0,-65.51071,-88.1142,False
2329,38.79515,0.0,-65.51071,-88.1142,False
2330,38.81174,0.0,-65.51071,-88.1142,False
2331,38.82809,0.0,-65.51071,-88.1142,False
2332,38.84514,0.0,-65.51071,-88.1142,False
2333,38.86172,0.0,-65.51071,-88.1142,False
2334,38.87828,0.0,-65.51071,-88.1142,False
2335,38.89499,0.0,-65.51071,-88.1142,False
2336,38.91177,0.0,-65.51071,-88.1142,False
2337,38.92842,0.0,-65.51071,-88.1142,False
2338,38.94528,0.0,-65.51071,-88.1142,False
2339,38.96173,0.0,-65.51071,-88.1142,False
2340,38.97852,0.0,-65.51071,-88.1142,False
2341,38.99515,0.0,-65.51071,-88.1142,False
2342,39.01186,0.0,-65.51071,-88.1142,False
2343,39.02859,0.0,-65.51071,-88.1142,False
2344,39.04514,0.0,-65.51071,-88.1142,False
2345,39.0618,0.0,-65.51071,-88.1142,False
2346,39.07835,0.0,-65.51071,-88.1142,False
2347,39.09492,0.0,-65.51071,-88.1142,False
2348,39.11159,0.0,-65.51071,-88.1142,False
2349,39.12833,0.0,-65.51071,-88.1142,False
2350,39.14517,0.0,-65.51071,-88.1142,False
2351,39.16171,0.0,-65.51071,-88.1142,False
2352,39.17848,0.0,-65.51071,-88.1142,False
2353,39.19514,0.0,-65.51071,-88.1142,False
2354,39.21147,0.0,-65.51071,-88.1142,False
2355,39.22849,0.0,-65.51071,-88.1142,False
2356,39.24492,0.0,-65.51071,-88.1142,False
2357,39.26155,0.0,-65.51071,-88.1142,False
2358,39.27827,0.0,-65.51071,-88.1142,False
2359,39.29501,0.0,-65.51071,-88.1142,False
2360,39.31168,0.0,-65.51071,-88.1142,False
2361,39.32823,0.0,-65.51071,-88.1142,False
2362,39.34497,0.0,-65.51071,-88.1142,False
2363,39.36177,0.0,-65.51071,-88.1142,False
2364,39.37831,0.0,-65.51071,-88.1142,False
2365,39.39503,0.0,-65.51071,-88.1142,False
2366,39.41173,0.0,-65.51071,-88.1142,False
2367,39.42831,0.0,-65.51071,-88.1142,False
2368,39.44495,0.0,-65.51071,-88.1142,False
2369,39.46162,0.0,-65.51071,-88.1142,False
2370,39.4783,0.0,-65.51071,-88.1142,False
2371,39.49512,0.0,-65.51071,-88.1142,False
2372,39.5118,0.0,-65.51071,-88.1142,False
2373,39.52823,0.0,-65.51071,-88.1142,False
2374,39.54491,0.0,-65.51071,-88.1142,False
2375,39.56189,0.0,-65.51071,-88.1142,False
2376,39.57823,0.0,-65.51071,-88.1142,False
2377,39.59486,0.0,-65.51071,-88.1142,False
2378,39.61153,0.0,-65.51071,-88.1142,False
2379,39.6283,0.0,-65.51071,-88.1142,False
2380,39.64488,0.0,-65.51071,-88.1142,False
2381,39.6618,0.0,-65.51071,-88.1142,False
2382,39.67818,0.0,-65.51071,-88.1142,False
2383,39.69516,0.0,-65.51071,-88.1142,False
2384,39.71158,0.0,-65.51071,-88.1142,False
2385,39.72827,0.0,-65.51071,-88.1142,False
2386,39.74467,0.0,-65.51071,-88.1142,False
2387,39.7617,0.0,-65.51071,-88.1142,False
2388,39.77843,0.0,-65.51071,-88.1142,False
2389,39.79488,0.0,-65.51071,-88.1142,False
2390,39.81146,0.0,-65.51071,-88.1142,False
2391,39.82809,0.0,-65.51071,-88.1142,False
2392,39.84494,0.0,-65.51071,-88.1142,False
2393,39.86154,0.0,-65.51071,-88.1142,False
2394,39.87825,0.0,-65.51071,-88.1142,False
2395,39.89485,0.0,-65.51071,-88.1142,False
2396,39.91179,0.0,-65.51071,-88.1142,False
2397,39.92819,0.0,-65.51071,-88.1142,False
2398,39.94489,0.0,-65.51071,-88.1142,False
2399,39.9617,0.0,-65.51071,-88.1142,False
2400,39.97821,0.0,-65.51071,-88.1142,False
2401,39.99492,0.0,-65.51071,-88.1142,False
2402,40.0116,0.0,-65.51071,-88.1142,False
2403,40.02814,0.0,-65.51071,-88.1142,False
2404,40.04503,0.0,-65.51071,-88.1142,False
2405,40.06154,0.0,-65.51071,-88.1142,False
2406,40.07819,0.0,-65.51071,-88.1142,False
2407,40.09485,0.0,-65.51071,-88.1142,False
2408,40.11148,0.0,-65.51071,-88.1142,False
2409,40.12833,0.0,-65.51071,-88.1142,False
2410,40.14485,0.0,-65.51071,-88.1142,False
2411,40.16168,0.0,-65.51071,-88.1142,False
2412,40.17813,0.0,-65.51071,-88.1142,False
2413,40.19487,0.0,-65.51071,-88.1142,False
2414,40.21149,0.0,-65.51071,-88.1142,False
2415,40.22806,0.0,-65.51071,-88.1142,False
2416,40.24493,0.0,-65.51071,-88.1142,False
2417,40.26154,0.0,-65.51071,-88.1142,False
2418,40.27837,0.0,-65.51071,-88.1142,False
2419,40.29492,0.0,-65.51071,-88.1142,False
2420,40.31137,0.0,-65.51071,-88.1142,False
2421,40.32816,0.0,-65.51071,-88.1142,False
2422,40.34506,0.0,-65.51071,-88.1142,False
2423,40.3616,0.0,-65.51071,-88.1142,False
2424,40.37827,0.0,-65.51071,-88.1142,False
2425,40.39479,0.0,-65.51071,-88.1142,False
2426,40.41147,0.0,-65.51071,-88.1142,False
2427,40.42818,0.0,-65.51071,-88.1142,False
2428,40.4449,0.0,-65.51071,-88.1142,False
2429,40.46153,0.0,-65.51071,-88.1142,False
2430,40.47807,0.0,-65.51071,-88.1142,False
2431,40.49496,0.0,-65.51071,-88.1142,False
2432,40.51146,0.0,-65.51071,-88.1142,False
2433,40.52797,0.0,-65.51071,-88.1142,False
2434,40.54498,0.0,-65.51071,-88.1142,False
2435,40.56151,0.0,-65.51071,-88.1142,False
2436,40.57823,0.0,-65.51071,-88.1142,False
2437,40.59525,0.0,-65.51071,-88.1142,False
2438,40.61153,0.0,-65.51071,-88.1142,False
2439,40.62822,0.0,-65.51071,-88.1142,False
2440,40.64493,0.0,-65.51071,-88.1142,False
2441,40.66153,0.0,-65.51071,-88.1142,False
2442,40.67822,0.0,-65.51071,-88.1142,False
2443,40.69516,0.0,-65.51071,-88.1142,False
2444,40.71138,0.0,-65.51071,-88.1142,False
2445,40.72816,0.0,-65.51071,-88.1142,False
2446,40.74507,0.0,-65.51071,-88.1142,False
2447,40.76199,0.0,-65.51071,-88.1142,False
2448,40.77809,0.0,-65.51071,-88.1142,False
2449,40.79477,0.0,-65.51071,-88.1142,False
2450,40.8118,0.0,-65.51071,-88.1142,False
2451,40.82846,0.0,-65.51071,-88.1142,False
2452,40.84492,0.0,-65.51071,-88.1142,False
2453,40.86157,0.0,-65.51071,-88.1142,False
2454,40.87817,0.0,-65.51071,-88.1142,False
2455,40.89487,0.0,-65.51071,-88.1142,False
2456,40.91161,0.0,-65.51071,-88.1142,False
2457,40.92812,0.0,-65.51071,-88.1142,False
2458,40.94501,0.0,-65.51071,-88.1142,False
2459,40.96146,0.0,-65.51071,-88.1142,False
2460,40.97806,0.0,-65.51071,-88.1142,False
2461,40.99483,0.0,-65.51071,-88.1142,False
2462,41.01164,0.0,-65.51071,-88.1142,False
2463,41.02824,0.0,-65.51071,-88.1142,False
2464,41.04482,0.0,-65.51071,-88.1142,False
2465,41.06186,0.0,-65.51071,-88.1142,False
2466,41.07848,0.0,-65.51071,-88.1142,False
2467,41.0947,0.0,-65.51071,-88.1142,False
2468,41.1115,0.0,-65.51071,-88.1142,False
2469,41.1281,0.0,-65.51071,-88.1142,False
2470,41.14479,0.0,-65.51071,-88.1142,False
2471,41.16148,0.0,-65.51071,-88.1142,False
2472,41.17805,0.0,-65.51071,-88.1142,False
2473,41.19496,0.0,-65.51071,-88.1142,False
2474,41.21152,0.0,-65.51071,-88.1142,False
2475,41.22815,0.0,-65.51071,-88.1142,False
2476,41.24486,0.0,-65.51071,-88.1142,False
2477,41.26144,0.0,-65.51071,-88.1142,False
2478,41.27811,0.0,-65.51071,-88.1142,False
2479,41.29495,0.0,-65.51071,-88.1142,False
2480,41.31163,0.0,-65.51071,-88.1142,False
2481,41.32808,0.0,-65.51071,-88.1142,False
2482,41.34464,0.0,-65.51071,-88.1142,False
2483,41.36142,0.0,-65.51071,-88.1142,False
2484,41.3781,0.0,-65.51071,-88.1142,False
2485,41.39493,0.0,-65.51071,-88.1142,False
2486,41.41145,0.0,-65.51071,-88.1142,False
2487,41.42796,0.0,-65.51071,-88.1142,False
2488,41.44464,0.0,-65.51071,-88.1142,False
2489,41.46136,0.0,-65.51071,-88.1142,False
2490,41.47801,0.0,-65.51071,-88.1142,False
2491,41.49492,0.0,-65.51071,-88.1142,False
2492,41.51126,0.0,-65.51071,-88.1142,False
2493,41.52805,0.0,-65.51071,-88.1142,False
2494,41.54485,0.0,-65.51071,-88.1142,False
2495,41.56131,0.0,-65.51071,-88.1142,False
2496,41.57805,0.0,-65.51071,-88.1142,False
2497,41.59489,0.0,-65.51071,-88.1142,False
2498,41.61176,0.0,-65.51071,-88.1142,False
2499,41.62794,0.0,-65.51071,-88.1142,False
2500,41.64478,0.0,-65.51071,-88.1142,False
2501,41.66136,0.0,-65.51071,-88.1142,False
2502,41.67809,0.0,-65.51071,-88.1142,False
2503,41.69479,0.0,-65.51071,-88.1142,False
2504,41.71136,0.0,-65.51071,-88.1142,False
2505,41.72855,0.0,-65.51071,-88.1142,False
2506,41.74471,0.0,-65.51071,-88.1142,False
2507,41.76141,0.0,-65.51071,-88.1142,False
2508,41.77805,0.0,-65.51071,-88.1142,False
2509,41.79478,0.0,-65.51071,-88.1142,False
2510,41.81155,0.0,-65.51071,-88.1142,False
2511,41.82805,0.0,-65.51071,-88.1142,False
2512,41.84494,0.0,-65.51071,-88.1142,False
2513,41.86137,0.0,-65.51071,-88.1142,False
2514,41.87831,0.0,-65.51071,-88.1142,False
2515,41.89473,0.0,-65.51071,-88.1142,False
2516,41.91136,0.0,-65.51071,-88.1142,False
2517,41.92793,0.0,-65.51071,-88.1142,False
2518,41.94473,0.0,-65.51071,-88.1142,False
2519,41.96136,0.0,-65.51071,-88.1142,False
2520,41.97826,0.0,-65.51071,-88.1142,False
2521,41.99477,0.0,-65.51071,-88.1142,False
2522,42.0117,0.0,-65.51071,-88.1142,False
2523,42.02797,0.0,-65.51071,-88.1142,False
2524,42.04468,0.0,-65.51071,-88.1142,False
2525,42.06142,0.0,-65.51071,-88.1142,False
2526,42.07788,0.0,-65.51071,-88.1142,False
2527,42.09462,0.0,-65.51071,-88.1142,False
2528,42.11142,0.0,-65.51071,-88.1142,False
2529,42.12837,0.0,-65.51071,-88.1142,False
2530,42.14479,0.0,-65.51071,-88.1142,False
2531,42.16142,0.0,-65.51071,-88.1142,False
2532,42.17795,0.0,-65.51071,-88.1142,False
2533,42.1949,0.0,-65.51071,-88.1142,False
2534,42.21136,0.0,-65.51071,-88.1142,False
2535,42.22827,0.0,-65.51071,-88.1142,False
2536,42.24467,0.0,-65.51071,-88.1142,False
2537,42.26132,0.0,-65.51071,-88.1142,False
2538,42.27818,0.0,-65.51071,-88.1142,False
2539,42.29474,0.0,-65.51071,-88.1142,False
2540,42.31142,0.0,-65.51071,-88.1142,False
2541,42.32788,0.0,-65.51071,-88.1142,False
2542,42.34465,0.0,-65.51071,-88.1142,False
2543,42.36133,0.0,-65.51071,-88.1142,False
2544,42.3779,0.0,-65.51071,-88.1142,False
2545,42.39484,0.0,-65.51071,-88.1142,False
2546,42.41141,0.0,-65.51071,-88.1142,False
2547,42.42798,0.0,-65.51071,-88.1142,False
2548,42.44479,0.0,-65.51071,-88.1142,False
2549,42.46155,0.0,-65.51071,-88.1142,False
2550,42.47787,0.0,-65.51071,-88.1142,False
2551,42.49461,0.0,-65.51071,-88.1142,False
2552,42.51137,0.0,-65.51071,-88.1142,False
2553,42.52805,0.0,-65.51071,-88.1142,False
2554,42.54451,0.0,-65.51071,-88.1142,False
2555,42.56133,0.0,-65.51071,-88.1142,False
2556,42.57828,0.0,-65.51071,-88.1142,False
2557,42.59453,0.0,-65.51071,-88.1142,False
2558,42.61122,0.0,-65.51071,-88.1142,False
2559,42.62799,0.0,-65.51071,-88.1142,False
2560,42.64481,0.0,-65.51071,-88.1142,False
2561,42.66121,0.0,-65.51071,-88.1142,False
2562,42.6779,0.0,-65.51071,-88.1142,False
2563,42.6946,0.0,-65.51071,-88.1142,False
2564,42.71133,0.0,-65.51071,-88.1142,False
2565,42.72809,0.0,-65.51071,-88.1142,False
2566,42.7446,0.0,-65.51071,-88.1142,False
2567,42.76125,0.0,-65.51071,-88.1142,False
2568,42.77803,0.0,-65.51071,-88.1142,False
2569,42.79494,0.0,-65.51071,-88.1142,False
2570,42.81126,0.0,-65.51071,-88.1142,False
2571,42.82784,0.0,-65.51071,-88.1142,False
2572,42.84453,0.0,-65.51071,-88.1142,False
2573,42.8614,0.0,-65.51071,-88.1142,False
2574,42.87793,0.0,-65.51071,-88.1142,False
2575,42.89493,0.0,-65.51071,-88.1142,False
2576,42.91135,0.0,-65.51071,-88.1142,False
2577,42.92815,0.0,-65.51071,-88.1142,False
2578,42.94458,0.0,-65.51071,-88.1142,False
2579,42.9614,0.0,-65.51071,-88.1142,False
2580,42.97804,0.0,-65.51071,-88.1142,False
2581,42.99464,0.0,-65.51071,-88.1142,False
2582,43.01123,0.0,-65.51071,-88.1142,False
2583,43.02792,0.0,-65.51071,-88.1142,False
2584,43.04459,0.0,-65.51071,-88.1142,False
2585,43.0612,0.0,-65.51071,-88.1142,False
2586,43.07788,0.0,-65.51071,-88.1142,False
2587,43.09473,0.0,-65.51071,-88.1142,False
2588,43.11131,0.0,-65.51071,-88.1142,False
2589,43.12807,0.0,-65.51071,-88.1142,False
2590,43.14447,0.0,-65.51071,-88.1142,False
2591,43.16132,0.0,-65.51071,-88.1142,False
2592,43.17781,0.0,-65.51071,-88.1142,False
2593,43.19464,0.0,-65.51071,-88.1142,False
2594,43.2114,0.0,-65.51071,-88.1142,False
2595,43.22783,0.0,-65.51071,-88.1142,False
2596,43.24457,0.0,-65.51071,-88.1142,False
2597,43.26118,0.0,-65.51071,-88.1142,False
2598,43.278,0.0,-65.51071,-88.1142,False
2599,43.29446,0.0,-65.51071,-88.1142,False
2600,43.31145,0.0,-65.51071,-88.1142,False
2601,43.32811,0.0,-65.51071,-88.1142,False
2602,43.3446,0.0,-65.51071,-88.1142,False
2603,43.36148,0.0,-65.51071,-88.1142,False
2604,43.37793,0.0,-65.51071,-88.1142,False
2605,43.39484,0.0,-65.51071,-88.1142,False
2606,43.41133,0.0,-65.51071,-88.1142,False
2607,43.4279,0.0,-65.51071,-88.1142,False
2608,43.44463,0.0,-65.51071,-88.1142,False
2609,43.46112,0.0,-65.51071,-88.1142,False
2610,43.47813,0.0,-65.51071,-88.1142,False
2611,43.49492,0.0,-65.51071,-88.1142,False
2612,43.51117,0.0,-65.51071,-88.1142,False
2613,43.52782,0.0,-65.51071,-88.1142,False
2614,43.54457,0.0,-65.51071,-88.1142,False
2615,43.56107,0.0,-65.51071,-88.1142,False
2616,43.5779,0.0,-65.51071,-88.1142,False
2617,43.59468,0.0,-65.51071,-88.1142,False
2618,43.61133,0.0,-65.51071,-88.1142,False
2619,43.62782,0.0,-65.51071,-88.1142,False
2620,43.64468,0.0,-65.51071,-88.1142,False
2621,43.66101,0.0,-65.51071,-88.1142,False
2622,43.67798,0.0,-65.51071,-88.1142,False
2623,43.6946,0.0,-65.51071,-88.1142,False
2624,43.71135,0.0,-65.51071,-88.1142,False
2625,43.72772,0.0,-65.51071,-88.1142,False
2626,43.74451,0.0,-65.51071,-88.1142,False
2627,43.76122,0.0,-65.51071,-88.1142,False
2628,43.77788,0.0,-65.51071,-88.1142,False
2629,43.79443,0.0,-65.51071,-88.1142,False
2630,43.81123,0.0,-65.51071,-88.1142,False
2631,43.82768,0.0,-65.51071,-88.1142,False
2632,43.84454,0.0,-65.51071,-88.1142,False
2633,43.86134,0.0,-65.51071,-88.1142,False
2634,43.8779,0.0,-65.51071,-88.1142,False
2635,43.89468,0.0,-65.51071,-88.1142,False
2636,43.91124,0.0,-65.51071,-88.1142,False
2637,43.92783,0.0,-65.51071,-88.1142,False
2638,43.94446,0.0,-65.51071,-88.1142,False
2639,43.96114,0.0,-65.51071,-88.1142,False
2640,43.97809,0.0,-65.51071,-88.1142,False
2641,43.99446,0.0,-65.51071,-88.1142,False
2642,44.0112,0.0,-65.51071,-88.1142,False
2643,44.02776,0.0,-65.51071,-88.1142,False
2644,44.04454,0.0,-65.51071,-88.1142,False
2645,44.06119,0.0,-65.51071,-88.1142,False
2646,44.07782,0.0,-65.51071,-88.1142,False
2647,44.09459,0.0,-65.51071,-88.1142,False
2648,44.11131,0.0,-65.51071,-88.1142,False
2649,44.12787,0.0,-65.51071,-88.1142,False
2650,44.14442,0.0,-65.51071,-88.1142,False
2651,44.16107,0.0,-65.51071,-88.1142,False
2652,44.17776,0.0,-65.51071,-88.1142,False
2653,44.19441,0.0,-65.51071,-88.1142,False
2654,44.21089,0.0,-65.51071,-88.1142,False
2655,44.22772,0.0,-65.51071,-88.1142,False
2656,44.24449,0.0,-65.51071,-88.1142,False
2657,44.26103,0.0,-65.51071,-88.1142,False
2658,44.27777,0.0,-65.51071,-88.1142,False
2659,44.29445,0.0,-65.51071,-88.1142,False
2660,44.31122,0.0,-65.51071,-88.1142,False
2661,44.32808,0.0,-65.51071,-88.1142,False
2662,44.34444,0.0,-65.51071,-88.1142,False
2663,44.36108,0.0,-65.51071,-88.1142,False
2664,44.37778,0.0,-65.51071,-88.1142,False
2665,44.39461,0.0,-65.51071,-88.1142,False
2666,44.41107,0.0,-65.51071,-88.1142,False
2667,44.42772,0.0,-65.51071,-88.1142,False
2668,44.44444,0.0,-65.51071,-88.1142,False
2669,44.46101,0.0,-65.51071,-88.1142,False
2670,44.47775,0.0,-65.51071,-88.1142,False
2671,44.49446,0.0,-65.51071,-88.1142,False
2672,44.51079,0.0,-65.51071,-88.1142,False
2673,44.52768,0.0,-65.51071,-88.1142,False
2674,44.54442,0.0,-65.51071,-88.1142,False
2675,44.56105,0.0,-65.51071,-88.1142,False
2676,44.57782,0.0,-65.51071,-88.1142,False
2677,44.5946,0.0,-65.51071,-88.1142,False
2678,44.61098,0.0,-65.51071,-88.1142,False
2679,44.62778,0.0,-65.51071,-88.1142,False
2680,44.64424,0.0,-65.51071,-88.1142,False
2681,44.66103,0.0,-65.51071,-88.1142,False
2682,44.67758,0.0,-65.51071,-88.1142,False
2683,44.69429,0.0,-65.51071,-88.1142,False
2684,44.71101,0.0,-65.51071,-88.1142,False
2685,44.72774,0.0,-65.51071,-88.1142,False
2686,44.74434,0.0,-65.51071,-88.1142,False
2687,44.76094,0.0,-65.51071,-88.1142,False
2688,44.7778,0.0,-65.51071,-88.1142,False
2689,44.79445,0.0,-65.51071,-88.1142,False
2690,44.81094,0.0,-65.51071,-88.1142,False
2691,44.8277,0.0,-65.51071,-88.1142,False
2692,44.84433,0.0,-65.51071,-88.1142,False
2693,44.86096,0.0,-65.51071,-88.1142,False
2694,44.87769,0.0,-65.51071,-88.1142,False
2695,44.89436,0.0,-65.51071,-88.1142,False
2696,44.911,0.0,-65.51071,-88.1142,False
2697,44.92773,0.0,-65.51071,-88.1142,False
2698,44.9444,0.0,-65.51071,-88.1142,False
2699,44.96114,0.0,-65.51071,-88.1142,False
2700,44.97754,0.0,-65.51071,-88.1142,False
2701,44.99425,0.0,-65.51071,-88.1142,False
2702,45.01108,0.0,-65.51071,-88.1142,False
2703,45.02776,0.0,-65.51071,-88.1142,False
2704,45.0443,0.0,-65.51071,-88.1142,False
2705,45.06088,0.0,-65.51071,-88.1142,False
2706,45.0778,0.0,-65.51071,-88.1142,False
2707,45.0943,0.0,-65.51071,-88.1142,False
2708,45.11116,0.0,-65.51071,-88.1142,False
2709,45.12735,0.0,-65.51071,-88.1142,False
2710,45.14433,0.0,-65.51071,-88.1142,False
2711,45.16081,0.0,-65.51071,-88.1142,False
2712,45.17758,0.0,-65.51071,-88.1142,False
2713,45.19438,0.0,-65.51071,-88.1142,False
2714,45.21104,0.0,-65.51071,-88.1142,False
2715,45.22758,0.0,-65.51071,-88.1142,False
2716,45.24426,0.0,-65.51071,-88.1142,False
2717,45.26082,0.0,-65.51071,-88.1142,False
2718,45.27757,0.0,-65.51071,-88.1142,False
2719,45.29425,0.0,-65.51071,-88.1142,False
2720,45.3109,0.0,-65.51071,-88.1142,False
2721,45.32793,0.0,-65.51071,-88.1142,False
2722,45.34427,0.0,-65.51071,-88.1142,False
2723,45.36136,0.0,-65.51071,-88.1142,False
2724,45.37761,0.0,-65.51071,-88.1142,False
2725,45.39436,0.0,-65.51071,-88.1142,False
2726,45.4109,0.0,-65.51071,-88.1142,False
2727,45.42738,0.0,-65.51071,-88.1142,False
2728,45.44411,0.0,-65.51071,-88.1142,False
2729,45.46083,0.0,-65.51071,-88.1142,False
2730,45.47777,0.0,-65.51071,-88.1142,False
2731,45.49435,0.0,-65.51071,-88.1142,False
2732,45.51073,0.0,-65.51071,-88.1142,False
2733,45.52737,0.0,-65.51071,-88.1142,False
2734,45.54402,0.0,-65.51071,-88.1142,False
2735,45.56093,0.0,-65.51071,-88.1142,False
2736,45.57765,0.0,-65.51071,-88.1142,False
2737,45.59442,0.0,-65.51071,-88.1142,False
2738,45.61096,0.0,-65.51071,-88.1142,False
2739,45.62761,0.0,-65.51071,-88.1142,False
2740,45.6442,0.0,-65.51071,-88.1142,False
2741,45.66087,0.0,-65.51071,-88.1142,False
2742,45.67757,0.0,-65.51071,-88.1142,False
2743,45.6942,0.0,-65.51071,-88.1142,False
2744,45.71092,0.0,-65.51071,-88.1142,False
2745,45.728,0.0,-65.51071,-88.1142,False
2746,45.7444,0.0,-65.51071,-88.1142,False
2747,45.76125,0.0,-65.51071,-88.1142,False
2748,45.77774,0.0,-65.51071,-88.1142,False
2749,45.79439,0.0,-65.51071,-88.1142,False
2750,45.81105,0.0,-65.51071,-88.1142,False
2751,45.82768,0.0,-65.51071,-88.1142,False
2752,45.84424,0.0,-65.51071,-88.1142,False
2753,45.86089,0.0,-65.51071,-88.1142,False
2754,45.87784,0.0,-65.51071,-88.1142,False
2755,45.89427,0.0,-65.51071,-88.1142,False
2756,45.91084,0.0,-65.51071,-88.1142,False
2757,45.92761,0.0,-65.51071,-88.1142,False
2758,45.94437,0.0,-65.51071,-88.1142,False
2759,45.96097,0.0,-65.51071,-88.1142,False
2760,45.9776,0.0,-65.51071,-88.1142,False
2761,45.99458,0.0,-65.51071,-88.1142,False
2762,46.01079,0.0,-65.51071,-88.1142,False
2763,46.02754,0.0,-65.51071,-88.1142,False
2764,46.04428,0.0,-65.51071,-88.1142,False
2765,46.06094,0.0,-65.51071,-88.1142,False
2766,46.07776,0.0,-65.51071,-88.1142,False
2767,46.09428,0.0,-65.51071,-88.1142,False
2768,46.11101,0.0,-65.51071,-88.1142,False
2769,46.1275,0.0,-65.51071,-88.1142,False
2770,46.14421,0.0,-65.51071,-88.1142,False
2771,46.161,0.0,-65.51071,-88.1142,False
2772,46.17752,0.0,-65.51071,-88.1142,False
2773,46.19435,0.0,-65.51071,-88.1142,False
2774,46.21085,0.0,-65.51071,-88.1142,False
2775,46.22769,0.0,-65.51071,-88.1142,False
2776,46.24422,0.0,-65.51071,-88.1142,False
2777,46.26102,0.0,-65.51071,-88.1142,False
2778,46.27757,0.0,-65.51071,-88.1142,False
2779,46.29433,0.0,-65.51071,-88.1142,False
2780,46.31104,0.0,-65.51071,-88.1142,False
2781,46.32747,0.0,-65.51071,-88.1142,False
2782,46.34431,0.0,-65.51071,-88.1142,False
2783,46.36081,0.0,-65.51071,-88.1142,False
2784,46.37733,0.0,-65.51071,-88.1142,False
2785,46.39429,0.0,-65.51071,-88.1142,False
2786,46.4111,0.0,-65.51071,-88.1142,False
2787,46.42747,0.0,-65.51071,-88.1142,False
2788,46.44444,0.0,-65.51071,-88.1142,False
2789,46.46075,0.0,-65.51071,-88.1142,False
2790,46.47754,0.0,-65.51071,-88.1142,False
2791,46.4942,0.0,-65.51071,-88.1142,False
2792,46.511,0.0,-65.51071,-88.1142,False
2793,46.52744,0.0,-65.51071,-88.1142,False
2794,46.54446,0.0,-65.51071,-88.1142,False
2795,46.56099,0.0,-65.51071,-88.1142,False
2796,46.57765,0.0,-65.51071,-88.1142,False
2797,46.59415,0.0,-65.51071,-88.1142,False
2798,46.61096,0.0,-65.51071,-88.1142,False
2799,46.62743,0.0,-65.51071,-88.1142,False
2800,46.64406,0.0,-65.51071,-88.1142,False
2801,46.66087,0.0,-65.51071,-88.1142,False
2802,46.67735,0.0,-65.51071,-88.1142,False
2803,46.69421,0.0,-65.51071,-88.1142,False
2804,46.71078,0.0,-65.51071,-88.1142,False
2805,46.72762,0.0,-65.51071,-88.1142,False
2806,46.74454,0.0,-65.51071,-88.1142,False
2807,46.76074,0.0,-65.51071,-88.1142,False
2808,46.7776,0.0,-65.51071,-88.1142,False
2809,46.79404,0.0,-65.51071,-88.1142,False
2810,46.8107,0.0,-65.51071,-88.1142,False
2811,46.82739,0.0,-65.51071,-88.1142,False
2812,46.84412,0.0,-65.51071,-88.1142,False
2813,46.86086,0.0,-65.51071,-88.1142,False
2814,46.87737,0.0,-65.51071,-88.1142,False
2815,46.8941,0.0,-65.51071,-88.1142,False
2816,46.91078,0.0,-65.51071,-88.1142,False
2817,46.92776,0.0,-65.51071,-88.1142,False
2818,46.94441,0.0,-65.51071,-88.1142,False
2819,46.96078,0.0,-65.51071,-88.1142,False
2820,46.97743,0.0,-65.51071,-88.1142,False
2821,46.99413,0.0,-65.51071,-88.1142,False
2822,47.01082,0.0,-65.51071,-88.1142,False
2823,47.02722,0.0,-65.51071,-88.1142,False
2824,47.0444,0.0,-65.51071,-88.1142,False
2825,47.06081,0.0,-65.51071,-88.1142,False
2826,47.07753,0.0,-65.51071,-88.1142,False
2827,47.09413,0.0,-65.51071,-88.1142,False
2828,47.11092,0.0,-65.51071,-88.1142,False
2829,47.12724,0.0,-65.51071,-88.1142,False
2830,47.14409,0.0,-65.51071,-88.1142,False
2831,47.16078,0.0,-65.51071,-88.1142,False
2832,47.17757,0.0,-65.51071,-88.1142,False
2833,47.19434,0.0,-65.51071,-88.1142,False
2834,47.21097,0.0,-65.51071,-88.1142,False
2835,47.22758,0.0,-65.51071,-88.1142,False
2836,47.2442,0.0,-65.51071,-88.1142,False
2837,47.26076,0.0,-65.51071,-88.1142,False
2838,47.2774,0.0,-65.51071,-88.1142,False
2839,47.29424,0.0,-65.51071,-88.1142,False
2840,47.31096,0.0,-65.51071,-88.1142,False
2841,47.32739,0.0,-65.51071,-88.1142,False
2842,47.34413,0.0,-65.51071,-88.1142,False
2843,47.36066,0.0,-65.51071,-88.1142,False
2844,47.37735,0.0,-65.51071,-88.1142,False
2845,47.39424,0.0,-65.51071,-88.1142,False
2846,47.41064,0.0,-65.51071,-88.1142,False
2847,47.42726,0.0,-65.51071,-88.1142,False
2848,47.44411,0.0,-65.51071,-88.1142,False
2849,47.46086,0.0,-65.51071,-88.1142,False
2850,47.47728,0.0,-65.51071,-88.1142,False
2851,47.49417,0.0,-65.51071,-88.1142,False
2852,47.51068,0.0,-65.51071,-88.1142,False
2853,47.52768,0.0,-65.51071,-88.1142,False
2854,47.54414,0.0,-65.51071,-88.1142,False
2855,47.56061,0.0,-65.51071,-88.1142,False
2856,47.57748,0.0,-65.51071,-88.1142,False
2857,47.59407,0.0,-65.51071,-88.1142,False
2858,47.61067,0.0,-65.51071,-88.1142,False
2859,47.62746,0.0,-65.51071,-88.1142,False
2860,47.644,0.0,-65.51071,-88.1142,False
2861,47.66084,0.0,-65.51071,-88.1142,False
2862,47.67726,0.0,-65.51071,-88.1142,False
2863,47.69391,0.0,-65.51071,-88.1142,False
2864,47.71088,0.0,-65.51071,-88.1142,False
2865,47.72757,0.0,-65.51071,-88.1142,False
2866,47.74411,0.0,-65.51071,-88.1142,False
2867,47.7607,0.0,-65.51071,-88.1142,False
2868,47.77765,0.0,-65.51071,-88.1142,False
2869,47.79385,0.0,-65.51071,-88.1142,False
2870,47.81085,0.0,-65.51071,-88.1142,False
2871,47.82733,0.0,-65.51071,-88.1142,False
2872,47.84445,0.0,-65.51071,-88.1142,False
2873,47.86069,0.0,-65.51071,-88.1142,False
2874,47.87732,0.0,-65.51071,-88.1142,False
2875,47.89413,0.0,-65.51071,-88.1142,False
2876,47.91066,0.0,-65.51071,-88.1142,False
2877,47.92725,0.0,-65.51071,-88.1142,False
2878,47.94408,0.0,-65.51071,-88.1142,False
2879,47.96077,0.0,-65.51071,-88.1142,False
2880,47.97752,0.0,-65.51071,-88.1142,False
2881,47.99402,0.0,-65.51071,-88.1142,False
2882,48.01064,0.0,-65.51071,-88.1142,False
2883,48.02782,0.0,-65.51071,-88.1142,False
2884,48.04408,0.0,-65.51071,-88.1142,False
2885,48.06075,0.0,-65.51071,-88.1142,False
2886,48.07742,0.0,-65.51071,-88.1142,False
2887,48.09404,0.0,-65.51071,-88.1142,False
2888,48.11075,0.0,-65.51071,-88.1142,False
2889,48.12759,0.0,-65.51071,-88.1142,False
2890,48.14397,0.0,-65.51071,-88.1142,False
2891,48.16054,0.0,-65.51071,-88.1142,False
2892,48.1774,0.0,-65.51071,-88.1142,False
2893,48.19389,0.0,-65.51071,-88.1142,False
2894,48.21088,0.0,-65.51071,-88.1142,False
2895,48.22716,0.0,-65.51071,-88.1142,False
2896,48.24394,0.0,-65.51071,-88.1142,False
2897,48.26077,0.0,-65.51071,-88.1142,False
2898,48.2773,0.0,-65.51071,-88.1142,False
2899,48.29414,0.0,-65.51071,-88.1142,False
2900,48.31061,0.0,-65.51071,-88.1142,False
2901,48.32741,0.0,-65.51071,-88.1142,False
2902,48.3441,0.0,-65.51071,-88.1142,False
2903,48.36063,0.0,-65.51071,-88.1142,False
2904,48.37743,0.0,-65.51071,-88.1142,False
2905,48.39397,0.0,-65.51071,-88.1142,False
2906,48.41061,0.0,-65.51071,-88.1142,False
2907,48.4274,0.0,-65.51071,-88.1142,False
2908,48.44395,0.0,-65.51071,-88.1142,False
2909,48.4606,0.0,-65.51071,-88.1142,False
2910,48.47722,0.0,-65.51071,-88.1142,False
2911,48.494,0.0,-65.51071,-88.1142,False
2912,48.5108,0.0,-65.51071,-88.1142,False
2913,48.52722,0.0,-65.51071,-88.1142,False
2914,48.54398,0.0,-65.51071,-88.1142,False
2915,48.56076,0.0,-65.51071,-88.1142,False
2916,48.57747,0.0,-65.51071,-88.1142,False
2917,48.5941,0.0,-65.51071,-88.1142,False
2918,48.61069,0.0,-65.51071,-88.1142,False
2919,48.62723,0.0,-65.51071,-88.1142,False
2920,48.64391,0.0,-65.51071,-88.1142,False
2921,48.66055,0.0,-65.51071,-88.1142,False
2922,48.67728,0.0,-65.51071,-88.1142,False
2923,48.69434,0.0,-65.51071,-88.1142,False
2924,48.71068,0.0,-65.51071,-88.1142,False
2925,48.72713,0.0,-65.51071,-88.1142,False
2926,48.74411,0.0,-65.51071,-88.1142,False
2927,48.76053,0.0,-65.51071,-88.1142,False
2928,48.77722,0.0,-65.51071,-88.1142,False
2929,48.79385,0.0,-65.51071,-88.1142,False
2930,48.81078,0.0,-65.51071,-88.1142,False
2931,48.82732,0.0,-65.51071,-88.1142,False
2932,48.84396,0.0,-65.51071,-88.1142,False
2933,48.86046,0.0,-65.51071,-88.1142,False
2934,48.87732,0.0,-65.51071,-88.1142,False
2935,48.89392,0.0,-65.51071,-88.1142,False
2936,48.91055,0.0,-65.51071,-88.1142,False
2937,48.92751,0.0,-65.51071,-88.1142,False
2938,48.94398,0.0,-65.51071,-88.1142,False
2939,48.96059,0.0,-65.51071,-88.1142,False
2940,48.97714,0.0,-65.51071,-88.1142,False
2941,48.99391,0.0,-65.51071,-88.1142,False
2942,49.01064,0.0,-65.51071,-88.1142,False
2943,49.02724,0.0,-65.51071,-88.1142,False
2944,49.0439,0.0,-65.51071,-88.1142,False
2945,49.06041,0.0,-65.51071,-88.1142,False
2946,49.07716,0.0,-65.51071,-88.1142,False
2947,49.0939,0.0,-65.51071,-88.1142,False
2948,49.11073,0.0,-65.51071,-88.1142,False
2949,49.1274,0.0,-65.51071,-88.1142,False
2950,49.144,0.0,-65.51071,-88.1142,False
2951,49.16066,0.0,-65.51071,-88.1142,False
2952,49.17711,0.0,-65.51071,-88.1142,False
2953,49.19392,0.0,-65.51071,-88.1142,False
2954,49.21056,0.0,-65.51071,-88.1142,False
2955,49.2272,0.0,-65.51071,-88.1142,False
2956,49.24384,0.0,-65.51071,-88.1142,False
2957,49.26045,0.0,-65.51071,-88.1142,False
2958,49.27711,0.0,-65.51071,-88.1142,False
2959,49.29387,0.0,-65.51071,-88.1142,False
2960,49.31076,0.0,-65.51071,-88.1142,False
2961,49.3271,0.0,-65.51071,-88.1142,False
2962,49.34409,0.0,-65.51071,-88.1142,False
2963,49.36047,0.0,-65.51071,-88.1142,False
2964,49.37697,0.0,-65.51071,-88.1142,False
2965,49.39384,0.0,-65.51071,-88.1142,False
2966,49.41048,0.0,-65.51071,-88.1142,False
2967,49.42717,0.0,-65.51071,-88.1142,False
2968,49.44403,0.0,-65.51071,-88.1142,False
2969,49.46033,0.0,-65.51071,-88.1142,False
2970,49.47711,0.0,-65.51071,-88.1142,False
2971,49.49403,0.0,-65.51071,-88.1142,False
2972,49.51042,0.0,-65.51071,-88.1142,False
2973,49.52705,0.0,-65.51071,-88.1142,False
2974,49.54369,0.0,-65.51071,-88.1142,False
2975,49.56059,0.0,-65.51071,-88.1142,False
2976,49.57721,0.0,-65.51071,-88.1142,False
2977,49.59396,0.0,-65.51071,-88.1142,False
2978,49.61035,0.0,-65.51071,-88.1142,False
2979,49.62715,0.0,-65.51071,-88.1142,False
2980,49.64374,0.0,-65.51071,-88.1142,False
2981,49.66046,0.0,-65.51071,-88.1142,False
2982,49.677,0.0,-65.51071,-88.1142,False
2983,49.69379,0.0,-65.51071,-88.1142,False
2984,49.71059,0.0,-65.51071,-88.1142,False
2985,49.72699,0.0,-65.51071,-88.1142,False
2986,49.74396,0.0,-65.51071,-88.1142,False
2987,49.76045,0.0,-65.51071,-88.1142,False
2988,49.77737,0.0,-65.51071,-88.1142,False
2989,49.7939,0.0,-65.51071,-88.1142,False
2990,49.81047,0.0,-65.51071,-88.1142,False
2991,49.82689,0.0,-65.51071,-88.1142,False
2992,49.8438,0.0,-65.51071,-88.1142,False
2993,49.86043,0.0,-65.51071,-88.1142,False
2994,49.87686,0.0,-65.51071,-88.1142,False
2995,49.89372,0.0,-65.51071,-88.1142,False
2996,49.91046,0.0,-65.51071,-88.1142,False
2997,49.92705,0.0,-65.51071,-88.1142,False
2998,49.94391,0.0,-65.51071,-88.1142,False
2999,49.96034,0.0,-65.51071,-88.1142,False
3000,49.97687,0.0,-65.51071,-88.1142,False
3001,49.99359,0.0,-65.51071,-88.1142,False
3002,50.01021,0.0,-65.51071,-88.1142,False
3003,50.02679,0.0,-65.51071,-88.1142,False
3004,50.04372,0.0,-65.51071,-88.1142,False
3005,50.06026,0.0,-65.51071,-88.1142,False
3006,50.07698,0.0,-65.51071,-88.1142,False
3007,50.09393,0.0,-65.51071,-88.1142,False
3008,50.11038,0.0,-65.51071,-88.1142,False
3009,50.12718,0.0,-65.51071,-88.1142,False
3010,50.14374,0.0,-65.51071,-88.1142,False
3011,50.16057,0.0,-65.51071,-88.1142,False
3012,50.17699,0.0,-65.51071,-88.1142,False
3013,50.19403,0.0,-65.51071,-88.1142,False
3014,50.2104,0.0,-65.51071,-88.1142,False
3015,50.22687,0.0,-65.51071,-88.1142,False
3016,50.24367,0.0,-65.51071,-88.1142,False
3017,50.26039,0.0,-65.51071,-88.1142,False
3018,50.27678,0.0,-65.51071,-88.1142,False
3019,50.29355,0.0,-65.51071,-88.1142,False
3020,50.31029,0.0,-65.51071,-88.1142,False
3021,50.32703,0.0,-65.51071,-88.1142,False
3022,50.34363,0.0,-65.51071,-88.1142,False
3023,50.36034,0.0,-65.51071,-88.1142,False
3024,50.37704,0.0,-65.51071,-88.1142,False
3025,50.39368,0.0,-65.51071,-88.1142,False
3026,50.41029,0.0,-65.51071,-88.1142,False
3027,50.42723,0.0,-65.51071,-88.1142,False
3028,50.44368,0.0,-65.51071,-88.1142,False
3029,50.46034,0.0,-65.51071,-88.1142,False
3030,50.47699,0.0,-65.51071,-88.1142,False
3031,50.49362,0.0,-65.51071,-88.1142,False
3032,50.51045,0.0,-65.51071,-88.1142,False
3033,50.52696,0.0,-65.51071,-88.1142,False
3034,50.54355,0.0,-65.51071,-88.1142,False
3035,50.56023,0.0,-65.51071,-88.1142,False
3036,50.5768,0.0,-65.51071,-88.1142,False
3037,50.59357,0.0,-65.51071,-88.1142,False
3038,50.61031,0.0,-65.51071,-88.1142,False
3039,50.62712,0.0,-65.51071,-88.1142,False
3040,50.64369,0.0,-65.51071,-88.1142,False
3041,50.66028,0.0,-65.51071,-88.1142,False
3042,50.6768,0.0,-65.51071,-88.1142,False
3043,50.69366,0.0,-65.51071,-88.1142,False
3044,50.71019,0.0,-65.51071,-88.1142,False
3045,50.7269,0.0,-65.51071,-88.1142,False
3046,50.74374,0.0,-65.51071,-88.1142,False
3047,50.76033,0.0,-65.51071,-88.1142,False
3048,50.7769,0.0,-65.51071,-88.1142,False
3049,50.79384,0.0,-65.51071,-88.1142,False
3050,50.81018,0.0,-65.51071,-88.1142,False
3051,50.82695,0.0,-65.51071,-88.1142,False
3052,50.84378,0.0,-65.51071,-88.1142,False
3053,50.86037,0.0,-65.51071,-88.1142,False
3054,50.87701,0.0,-65.51071,-88.1142,False
3055,50.89383,0.0,-65.51071,-88.1142,False
3056,50.91026,0.0,-65.51071,-88.1142,False
3057,50.927,0.0,-65.51071,-88.1142,False
3058,50.94386,0.0,-65.51071,-88.1142,False
3059,50.96027,0.0,-65.51071,-88.1142,False
3060,50.97713,0.0,-65.51071,-88.1142,False
3061,50.9938,0.0,-65.51071,-88.1142,False
3062,51.01044,0.0,-65.51071,-88.1142,False
3063,51.02707,0.0,-65.51071,-88.1142,False
3064,51.04382,0.0,-65.51071,-88.1142,False
3065,51.06059,0.0,-65.51071,-88.1142,False
3066,51.07709,0.0,-65.51071,-88.1142,False
3067,51.09357,0.0,-65.51071,-88.1142,False
3068,51.11041,0.0,-65.51071,-88.1142,False
3069,51.12712,0.0,-65.51071,-88.1142,False
3070,51.14368,0.0,-65.51071,-88.1142,False
3071,51.16035,0.0,-65.51071,-88.1142,False
3072,51.17688,0.0,-65.51071,-88.1142,False
3073,51.19362,0.0,-65.51071,-88.1142,False
3074,51.21036,0.0,-65.51071,-88.1142,False
3075,51.22678,0.0,-65.51071,-88.1142,False
3076,51.24367,0.0,-65.51071,-88.1142,False
3077,51.26057,0.0,-65.51071,-88.1142,False
3078,51.2771,0.0,-65.51071,-88.1142,False
3079,51.29384,0.0,-65.51071,-88.1142,False
3080,51.31018,0.0,-65.51071,-88.1142,False
3081,51.32675,0.0,-65.51071,-88.1142,False
3082,51.34369,0.0,-65.51071,-88.1142,False
3083,51.36044,0.0,-65.51071,-88.1142,False
3084,51.37689,0.0,-65.51071,-88.1142,False
3085,51.39349,0.0,-65.51071,-88.1142,False
3086,51.41064,0.0,-65.51071,-88.1142,False
3087,51.42705,0.0,-65.51071,-88.1142,False
3088,51.44348,0.0,-65.51071,-88.1142,False
3089,51.46014,0.0,-65.51071,-88.1142,False
3090,51.47687,0.0,-65.51071,-88.1142,False
3091,51.49376,0.0,-65.51071,-88.1142,False
3092,51.51004,0.0,-65.51071,-88.1142,False
3093,51.52684,0.0,-65.51071,-88.1142,False
3094,51.54372,0.0,-65.51071,-88.1142,False
3095,51.56006,0.0,-65.51071,-88.1142,False
3096,51.57686,0.0,-65.51071,-88.1142,False
3097,51.59355,0.0,-65.51071,-88.1142,False
3098,51.61009,0.0,-65.51071,-88.1142,False
3099,51.62688,0.0,-65.51071,-88.1142,False
3100,51.64366,0.0,-65.51071,-88.1142,False
3101,51.66039,0.0,-65.51071,-88.1142,False
3102,51.67725,0.0,-65.51071,-88.1142,False
3103,51.69337,0.0,-65.51071,-88.1142,False
3104,51.71048,0.0,-65.51071,-88.1142,False
3105,51.72693,0.0,-65.51071,-88.1142,False
3106,51.74361,0.0,-65.51071,-88.1142,False
3107,51.76025,0.0,-65.51071,-88.1142,False
3108,51.77705,0.0,-65.51071,-88.1142,False
3109,51.79361,0.0,-65.51071,-88.1142,False
3110,51.81035,0.0,-65.51071,-88.1142,False
3111,51.8268,0.0,-65.51071,-88.1142,False
3112,51.8434,0.0,-65.51071,-88.1142,False
3113,51.86049,0.0,-65.51071,-88.1142,False
3114,51.87677,0.0,-65.51071,-88.1142,False
3115,51.89348,0.0,-65.51071,-88.1142,False
3116,51.91054,0.0,-65.51071,-88.1142,False
3117,51.92694,0.0,-65.51071,-88.1142,False
3118,51.9436,0.0,-65.51071,-88.1142,False
3119,51.96048,0.0,-65.51071,-88.1142,False
3120,51.97697,0.0,-65.51071,-88.1142,False
3121,51.99377,0.0,-65.51071,-88.1142,False
3122,52.01031,0.0,-65.51071,-88.1142,False
3123,52.0269,0.0,-65.51071,-88.1142,False
3124,52.04373,0.0,-65.51071,-88.1142,False
3125,52.06036,0.0,-65.51071,-88.1142,False
3126,52.07677,0.0,-65.51071,-88.1142,False
3127,52.09352,0.0,-65.51071,-88.1142,False
3128,52.11012,0.0,-65.51071,-88.1142,False
3129,52.12706,0.0,-65.51071,-88.1142,False
3130,52.14392,0.0,-65.51071,-88.1142,False
3131,52.16011,0.0,-65.51071,-88.1142,False
3132,52.17694,0.0,-65.51071,-88.1142,False
3133,52.19383,0.0,-65.51071,-88.1142,False
3134,52.21004,0.0,-65.51071,-88.1142,False
3135,52.22682,0.0,-65.51071,-88.1142,False
3136,52.24353,0.0,-65.51071,-88.1142,False
3137,52.26028,0.0,-65.51071,-88.1142,False
3138,52.27687,0.0,-65.51071,-88.1142,False
3139,52.29343,0.0,-65.51071,-88.1142,False
3140,52.31029,0.0,-65.51071,-88.1142,False
3141,52.32692,0.0,-65.51071,-88.1142,False
3142,52.34343,0.0,-65.51071,-88.1142,False
3143,52.36023,0.0,-65.51071,-88.1142,False
3144,52.37677,0.0,-65.51071,-88.1142,False
3145,52.39372,0.0,-65.51071,-88.1142,False
3146,52.4101,0.0,-65.51071,-88.1142,False
3147,52.42683,0.0,-65.51071,-88.1142,False
3148,52.44344,0.0,-65.51071,-88.1142,False
3149,52.45999,0.0,-65.51071,-88.1142,False
3150,52.47673,0.0,-65.51071,-88.1142,False
3151,52.4933,0.0,-65.51071,-88.1142,False
3152,52.51016,0.0,-65.51071,-88.1142,False
3153,52.52675,0.0,-65.51071,-88.1142,False
3154,52.54355,0.0,-65.51071,-88.1142,False
3155,52.56044,0.0,-65.51071,-88.1142,False
3156,52.57655,0.0,-65.51071,-88.1142,False
3157,52.59351,0.0,-65.51071,-88.1142,False
3158,52.61035,0.0,-65.51071,-88.1142,False
3159,52.62679,0.0,-65.51071,-88.1142,False
3160,52.64357,0.0,-65.51071,-88.1142,False
3161,52.65979,0.0,-65.51071,-88.1142,False
3162,52.67668,0.0,-65.51071,-88.1142,False
3163,52.69344,0.0,-65.51071,-88.1142,False
3164,52.71033,0.0,-65.51071,-88.1142,False
3165,52.72655,0.0,-65.51071,-88.1142,False
3166,52.74359,0.0,-65.51071,-88.1142,False
3167,52.76019,0.0,-65.51071,-88.1142,False
3168,52.77679,0.0,-65.51071,-88.1142,False
3169,52.79366,0.0,-65.51071,-88.1142,False
3170,52.81004,0.0,-65.51071,-88.1142,False
3171,52.827,0.0,-65.51071,-88.1142,False
3172,52.84366,0.0,-65.51071,-88.1142,False
3173,52.86026,0.0,-65.51071,-88.1142,False
3174,52.87669,0.0,-65.51071,-88.1142,False
3175,52.89365,0.0,-65.51071,-88.1142,False
3176,52.91014,0.0,-65.51071,-88.1142,False
3177,52.92664,0.0,-65.51071,-88.1142,False
3178,52.94373,0.0,-65.51071,-88.1142,False
3179,52.95985,0.0,-65.51071,-88.1142,False
3180,52.97664,0.0,-65.51071,-88.1142,False
3181,52.99336,0.0,-65.51071,-88.1142,False
3182,53.00998,0.0,-65.51071,-88.1142,False
3183,53.02672,0.0,-65.51071,-88.1142,False
3184,53.04326,0.0,-65.51071,-88.1142,False
3185,53.06001,0.0,-65.51071,-88.1142,False
3186,53.07668,0.0,-65.51071,-88.1142,False
3187,53.09343,0.0,-65.51071,-88.1142,False
3188,53.10994,0.0,-65.51071,-88.1142,False
3189,53.12659,0.0,-65.51071,-88.1142,False
3190,53.14352,0.0,-65.51071,-88.1142,False
3191,53.16043,0.0,-65.51071,-88.1142,False
3192,53.17702,0.0,-65.51071,-88.1142,False
3193,53.1933,0.0,-65.51071,-88.1142,False
3194,53.21022,0.0,-65.51071,-88.1142,False
3195,53.22688,0.0,-65.51071,-88.1142,False
3196,53.24332,0.0,-65.51071,-88.1142,False
3197,53.25996,0.0,-65.51071,-88.1142,False
3198,53.27669,0.0,-65.51071,-88.1142,False
3199,53.29353,0.0,-65.51071,-88.1142,False
3200,53.31007,0.0,-65.51071,-88.1142,False
3201,53.32677,0.0,-65.51071,-88.1142,False
3202,53.34341,0.0,-65.51071,-88.1142,False
3203,53.36006,0.0,-65.51071,-88.1142,False
3204,53.37663,0.0,-65.51071,-88.1142,False
3205,53.39343,0.0,-65.51071,-88.1142,False
3206,53.4099,0.0,-65.51071,-88.1142,False
3207,53.42659,0.0,-65.51071,-88.1142,False
3208,53.44339,0.0,-65.51071,-88.1142,False
3209,53.4601,0.0,-65.51071,-88.1142,False
3210,53.47667,0.0,-65.51071,-88.1142,False
3211,53.49338,0.0,-65.51071,-88.1142,False
3212,53.51015,0.0,-65.51071,-88.1142,False
3213,53.5269,0.0,-65.51071,-88.1142,False
3214,53.5435,0.0,-65.51071,-88.1142,False
3215,53.55992,0.0,-65.51071,-88.1142,False
3216,53.57663,0.0,-65.51071,-88.1142,False
3217,53.59323,0.0,-65.51071,-88.1142,False
3218,53.60985,0.0,-65.51071,-88.1142,False
3219,53.62663,0.0,-65.51071,-88.1142,False
3220,53.64328,0.0,-65.51071,-88.1142,False
3221,53.65996,0.0,-65.51071,-88.1142,False
3222,53.67659,0.0,-65.51071,-88.1142,False
3223,53.69322,0.0,-65.51071,-88.1142,False
3224,53.70978,0.0,-65.51071,-88.1142,False
3225,53.72681,0.0,-65.51071,-88.1142,False
3226,53.74339,0.0,-65.51071,-88.1142,False
3227,53.76024,0.0,-65.51071,-88.1142,False
3228,53.77676,0.0,-65.51071,-88.1142,False
3229,53.79333,0.0,-65.51071,-88.1142,False
3230,53.81032,0.0,-65.51071,-88.1142,False
3231,53.82651,0.0,-65.51071,-88.1142,False
3232,53.84344,0.0,-65.51071,-88.1142,False
3233,53.85994,0.0,-65.51071,-88.1142,False
3234,53.87642,0.0,-65.51071,-88.1142,False
3235,53.8932,0.0,-65.51071,-88.1142,False
3236,53.9099,0.0,-65.51071,-88.1142,False
3237,53.92641,0.0,-65.51071,-88.1142,False
3238,53.94321,0.0,-65.51071,-88.1142,False
3239,53.95998,0.0,-65.51071,-88.1142,False
3240,53.97659,0.0,-65.51071,-88.1142,False
3241,53.9931,0.0,-65.51071,-88.1142,False
3242,54.00995,0.0,-65.51071,-88.1142,False
3243,54.02657,0.0,-65.51071,-88.1142,False
3244,54.04317,0.0,-65.51071,-88.1142,False
3245,54.06003,0.0,-65.51071,-88.1142,False
3246,54.0766,0.0,-65.51071,-88.1142,False
3247,54.09322,0.0,-65.51071,-88.1142,False
3248,54.10997,0.0,-65.51071,-88.1142,False
3249,54.12656,0.0,-65.51071,-88.1142,False
3250,54.14337,0.0,-65.51071,-88.1142,False
3251,54.16005,0.0,-65.51071,-88.1142,False
3252,54.17638,0.0,-65.51071,-88.1142,False
3253,54.19347,0.0,-65.51071,-88.1142,False
3254,54.20975,0.0,-65.51071,-88.1142,False
3255,54.22685,0.0,-65.51071,-88.1142,False
3256,54.24341,0.0,-65.51071,-88.1142,False
3257,54.26003,0.0,-65.51071,-88.1142,False
3258,54.27652,0.0,-65.51071,-88.1142,False
3259,54.29323,0.0,-65.51071,-88.1142,False
3260,54.30978,0.0,-65.51071,-88.1142,False
3261,54.32635,0.0,-65.51071,-88.1142,False
3262,54.34315,0.0,-65.51071,-88.1142,False
3263,54.35988,0.0,-65.51071,-88.1142,False
3264,54.37669,0.0,-65.51071,-88.1142,False
3265,54.39316,0.0,-65.51071,-88.1142,False
3266,54.40982,0.0,-65.51071,-88.1142,False
3267,54.42664,0.0,-65.51071,-88.1142,False
3268,54.4431,0.0,-65.51071,-88.1142,False
3269,54.45978,0.0,-65.51071,-88.1142,False
3270,54.47676,0.0,-65.51071,-88.1142,False
3271,54.49318,0.0,-65.51071,-88.1142,False
3272,54.5098,0.0,-65.51071,-88.1142,False
3273,54.52673,0.0,-65.51071,-88.1142,False
3274,54.54335,0.0,-65.51071,-88.1142,False
3275,54.55977,0.0,-65.51071,-88.1142,False
3276,54.57677,0.0,-65.51071,-88.1142,False
3277,54.59319,0.0,-65.51071,-88.1142,False
3278,54.60997,0.0,-65.51071,-88.1142,False
3279,54.62662,0.0,-65.51071,-88.1142,False
3280,54.64304,0.0,-65.51071,-88.1142,False
3281,54.65977,0.0,-65.51071,-88.1142,False
3282,54.67656,0.0,-65.51071,-88.1142,False
3283,54.69304,0.0,-65.51071,-88.1142,False
3284,54.70982,0.0,-65.51071,-88.1142,False
3285,54.72623,0.0,-65.51071,-88.1142,False
3286,54.74313,0.0,-65.51071,-88.1142,False
3287,54.75966,0.0,-65.51071,-88.1142,False
3288,54.77637,0.0,-65.51071,-88.1142,False
3289,54.79303,0.0,-65.51071,-88.1142,False
3290,54.80972,0.0,-65.51071,-88.1142,False
3291,54.82625,0.0,-65.51071,-88.1142,False
3292,54.84311,0.0,-65.51071,-88.1142,False
3293,54.85994,0.0,-65.51071,-88.1142,False
3294,54.87642,0.0,-65.51071,-88.1142,False
3295,54.89314,0.0,-65.51071,-88.1142,False
3296,54.9097,0.0,-65.51071,-88.1142,False
3297,54.92639,0.0,-65.51071,-88.1142,False
3298,54.94324,0.0,-65.51071,-88.1142,False
3299,54.96004,0.0,-65.51071,-88.1142,False
3300,54.97635,0.0,-65.51071,-88.1142,False
3301,54.99303,0.0,-65.51071,-88.1142,False
3302,55.00993,0.0,-65.51071,-88.1142,False
3303,55.0266,0.0,-65.51071,-88.1142,False
3304,55.04298,0.0,-65.51071,-88.1142,False
3305,55.05972,0.0,-65.51071,-88.1142,False
3306,55.07637,0.0,-65.51071,-88.1142,False
3307,55.09306,0.0,-65.51071,-88.1142,False
3308,55.10974,0.0,-65.51071,-88.1142,False
3309,55.12621,0.0,-65.51071,-88.1142,False
3310,55.14316,0.0,-65.51071,-88.1142,False
3311,55.15979,0.0,-65.51071,-88.1142,False
3312,55.17657,0.0,-65.51071,-88.1142,False
3313,55.19319,0.0,-65.51071,-88.1142,False
3314,55.20966,0.0,-65.51071,-88.1142,False
3315,55.22627,0.0,-65.51071,-88.1142,False
3316,55.24298,0.0,-65.51071,-88.1142,False
3317,55.25993,0.0,-65.51071,-88.1142,False
3318,55.27617,0.0,-65.51071,-88.1142,False
3319,55.29294,0.0,-65.51071,-88.1142,False
3320,55.31001,0.0,-65.51071,-88.1142,False
3321,55.32652,0.0,-65.51071,-88.1142,False
3322,55.34317,0.0,-65.51071,-88.1142,False
3323,55.35957,0.0,-65.51071,-88.1142,False
3324,55.37624,0.0,-65.51071,-88.1142,False
3325,55.39316,0.0,-65.51071,-88.1142,False
3326,55.40968,0.0,-65.51071,-88.1142,False
3327,55.42618,0.0,-65.51071,-88.1142,False
3328,55.44319,0.0,-65.51071,-88.1142,False
3329,55.45944,0.0,-65.51071,-88.1142,False
3330,55.47633,0.0,-65.51071,-88.1142,False
3331,55.49326,0.0,-65.51071,-88.1142,False
3332,55.50992,0.0,-65.51071,-88.1142,False
3333,55.5264,0.0,-65.51071,-88.1142,False
3334,55.54306,0.0,-65.51071,-88.1142,False
3335,55.5598,0.0,-65.51071,-88.1142,False
3336,55.57637,0.0,-65.51071,-88.1142,False
3337,55.59319,0.0,-65.51071,-88.1142,False
3338,55.60962,0.0,-65.51071,-88.1142,False
3339,55.62631,0.0,-65.51071,-88.1142,False
3340,55.64301,0.0,-65.51071,-88.1142,False
3341,55.65981,0.0,-65.51071,-88.1142,False
3342,55.67659,0.0,-65.51071,-88.1142,False
3343,55.69313,0.0,-65.51071,-88.1142,False
3344,55.70964,0.0,-65.51071,-88.1142,False
3345,55.72629,0.0,-65.51071,-88.1142,False
3346,55.74297,0.0,-65.51071,-88.1142,False
3347,55.7596,0.0,-65.51071,-88.1142,False
3348,55.77623,0.0,-65.51071,-88.1142,False
3349,55.79282,0.0,-65.51071,-88.1142,False
3350,55.80949,0.0,-65.51071,-88.1142,False
3351,55.82629,0.0,-65.51071,-88.1142,False
3352,55.84283,0.0,-65.51071,-88.1142,False
3353,55.85966,0.0,-65.51071,-88.1142,False
3354,55.87619,0.0,-65.51071,-88.1142,False
3355,55.89288,0.0,-65.51071,-88.1142,False
3356,55.90916,0.0,-65.51071,-88.1142,False
3357,55.92592,0.0,-65.51071,-88.1142,False
3358,55.94254,0.0,-65.51071,-88.1142,False
3359,55.9592,0.0,-65.51071,-88.1142,False
3360,55.97591,0.0,-65.51071,-88.1142,False
3361,55.99246,0.0,-65.51071,-88.1142,False
3362,56.00914,0.0,-65.51071,-88.1142,False
3363,56.02577,0.0,-65.51071,-88.1142,False
3364,56.0425,0.0,-65.51071,-88.1142,False
3365,56.0593,0.0,-65.51071,-88.1142,False
3366,56.07578,0.0,-65.51071,-88.1142,False
3367,56.09244,0.0,-65.51071,-88.1142,False
3368,56.10916,0.0,-65.51071,-88.1142,False
3369,56.12589,0.0,-65.51071,-88.1142,False
3370,56.14252,0.0,-65.51071,-88.1142,False
3371,56.15915,0.0,-65.51071,-88.1142,False
3372,56.17574,0.0,-65.51071,-88.1142,False
3373,56.19241,0.0,-65.51071,-88.1142,False
3374,56.20914,0.0,-65.51071,-88.1142,False
3375,56.22595,0.0,-65.51071,-88.1142,False
3376,56.24252,0.0,-65.51071,-88.1142,False
3377,56.25931,0.0,-65.51071,-88.1142,False
3378,56.27623,0.0,-65.51071,-88.1142,False
3379,56.29271,0.0,-65.51071,-88.1142,False
3380,56.30917,0.0,-65.51071,-88.1142,False
3381,56.32599,0.0,-65.51071,-88.1142,False
3382,56.34268,0.0,-65.51071,-88.1142,False
3383,56.35928,0.0,-65.51071,-88.1142,False
3384,56.37581,0.0,-65.51071,-88.1142,False
3385,56.39304,0.0,-65.51071,-88.1142,False
3386,56.40976,0.0,-65.51071,-88.1142,False
3387,56.42628,0.0,-65.51071,-88.1142,False
3388,56.44286,0.0,-65.51071,-88.1142,False
3389,56.45969,0.0,-65.51071,-88.1142,False
3390,56.47636,0.0,-65.51071,-88.1142,False
3391,56.49286,0.0,-65.51071,-88.1142,False
3392,56.5097,0.0,-65.51071,-88.1142,False
3393,56.52621,0.0,-65.51071,-88.1142,False
3394,56.54294,0.0,-65.51071,-88.1142,False
3395,56.5598,0.0,-65.51071,-88.1142,False
3396,56.57635,0.0,-65.51071,-88.1142,False
3397,56.59311,0.0,-65.51071,-88.1142,False
3398,56.60989,0.0,-65.51071,-88.1142,False
3399,56.62633,0.0,-65.51071,-88.1142,False
3400,56.64296,0.0,-65.51071,-88.1142,False
3401,56.65958,0.0,-65.51071,-88.1142,False
3402,56.67625,0.0,-65.51071,-88.1142,False
3403,56.69276,0.0,-65.51071,-88.1142,False
3404,56.70953,0.0,-65.51071,-88.1142,False
3405,56.7263,0.0,-65.51071,-88.1142,False
3406,56.74303,0.0,-65.51071,-88.1142,False
3407,56.75952,0.0,-65.51071,-88.1142,False
3408,56.77612,0.0,-65.51071,-88.1142,False
3409,56.79277,0.0,-65.51071,-88.1142,False
3410,56.80954,0.0,-65.51071,-88.1142,False
3411,56.82625,0.0,-65.51071,-88.1142,False
3412,56.84283,0.0,-65.51071,-88.1142,False
3413,56.85944,0.0,-65.51071,-88.1142,False
3414,56.87619,0.0,-65.51071,-88.1142,False
3415,56.89268,0.0,-65.51071,-88.1142,False
3416,56.90962,0.0,-65.51071,-88.1142,False
3417,56.9263,0.0,-65.51071,-88.1142,False
3418,56.94281,0.0,-65.51071,-88.1142,False
3419,56.95978,0.0,-65.51071,-88.1142,False
3420,56.9762,0.0,-65.51071,-88.1142,False
3421,56.99281,0.0,-65.51071,-88.1142,False
3422,57.00948,0.0,-65.51071,-88.1142,False
3423,57.02618,0.0,-65.51071,-88.1142,False
3424,57.0428,0.0,-65.51071,-88.1142,False
3425,57.05949,0.0,-65.51071,-88.1142,False
3426,57.07616,0.0,-65.51071,-88.1142,False
3427,57.0927,0.0,-65.51071,-88.1142,False
3428,57.10966,0.0,-65.51071,-88.1142,False
3429,57.12617,0.0,-65.51071,-88.1142,False
3430,57.14287,0.0,-65.51071,-88.1142,False
3431,57.1595,0.0,-65.51071,-88.1142,False
3432,57.17625,0.0,-65.51071,-88.1142,False
3433,57.19298,0.0,-65.51071,-88.1142,False
3434,57.20958,0.0,-65.51071,-88.1142,False
3435,57.22618,0.0,-65.51071,-88.1142,False
3436,57.24272,0.0,-65.51071,-88.1142,False
3437,57.25941,0.0,-65.51071,-88.1142,False
3438,57.27599,0.0,-65.51071,-88.1142,False
3439,57.29286,0.0,-65.51071,-88.1142,False
3440,57.30968,0.0,-65.51071,-88.1142,False
3441,57.32625,0.0,-65.51071,-88.1142,False
3442,57.34288,0.0,-65.51071,-88.1142,False
3443,57.35951,0.0,-65.51071,-88.1142,False
3444,57.37608,0.0,-65.51071,-88.1142,False
3445,57.39275,0.0,-65.51071,-88.1142,False
3446,57.40968,0.0,-65.51071,-88.1142,False
3447,57.42625,0.0,-65.51071,-88.1142,False
3448,57.44264,0.0,-65.51071,-88.1142,False
3449,57.45967,0.0,-65.51071,-88.1142,False
3450,57.47603,0.0,-65.51071,-88.1142,False
3451,57.49269,0.0,-65.51071,-88.1142,False
3452,57.50951,0.0,-65.51071,-88.1142,False
3453,57.5262,0.0,-65.51071,-88.1142,False
3454,57.54298,0.0,-65.51071,-88.1142,False
3455,57.55946,0.0,-65.51071,-88.1142,False
3456,57.57628,0.0,-65.51071,-88.1142,False
3457,57.59306,0.0,-65.51071,-88.1142,False
3458,57.60933,0.0,-65.51071,-88.1142,False
3459,57.62605,0.0,-65.51071,-88.1142,False
3460,57.64265,0.0,-65.51071,-88.1142,False
3461,57.65959,0.0,-65.51071,-88.1142,False
3462,57.67619,0.0,-65.51071,-88.1142,False
3463,57.69279,0.0,-65.51071,-88.1142,False
3464,57.70952,0.0,-65.51071,-88.1142,False
3465,57.72609,0.0,-65.51071,-88.1142,False
3466,57.74266,0.0,-65.51071,-88.1142,False
3467,57.75954,0.0,-65.51071,-88.1142,False
3468,57.77626,0.0,-65.51071,-88.1142,False
3469,57.79305,0.0,-65.51071,-88.1142,False
3470,57.80937,0.0,-65.51071,-88.1142,False
3471,57.82616,0.0,-65.51071,-88.1142,False
3472,57.84285,0.0,-65.51071,-88.1142,False
3473,57.85966,0.0,-65.51071,-88.1142,False
3474,57.87621,0.0,-65.51071,-88.1142,False
3475,57.89265,0.0,-65.51071,-88.1142,False
3476,57.90959,0.0,-65.51071,-88.1142,False
3477,57.92601,0.0,-65.51071,-88.1142,False
3478,57.94295,0.0,-65.51071,-88.1142,False
3479,57.95973,0.0,-65.51071,-88.1142,False
3480,57.97621,0.0,-65.51071,-88.1142,False
3481,57.99309,0.0,-65.51071,-88.1142,False
3482,58.00938,0.0,-65.51071,-88.1142,False
3483,58.02614,0.0,-65.51071,-88.1142,False
3484,58.04271,0.0,-65.51071,-88.1142,False
3485,58.05928,0.0,-65.51071,-88.1142,False
3486,58.07607,0.0,-65.51071,-88.1142,False
3487,58.09267,0.0,-65.51071,-88.1142,False
3488,58.10933,0.0,-65.51071,-88.1142,False
3489,58.12602,0.0,-65.51071,-88.1142,False
3490,58.14265,0.0,-65.51071,-88.1142,False
3491,58.15938,0.0,-65.51071,-88.1142,False
3492,58.17607,0.0,-65.51071,-88.1142,False
3493,58.19292,0.0,-65.51071,-88.1142,False
3494,58.20946,0.0,-65.51071,-88.1142,False
3495,58.22588,0.0,-65.51071,-88.1142,False
3496,58.24272,0.0,-65.51071,-88.1142,False
3497,58.2592,0.0,-65.51071,-88.1142,False
3498,58.27583,0.0,-65.51071,-88.1142,False
3499,58.29265,0.0,-65.51071,-88.1142,False
3500,58.30937,0.0,-65.51071,-88.1142,False
3501,58.32603,0.0,-65.51071,-88.1142,False
3502,58.3427,0.0,-65.51071,-88.1142,False
3503,58.35933,0.0,-65.51071,-88.1142,False
3504,58.37596,0.0,-65.51071,-88.1142,False
3505,58.39287,0.0,-65.51071,-88.1142,False
3506,58.40916,0.0,-65.51071,-88.1142,False
3507,58.4258,0.0,-65.51071,-88.1142,False
3508,58.44276,0.0,-65.51071,-88.1142,False
3509,58.45924,0.0,-65.51071,-88.1142,False
3510,58.47603,0.0,-65.51071,-88.1142,False
3511,58.49266,0.0,-65.51071,-88.1142,False
3512,58.50923,0.0,-65.51071,-88.1142,False
3513,58.52602,0.0,-65.51071,-88.1142,False
3514,58.54286,0.0,-65.51071,-88.1142,False
3515,58.5594,0.0,-65.51071,-88.1142,False
3516,58.57594,0.0,-65.51071,-88.1142,False
3517,58.59267,0.0,-65.51071,-88.1142,False
3518,58.60945,0.0,-65.51071,-88.1142,False
3519,58.62614,0.0,-65.51071,-88.1142,False
3520,58.64281,0.0,-65.51071,-88.1142,False
3521,58.65935,0.0,-65.51071,-88.1142,False
3522,58.67577,0.0,-65.51071,-88.1142,False
3523,58.69261,0.0,-65.51071,-88.1142,False
3524,58.70921,0.0,-65.51071,-88.1142,False
3525,58.72597,0.0,-65.51071,-88.1142,False
3526,58.74239,0.0,-65.51071,-88.1142,False
3527,58.75923,0.0,-65.51071,-88.1142,False
3528,58.77617,0.0,-65.51071,-88.1142,False
3529,58.79247,0.0,-65.51071,-88.1142,False
3530,58.80937,0.0,-65.51071,-88.1142,False
3531,58.82597,0.0,-65.51071,-88.1142,False
3532,58.84276,0.0,-65.51071,-88.1142,False
3533,58.85927,0.0,-65.51071,-88.1142,False
3534,58.87605,0.0,-65.51071,-88.1142,False
3535,58.89247,0.0,-65.51071,-88.1142,False
3536,58.90913,0.0,-65.51071,-88.1142,False
3537,58.92586,0.0,-65.51071,-88.1142,False
3538,58.94273,0.0,-65.51071,-88.1142,False
3539,58.9594,0.0,-65.51071,-88.1142,False
3540,58.97627,0.0,-65.51071,-88.1142,False
3541,58.99278,0.0,-65.51071,-88.1142,False
3542,59.00908,0.0,-65.51071,-88.1142,False
3543,59.02589,0.0,-65.51071,-88.1142,False
3544,59.04268,0.0,-65.51071,-88.1142,False
3545,59.05943,0.0,-65.51071,-88.1142,False
3546,59.07619,0.0,-65.51071,-88.1142,False
3547,59.09276,0.0,-65.51071,-88.1142,False
3548,59.10912,0.0,-65.51071,-88.1142,False
3549,59.12605,0.0,-65.51071,-88.1142,False
3550,59.14265,0.0,-65.51071,-88.1142,False
3551,59.15916,0.0,-65.51071,-88.1142,False
3552,59.17595,0.0,-65.51071,-88.1142,False
3553,59.19258,0.0,-65.51071,-88.1142,False
3554,59.20921,0.0,-65.51071,-88.1142,False
3555,59.22609,0.0,-65.51071,-88.1142,False
3556,59.24239,0.0,-65.51071,-88.1142,False
3557,59.25938,0.0,-65.51071,-88.1142,False
3558,59.27592,0.0,-65.51071,-88.1142,False
3559,59.29243,0.0,-65.51071,-88.1142,False
3560,59.30937,0.0,-65.51071,-88.1142,False
3561,59.32588,0.0,-65.51071,-88.1142,False
3562,59.34236,0.0,-65.51071,-88.1142,False
3563,59.35915,0.0,-65.51071,-88.1142,False
3564,59.37593,0.0,-65.51071,-88.1142,False
3565,59.39265,0.0,-65.51071,-88.1142,False
3566,59.40929,0.0,-65.51071,-88.1142,False
3567,59.42574,0.0,-65.51071,-88.1142,False
3568,59.44252,0.0,-65.51071,-88.1142,False
3569,59.45921,0.0,-65.51071,-88.1142,False
3570,59.47575,0.0,-65.51071,-88.1142,False
3571,59.49251,0.0,-65.51071,-88.1142,False
3572,59.50911,0.0,-65.51071,-88.1142,False
3573,59.52568,0.0,-65.51071,-88.1142,False
3574,59.5425,0.0,-65.51071,-88.1142,False
3575,59.55937,0.0,-65.51071,-88.1142,False
3576,59.57603,0.0,-65.51071,-88.1142,False
3577,59.5927,0.0,-65.51071,-88.1142,False
3578,59.60924,0.0,-65.51071,-88.1142,False
3579,59.62578,0.0,-65.51071,-88.1142,False
3580,59.64241,0.0,-65.51071,-88.1142,False
3581,59.65913,0.0,-65.51071,-88.1142,False
3582,59.67577,0.0,-65.51071,-88.1142,False
3583,59.69258,0.0,-65.51071,-88.1142,False
3584,59.70934,0.0,-65.51071,-88.1142,False
3585,59.72581,0.0,-65.51071,-88.1142,False
3586,59.74251,0.0,-65.51071,-88.1142,False
3587,59.75911,0.0,-65.51071,-88.1142,False
3588,59.77583,0.0,-65.51071,-88.1142,False
3589,59.79265,0.0,-65.51071,-88.1142,False
3590,59.80928,0.0,-65.51071,-88.1142,False
3591,59.82576,0.0,-65.51071,-88.1142,False
3592,59.84245,0.0,-65.51071,-88.1142,False
3593,59.85912,0.0,-65.51071,-88.1142,False
3594,59.87566,0.0,-65.51071,-88.1142,False
3595,59.8922,0.0,-65.51071,-88.1142,False
3596,59.90923,0.0,-65.51071,-88.1142,False
3597,59.92567,0.0,-65.51071,-88.1142,False
3598,59.94264,0.0,-65.51071,-88.1142,False
3599,59.95903,0.0,-65.51071,-88.1142,False
3600,59.97588,0.0,-65.51071,-88.1142,False
3601,59.99254,0.0,-65.51071,-88.1142,False
