sample,t,vx,vy,vz
0,0.0,0.0,0.0,0.0
1,0.01663208,0.0,0.0,0.0
2,0.03341675,0.0,0.0,0.0
3,0.05001831,0.0,0.0,0.0
4,0.06661987,0.0,0.0,0.0
5,0.08340454,0.0,0.0,0.0
6,0.1000977,0.0,0.0,0.0
7,0.1166687,0.0,0.0,0.0
8,0.1333008,0.0,0.0,0.0
9,0.1500244,0.0,0.0,0.0
10,0.166626,0.0,0.0,0.0
11,0.1833801,0.0,0.0,0.0
12,0.1999512,0.0,0.0,0.0
13,0.2166443,0.0,0.0,0.0
14,0.2334595,0.0,0.0,0.0
15,0.2500305,0.0,0.0,0.0
16,0.2666626,0.0,0.0,0.0
17,0.2834473,0.0,0.0,0.0
18,0.3000793,0.0,0.0,0.0
19,0.3166199,0.0,0.0,0.0
20,0.3333435,0.0,0.0,0.0
21,0.3500366,0.0,0.0,0.0
22,0.3667297,0.0,0.0,0.0
23,0.3833923,0.0,0.0,0.0
24,0.4000549,0.0,0.0,0.0
25,0.416626,0.0,0.0,0.0
26,0.4334717,0.0,0.0,0.0
27,0.4500427,0.0,0.0,0.0
28,0.4672241,0.0,0.0,0.0
29,0.4832458,0.0,0.0,0.0
30,0.5,0.0,0.0,0.0
31,0.5166321,0.0,0.0,0.0
32,0.5332642,0.0,0.0,0.0
33,0.5499268,0.0,0.0,0.0
34,0.5665894,0.0,0.0,0.0
35,0.583374,0.0,0.0,0.0
36,0.6000061,0.0,0.0,0.0
37,0.6166992,0.0,0.0,0.0
38,0.6334229,0.0,0.0,0.0
39,0.6499939,0.0,0.0,0.0
40,0.6667175,0.0,0.0,0.0
41,0.6834106,0.0,0.0,0.0
42,0.6999817,0.0,0.0,0.0
43,0.7166443,0.0,0.0,0.0
44,0.7332764,0.0,0.0,0.0
45,0.7499695,0.0,0.0,0.0
46,0.7666016,0.0,0.0,0.0
47,0.7833862,0.0,0.0,0.0
48,0.7999268,0.0,0.0,0.0
49,0.8166199,0.0,0.0,0.0
50,0.833252,0.0,0.0,0.0
51,0.8499451,0.0,0.0,0.0
52,0.8666687,0.0,0.0,0.0
53,0.8832703,0.0,0.0,0.0
54,0.8999023,0.0,0.0,0.0
55,0.916626,0.0,0.0,0.0
56,0.9333496,0.0,0.0,0.0
57,0.9499207,0.0,0.0,0.0
58,0.9665527,0.0,0.0,0.0
59,0.9833374,0.0,0.0,0.0
60,1.000305,0.0,0.0,0.0
61,1.016693,0.0,0.0,0.0
62,1.033295,0.0,0.0,0.0
63,1.049927,0.0,0.0,0.0
64,1.06665,0.0,0.0,0.0
65,1.083282,0.0,0.0,0.0
66,1.100433,0.0,0.0,0.0
67,1.116577,0.0,0.0,0.0
68,1.133209,0.0,0.0,0.0
69,1.150055,0.0,0.0,0.0
70,1.166626,0.0,0.0,0.0
71,1.183258,0.0,0.0,0.0
72,1.199951,0.0,0.0,0.0
73,1.216522,0.0,0.0,0.0
74,1.233154,0.0,0.0,0.0
75,1.249908,0.0,0.0,0.0
76,1.26651,0.0,0.0,0.0
77,1.283234,0.0,0.0,0.0
78,1.299866,0.0,0.0,0.0
79,1.316498,0.0,0.0,0.0
80,1.333191,0.0,0.0,0.0
81,1.349823,0.0,0.0,0.0
82,1.366516,0.0,0.0,0.0
83,1.38324,0.0,0.0,0.0
84,1.399811,0.0,0.0,0.0
85,1.416534,4.62761,67.37204,130.959
86,1.433105,33.26166,104.7597,122.1662
87,1.449829,37.56235,121.0051,115.3324
88,1.466522,37.56235,121.0051,115.3324
89,1.483215,17.74957,112.6139,102.8992
90,1.499878,24.53278,91.30483,82.5895
91,1.516541,39.91955,58.27532,57.53785
92,1.533417,44.66434,14.13161,35.91266
93,1.549744,32.35032,-15.33592,9.925633
94,1.566467,32.35032,-15.33592,9.925633
95,1.58316,-0.3166743,-17.20398,-7.598817
96,1.599823,-4.547036,-14.12861,5.195291
97,1.616516,0.07576843,-5.14475,2.176106
98,1.633057,-0.1473976,-7.73571,3.279014
99,1.649841,10.27703,-22.7496,25.90807
100,1.666595,10.27703,-22.7496,25.90807
101,1.683685,15.22434,-16.07506,6.296192
102,1.699768,8.251142,-23.32788,9.194179
103,1.716492,2.960627,-12.26259,3.64062
104,1.733124,0.1082309,-4.164281,1.682734
105,1.749878,7.140867,-13.22613,5.005354
106,1.766449,7.140867,-13.22613,5.005354
107,1.783173,2.563073,-4.395845,12.86546
108,1.799744,9.95501,-1.677909,21.73243
109,1.816742,17.76019,21.06082,28.00918
110,1.83313,10.04565,22.25664,37.31975
111,1.849823,8.365149,22.25909,26.38309
112,1.866547,8.365149,22.25909,26.38309
113,1.883087,23.96928,-2.937615,14.19653
114,1.899811,15.63348,-2.191106,10.62131
115,1.916443,8.374173,-3.174651,16.53806
116,1.933136,11.8011,10.46386,13.40697
117,1.949799,8.850273,10.90615,14.37014
118,1.966461,8.850273,10.90615,14.37014
119,1.983032,7.687674,-3.892935,25.19094
120,1.999847,27.61637,4.244106,27.24102
121,2.016479,24.70634,5.822755,31.44404
122,2.033081,16.33466,5.927479,31.67523
123,2.049866,22.05538,-1.944799,26.70445
124,2.066498,22.05538,-1.944799,26.70445
125,2.083069,29.31083,-3.912219,17.56591
126,2.099762,27.8162,-5.532594,34.40577
127,2.116486,12.06077,6.91671,24.96885
128,2.133118,12.38232,5.665986,16.18223
129,2.149811,15.0252,-2.071217,13.74162
130,2.166504,15.0252,-2.071217,13.74162
131,2.183136,16.82662,-6.832071,12.53725
132,2.199768,23.82341,-5.540931,19.54362
133,2.216736,24.13249,-3.248392,22.10201
134,2.233124,20.33133,15.84063,21.87534
135,2.249786,15.29165,27.35651,23.74294
136,2.266357,15.29165,27.35651,23.74294
137,2.283112,8.530678,13.00997,14.04604
138,2.299744,3.678411,-0.3331576,3.296402
139,2.316437,0.6252303,-10.62571,4.839781
140,2.33313,0.7439823,-13.90249,6.019323
141,2.349884,0.5527447,-10.37958,4.473062
142,2.366425,0.5527447,-10.37958,4.473062
143,2.383087,1.094131,0.6409307,8.854215
144,2.399841,0.5120286,-0.4591719,4.143574
145,2.416412,0.7187995,-0.6474178,5.816859
146,2.433075,1.009766,-0.3716765,3.303545
147,2.449707,9.047776,-4.032422,8.22631
148,2.466309,9.047776,-4.032422,8.22631
149,2.483063,1.876937,-1.832415,14.7872
150,2.499756,2.548978,-2.213023,20.35121
151,2.516357,3.814512,5.901678,30.45712
152,2.533325,3.553098,13.06469,28.36986
153,2.549713,-3.544488,9.365543,19.92138
154,2.566376,-3.544488,9.365543,19.92138
155,2.583313,-1.627247,-9.830518,14.42328
156,2.600311,-7.532874,-1.20023,6.75813
157,2.616302,-0.2985162,-1.30581,11.11537
158,2.633087,1.813227,-1.275947,15.03654
159,2.649719,1.988763,-1.37192,16.42723
160,2.666351,1.988763,-1.37192,16.42723
161,2.683044,-13.89506,0.9756424,1.272
162,2.699707,-12.23401,0.3668286,1.278993
163,2.716339,-14.91606,0.00221126,1.717813
164,2.733063,-5.493433,-1.067734,13.78335
165,2.749786,1.953884,-1.410677,17.51658
166,2.766296,1.953884,-1.410677,17.51658
167,2.783142,14.42253,-2.557198,33.93732
168,2.799683,5.81624,4.818417,30.12063
169,2.816345,-4.692377,10.90302,9.687347
170,2.833008,-21.83716,14.1693,7.018972
171,2.849854,-32.21194,1.665843,2.845448
172,2.866333,-32.21194,1.665843,2.845448
173,2.882935,-19.95554,0.02441413,1.656822
174,2.899719,-6.474171,0.0001069249,0.6501076
175,2.916412,-0.02835449,4.666899e-07,0.002847233
176,2.933014,-0.0001709222,2.813229e-09,1.716326e-05
177,2.949677,-1.030301e-06,0.0,1.03721e-07
178,2.966309,-1.030301e-06,0.0,1.03721e-07
179,2.983002,-16.47306,24.71302,-11.41571
180,2.999664,-30.08689,24.9365,-8.527767
181,3.016388,-21.37629,24.4874,-9.687587
182,3.032928,-15.45125,17.7432,-6.849452
183,3.049683,-10.25583,9.160755,3.190887
184,3.066254,-10.25583,9.160755,3.190887
185,3.083008,-33.16446,20.1919,-3.372627
186,3.099579,-37.52792,19.98103,-18.94711
187,3.116364,-26.48015,1.818148,-3.642342
188,3.133514,-19.63978,6.1672,-2.14183
189,3.149536,-15.55637,4.523437,-1.135042
190,3.166351,-15.55637,4.523437,-1.135042
191,3.183105,-12.79601,4.01362,-1.114588
192,3.199585,-9.0418,15.4485,-6.861311
193,3.216309,-11.61402,2.119121,-0.3079123
194,3.233154,-2.054614,0.5696289,-6.824508
195,3.249634,-0.1270605,0.1319626,-1.923216
196,3.266235,-0.1270605,0.1319626,-1.923216
197,3.28299,-19.9253,3.226146,-0.3998874
198,3.299652,-32.49706,3.141729,-7.545879
199,3.316223,-33.2933,0.9589252,-6.851888
200,3.332947,-43.52836,0.7239577,-8.259142
201,3.34964,-33.87481,0.7504686,-9.039853
202,3.366241,-33.87481,0.7504686,-9.039853
203,3.382996,23.3149,-3.201849,-0.29552
204,3.399597,49.97819,-15.51208,5.166842
205,3.416321,55.85281,-6.280935,-0.07006907
206,3.433258,34.90486,-0.7001611,-1.820277
207,3.449615,29.92766,8.405912,-6.041043
208,3.466278,29.92766,8.405912,-6.041043
209,3.482941,19.1636,3.881151,-11.54081
210,3.499664,8.841729,0.2870766,-4.197783
211,3.516388,4.365993,1.3194,-17.21952
212,3.533081,10.09229,1.32868,-17.45572
213,3.549591,18.51716,1.835084,-23.95706
214,3.566284,18.51716,1.835084,-23.95706
215,3.582947,28.40408,0.695314,-10.82192
216,3.599609,27.00035,0.2709853,-5.738342
217,3.616333,25.8615,0.8007877,-11.88556
218,3.633148,25.8138,1.01945,-14.44124
219,3.649567,32.56759,-7.698632,-10.36116
220,3.66626,32.56759,-7.698632,-10.36116
221,3.682953,30.90424,-4.597942,-18.96137
222,3.699524,15.75422,1.06121,-20.4395
223,3.716278,-3.573561,1.797028,-35.55142
224,3.733063,-9.063766,-10.7553,-26.58184
225,3.749573,-27.09551,-17.60979,-33.11083
226,3.766266,-27.09551,-17.60979,-33.11083
227,3.782959,-38.15198,-31.28971,-38.74795
228,3.799622,-36.49567,-27.66227,-37.67353
229,3.816284,-27.51434,-19.07525,-29.23098
230,3.832977,-26.16109,-19.21124,-27.1021
231,3.849548,-6.765729,-17.96515,-21.30087
232,3.866241,-6.765729,-17.96515,-21.30087
233,3.882904,8.866773,-24.38062,0.8443173
234,3.899506,17.32748,-25.1665,5.743708
235,3.916656,8.530869,-8.76755,2.902368
236,3.932922,0.9519532,-2.720084,1.076473
237,3.949463,0.2121441,-6.511749,3.157367
238,3.966248,0.2121441,-6.511749,3.157367
239,3.982819,-7.569786,-9.669897,4.897797
240,3.999542,-1.785846,-18.88031,8.221646
241,4.016205,0.1407252,-27.96033,3.758816
242,4.032867,-0.6345617,-26.81944,-6.449301
243,4.0495,-0.3075351,-28.34226,-3.119087
244,4.066132,-0.3075351,-28.34226,-3.119087
245,4.082886,15.10042,-19.33061,5.760925
246,4.099487,1.679876,-16.05163,5.198699
247,4.116272,0.9307461,-23.19145,9.082967
248,4.132843,-1.070996,-23.7423,9.590842
249,4.149414,-2.229768,-18.3204,7.489173
250,4.166168,-2.229768,-18.3204,7.489173
251,4.182861,0.5842998,-27.75581,10.98787
252,4.199463,0.8526676,-25.62027,9.784129
253,4.216248,0.9644939,-29.20032,11.02733
254,4.233002,9.632463,-18.66213,22.41871
255,4.249481,3.685518,-5.969124,36.74078
256,4.266205,3.685518,-5.969124,36.74078
257,4.282867,3.493379,5.384667,35.13594
258,4.2995,3.578645,2.792316,35.99355
259,4.316223,2.356333,7.232904,23.69969
260,4.332886,-5.877225,2.133679,17.63437
261,4.349762,0.3550976,-0.2429015,3.92399
262,4.366241,0.3550976,-0.2429015,3.92399
263,4.382782,14.11294,-0.05296181,-1.411911
264,4.399506,24.79989,13.64249,5.120814
265,4.416107,23.58853,25.48161,12.82277
266,4.43277,13.17548,32.42349,18.83112
267,4.449402,2.687096,38.29696,18.29589
268,4.466125,2.687096,38.29696,18.29589
269,4.48288,12.24518,25.44327,14.43518
270,4.499969,6.396396,18.00997,6.548857
271,4.516205,18.18725,5.93688,9.236227
272,4.532867,28.29342,-0.7998485,14.05683
273,4.5495,24.41657,-0.7957552,5.120912
274,4.566132,24.41657,-0.7957552,5.120912
275,4.582794,18.13708,-0.7555407,5.533736
276,4.599518,11.24911,8.416531,0.8967404
277,4.61618,16.86742,-1.205669,11.07968
278,4.632813,24.95628,-1.001308,7.50677
279,4.649567,36.98105,-0.3717931,-1.077623
280,4.666199,36.98105,-0.3717931,-1.077623
281,4.682892,23.05381,-0.003816671,-3.376308
282,4.699463,7.525753,-2.300707e-05,-1.128332
283,4.716248,-7.725431,-1.908873e-07,1.158533
284,4.73288,-11.18281,1.131857,-3.569164
285,4.749451,-17.92297,6.875127,-3.780487
286,4.766235,-17.92297,6.875127,-3.780487
287,4.782806,-14.33156,1.955615,-9.351841
288,4.7995,-15.79241,0.6384045,-4.479772
289,4.81601,-14.51961,-0.9604777,-11.76315
290,4.832825,-17.37194,1.936724,-17.37131
291,4.849426,-14.46889,1.128863,-9.326393
292,4.866089,-14.46889,1.128863,-9.326393
293,4.88269,-5.604493,0.5233729,-4.400033
294,4.899475,-10.77673,0.0437521,0.950391
295,4.916046,-0.5420579,0.3929493,-3.729419
296,4.932739,-0.3974889,0.3293798,-3.108398
297,4.949463,-11.96854,-1.998358,-1.263246
298,4.966095,-11.96854,-1.998358,-1.263246
299,4.982697,-15.51292,0.5304889,-3.07842
300,4.99939,-20.05188,0.08277088,1.644302
301,5.016052,-12.3942,0.05725902,0.9355961
302,5.032745,-2.630627,0.01208407,0.1963748
303,5.049408,-0.01152118,5.292379e-05,0.0008600494
304,5.06604,-0.01152118,5.292379e-05,0.0008600494
305,5.082642,0.01281382,1.92311e-09,-0.001508603
306,5.099365,7.724232e-05,0.0,-9.093827e-06
307,5.116028,-3.687334,-6.72645,3.262394
308,5.132629,-7.259293,-3.086166,-11.34771
309,5.149414,-10.13831,-12.08713,-8.327121
310,5.166138,-10.13831,-12.08713,-8.327121
311,5.1828,-1.031276,-10.38994,-7.538654
312,5.199432,-0.6910125,-12.01332,-6.751296
313,5.216034,-1.037119,-11.57423,-9.070225
314,5.232666,-1.813116,-13.31209,-15.84931
315,5.249451,-1.871276,-20.77608,-16.3577
316,5.265991,-1.871276,-20.77608,-16.3577
317,5.282684,-1.506678,-16.92074,-13.17058
318,5.299408,5.457446,-10.30493,-18.80136
319,5.31604,1.199211,-13.73853,-15.0031
320,5.332703,-2.780858,-12.3395,-26.75024
321,5.349426,-2.989865,-9.727345,-25.77269
322,5.365967,-2.989865,-9.727345,-25.77269
323,5.38266,-5.003177,-18.23319,-29.58249
324,5.399384,-2.336057,-16.89396,-20.21244
325,5.416016,5.443459,-19.65278,-16.64643
326,5.432678,8.470059,-13.73905,-10.39258
327,5.449371,7.391354,-10.10285,-12.85754
328,5.465942,7.391354,-10.10285,-12.85754
329,5.482666,7.696634,-1.86376,-1.199655
330,5.499329,0.8181296,-0.1042202,-0.06519178
331,5.516113,5.533572,-1.286248,-0.203745
332,5.532654,11.43903,-3.620103,-0.08506301
333,5.5495,8.683272,-5.717542,1.006633
334,5.565948,8.683272,-5.717542,1.006633
335,5.582703,0.1194189,-2.508943,0.8977737
336,5.599304,0.3077983,-6.878224,2.457292
337,5.615936,0.5021182,-11.27983,4.009182
338,5.632568,2.738117,-16.22589,5.476233
339,5.649353,7.343193,-16.47962,4.942136
340,5.666016,7.343193,-16.47962,4.942136
341,5.682648,9.774976,-5.458138,1.623995
342,5.699371,7.669064,-2.467451,12.70593
343,5.716522,8.646957,-1.635229,9.110151
344,5.732605,2.354635,-13.85633,17.32137
345,5.749359,1.767264,-1.986201,12.10338
346,5.766052,1.767264,-1.986201,12.10338
347,5.782654,1.110431,-17.24374,8.39019
348,5.799286,0.9823589,-21.75056,7.422523
349,5.815918,1.001701,-22.46157,7.568666
350,5.832794,0.7136527,-16.08881,5.392229
351,5.849274,0.1703477,-3.850727,1.287116
352,5.866455,0.1703477,-3.850727,1.287116
353,5.882629,0.5594944,-1.582964,10.37118
354,5.899384,-5.489832,-2.28558,15.93756
355,5.915985,-12.08807,-2.132168,15.84511
356,5.932648,-11.58705,-0.009338113,1.552402
357,5.949371,-6.038376,-0.5427755,1.123998
358,5.965942,-6.038376,-0.5427755,1.123998
359,5.982605,2.072032,-2.679528,16.59872
360,5.999451,1.67935,-1.976778,13.366
361,6.016205,1.782473,-2.070762,14.18494
362,6.032684,2.79338,-3.189238,22.22973
363,6.049469,2.743035,-3.086039,21.82908
364,6.065887,2.743035,-3.086039,21.82908
365,6.08255,3.423018,-3.681304,27.33549
366,6.099335,16.90173,-4.740591,34.76567
367,6.115967,10.07758,-4.566978,35.56678
368,6.132568,5.550551,-4.699739,38.78503
369,6.149323,4.484739,-4.070193,34.8512
370,6.165894,4.484739,-4.070193,34.8512
371,6.182587,4.188831,-4.432681,41.81448
372,6.19931,5.382722,-4.246723,42.05324
373,6.215912,6.378939,-4.257133,44.64375
374,6.232727,5.453844,-3.78932,42.39256
375,6.249298,-2.115744,-3.450069,41.81004
376,6.2659,-2.115744,-3.450069,41.81004
377,6.282532,-18.31538,-2.073503,29.90736
378,6.299225,-21.31728,-1.291386,20.34413
379,6.315887,-11.31678,-1.406995,21.50127
380,6.332611,-9.82285,-1.045639,16.57537
381,6.349304,-14.37528,0.4578183,14.03313
382,6.365997,-14.37528,0.4578183,14.03313
383,6.382568,-10.24147,-0.1216085,3.066053
384,6.399384,-0.2426086,-0.6500096,10.23447
385,6.415924,-4.268888,6.963744,2.417286
386,6.432526,-3.037934,-0.100975,3.144176
387,6.449219,-7.445446,-0.001153222,0.8281043
388,6.466309,-7.445446,-0.001153222,0.8281043
389,6.482483,-1.839192,-3.04458e-08,0.1927959
390,6.499146,-0.4206329,1.767237,-0.5551754
391,6.515961,1.24083,6.973502,11.89941
392,6.532562,0.7687507,13.16046,7.362855
393,6.549622,0.563659,11.7838,5.398502
394,6.565918,0.563659,11.7838,5.398502
395,6.582642,-0.5062839,0.2869609,-0.04223138
396,6.599213,-0.005780897,0.003276546,-0.0004836888
397,6.615936,8.313166,1.435007e-05,-0.8645291
398,6.632538,17.44293,6.2909e-08,-1.850229
399,6.649231,15.76638,-0.9652943,15.1807
400,6.665894,15.76638,-0.9652943,15.1807
401,6.682587,7.42507,15.25026,15.78009
402,6.699158,2.735474,18.57278,22.07461
403,6.715851,-5.824495,10.85446,22.23396
404,6.732544,-1.836564,0.5125955,24.43744
405,6.749268,3.325675,-1.069778,30.23635
406,6.76593,3.325675,-1.069778,30.23635
407,6.783783,3.743054,-1.050443,33.70122
408,6.799316,3.891993,10.9476,28.87461
409,6.815918,3.038063,7.176841,24.96846
410,6.832581,-6.194438,0.7237222,22.34315
411,6.849152,-2.350906,0.2138672,1.875482
412,6.865906,-2.350906,0.2138672,1.875482
413,6.882538,-14.70759,-9.744113,-23.35251
414,6.8992,-21.71439,-0.7333393,-27.19338
415,6.915863,-28.12364,1.589645,-48.20356
416,6.933655,-36.22385,2.445504,-59.83949
417,6.949127,-53.64991,3.394155,-69.94234
418,6.965881,-53.64991,3.394155,-69.94234
419,6.982483,-55.87502,4.705943,-67.65199
420,6.999176,-56.09953,5.552401,-69.62034
421,7.015869,-42.66161,1.007036,-62.60593
422,7.03244,-18.30965,5.004527,-53.6753
423,7.049164,-3.126278,11.27569,-43.00328
424,7.065796,-3.126278,11.27569,-43.00328
425,7.08252,-1.478347,41.14841,-33.41222
426,7.09906,6.900342,30.15818,-23.3455
427,7.115784,-1.796612,17.6698,-28.17897
428,7.132507,-4.004045,5.184428,-38.31314
429,7.149536,-4.216272,-5.248761,-46.26138
430,7.165833,-4.216272,-5.248761,-46.26138
431,7.182526,-2.488462,-18.28936,-39.09631
432,7.199158,9.278679,-9.692521,-32.73881
433,7.216614,14.56661,0.04045891,-27.72047
434,7.232361,16.36317,3.068096,-23.25641
435,7.249054,9.535741,4.501726,-34.83179
436,7.265808,9.535741,4.501726,-34.83179
437,7.282898,-2.63629,-13.93648,-45.10754
438,7.299408,0.1554215,1.601572,-0.673845
439,7.315948,-0.7623469,10.44447,-10.59922
440,7.332397,-0.9432104,12.21344,-13.08493
441,7.34903,1.070405,0.3101048,-0.2276292
442,7.365723,1.070405,0.3101048,-0.2276292
443,7.382721,12.70848,-24.26543,12.33919
444,7.399109,29.12393,-55.52509,17.41367
445,7.415985,40.73694,-64.13067,18.52547
446,7.432373,39.70504,-73.49711,20.80999
447,7.449036,31.98757,-73.62634,20.58541
448,7.466156,31.98757,-73.62634,20.58541
449,7.482422,28.00948,-49.15724,13.81459
450,7.499084,15.36749,-36.85593,18.39324
451,7.515808,4.385938,-21.61425,9.436882
452,7.532471,1.246058,-17.51531,5.729301
453,7.548645,0.7218887,-23.06268,6.623932
454,7.549103,0.7218887,-23.06268,6.623932
455,7.565826,-0.7873558,-25.85923,-7.252132
456,7.582397,-1.550865,-35.28041,-14.28462
457,7.59906,12.52227,-30.67818,-5.331242
458,7.615997,16.20829,-16.87854,-13.45292
459,7.632446,21.66282,-17.14528,-4.588694
460,7.649231,21.66282,-17.14528,-4.588694
461,7.665924,21.19014,-18.76539,1.661678
462,7.682404,22.90022,-18.44921,1.954188
463,7.699036,15.38153,-15.26973,-4.499641
464,7.715759,2.653063,-14.75692,-11.43354
465,7.73233,-1.520822,-6.705927,-12.00655
466,7.749115,-1.520822,-6.705927,-12.00655
467,7.765717,-11.48721,-6.71705,1.832444
468,7.782379,-10.94154,-0.04645798,1.241827
469,7.799042,-0.1249491,-0.0005305361,0.01418129
470,7.815674,-0.0005472311,-2.323553e-06,6.210885e-05
471,7.832458,5.861656,-9.386964,1.634644
472,7.848999,5.861656,-9.386964,1.634644
473,7.865723,13.8582,-2.690196,-1.128541
474,7.882507,2.561475,-0.01621663,-0.3317135
475,7.899017,-0.03231371,1.340454,-0.333511
476,7.91571,-1.542633,1.357688,-0.1410809
477,7.932404,-10.43761,0.008184206,1.353141
478,7.949097,-10.43761,0.008184206,1.353141
479,7.965668,-0.1331166,2.973924e-07,0.01711666
480,7.9823,0.09090573,-0.1236802,0.7133191
481,7.999176,-0.3125827,9.782344,-2.430897
482,8.015717,-7.296578,6.90604,-0.6833313
483,8.032349,-9.726323,16.48802,-2.992908
484,8.049072,-9.726323,16.48802,-2.992908
485,8.065704,-24.94146,1.381198,2.65318
486,8.082336,-33.70369,0.9730937,3.660664
487,8.098999,-38.91109,0.07215805,3.912369
488,8.115692,-37.87891,0.04675262,3.666774
489,8.132385,-42.37019,0.000281827,4.140631
490,8.149139,-42.37019,0.000281827,4.140631
491,8.166138,-65.35055,0.7318383,5.008396
492,8.182404,-60.77376,0.2577184,4.13847
493,8.199005,-68.82297,0.2351263,2.666684
494,8.215637,-59.33341,0.06090305,2.553755
495,8.232239,-58.64808,0.000266733,2.314801
496,8.248962,-58.64808,0.000266733,2.314801
497,8.265656,-52.18547,-2.038681,13.09465
498,8.268646,-46.32328,-1.902345,11.92217
499,8.282379,-41.4397,-2.202475,13.48515
500,8.29892,-27.42843,-4.419645,15.94109
501,8.315918,-21.78351,-2.753066,16.62678
502,8.332336,-21.78351,-2.753066,16.62678
503,8.348969,-10.20112,-3.023046,18.69049
504,8.365723,-14.02513,-1.430055,10.43606
505,8.382355,-14.02903,-1.523083,9.495564
506,8.399017,-20.52479,-0.5764068,3.440429
507,8.415649,-19.0868,-0.2227281,0.3466351
508,8.432343,-19.0868,-0.2227281,0.3466351
509,8.449005,-0.168288,-1.171114,7.501004
510,8.465637,-0.108153,-1.267797,8.186941
511,8.48233,-7.798498,-1.603942,10.33808
512,8.498993,-2.275831,-1.088605,7.095267
513,8.515778,-6.236485,-1.449805,9.451746
514,8.532318,-6.236485,-1.449805,9.451746
515,8.549011,-8.896958,-1.318149,8.620337
516,8.565765,-12.93935,-1.120693,7.261987
517,8.582245,-6.285542,8.643427,0.3454769
518,8.59903,-4.654181,-1.589561,10.95589
519,8.615936,-0.3213232,-2.141919,14.6179
520,8.632324,-0.3213232,-2.141919,14.6179
521,8.648956,-0.2540683,-1.810801,12.60789
522,8.665649,-0.3466102,-2.441762,17.20024
523,8.682251,-0.2579901,-3.563372,12.80254
524,8.698853,-11.6704,-1.677614,11.73896
525,8.71579,-22.58624,-0.314594,1.710213
526,8.732208,-22.58624,-0.314594,1.710213
527,8.748932,-24.89485,-0.6138358,8.644969
528,8.765594,-26.25831,9.010775,-1.453538
529,8.782135,-24.79336,2.577517,-1.662515
530,8.798889,-28.04951,0.6851037,-1.23985
531,8.815704,-29.21856,0.003000503,-1.442848
532,8.832245,-29.21856,0.003000503,-1.442848
533,8.848907,-7.585246,-0.03609595,-0.1440924
534,8.865601,-5.59945,7.012962,7.504532
535,8.882538,-9.246407,15.41429,0.8922374
536,8.898895,-5.737266,8.995919,5.092579
537,8.91571,-10.48925,13.22512,0.402286
538,8.932312,-10.48925,13.22512,0.402286
539,8.949005,-18.16066,0.03746963,-0.6325167
540,8.965759,-24.1674,0.0001641032,-1.600056
541,8.982239,-33.19286,-0.3209552,0.1414366
542,8.998871,-26.75531,7.089773,10.95065
543,9.015564,-31.77742,3.204531,11.71503
544,9.032227,-31.77742,3.204531,11.71503
545,9.048645,-34.43809,12.96246,5.596666
546,9.048828,-31.12671,13.21868,6.289265
547,9.065857,-39.62078,7.732776,9.120572
548,9.082275,-36.35218,5.537677,3.363838
549,9.098877,-40.45568,-1.075227,4.905431
550,9.115845,-40.45568,-1.075227,4.905431
551,9.132233,-18.53491,-1.907326,14.6169
552,9.148926,-7.648609,2.666865,4.656629
553,9.165894,-9.069628,-0.7415932,5.76658
554,9.182159,-16.67915,-1.863425,15.14127
555,9.198975,-12.83175,-0.466802,2.742908
556,9.216187,-12.83175,-0.466802,2.742908
557,9.232147,-23.08937,-1.051941,6.958698
558,9.24881,-10.77563,-1.004291,8.166377
559,9.265594,-8.598369,-1.365902,11.95609
560,9.282196,-0.05183137,-0.00823372,0.07207187
561,9.298737,-8.237739,-0.3912986,2.675244
562,9.31546,-8.237739,-0.3912986,2.675244
563,9.332245,-17.19037,3.627127,-2.99903
564,9.348907,-24.78197,0.041416,-3.52578
565,9.365448,-35.39248,-0.05359983,-4.67441
566,9.382477,-38.00341,-0.365036,-2.181545
567,9.398773,-48.02802,-1.473012,7.100704
568,9.415558,-48.02802,-1.473012,7.100704
569,9.43219,-57.77479,-0.01337034,-4.821748
570,9.448792,-55.32256,-1.572165,6.334296
571,9.465454,-41.28854,-0.9877144,2.582371
572,9.482422,-36.66649,-7.433488,-1.562719
573,9.498779,-30.99658,-0.2032281,-4.857455
574,9.515442,-30.99658,-0.2032281,-4.857455
575,9.532166,-22.48328,-0.2653961,-1.836
576,9.548828,-27.73576,0.631603,1.26396
577,9.565613,-34.01746,-0.2381883,-4.751917
578,9.568634,-27.74606,-0.00143581,-6.164191
579,9.582245,-19.98999,-0.1267115,-3.11281
580,9.598969,-19.98999,-0.1267115,-3.11281
581,9.61557,-6.894303,-6.337367e-06,-1.56838
582,9.63266,-8.971213,-2.775534e-08,-2.048707
583,9.648773,-11.04148,-1.673105e-10,-2.540599
584,9.665436,-16.65563,0.0,-3.882905
585,9.682251,-17.84762,-0.6380165,2.922273
586,9.698883,-17.84762,-0.6380165,2.922273
587,9.715515,-12.17596,-0.2509764,-0.1731099
588,9.732849,-7.14816,-0.002082324,-1.699542
589,9.749268,-12.15696,-9.119816e-06,-2.944943
590,9.765411,2.118231,0.8519694,-9.064035
591,9.782166,11.06292,0.09331093,1.621638
592,9.799011,11.06292,0.09331093,1.621638
593,9.815552,5.415925,0.05049177,0.7314376
594,9.832153,0.2830682,0.0004189249,0.0625986
595,9.848846,0.002348588,3.475776e-06,0.000519374
596,9.865509,-0.5748088,-9.042996,2.420634
597,9.882233,2.929952,-0.08929743,1.256225
598,9.899414,2.929952,-0.08929743,1.256225
599,9.915497,12.51692,-1.796814,19.80572
600,9.932587,2.953777,-2.365033,28.84242
601,9.94873,-5.144109,-3.109083,37.68659
602,9.965454,-1.387377,-2.596006,34.02387
603,9.982178,-1.280154,-2.426752,33.97686
604,9.998779,-1.280154,-2.426752,33.97686
605,10.01544,-7.474965,-2.294287,35.74617
606,10.03214,-8.54733,-2.265628,38.1663
607,10.04926,-9.245349,-2.198191,40.41338
608,10.06567,-7.652158,-1.650986,33.44517
609,10.08206,-8.499722,-1.588807,35.41267
610,10.08865,-8.499722,-1.588807,35.41267
611,10.09875,-6.156868,-0.9976621,26.79912
612,10.11548,-4.951795,-0.7394713,21.56109
613,10.13211,-3.123185,-0.6740164,21.60567
614,10.14886,-3.510891,-0.4501742,15.38241
615,10.16547,-10.97843,2.001829,16.4112
616,10.18219,-10.97843,2.001829,16.4112
617,10.19907,-3.439672,-0.159592,14.97189
618,10.21548,-1.082142,-0.09970253,4.711849
619,10.23215,-1.759714,-0.1537792,7.662158
620,10.24881,0.265312,-0.05227733,2.921781
621,10.26538,-0.05989675,-0.005235657,0.2791684
622,10.28214,-0.05989675,-0.005235657,0.2791684
623,10.29922,5.059382,-2.618565e-07,1.15321
624,10.31537,13.80405,0.03553052,1.185105
625,10.332,4.276954,0.26184,-12.47581
626,10.34875,3.064429,0.2994241,-13.51917
627,10.36536,12.60401,0.3509937,-12.38449
628,10.38202,12.60401,0.3509937,-12.38449
629,10.39874,31.86831,1.399346,-18.0297
630,10.41534,46.16413,0.6593827,-11.72279
631,10.43213,52.80371,0.7412629,-11.6403
632,10.44879,52.59671,-2.75649,-8.507943
633,10.46536,52.59671,-2.75649,-8.507943
634,10.48224,40.05493,0.1740955,2.982671
635,10.49878,37.76688,0.6808233,-3.540429
636,10.51547,36.53424,0.5510504,-7.146854
637,10.53201,32.56271,0.1210978,5.20888
638,10.54865,27.21229,0.05739012,3.251188
639,10.5654,27.40032,0.0004761598,4.547915
640,10.58246,27.40032,0.0004761598,4.547915
641,10.59869,29.62927,-1.009564,12.86205
642,10.61539,27.16365,-8.399781,20.92912
643,10.63287,27.28959,-3.881147,14.14974
644,10.64871,23.43751,-0.3827561,13.41507
645,10.66531,13.92478,-0.6036304,19.17261
646,10.6821,13.92478,-0.6036304,19.17261
647,10.69864,34.37309,-0.03915158,6.285216
648,10.70865,32.59419,-0.469788,18.78983
649,10.71552,44.4769,-0.1778696,11.20843
650,10.73267,37.47914,-0.1434619,9.185185
651,10.74866,37.47914,-0.1434619,9.185185
652,10.76535,36.81938,-0.4752471,20.21369
653,10.78195,36.05464,-0.4284241,20.24169
654,10.79874,30.15716,-0.2870176,14.5867
655,10.81531,19.85043,-0.03702329,3.420366
656,10.83215,10.3912,-0.01279237,1.507077
657,10.84863,11.99089,-5.602587e-05,1.104964
658,10.86533,11.99089,-5.602587e-05,1.104964
659,10.88202,15.59738,-2.802082e-09,1.388997
660,10.89862,21.29414,0.0,1.852193
661,10.91541,28.81582,0.0,2.410956
662,10.9321,29.87207,0.1764769,-4.863773
663,10.9487,22.86529,0.1248049,-3.29174
664,10.96527,22.86529,0.1248049,-3.29174
665,10.98206,18.08189,0.2234096,-7.194651
666,10.99863,21.822,0.3066826,-9.633894
667,11.01529,24.36421,0.1827093,-4.77133
668,11.03284,22.78801,0.3106336,-8.929011
669,11.04868,22.78801,0.3106336,-8.929011
670,11.06531,26.36411,0.3509115,-9.491299
671,11.08212,23.8695,0.3718284,-9.929765
672,11.09863,23.82743,0.3108782,-7.844704
673,11.11551,34.30827,0.5080887,-12.68019
674,11.13281,41.77105,0.2526061,-5.274607
675,11.14853,41.77105,0.2526061,-5.274607
676,11.16531,39.73519,0.00032056,1.08635
677,11.18268,36.42854,-4.941959,2.177447
678,11.19858,21.82952,-0.02979036,0.4390752
679,11.21527,12.94766,-0.2707823,7.606817
680,11.22864,1.552449,-0.002817429,0.1029605
681,11.23203,0.9045194,-9.373949,3.294886
682,11.24863,0.9045194,-9.373949,3.294886
683,11.26578,0.9568185,-5.151707,1.416282
684,11.28229,5.22551,-0.4945151,-12.7552
685,11.29865,0.02958127,-0.4954371,0.05663786
686,11.31534,0.0001295551,-0.002169833,0.0002480531
687,11.33197,0.0001295551,-0.002169833,0.0002480531
688,11.34866,-0.6874834,-5.728495e-08,-0.01046042
689,11.36536,-1.832554,-0.129844,3.550522
690,11.38205,-3.659841,-7.539562,6.262648
691,11.39877,-0.1669772,-0.4234383,8.150739
692,11.41531,-0.5312279,-0.3886092,11.88261
693,11.43231,-0.5312279,-0.3886092,11.88261
694,11.44855,-0.3329061,-0.4717611,16.29821
695,11.4653,-0.2825384,-0.4198579,15.60519
696,11.48199,-0.3797739,-0.5133272,20.98804
697,11.49857,0.2487984,-1.494366,24.98825
698,11.51538,-0.4037769,-1.170237,23.15875
699,11.53201,-0.2979148,-6.941191,22.76779
700,11.54858,-0.2979148,-6.941191,22.76779
701,11.56525,-0.4103342,-0.2132545,23.7573
702,11.582,-0.4075138,-0.1346212,23.5938
703,11.5986,8.605256,-0.06585892,27.08591
704,11.61536,6.269692,0.01891511,23.31575
705,11.63257,6.269692,0.01891511,23.31575
706,11.64905,11.03005,-1.759341,22.97947
707,11.66541,1.777435,-7.148207,28.31281
708,11.68188,13.96919,-2.634824,17.34087
709,11.69861,8.758408,-4.757129,12.43274
710,11.71524,12.57758,-2.438834,23.39194
711,11.73193,12.57758,-2.438834,23.39194
712,11.74841,-0.03623607,0.06137835,4.530652
713,11.76529,-0.06210757,0.1376993,7.193679
714,11.78204,-0.0003743874,0.0008300579,0.04336384
715,11.79877,-0.04249275,0.09626292,4.920767
716,11.81522,14.82561,0.1881757,9.151257
717,11.82864,14.82561,0.1881757,9.151257
718,11.83206,35.2155,0.5391253,20.62455
719,11.84857,28.30275,-12.29364,24.94136
720,11.86526,8.142589,-6.915174,22.53229
721,11.88193,3.88703,-1.615545,18.08644
722,11.89862,0.07822169,-11.54652,7.517205
723,11.91519,0.07822169,-11.54652,7.517205
724,11.93185,-5.406156,-4.357018,1.150739
725,11.94849,-3.990174,-0.75258,-13.10421
726,11.96521,-6.945564,-0.4907867,-14.24817
727,11.9819,-10.28998,-0.6837692,-21.4674
728,11.9985,-5.873461,-0.6012728,-20.47124
729,12.01517,-5.873461,-0.6012728,-20.47124
730,12.03189,-2.143301,2.998389,-19.73138
731,12.04846,-4.920831,10.66142,-17.51173
732,12.06522,-0.03527425,10.05388,-16.80335
733,12.08182,-0.00674033,10.29222,-8.038862
734,12.09848,-16.11117,5.073406,-8.554011
735,12.1152,-16.11117,5.073406,-8.554011
736,12.1319,-28.3045,-0.2269226,-13.76749
737,12.14862,-48.87144,-0.1720824,-11.65569
738,12.16519,-61.30596,7.234336,-16.05952
739,12.18182,-71.19138,2.512119,-15.53497
740,12.19849,-67.85074,2.53232,-20.61719
741,12.21518,-67.85074,2.53232,-20.61719
742,12.23245,-47.72309,-0.1210138,-18.90875
743,12.24854,-35.90729,-0.363535,-2.316113
744,12.2652,-33.17395,-0.2550396,-1.891085
745,12.28183,-39.82709,-0.7129676,-1.305076
746,12.29843,-37.15505,0.1617491,16.76103
747,12.31522,-37.15505,0.1617491,16.76103
748,12.33221,-53.59371,-9.838063,13.56783
749,12.34857,-64.79061,-12.724,10.72962
750,12.36523,-58.55035,-18.2417,-0.8578084
751,12.3819,-56.275,-15.03506,-1.292881
752,12.39859,-54.87473,-14.87664,4.548512
753,12.41513,-54.87473,-14.87664,4.548512
754,12.43182,-15.8558,0.143617,8.765574
755,12.44849,4.245745,0.058893,4.336777
756,12.46515,1.824579,0.008935591,0.7786017
757,12.48203,7.768235,3.913461e-05,0.9008532
758,12.49844,-9.163451,0.008561957,-0.5347757
759,12.51511,-9.163451,0.008561957,-0.5347757
760,12.53183,-3.643879,2.260411e-07,-0.4274651
761,12.54846,-0.01595885,9.899769e-10,-0.00187214
762,12.56516,5.663068,-0.05675447,-2.93547
763,12.58179,12.61063,-0.0002485637,1.432133
764,12.59842,26.52873,-13.4677,-0.4839361
765,12.61514,26.52873,-13.4677,-0.4839361
766,12.63177,48.25529,-4.916884,6.103866
767,12.64841,40.77306,-9.836892,7.06754
768,12.66525,26.30103,-8.935727,15.04124
769,12.68188,26.31332,0.2340021,17.68805
770,12.69836,19.76942,0.1263711,8.337851
771,12.71545,19.76942,0.1263711,8.337851
772,12.73184,20.4782,0.1718211,9.335529
773,12.74838,12.68408,-1.947815,24.9275
774,12.76505,-2.328634,-6.610946,30.55426
775,12.78189,-1.974672,-0.5915698,24.96456
776,12.7984,-14.52957,-3.381741,38.80856
777,12.81528,-14.52957,-3.381741,38.80856
778,12.82864,-19.09536,1.668437,34.73275
779,12.83182,-18.45209,2.218312,42.43775
780,12.84836,-6.31081,1.789882,32.56957
781,12.86505,-3.442473,1.175828,20.21883
782,12.88248,-9.570211,0.8046899,12.61854
783,12.89853,-9.570211,0.8046899,12.61854
784,12.91513,-20.95115,1.893567,6.455561
785,12.93179,-8.15659,2.43794,13.48627
786,12.94839,-1.391089,0.8754732,10.0609
787,12.96558,-0.1745026,7.209888,1.835103
788,12.98175,0.2321302,10.04811,-2.468833
789,12.99841,0.2321302,10.04811,-2.468833
790,13.01508,-0.007821015,32.62951,0.08317662
791,13.0318,-0.1642223,47.97921,1.746507
792,13.0484,-0.5564825,42.42365,5.9182
793,13.06522,0.3127835,41.83278,-3.326458
794,13.08224,4.69091,21.26282,6.097406
795,13.09839,4.69091,21.26282,6.097406
796,13.11499,0.1223591,23.49732,4.798156
797,13.13171,-0.5922523,8.708484,10.74552
798,13.14847,-0.257421,6.583473,14.19571
799,13.16504,0.5930064,0.4325727,5.068383
800,13.18173,3.300845,-1.442716,5.517875
801,13.19858,3.300845,-1.442716,5.517875
802,13.215,2.215508,-15.73427,6.055053
803,13.23254,7.186938,-15.09211,13.91674
804,13.24841,12.71959,-10.44587,17.27637
805,13.26517,-1.242355,-7.300308,14.72117
806,13.28186,-1.419831,-3.026379,16.02243
807,13.29834,-1.419831,-3.026379,16.02243
808,13.31503,-2.356667,-2.553347,26.5873
809,13.33167,-2.867286,-10.35614,32.34798
810,13.34836,-2.107066,0.4208544,23.77137
811,13.36499,-2.543764,0.08297376,26.09153
812,13.38181,-2.364361,2.795417,26.53502
813,13.39841,-2.364361,2.795417,26.53502
814,13.41513,-2.65744,-9.759748,29.84102
815,13.43207,-2.412688,2.058095,27.09264
816,13.4483,-2.906002,3.88609,32.63218
817,13.46497,-8.537715,4.362266,34.76633
818,13.48172,-14.84875,3.710791,27.89718
819,13.49838,-14.84875,3.710791,27.89718
820,13.51511,-10.12445,2.857919,20.40713
821,13.53171,-3.050405,2.883893,20.8654
822,13.54831,-1.426137,-0.614831,9.167984
823,13.56494,0.3188009,-3.765346,12.34787
824,13.58173,11.82749,-1.260933,10.79906
825,13.59848,15.33413,-5.188049,17.07864
826,13.60864,15.33413,-5.188049,17.07864
827,13.61496,-10.0737,-10.05085,18.1792
828,13.63196,-11.97197,2.221218,14.05073
829,13.64828,-2.918524,2.144967,14.74385
830,13.66507,-1.652544,2.814901,18.0589
831,13.68179,-1.652544,2.814901,18.0589
832,13.69827,-1.102969,1.918954,12.04896
833,13.71494,-0.5519975,0.9679599,6.030086
834,13.73169,-15.0256,1.280007,6.617651
835,13.74878,-0.0700509,0.01305406,0.07513911
836,13.76505,-0.1148812,-4.715836,1.245177
837,13.78183,-0.1148812,-4.715836,1.245177
838,13.79825,17.53357,-13.26481,1.911083
839,13.81494,12.29999,-12.85287,2.673107
840,13.8316,4.624912,-9.272676,1.671217
841,13.84836,0.3596355,-0.1137098,-0.3306477
842,13.8649,0.06331571,-12.72186,3.045768
843,13.88187,0.06331571,-12.72186,3.045768
844,13.89841,-10.36559,-7.635232,-3.443094
845,13.91507,-2.546421,-4.592782,-17.58159
846,13.93173,2.122465,-8.873711,-24.14744
847,13.9483,2.792868,-19.75256,-31.50962
848,13.96509,4.111428,-23.87322,-46.38408
849,13.98163,4.111428,-23.87322,-46.38408
850,13.99838,-4.265342,-35.31833,-67.79768
851,14.01486,6.211828,-32.66733,-70.44631
852,14.03168,7.409457,-14.67771,-83.20554
853,14.0484,6.611935,-8.080729,-78.61396
854,14.06494,7.954113,-7.554918,-88.94352
855,14.08173,7.954113,-7.554918,-88.94352
856,14.09833,7.755301,-5.402771,-83.97861
857,14.11487,7.223828,-4.350056,-81.09255
858,14.13165,1.034853,-14.88781,-68.31821
859,14.14835,-13.19993,-22.61369,-71.4434
860,14.1655,-9.686007,-10.57653,-65.96268
861,14.18161,-9.686007,-10.57653,-65.96268
862,14.19821,-8.302701,6.971536,-53.92615
863,14.2149,-4.761333,-0.1579527,-51.11026
864,14.23172,2.095264,0.0006560533,-47.40242
865,14.24829,4.484361,-7.244487,-44.88829
866,14.26486,12.82908,-2.170386,-37.82249
867,14.28168,12.82908,-2.170386,-37.82249
868,14.2984,4.109766,0.2028011,-34.47366
869,14.3154,1.975447,0.01455367,-19.82757
870,14.33157,2.547521,9.64525,-25.62246
871,14.34824,-10.78218,0.7777489,-23.90312
872,14.36484,-5.549099,1.678701,-23.90491
873,14.38156,-5.549099,1.678701,-23.90491
874,14.39819,-18.46601,-0.2777952,-28.52433
875,14.41519,-23.2666,-0.1194543,-23.58759
876,14.43155,-37.51382,-2.564388,-26.79478
877,14.44818,-44.39827,0.8794734,-24.69547
878,14.46494,-44.19276,1.243349,-17.22374
879,14.48154,-44.19276,1.243349,-17.22374
880,14.4982,-38.82769,0.3731726,-12.49483
881,14.51483,-35.55005,0.4014468,-12.67041
882,14.53174,-36.0805,0.8490055,-20.88617
883,14.54828,-43.06258,0.992211,-24.15067
884,14.56491,-45.37558,-5.884628,-21.5332
885,14.58151,-45.37558,-5.884628,-21.5332
886,14.5983,-53.81546,-0.0501549,-21.73477
887,14.6149,-51.83066,0.6066245,-19.34426
888,14.63165,-40.13988,0.3456272,-13.12596
889,14.64819,-37.82954,0.8404021,-20.55385
890,14.66495,-29.41984,0.7727834,-17.78526
891,14.68149,-29.41984,0.7727834,-17.78526
892,14.69821,-31.71392,-10.01364,-26.94976
893,14.71484,-18.87033,-7.959035,-23.14462
894,14.73154,-4.623879,-8.951544,-18.6548
895,14.74811,-2.343775,0.2105886,-4.882682
896,14.76486,-6.994881,1.289014,-11.96667
897,14.78152,1.941613,1.048444,-11.89531
898,14.79825,1.941613,1.048444,-11.89531
899,14.81488,-3.898723,-11.87138,-10.59777
900,14.83151,3.098819,-9.776031,-14.14394
901,14.84833,2.626111,-10.28299,-11.88365
902,14.86481,4.159162,-9.368704,-18.81796
903,14.88153,4.159162,-9.368704,-18.81796
904,14.89822,10.97393,0.2776909,-8.114959
905,14.91537,2.997802,-0.05212342,-0.4548485
906,14.93198,0.6731646,0.01911638,-0.07281531
907,14.9487,-1.026713,-0.4120285,-1.127562
908,14.96521,-6.497734,-0.001804533,-1.434487
909,14.98148,-6.497734,-0.001804533,-1.434487
910,14.99823,-4.815378,-6.139546,-14.29918
911,15.01477,-3.021998,-14.73214,-9.803154
912,15.03152,2.713637,-4.77363,-12.28151
913,15.0481,0.5513306,0.02478181,-2.456942
914,15.06482,-5.597915,0.3720468,-4.984549
915,15.08148,-5.597915,0.3720468,-4.984549
916,15.09808,-18.69292,2.544267,-4.844468
917,15.11475,-25.25909,-0.127691,-4.474976
918,15.13153,-31.91739,-0.7246715,-0.233451
919,15.14822,-45.21467,-9.330828,-6.836011
920,15.1651,-37.10104,-4.843183,-8.121661
921,15.1817,-37.10104,-4.843183,-8.121661
922,15.19815,-36.33435,-0.01463388,-9.335152
923,15.21484,-29.29135,6.656202,-9.329832
924,15.23154,-30.47018,0.07601181,-8.320629
925,15.24817,-30.81735,0.0004582028,-8.547933
926,15.26498,-38.18654,-0.9755875,-10.60617
927,15.28171,-38.18654,-0.9755875,-10.60617
928,15.29852,-29.89636,-10.30208,-6.482994
929,15.31488,-23.71397,-1.043996,-6.868615
930,15.33139,-21.65783,-0.006293259,-6.556172
931,15.34818,-29.64309,-2.756216e-05,-9.108623
932,15.36478,-22.15477,-1.207122e-07,-6.897478
933,15.38153,-22.15477,-1.207122e-07,-6.897478
934,15.39804,-29.11256,-7.445023,-7.629535
935,15.41476,-31.77256,-6.683391,-8.829101
936,15.43143,-30.43422,-3.509553,-9.464999
937,15.44806,-23.85661,-0.01537056,-7.99897
938,15.46472,-29.4133,-0.3652915,-9.903345
939,15.48145,-29.4133,-0.3652915,-9.903345
940,15.49808,-24.78901,-7.006733e-06,-8.633107
941,15.51492,-21.56172,-3.068692e-08,-7.588785
942,15.53143,-18.9515,-12.87715,-3.779392
943,15.54813,-15.53089,-0.05639718,-5.539574
944,15.56473,-14.08767,-0.0002469989,-5.069142
945,15.58154,-14.08767,-0.0002469989,-5.069142
946,15.59842,-5.009896,-8.975288e-09,-1.816695
947,15.61475,-4.912092,-1.3398,-1.481556
948,15.63141,-3.097671,-1.350633,-0.8220027
949,15.64807,-1.39888,-0.5264402,-0.3917863
950,15.66473,-10.94031,-0.2662581,-3.962646
951,15.68152,-10.94031,-0.2662581,-3.962646
952,15.698,-18.84328,-0.8737165,-5.394598
953,15.71497,-16.80862,-0.3635679,-2.460974
954,15.72864,-0.7416412,-0.02182943,-0.04411031
955,15.73154,4.054073,-0.009909872,1.628217
956,15.74811,17.33253,-5.973666e-05,6.471911
957,15.76474,17.33253,-5.973666e-05,6.471911
958,15.78168,18.24519,-2.170672e-09,6.692597
959,15.798,10.15148,0.0,3.704777
960,15.81473,-0.7883795,2.516594,9.563678
961,15.83151,-2.178563,-0.1028283,6.009578
962,15.84802,-1.03589,12.1744,2.842271
963,15.86472,-1.03589,12.1744,2.842271
964,15.88144,1.27453,-0.2476142,3.270038
965,15.89801,-0.1037051,-0.09408292,1.031891
966,15.91467,-0.1675013,-0.09220447,0.9918957
967,15.93143,-2.620799,-0.710202,7.229695
968,15.94806,4.37396,-0.4623707,6.929783
969,15.96466,4.37396,-0.4623707,6.929783
970,15.98151,16.50644,1.859359,6.535297
971,15.99805,15.03492,0.7067298,5.585167
972,16.01465,4.153299,-0.4349658,6.67362
973,16.03131,2.016129,-0.09142525,1.79529
974,16.04813,-3.315304,-0.8870437,9.440268
975,16.06464,-3.315304,-0.8870437,9.440268
976,16.08136,-5.109926,-0.9099964,9.338075
977,16.09802,-4.424957,-0.7174781,7.348399
978,16.11459,-4.828849,-1.213322,13.58775
979,16.13144,-2.541538,-0.5038125,6.759601
980,16.14853,-0.1375744,0.6663598,0.385384
981,16.1647,-0.1375744,0.6663598,0.385384
982,16.1813,0.04858346,1.011503,-0.1369585
983,16.19797,0.0004030923,0.008392334,-0.00113633
984,16.21472,3.344415e-06,6.963031e-05,-9.428012e-06
985,16.23141,2.016029e-08,4.197348e-07,-5.68325e-08
986,16.24805,-3.817225,4.791174,-2.47068
987,16.26465,-3.817225,4.791174,-2.47068
988,16.2814,-0.6424481,10.56336,-1.287081
989,16.29788,-4.823618,0.1374831,6.189358
990,16.31473,-5.670829,1.772501,-2.291831
991,16.33127,-3.997118,9.813373,4.079392
992,16.34808,-6.619879,16.17485,7.815208
993,16.36508,-6.619879,16.17485,7.815208
994,16.38135,-1.038789,8.627609,2.488482
995,16.39832,-1.160727,7.263406,3.214191
996,16.41464,6.298531,7.649193,5.537497
997,16.43127,16.74192,14.67416,3.777688
998,16.44788,13.27798,8.446202,4.545458
999,16.46469,13.27798,8.446202,4.545458
1000,16.48135,-2.012773,13.07275,11.97121
1001,16.49792,-3.598515,16.3978,10.25172
1002,16.51486,-0.8547714,16.25461,2.428748
1003,16.53128,-0.7567947,16.60861,5.942641
1004,16.54788,11.53904,19.79368,6.297075
1005,16.56461,11.53904,19.79368,6.297075
1006,16.58127,23.61757,9.72504,23.19223
1007,16.59793,19.54375,8.776688,15.83043
1008,16.61456,12.9813,1.364631,12.71624
1009,16.63126,15.02276,-0.1774248,8.332869
1010,16.64807,3.049794,-0.0838574,2.511651
1011,16.66464,3.049794,-0.0838574,2.511651
1012,16.68124,-1.800867,-0.4962452,8.668048
1013,16.69797,-0.5261821,11.68454,11.92843
1014,16.71457,-1.622679,-0.9458847,19.87903
1015,16.73196,-2.141185,-0.7328467,14.4355
1016,16.74802,-2.414622,-0.7298113,14.90416
1017,16.76459,-2.414622,-0.7298113,14.90416
1018,16.78134,-2.449554,-0.3552056,7.455697
1019,16.79794,-5.146654,-0.7126298,15.66443
1020,16.81454,-3.812269,-0.5079218,11.60308
1021,16.83121,-4.508929,-0.5712606,13.72344
1022,16.84799,-4.974136,4.142512,15.13935
1023,16.86453,-4.974136,4.142512,15.13935
1024,16.88132,-6.665114,9.013862,20.28603
1025,16.89792,-4.898522,-0.2951883,14.90921
1026,16.91452,-5.305394,-0.1859849,5.253553
1027,16.93121,-6.073283,-0.2400004,7.537305
1028,16.94791,-10.70349,-0.1416733,2.368318
1029,16.96457,-10.70349,-0.1416733,2.368318
1030,16.98126,-1.481688,3.607375,4.484003
1031,16.99792,-0.1615467,11.58003,8.444218
1032,17.00864,0.8586061,14.61458,3.186913
1033,17.01456,0.1446274,16.85275,10.58025
1034,17.03177,-5.16529,6.244255,15.76589
1035,17.0484,-5.16529,6.244255,15.76589
1036,17.06522,-3.635464,0.1383206,10.70483
1037,17.08136,-3.098156,-0.131813,9.402061
1038,17.09805,-4.596432,-0.1855514,13.95105
1039,17.11459,-2.851193,1.691806,9.888475
1040,17.13129,5.659782,9.285875,5.162162
1041,17.14789,5.659782,9.285875,5.162162
1042,17.16449,-0.1526642,1.07012,0.49274
1043,17.18143,-0.3111923,-0.0004479285,0.9500048
1044,17.19824,-0.001875882,-2.700134e-06,0.005726674
1045,17.21521,2.300734,0.0722678,-7.022013
1046,17.23126,0.5908988,0.01933391,-1.803468
1047,17.24783,0.5908988,0.01933391,-1.803468
1048,17.2645,5.650277,-0.5505155,-11.19811
1049,17.28128,7.137325,0.3230071,-20.6169
1050,17.29782,4.954368,0.2404819,-13.52548
1051,17.31454,5.808184,0.3512206,-17.81215
1052,17.33118,2.31666,0.3799679,-18.10373
1053,17.34818,2.31666,0.3799679,-18.10373
1054,17.36469,7.601035,-14.70222,-23.29706
1055,17.38123,9.455763,-18.12579,-28.98049
1056,17.3981,14.544,-13.42587,-33.03061
1057,17.41452,20.25775,-20.40424,-30.19221
1058,17.43243,19.03657,-16.441,-32.8392
1059,17.44781,19.03657,-16.441,-32.8392
1060,17.46478,33.59995,-4.418095,-34.88671
1061,17.48114,39.16462,2.307216,-27.50285
1062,17.49805,42.71892,1.698271,-28.1424
1063,17.51447,49.64341,2.860983,-26.45757
1064,17.53125,52.9406,2.018102,-15.5933
1065,17.54803,52.9406,2.018102,-15.5933
1066,17.56448,54.86581,2.58874,-16.5248
1067,17.58102,46.32419,2.100948,-12.17844
1068,17.59778,39.81832,8.183305,-9.482222
1069,17.61459,39.39338,10.86225,-12.88469
1070,17.63126,47.91591,13.24044,-11.96663
1071,17.64822,47.91591,13.24044,-11.96663
1072,17.66446,65.6375,1.85491,-2.466856
1073,17.68216,64.09982,2.300313,-7.895653
1074,17.69785,65.05534,1.582231,-0.8380157
1075,17.71448,59.32147,13.98148,1.919296
1076,17.73166,58.35955,5.474194,3.559474
1077,17.74777,58.35955,5.474194,3.559474
1078,17.76456,38.48892,1.549841,-6.715996
1079,17.7811,23.4854,3.488837,3.326632
1080,17.79794,7.676381,6.619909,-0.297727
1081,17.81448,-1.192759,-0.7210918,6.62594
1082,17.83118,-0.1669478,-0.1014771,0.9075357
1083,17.84848,-0.1669478,-0.1014771,0.9075357
1084,17.86441,7.799704,-0.4356473,5.507534
1085,17.88135,19.04903,-0.06318756,4.060875
1086,17.89771,25.60762,-9.133959,7.185633
1087,17.91458,40.75043,-0.2031355,8.434742
1088,17.93106,42.08479,-0.00122451,7.011483
1089,17.94772,42.08479,-0.00122451,7.011483
1090,17.96448,58.6598,-8.78784,17.31792
1091,17.98102,49.59645,-8.184349,22.70533
1092,17.99777,45.6271,-1.507382,20.58334
1093,18.01447,40.42184,-1.024542,15.40537
1094,18.03107,33.10576,-1.023227,14.44039
1095,18.04773,33.10576,-1.023227,14.44039
1096,18.06482,29.81238,-1.320412,17.25402
1097,18.08102,27.71413,-1.626312,20.47639
1098,18.09775,39.09428,-15.27746,31.77283
1099,18.11444,39.55159,-10.74207,31.78323
1100,18.13123,24.11724,-8.338195,36.37241
1101,18.14771,24.11724,-8.338195,36.37241
1102,18.16449,-2.057868,-3.841551,36.46112
1103,18.18164,1.45176,-2.448128,35.07155
1104,18.19772,-3.006336,-2.250777,33.91309
1105,18.2146,-3.369765,-2.535639,37.66595
1106,18.23105,-2.909935,-1.905811,32.52497
1107,18.24768,-2.909935,-1.905811,32.52497
1108,18.26465,-2.430978,-1.401882,27.17156
1109,18.28107,-2.546676,-9.370828,28.46474
1110,18.29767,-2.193266,-13.61051,24.5146
1111,18.31445,-2.375493,-13.70852,26.5514
1112,18.33099,-8.850097,-3.28363,27.07027
1113,18.34775,-8.850097,-3.28363,27.07027
1114,18.36435,-1.656528,-0.6039224,17.7495
1115,18.38171,-1.861937,-10.09761,20.61337
1116,18.39792,-1.773696,-9.09764,19.64293
1117,18.41464,-0.936102,-4.654926,10.36695
1118,18.43155,5.644607,-11.99166,16.07065
1119,18.44766,5.644607,-11.99166,16.07065
1120,18.46481,6.016848,-10.4601,23.86688
1121,18.48102,-0.3768733,-16.45349,28.51878
1122,18.49799,10.81591,-19.52913,26.88677
1123,18.51447,-1.143701,-15.62661,22.49609
1124,18.53149,-0.5170494,-18.92346,30.59565
1125,18.5477,-0.5170494,-18.92346,30.59565
1126,18.56476,12.89703,-19.64899,22.76577
1127,18.58102,22.71451,-12.69926,23.5491
1128,18.59775,17.82956,-5.592454,18.19409
1129,18.61432,29.89323,-4.820122,30.19359
1130,18.6315,25.06951,0.1651174,28.37617
1131,18.64761,25.06951,0.1651174,28.37617
1132,18.66504,-0.2950426,-2.257774,32.84605
1133,18.68149,-2.162213,-8.90039,33.40496
1134,18.69766,-2.031332,0.6595916,31.22272
1135,18.71448,-1.480281,8.062057,22.75221
1136,18.73145,-1.218428,0.6273013,18.72747
1137,18.74768,-1.218428,0.6273013,18.72747
1138,18.7652,8.434985,-3.142306,14.28975
1139,18.78094,23.10158,-2.950515,22.2529
1140,18.79773,28.88457,0.5212776,16.64207
1141,18.81436,23.8853,2.612666,20.89092
1142,18.83096,-0.5629328,-1.017498,20.68153
1143,18.84775,-0.5629328,-1.017498,20.68153
1144,18.86438,-8.020439,0.7347655,15.8266
1145,18.88095,-8.731014,1.015628,20.47938
1146,18.89767,-5.530048,13.11555,10.69619
1147,18.91486,-2.953241,0.7897986,13.63945
1148,18.93118,-0.0957507,0.07602541,1.444412
1149,18.94769,-0.0957507,0.07602541,1.444412
1150,18.96564,-0.1192893,-7.324674,2.084782
1151,18.98099,-0.4514975,-0.6317742,7.890697
1152,18.99756,-0.1552196,0.1427722,2.71273
1153,19.01434,0.002126602,0.1416925,2.597181
1154,19.03091,0.09233711,0.02109414,0.3888865
1155,19.04758,0.09233711,0.02109414,0.3888865
1156,19.0643,2.002252,0.07680361,1.486872
1157,19.08093,8.569433,0.0004629758,0.4738881
1158,19.09775,12.39415,0.02158127,1.041978
1159,19.11432,17.61446,0.7470833,14.01248
1160,19.1311,20.50243,0.4258448,8.381357
1161,19.14761,20.50243,0.4258448,8.381357
1162,19.16437,14.0896,0.8083325,13.86552
1163,19.18088,10.36193,0.7533954,12.45779
1164,19.19757,18.87094,0.5365129,9.174119
1165,19.21423,14.98404,0.6396546,10.40284
1166,19.23154,24.76597,0.7705783,12.51975
1167,19.24765,24.76597,0.7705783,12.51975
1168,19.26431,18.4746,1.241978,18.41271
1169,19.28113,12.32654,1.100685,15.71398
1170,19.29788,15.72024,1.649014,22.66963
1171,19.31427,9.620312,2.284697,29.8962
1172,19.33099,-0.8735663,2.570455,31.93995
1173,19.34766,-0.8735663,2.570455,31.93995
1174,19.36441,-9.25345,2.404696,27.11555
1175,19.38123,-0.7992414,2.191859,24.04139
1176,19.39755,-0.558494,1.764005,18.8407
1177,19.41449,-0.5775036,1.865862,19.50029
1178,19.43091,-0.640377,1.744913,21.62342
1179,19.44766,-0.640377,1.744913,21.62342
1180,19.46429,-0.7098404,2.480036,23.96897
1181,19.48099,-2.126092,-1.43225,20.31044
1182,19.49756,-4.671795,-7.532475,23.48932
1183,19.51422,-0.7227641,-5.959985,23.17421
1184,19.53094,-0.4378655,-14.40966,25.41055
1185,19.54761,-0.4378655,-14.40966,25.41055
1186,19.56461,17.40727,-5.197917,20.9417
1187,19.58142,13.49989,0.5061632,12.68827
1188,19.59756,4.820028,0.9666575,7.944275
1189,19.61423,7.568149,1.147699,1.060979
1190,19.63116,5.555683,0.07408285,0.6521765
1191,19.64755,5.555683,0.07408285,0.6521765
1192,19.66434,9.863667,0.9110537,7.453141
1193,19.68088,16.39298,-9.142776,6.656923
1194,19.69757,18.43643,-16.33929,11.71664
1195,19.71481,22.63252,-19.35776,12.53563
1196,19.73093,23.65216,-16.2566,16.5036
1197,19.74756,23.65216,-16.2566,16.5036
1198,19.76419,12.6952,0.2726796,3.955585
1199,19.78128,1.000506,1.757239,13.1813
1200,19.79752,2.223075,0.2582042,1.947487
1201,19.81421,8.959334,0.002948613,0.0993668
1202,19.8309,5.777102,1.777517e-05,0.04764444
1203,19.84753,5.777102,1.777517e-05,0.04764444
1204,19.86475,17.67888,0.2520804,1.978113
1205,19.88086,4.681393,1.354177,10.00422
1206,19.89752,4.331481,0.5595437,4.117893
1207,19.91422,0.008293093,0.5450546,3.968085
1208,19.93106,-0.006587277,2.066053,1.504474
1209,19.94751,-0.006587277,2.066053,1.504474
1210,19.96417,-0.6711991,3.169361,12.81939
1211,19.9808,-0.04532414,5.039248,8.645388
1212,19.99753,-0.0104161,8.209165,2.108538
1213,20.0141,-3.791677e-05,3.722244,0.007669868
1214,20.03085,-0.003794018,4.129415,0.7688874
1215,20.04749,-0.003794018,4.129415,0.7688874
1216,20.06412,-0.0008203312,41.78613,0.1662465
1217,20.08084,-7.707345,44.45052,0.9004209
1218,20.0975,-15.731,43.12743,11.98507
1219,20.1142,-6.635329,32.02268,7.829819
1220,20.13089,-0.3166149,14.94113,5.527968
1221,20.14755,-0.3166149,14.94113,5.527968
1222,20.16422,14.63672,1.164037,4.065291
1223,20.18085,9.510562,1.869177,10.2795
1224,20.19754,11.26552,1.678992,10.83884
1225,20.21417,0.5890102,1.255516,8.003725
1226,20.23087,-0.02132437,0.6150233,4.507336
1227,20.24759,-0.02132437,0.6150233,4.507336
1228,20.26416,-0.07682149,2.315287,14.37089
1229,20.28076,-0.05589221,1.697625,10.45567
1230,20.28864,15.56732,1.825056,11.25358
1231,20.29755,11.83433,2.587185,15.77591
1232,20.31415,2.65017,-5.143425,10.39442
1233,20.33078,2.65017,-5.143425,10.39442
1234,20.34756,4.111087,-7.994647,10.27767
1235,20.36411,2.178526,-12.63471,6.926272
1236,20.38077,4.567595,-1.539733,2.565126
1237,20.3974,11.03815,-5.039034,18.84072
1238,20.41415,8.486116,0.80325,16.19763
1239,20.43069,8.486116,0.80325,16.19763
1240,20.44757,0.05634983,1.13739,6.497087
1241,20.46457,0.02583816,1.582744,8.919204
1242,20.48077,-8.4379,0.2969046,1.68606
1243,20.49738,-10.94285,0.4777481,2.68945
1244,20.51419,-0.09063085,-0.3645557,0.1039045
1245,20.53101,-0.09063085,-0.3645557,0.1039045
1246,20.54742,0.0006219168,-1.376842,0.3036558
1247,20.56412,15.45307,0.6417189,3.564341
1248,20.58075,5.851536,-11.6965,7.888414
1249,20.59741,0.6865401,-2.869656,12.48418
1250,20.6142,-7.859615,2.014193,11.16003
1251,20.63083,-7.859615,2.014193,11.16003
1252,20.6474,-0.8258822,8.931821,6.043615
1253,20.66406,0.03638475,3.12084,16.24199
1254,20.68076,0.04027785,3.091751,16.33436
1255,20.69736,2.298269,2.59008,27.12546
1256,20.71408,0.153442,-6.201745,49.91414
1257,20.73068,0.153442,-6.201745,49.91414
1258,20.74765,-23.09861,-8.221418,51.85596
1259,20.76422,-26.47587,-5.514839,54.70208
1260,20.78067,-26.51564,-0.9406295,49.74691
1261,20.79739,-16.04128,5.140587,32.6309
1262,20.81409,-5.394063,3.155031,22.66487
1263,20.83075,-5.394063,3.155031,22.66487
1264,20.84738,9.393007,-0.8549428,2.597476
1265,20.86407,0.09611885,0.05610673,0.2666337
1266,20.88074,0.009034777,7.101448,-1.207929
1267,20.89734,0.02400091,16.29757,-3.432994
1268,20.91425,0.08759956,12.62286,-12.53124
1269,20.93076,0.08759956,12.62286,-12.53124
1270,20.94748,13.66113,9.902888,-3.7363
1271,20.96405,15.79188,0.8606065,-1.194522
1272,20.9808,20.29272,0.005187777,0.04247413
1273,20.98865,18.13649,0.4274763,1.856145
1274,20.99777,0.1077927,-1.129642,1.291023
1275,21.01401,0.1077927,-1.129642,1.291023
1276,21.03067,-0.00811258,3.001111,6.578703
1277,21.04742,-3.553012e-05,0.01314376,0.02881231
1278,21.06418,9.083735,7.923123e-05,0.003908904
1279,21.08078,19.5266,-0.3173349,-0.2242493
1280,21.09732,23.29009,-0.00138981,-0.0774918
1281,21.11401,23.29009,-0.00138981,-0.0774918
1282,21.13071,25.31239,1.616024,6.649033
1283,21.14731,24.25593,1.136453,4.536775
1284,21.16409,18.70484,3.719888,15.3475
1285,21.18073,20.17163,2.528922,10.24052
1286,21.19727,14.33839,-6.059444,7.832767
1287,21.21405,14.33839,-6.059444,7.832767
1288,21.23062,-5.531842,2.850835,21.46652
1289,21.24747,-6.442513,-2.561354,35.60419
1290,21.2644,-15.61025,2.023889,24.43831
1291,21.28076,-13.24459,-3.208509,28.45009
1292,21.29761,0.01294895,-2.268078,26.60573
1293,21.31406,0.01294895,-2.268078,26.60573
1294,21.33063,8.700586,-3.945969,21.32009
1295,21.34729,0.4278525,-9.839996,31.59558
1296,21.36401,0.4632466,-8.124048,38.81969
1297,21.38062,-1.284005,-10.67716,38.72233
1298,21.39734,-14.12451,-9.844601,44.36708
1299,21.41409,-14.12451,-9.844601,44.36708
1300,21.43063,-18.29583,-9.302937,37.89608
1301,21.44736,-5.14544,-7.505067,26.3085
1302,21.46399,-15.95102,5.446713,21.1727
1303,21.48068,-27.02145,5.393596,17.82544
1304,21.49759,-20.95893,12.05096,14.20876
1305,21.51401,-20.95893,12.05096,14.20876
1306,21.53064,-5.518235,1.087959,-0.1350962
1307,21.54733,-0.06303202,0.01242358,-0.001547859
1308,21.5639,12.05147,5.441073e-05,0.01981601
1309,21.58078,9.260671,4.514401e-07,0.007615905
1310,21.59732,0.7570395,0.7627195,2.477486
1311,21.61389,0.7570395,0.7627195,2.477486
1312,21.63055,-13.22923,1.118109,4.77837
1313,21.64728,-14.95252,0.006740016,-0.007988149
1314,21.66409,-23.03333,12.58305,-2.504589
1315,21.68085,-8.919058,-3.75244,-12.39625
1316,21.69727,-0.7507278,-4.23633,-14.23997
1317,21.71402,-0.7507278,-4.23633,-14.23997
1318,21.73065,6.450764,-12.68137,-18.53534
1319,21.74728,15.99056,-3.022088,-9.798551
1320,21.76382,21.03575,-0.351133,-0.6053848
1321,21.78058,16.88089,-0.03081456,-0.08651978
1322,21.79721,17.86203,-1.028083,-3.442903
1323,21.81396,17.86203,-1.028083,-3.442903
1324,21.83109,16.96943,-1.054426,-3.596331
1325,21.84729,12.29826,-0.004617998,-0.08624437
1326,21.86401,18.85409,-3.831505e-05,-0.147434
1327,21.88062,18.28554,-2.309649e-07,-0.1729428
1328,21.89731,15.56271,5.058866,15.26787
1329,21.91406,15.56271,5.058866,15.26787
1330,21.93069,12.30076,8.146002,25.04799
1331,21.94733,24.11522,9.811359,28.70104
1332,21.96393,19.5702,22.15504,23.80082
1333,21.98065,9.178025,22.86834,18.84022
1334,21.99728,14.14454,11.64203,16.11264
1335,22.01416,14.14454,11.64203,16.11264
1336,22.03073,10.50181,8.821306,24.29919
1337,22.04724,2.386877,16.20294,23.83266
1338,22.0639,0.4906209,13.04733,20.95214
1339,22.08057,0.3654955,15.88651,15.86746
1340,22.09726,1.596788,23.34119,12.08782
1341,22.11401,1.596788,23.34119,12.08782
1342,22.13068,0.2865001,20.23269,11.38116
1343,22.14722,-12.11457,12.61404,6.932728
1344,22.16406,-5.460166,18.69224,14.08136
1345,22.1806,-19.38974,17.55769,7.541933
1346,22.19724,-17.09168,11.58684,9.579986
1347,22.21384,-17.09168,11.58684,9.579986
1348,22.23087,-8.054751,0.07516718,0.173797
1349,22.24725,-18.6823,0.0003292047,0.2767726
1350,22.26395,-9.839144,-2.243963,-6.259524
1351,22.28052,-15.38283,-0.4706264,-1.147294
1352,22.28864,-13.83427,-0.003904738,0.148143
1353,22.29727,-13.83427,-0.003904738,0.148143
1354,22.31384,-3.538591,0.008080406,0.03463684
1355,22.33044,-0.02935932,6.704228e-05,0.0002873782
1356,22.34723,0.1319907,2.427288,12.85166
1357,22.36447,0.1500895,-0.4794977,14.59977
1358,22.38058,0.1024389,2.729113,9.964553
1359,22.3974,0.1024389,2.729113,9.964553
1360,22.41379,-1.823687,3.7244,10.49735
1361,22.43079,-6.639757,12.67696,12.1139
1362,22.44714,-1.83088,0.9006855,1.909161
1363,22.4639,-0.0005110044,0.3305883,0.9215167
1364,22.48059,12.34465,0.001447856,-0.102565
1365,22.49731,12.34465,0.001447856,-0.102565
1366,22.51382,12.21903,-0.01532243,-0.1323908
1367,22.53052,23.12378,-2.651021,-7.744853
1368,22.54718,22.2771,-4.151269,-12.0361
1369,22.56375,30.65396,-5.079957,-14.94963
1370,22.58051,35.61565,-6.609527,-19.61636
1371,22.59714,35.61565,-6.609527,-19.61636
1372,22.61389,44.92982,-5.831803,-18.24792
1373,22.63058,62.66081,-7.500738,-21.10112
1374,22.64716,57.30048,-4.130005,-14.46108
1375,22.66388,55.9439,-1.895101,-8.19825
1376,22.68073,39.70827,-3.468288,-12.31329
1377,22.69711,39.70827,-3.468288,-12.31329
1378,22.7139,37.0526,-0.03672649,-2.290531
1379,22.73087,22.35242,-7.81516,-0.444016
1380,22.74759,5.539425,-0.1514437,-0.3205147
1381,22.76379,0.2651645,0.3292696,0.9652888
1382,22.78043,-9.435737,2.980949,9.449655
1383,22.79709,-9.435737,2.980949,9.449655
1384,22.81372,0.5185188,-10.33968,9.235019
1385,22.83044,0.7872128,1.539226,12.66599
1386,22.8472,3.717257,-8.224265,16.11325
1387,22.86383,8.357867,-15.07024,11.73018
1388,22.88065,20.02025,-9.338033,24.54367
1389,22.89719,20.02025,-9.338033,24.54367
1390,22.91379,1.689036,-10.13776,25.78962
1391,22.93048,-9.054982,-20.18286,22.58637
1392,22.94711,-16.27809,-13.87539,18.43089
1393,22.94864,0.3613956,-10.00064,8.735057
1394,22.96371,0.9655953,4.295979,15.04583
1395,22.9805,0.9655953,4.295979,15.04583
1396,22.99716,9.721546,0.9793818,2.089541
1397,23.01376,0.3565452,0.2502445,0.6730264
1398,23.03036,0.3579305,0.001508487,-0.01967894
1399,23.04709,-2.43417,-3.041512,-8.316831
1400,23.06369,-0.6787946,-3.618398,-10.06716
1401,23.08044,-0.6787946,-3.618398,-10.06716
1402,23.09708,16.08624,1.580189,-24.34458
1403,23.11374,8.894739,-1.496306,-19.65662
1404,23.13034,-1.789726,3.108859,-28.6517
1405,23.1474,-2.779049,1.841861,-41.1651
1406,23.16431,-2.645024,7.359646,-39.16304
1407,23.18033,-2.645024,7.359646,-39.16304
1408,23.19705,17.68375,2.475446,-45.11617
1409,23.21381,26.38492,7.705333,-44.44204
1410,23.23041,17.22936,9.804044,-40.03949
1411,23.24713,17.09573,3.657733,-38.51407
1412,23.26364,9.544568,-9.549783,-37.64475
1413,23.28046,9.544568,-9.549783,-37.64475
1414,23.29715,-18.57513,-8.985825,-29.14206
1415,23.31372,-15.09773,-8.973006,-29.33805
1416,23.33035,-10.68453,-7.566204,-23.09153
1417,23.34711,-2.241325,-8.40806,-29.69795
1418,23.36374,4.983212,-5.690306,-20.8167
1419,23.38037,4.983212,-5.690306,-20.8167
1420,23.397,21.6564,-5.785395,-22.93824
1421,23.41373,16.64581,-8.524466,-19.32236
1422,23.43048,19.41384,-6.206965,-23.28595
1423,23.44699,4.67199,-6.993899,-26.50093
1424,23.46371,-1.924999,-6.776951,-23.68956
1425,23.48059,-1.924999,-6.776951,-23.68956
1426,23.49701,-5.146624,-5.972744,-22.98454
1427,23.5137,-6.394935,-6.054347,-23.44622
1428,23.53033,-1.419188,-4.486647,-16.68661
1429,23.54706,-1.453439,-5.39505,-17.54326
1430,23.56369,-0.8006513,-4.308169,-17.44918
1431,23.56863,-0.8006513,-4.308169,-17.44918
1432,23.58035,1.883166,-1.74584,-7.369248
1433,23.59705,-0.419064,-3.02786,-12.58156
1434,23.6138,-1.316559,-7.403435,-15.53876
1435,23.63028,-1.208145,-3.406113,-14.22865
1436,23.64697,-0.323681,-0.9050282,-3.812042
1437,23.6637,-0.323681,-0.9050282,-3.812042
1438,23.68027,-0.2225672,-0.5162774,-2.621208
1439,23.69711,6.225581,-0.003112144,-0.549688
1440,23.71365,7.09767,-2.582113e-05,-0.6174969
1441,23.73032,10.39601,1.67413,6.217985
1442,23.74698,1.521954,3.767785,15.76982
1443,23.76364,1.521954,3.767785,15.76982
1444,23.78046,2.006872,5.813663,23.75532
1445,23.79694,1.569213,13.18872,25.1091
1446,23.81381,14.91385,8.188999,31.17927
1447,23.83023,23.79374,11.30567,41.99585
1448,23.84692,15.9346,11.85254,43.74098
1449,23.86371,15.9346,11.85254,43.74098
1450,23.88034,13.4513,9.959518,37.83714
1451,23.89691,3.531411,10.13122,35.97503
1452,23.91364,3.688936,11.42143,39.74068
1453,23.93024,3.417715,8.804023,36.83482
1454,23.94705,2.912605,9.316475,31.39103
1455,23.96362,2.912605,9.316475,31.39103
1456,23.98026,0.819456,10.80713,35.42938
1457,23.99689,0.341059,-3.927023,30.43396
1458,24.01373,2.413989,-1.966198,29.33776
1459,24.03091,2.882566,-0.1438799,33.82537
1460,24.04706,2.642762,-2.780056,29.14614
1461,24.06369,2.642762,-2.780056,29.14614
1462,24.08026,-0.960224,-4.056209,29.77573
1463,24.09698,-11.76007,6.524063,28.97079
1464,24.11356,-16.80472,-2.610237,34.39456
1465,24.13028,-16.78644,7.138779,30.5785
1466,24.14697,-24.245,3.169343,35.15065
1467,24.16394,-24.245,3.169343,35.15065
1468,24.1803,-13.40576,-3.073953,31.30125
1469,24.19702,-7.887476,-8.778598,29.91733
1470,24.21359,2.149295,-9.593777,28.39199
1471,24.23032,1.876029,-13.11524,23.844
1472,24.24689,1.54488,-12.27769,19.6298
1473,24.26352,1.54488,-12.27769,19.6298
1474,24.28021,2.063229,-17.60702,26.21609
1475,24.29688,0.06855092,-24.88007,17.99728
1476,24.31354,-0.9294135,-19.7437,23.50222
1477,24.33023,-7.987445,-16.71888,18.72729
1478,24.34698,1.744802,-6.602998,23.30785
1479,24.36356,1.744802,-6.602998,23.30785
1480,24.38025,1.469159,-3.744099,19.17152
1481,24.39691,1.363924,0.6825851,17.79825
1482,24.41357,0.05880326,3.150448,13.8185
1483,24.43036,-0.3176014,0.545583,14.91884
1484,24.44684,0.8534498,2.558789,11.40411
1485,24.46347,0.8534498,2.558789,11.40411
1486,24.48029,1.59665,8.56496,21.17805
1487,24.49707,1.285289,2.859079,16.95514
1488,24.51352,1.641576,4.885231,21.65516
1489,24.53024,1.192464,-4.167859,15.81691
1490,24.54681,-13.04581,-10.66928,12.81906
1491,24.56345,-13.04581,-10.66928,12.81906
1492,24.58014,-25.71965,4.703446,13.55064
1493,24.59683,-20.93427,3.119908,8.808455
1494,24.61353,-8.346935,6.104863,14.99426
1495,24.63028,-8.60995,6.245494,15.28621
1496,24.64688,0.7343934,5.24036,12.25581
1497,24.66357,0.7343934,5.24036,12.25581
1498,24.68033,-11.92063,-13.14408,19.81169
1499,24.69687,-2.643008,-18.33723,16.70922
1500,24.71353,-11.7805,-0.9437034,15.86155
1501,24.73016,-12.55037,3.912487,12.22339
1502,24.74686,-17.5581,6.717143,16.34047
1503,24.76358,-17.5581,6.717143,16.34047
1504,24.78015,-0.003784,7.225067,-0.05587438
1505,24.79681,2.514437,13.44767,-2.159449
1506,24.81351,3.658523,0.05889586,-0.2362316
1507,24.83035,9.499003,0.0002579422,-0.5945216
1508,24.84683,1.600859,1.055703,2.282722
1509,24.86349,1.600859,1.055703,2.282722
1510,24.88016,4.828961,5.386961,11.74662
1511,24.89685,5.052165,6.929913,15.09725
1512,24.91354,3.729876,5.116644,11.095
1513,24.93024,14.89554,3.668306,7.091148
1514,24.94678,7.816537,3.341729,2.407338
1515,24.96362,7.816537,3.341729,2.407338
1516,24.98016,0.08365317,0.9476414,1.164528
1517,24.99677,0.6948276,5.204114,10.1021
1518,25.01355,1.55025,10.42825,22.53979
1519,25.03024,2.113105,14.33309,30.7234
1520,25.04688,2.23815,13.90641,29.54238
1521,25.06351,2.23815,13.90641,29.54238
1522,25.06863,1.320632,9.124485,19.08654
1523,25.08011,0.4865626,3.379035,7.032114
1524,25.09686,0.8367007,6.90986,14.33057
1525,25.11343,-0.1874651,6.235953,12.97029
1526,25.1301,0.602703,4.309183,8.884797
1527,25.14691,0.602703,4.309183,8.884797
1528,25.16348,0.6496546,4.637814,9.502707
1529,25.18042,0.1955421,-5.801465,2.860256
1530,25.19678,0.1138178,-9.249581,1.664849
1531,25.21356,0.0006860989,-0.05575692,0.01003579
1532,25.23007,3.004861e-06,-0.0002441948,4.395306e-05
1533,25.24677,3.004861e-06,-0.0002441948,4.395306e-05
1534,25.26349,-1.400682,-9.947608,-20.48823
1535,25.28015,-1.500547,-24.21808,-21.94898
1536,25.29691,12.40114,-15.78686,-18.87084
1537,25.31348,11.32669,-16.85336,-21.16753
1538,25.33014,30.25844,-10.55199,-18.70563
1539,25.34674,30.25844,-10.55199,-18.70563
1540,25.36346,45.53732,-17.00614,-12.73504
1541,25.3801,57.02383,-23.81896,-14.85273
1542,25.39673,53.75858,-30.4875,-10.46711
1543,25.41336,48.58537,-27.81502,-10.09843
1544,25.43002,49.42059,-29.09776,-7.169826
1545,25.44678,49.42059,-29.09776,-7.169826
1546,25.46338,49.41937,-23.37029,-14.30927
1547,25.48004,47.8301,-14.40131,-3.536329
1548,25.4967,60.06279,-18.85309,-4.654804
1549,25.5134,77.46716,-27.13619,-6.109271
1550,25.53009,92.04499,-35.64504,-6.980834
1551,25.54669,92.04499,-35.64504,-6.980834
1552,25.56354,70.10835,-27.19975,-7.241882
1553,25.58008,61.43554,-21.14123,-7.065124
1554,25.59683,39.79124,-14.90188,-4.653851
1555,25.61349,34.43571,-0.08982924,-5.488039
1556,25.63007,6.094413,-0.0005414949,-0.9806117
1557,25.64673,6.094413,-0.0005414949,-0.9806117
1558,25.66339,-10.50333,-0.08684457,1.495901
1559,25.68002,-13.8783,1.018986,2.105832
1560,25.69672,-23.26937,8.853648,1.771208
1561,25.71362,-27.63397,7.036267,1.724422
1562,25.73016,-28.94813,11.85883,-9.238569
1563,25.7468,-28.94813,11.85883,-9.238569
1564,25.76331,-38.81875,7.997111,-8.948519
1565,25.78018,-27.77592,10.39195,0.9437874
1566,25.79666,-41.91582,14.13178,-0.715809
1567,25.81357,-45.92858,17.79827,-1.678223
1568,25.83005,-54.26787,15.62059,-7.287684
1569,25.84677,-54.26787,15.62059,-7.287684
1570,25.86331,-29.6688,22.58657,-10.75567
1571,25.88016,-17.58561,19.24429,-4.732325
1572,25.89679,-1.386853,5.034262,-10.69319
1573,25.91333,3.45932,-5.078754,-13.2754
1574,25.93002,3.200796,-8.322938,-19.25963
1575,25.94672,3.200796,-8.322938,-19.25963
1576,25.96332,2.171832,-4.869266,-11.42778
1577,25.98004,-2.537123,-8.975818,-20.38356
1578,25.9967,-1.881276,-5.527851,-15.02189
1579,26.01337,10.73694,-6.889649,-18.76709
1580,26.02994,6.738177,-7.853475,-19.30438
1581,26.04672,6.738177,-7.853475,-19.30438
1582,26.06335,31.78229,-5.326699,-16.83785
1583,26.07999,36.82152,-4.152069,-14.89646
1584,26.09665,39.86966,-2.364907,-11.24632
1585,26.11334,32.77273,-2.285434,-10.17777
1586,26.1301,22.21426,-5.962211,-17.62355
1587,26.14667,22.21426,-5.962211,-17.62355
1588,26.16333,17.35981,-1.315968,-5.803897
1589,26.18002,18.01013,-2.120334,-7.887086
1590,26.19666,-0.4210401,-1.480185,-3.549235
1591,26.21329,-2.055895,-5.678827,-13.59831
1592,26.23007,-13.51849,6.734634,-4.604762
1593,26.24704,-13.51849,6.734634,-4.604762
1594,26.26334,-7.968824,3.684193,-6.687895
1595,26.28018,-19.32494,5.914404,1.938654
1596,26.2966,-0.3239094,10.4594,-1.411408
1597,26.31329,-0.05293457,2.626726,-0.3596084
1598,26.32993,17.82911,0.2118869,-2.120918
1599,26.34668,17.82911,0.2118869,-2.120918
1600,26.36331,-15.55939,3.658013,11.2445
1601,26.38007,-36.81127,15.2031,4.128163
1602,26.39676,-38.73216,18.14846,11.99835
1603,26.4133,-35.01542,9.372274,3.43212
1604,26.42993,-22.61828,9.769681,1.545729
1605,26.44656,-22.61828,9.769681,1.545729
1606,26.46338,4.465775,24.6106,-3.282868
1607,26.47995,23.92059,28.57526,5.456542
1608,26.49667,34.68971,22.12336,9.217938
1609,26.51337,26.75368,16.2487,4.08035
1610,26.53003,13.38835,25.98709,16.43027
1611,26.54697,13.38835,25.98709,16.43027
1612,26.56326,7.094769,19.64666,6.010158
1613,26.57999,6.91978,9.972448,9.184114
1614,26.59671,5.841045,9.808248,12.32477
1615,26.61322,9.485679,15.25595,9.168922
1616,26.62991,7.262076,7.106987,13.66375
1617,26.64658,7.262076,7.106987,13.66375
1618,26.66324,2.293569,6.547801,14.87163
1619,26.68005,0.689631,0.9282745,2.050529
1620,26.69656,0.2040952,0.6062449,1.372277
1621,26.71335,14.47168,2.195821,9.25439
1622,26.73004,12.41349,4.492218,8.494807
1623,26.74658,12.41349,4.492218,8.494807
1624,26.76334,1.19381,3.552715,7.924882
1625,26.77994,1.138302,3.428632,7.632986
1626,26.7966,0.3781275,1.649224,2.535679
1627,26.81326,1.257267,3.797682,8.431102
1628,26.82993,0.9169388,2.771116,6.148898
1629,26.84653,0.9169388,2.771116,6.148898
1630,26.86325,-16.54159,4.544797,12.7064
1631,26.87991,-2.839443,7.018554,16.18128
1632,26.89655,-2.815172,3.698622,8.691752
1633,26.9133,0.4308046,3.226502,7.134153
1634,26.93015,0.1911707,2.983628,8.286036
1635,26.94656,0.1911707,2.983628,8.286036
1636,26.9632,1.992797,6.256119,13.53413
1637,26.97989,2.202791,7.000165,15.02546
1638,26.99652,-11.54017,3.642692,9.642306
1639,27.01318,-7.371268,2.251194,5.976586
1640,27.02997,-3.961097,0.0135703,0.6003069
1641,27.04651,-3.961097,0.0135703,0.6003069
1642,27.06323,1.101201,1.62622,7.677808
1643,27.0799,8.664356,5.187783,11.63344
1644,27.0965,2.570858,8.359695,17.63038
1645,27.11322,1.84953,6.113012,12.83571
1646,27.12985,2.051635,7.768108,16.26628
1647,27.14651,2.051635,7.768108,16.26628
1648,27.16321,9.338424,8.030684,15.58278
1649,27.16864,5.279637,8.604457,17.29836
1650,27.17987,7.076579,3.642868,6.586721
1651,27.19659,2.66466,0.6384229,6.710612
1652,27.21329,2.207931,-2.094913,13.57145
1653,27.22983,2.207931,-2.094913,13.57145
1654,27.24661,0.52588,-3.481918,3.587115
1655,27.26315,-2.604401,-1.593975,8.087788
1656,27.27994,0.344007,1.204405,2.466798
1657,27.29654,0.0206006,0.07042383,0.1414223
1658,27.31314,0.03386464,0.1156567,0.231666
1659,27.32983,0.03386464,0.1156567,0.231666
1660,27.34647,12.21684,3.05343e-06,-1.81153
1661,27.36313,23.23945,-0.7203908,-3.367853
1662,27.37973,9.703182,-3.725839,-0.8641905
1663,27.39655,18.78505,-3.48015,6.845198
1664,27.41324,27.34465,-1.946223,-3.859285
1665,27.42981,27.34465,-1.946223,-3.859285
1666,27.44653,24.53802,-10.52002,10.37601
1667,27.46362,14.28816,-21.89597,11.18737
1668,27.47977,3.911027,-20.10384,18.90238
1669,27.49652,-7.334106,-14.02287,39.8194
1670,27.51312,-8.464763,-14.4111,33.96584
1671,27.52985,-8.464763,-14.4111,33.96584
1672,27.54651,-9.678968,-13.20254,31.62588
1673,27.56311,0.1462907,-12.08426,27.56751
1674,27.57974,-13.09709,-7.78825,41.54288
1675,27.59647,6.917916,-3.990875,45.4325
1676,27.61337,8.696591,-3.974393,55.80809
1677,27.62979,8.696591,-3.974393,55.80809
1678,27.64658,27.46684,-1.440067,49.74997
1679,27.66312,18.59665,0.4834704,48.56815
1680,27.67978,24.15562,-2.196896,37.86719
1681,27.6965,15.55738,4.154566,32.74166
1682,27.71326,24.11724,5.563692,28.75279
1683,27.7298,24.11724,5.563692,28.75279
1684,27.74655,23.34682,12.72739,17.39115
1685,27.76309,34.9002,12.20257,14.37158
1686,27.77979,43.90122,-2.084579,13.2706
1687,27.79657,54.45806,4.222633,14.80064
1688,27.81314,56.97604,6.341916,14.16794
1689,27.8298,56.97604,6.341916,14.16794
1690,27.84641,44.02087,-4.339032,3.522475
1691,27.86313,49.45905,-3.984878,3.750838
1692,27.87979,56.17361,-0.772258,-1.847343
1693,27.89645,55.62338,0.5611895,-2.2589
1694,27.91309,50.51244,-2.580784,-3.006212
1695,27.92978,50.51244,-2.580784,-3.006212
1696,27.94662,73.17621,1.996981,-8.598567
1697,27.96304,79.78188,-3.04362,-3.539942
1698,27.97968,71.2622,-6.561288,1.534254
1699,27.99667,54.11934,-15.87338,7.89385
1700,28.01306,44.90993,-19.33168,3.825152
1701,28.02982,44.90993,-19.33168,3.825152
1702,28.04645,40.82547,-6.415089,3.851643
1703,28.06314,33.1864,-9.060846,15.5634
1704,28.07983,41.6897,-3.165544,13.65793
1705,28.09647,37.78241,-2.753016,-2.424849
1706,28.11316,29.60855,0.4103531,-1.192921
1707,28.12985,29.60855,0.4103531,-1.192921
1708,28.14651,63.91709,12.01678,5.894583
1709,28.16309,64.40992,7.358067,7.118369
1710,28.17975,47.29486,9.677977,1.633404
1711,28.19647,28.70867,0.0583393,-7.937803
1712,28.21317,8.232076,-7.732219,-15.57544
1713,28.22974,8.232076,-7.732219,-15.57544
1714,28.24643,18.1977,-13.95265,-29.70704
1715,28.26309,14.33039,-12.6693,-29.762
1716,28.27979,15.03395,-10.09229,-32.38467
1717,28.29642,21.90169,-6.208252,-41.42543
1718,28.31308,1.181941,-2.016608,-38.08627
1719,28.32971,1.181941,-2.016608,-38.08627
1720,28.3465,-1.893354,22.57516,-59.17527
1721,28.3631,-7.571546,23.71355,-54.57231
1722,28.38016,1.578937,9.358163,-52.75741
1723,28.39642,-3.417868,9.177904,-42.87965
1724,28.41306,-13.38536,4.968196,-48.37644
1725,28.42972,-13.38536,4.968196,-48.37644
1726,28.44644,-33.50457,-7.701785,-74.55635
1727,28.46307,-39.36409,-20.36362,-63.16823
1728,28.47968,-34.76377,-32.07765,-53.72279
1729,28.49646,-24.39179,-25.47197,-42.48672
1730,28.51303,-15.2974,-15.29752,-46.77862
1731,28.52991,-15.2974,-15.29752,-46.77862
1732,28.54639,-18.20475,-5.651192,-61.9352
1733,28.56293,-18.19025,-20.06773,-61.9081
1734,28.57968,-16.63281,-11.7883,-56.60764
1735,28.59644,-19.88432,-16.957,-67.67373
1736,28.61301,-28.97226,-11.96006,-59.27829
1737,28.62967,-28.97226,-11.96006,-59.27829
1738,28.64636,-15.44251,-9.018086,-47.70774
1739,28.66299,-13.28644,0.1929099,-45.73006
1740,28.67969,-9.550011,11.05609,-32.90182
1741,28.69635,-9.867946,20.30081,-33.99738
1742,28.71326,-8.222799,17.75809,-28.32946
1743,28.72971,-8.222799,17.75809,-28.32946
1744,28.74637,-44.20235,12.33962,-41.70043
1745,28.763,-37.8433,8.247899,-35.83424
1746,28.77972,-33.55498,-6.958732,-28.06339
1747,28.79626,-14.5682,-12.96431,-31.2406
1748,28.81299,-6.415023,-5.732438,-13.32001
1749,28.82968,-6.415023,-5.732438,-13.32001
1750,28.84625,-5.148806,-6.848884,-18.38631
1751,28.86301,-5.569493,-7.950416,-19.88895
1752,28.87961,-3.712959,-5.269648,-13.25917
1753,28.89627,-2.733738,5.842951,-9.762321
1754,28.91296,-2.107919,11.77637,-7.527489
1755,28.92963,-2.107919,11.77637,-7.527489
1756,28.94629,-5.804917,19.60573,-2.919161
1757,28.96301,-12.23717,16.78333,-4.848709
1758,28.97961,-23.04941,6.834439,-11.0144
1759,28.99631,-18.80702,-0.9455903,-9.297358
1760,29.01303,-23.31395,7.368703,-19.43313
1761,29.0296,-23.31395,7.368703,-19.43313
1762,29.0463,-35.46468,9.306787,-19.72311
1763,29.06369,-23.75626,6.278161,-8.908127
1764,29.07965,-9.77132,9.299636,-11.24595
1765,29.09625,-2.715286,15.3901,-2.282387
1766,29.11295,-7.672969,17.45303,-1.345752
1767,29.12961,-7.672969,17.45303,-1.345752
1768,29.14627,-21.66129,-0.4142295,3.023599
1769,29.16296,-28.42282,-3.486306,-2.705865
1770,29.17972,-19.30583,-1.283894,1.267299
1771,29.19638,-13.49899,-0.09677613,3.183962
1772,29.21292,-10.07446,3.109498,11.57404
1773,29.22958,-10.07446,3.109498,11.57404
1774,29.24625,-25.56419,8.220298,8.653131
1775,29.26309,-34.3884,0.04955234,8.509114
1776,29.27972,-33.73872,0.0002170211,8.217398
1777,29.29626,-31.67551,9.504726e-07,7.604534
1778,29.31302,-35.30689,5.729493e-09,8.384267
1779,29.32968,-35.30689,5.729493e-09,8.384267
1780,29.34625,0.6527125,3.218324,3.155229
1781,29.36285,2.646664,4.16029,11.20853
1782,29.37961,5.439558,-5.183424,12.01041
1783,29.39621,3.275083,5.096718,13.77601
1784,29.41293,-12.55549,7.926624,25.15685
1785,29.42953,-12.55549,7.926624,25.15685
1786,29.44635,-10.86902,4.245164,14.27487
1787,29.46301,-9.946431,1.525606,6.500988
1788,29.47958,-15.08689,5.621502,18.87347
1789,29.49631,3.993911,6.899433,17.90066
1790,29.51291,8.700727,3.70319,8.049503
1791,29.52957,8.700727,3.70319,8.049503
1792,29.54623,29.83865,4.705279,5.613759
1793,29.56296,19.604,6.195817,11.8506
1794,29.57953,14.34415,2.112304,2.209343
1795,29.59644,0.09886219,-0.2694854,0.06558625
1796,29.61295,-2.455259,0.03548031,0.6772398
1797,29.62863,-2.455259,0.03548031,0.6772398
1798,29.62955,3.300196,6.689856,14.04453
1799,29.64621,2.322295,13.85463,9.869776
1800,29.6629,3.507711,6.100243,14.90757
1801,29.6795,1.437537,2.484976,6.109447
1802,29.69626,-8.682975,0.5609313,3.49143
1803,29.71292,-8.682975,0.5609313,3.49143
1804,29.72958,-8.803746,0.0006464345,2.046443
1805,29.74683,-9.853474,2.831146e-06,2.275784
1806,29.76282,-1.113768,-0.1029583,-0.009524792
1807,29.77954,-0.5237371,-0.9158665,-2.250782
1808,29.79617,6.570346,-0.3683523,-2.472527
1809,29.81284,6.570346,-0.3683523,-2.472527
1810,29.82956,-3.236609,-5.6997,-14.11853
1811,29.84622,-4.428522,-5.48324,-13.36462
1812,29.86292,-17.20999,-10.97451,-25.11423
1813,29.87952,-29.80615,-12.34384,-18.86672
1814,29.89627,-33.33274,-12.72931,-21.40288
1815,29.91293,-33.33274,-12.72931,-21.40288
1816,29.92966,-7.638792,-6.048335,-14.85225
1817,29.94623,-2.558169,-3.173926,-8.149747
1818,29.96286,-2.212694,-3.782895,-9.938257
1819,29.97958,-1.657616,-3.045663,-8.060573
1820,29.99619,13.60784,-5.678161,-18.8607
1821,30.01282,13.60784,-5.678161,-18.8607
1822,30.02957,-3.554356,-5.91678,-15.89741
1823,30.0462,-0.6618653,-1.098847,-2.959917
1824,30.06284,-0.3264782,-0.540647,-1.460032
1825,30.07953,-1.437735,-2.374816,-6.429642
1826,30.09625,-4.055751,-2.645103,-6.632913
1827,30.11288,-4.055751,-2.645103,-6.632913
1828,30.12955,-6.824908,-5.506857,-14.3166
1829,30.14615,-17.43298,-14.70988,0.3503014
1830,30.16293,-1.944867,-3.0622,-8.127037
1831,30.17953,-2.073617,3.734173,-9.360838
1832,30.19614,16.02065,6.167237,-6.351075
1833,30.21277,16.02065,6.167237,-6.351075
1834,30.22943,-1.013183,-1.625038,-4.56778
1835,30.24615,-1.475459,-2.377,-6.649693
1836,30.26288,-2.170587,-13.49465,-9.782531
1837,30.27942,-10.9487,-9.395749,-19.3067
1838,30.29611,-19.36785,-7.440395,-17.97219
1839,30.31284,-19.36785,-7.440395,-17.97219
1840,30.32944,-31.60295,-0.8053505,-12.9557
1841,30.34616,-37.1991,10.10551,-10.0717
1842,30.36282,-27.57127,19.75115,-10.48091
1843,30.37952,-12.72892,7.416555,-9.733063
1844,30.39612,-2.69269,8.887823,-7.163727
1845,30.41284,-2.69269,8.887823,-7.163727
1846,30.42957,11.93176,-2.336234,-9.786296
1847,30.44611,3.79818,-4.189544,-13.78103
1848,30.46295,3.84026,-2.466209,-8.473517
1849,30.4794,-1.908912,-3.080616,-9.233194
1850,30.49628,-9.802303,-5.592223,-15.58255
1851,30.5127,-9.802303,-5.592223,-15.58255
1852,30.52948,-11.3052,-6.222061,-17.63019
1853,30.5462,-8.29317,-5.66341,-16.61928
1854,30.56287,-5.013954,-7.720794,-24.23946
1855,30.5795,2.16366,-6.221465,-20.98936
1856,30.5961,8.789664,2.936111,-24.86759
1857,30.61282,8.789664,2.936111,-24.86759
1858,30.62939,-1.348766,4.771264,-29.51741
1859,30.64603,-2.522339,1.547933,-28.08249
1860,30.66278,-5.304864,-7.517631,-25.35143
1861,30.67938,-6.004929,-8.774983,-29.83269
1862,30.69604,-5.335814,-7.388148,-25.3824
1863,30.71286,-5.335814,-7.388148,-25.3824
1864,30.72943,-5.632439,-7.254034,-25.49808
1865,30.74622,-13.87086,-7.220106,-23.99151
1866,30.76279,-10.03063,-6.582945,-22.74242
1867,30.77942,-8.80302,-6.917111,-24.60259
1868,30.79614,-3.860604,-4.610326,-16.98814
1869,30.81274,-3.860604,-4.610326,-16.98814
1870,30.82941,-3.77185,-4.815604,-18.23638
1871,30.84616,4.151363,-3.930022,-22.25424
1872,30.86295,-1.148941,-2.597033,-10.21943
1873,30.87936,-3.340473,2.365653,-22.08026
1874,30.89612,-4.808561,15.71338,-23.08402
1875,30.91281,-4.808561,15.71338,-23.08402
1876,30.9295,-4.096151,12.19051,-19.66776
1877,30.94611,7.777895,13.49027,-19.60581
1878,30.96274,0.02715025,22.02091,-19.80118
1879,30.97931,16.47416,23.52541,-18.17294
1880,30.99609,11.87819,28.59991,-25.70465
1881,31.01266,11.87819,28.59991,-25.70465
1882,31.02939,10.41637,24.5353,-26.78071
1883,31.04599,8.862107,22.3707,-23.85392
1884,31.06265,6.069381,11.33527,-27.25371
1885,31.07935,-4.76816,9.248203,-29.93892
1886,31.09622,-4.143344,17.65837,-26.53891
1887,31.11295,-4.143344,17.65837,-26.53891
1888,31.12939,-5.529946,19.07106,-25.14262
1889,31.14612,-5.710021,7.899525,-25.93602
1890,31.16263,-3.246894,0.2084952,-25.11605
1891,31.17932,-5.293193,-3.749257,-24.05816
1892,31.19598,-4.34066,-3.105392,-19.67777
1893,31.21262,-4.34066,-3.105392,-19.67777
1894,31.22937,-6.851576,-3.556098,-16.75438
1895,31.246,-7.459808,-2.996367,-13.94867
1896,31.26294,-2.56255,-2.32234,-11.62025
1897,31.27939,-2.150228,-1.949807,-9.823406
1898,31.29608,1.306862,-2.592153,-14.06502
1899,31.31262,1.306862,-2.592153,-14.06502
1900,31.32932,-1.774809,-1.642542,-8.476666
1901,31.34604,-0.6726232,-0.5886405,-3.051086
1902,31.36267,-0.7625474,-0.6652008,-3.463645
1903,31.3793,-14.74738,-0.002913335,3.21815
1904,31.39609,-3.449205,0.6624964,4.362583
1905,31.4126,-3.449205,0.6624964,4.362583
1906,31.42935,-3.006721,1.749033e-05,0.6542779
1907,31.44595,-8.661448,-0.2591617,1.940247
1908,31.46259,-12.64198,-7.933814,2.028849
1909,31.47934,-15.09412,-1.510759,-4.431061
1910,31.49597,-16.79556,3.069455,-7.144475
1911,31.5127,-16.79556,3.069455,-7.144475
1912,31.5293,-0.5153342,0.0002908249,0.1073425
1913,31.54605,-0.004275674,2.412943e-06,0.0008906094
1914,31.56268,-2.577396e-05,1.454534e-08,5.368635e-06
1915,31.57932,-1.128358e-07,0.0,2.372521e-08
1916,31.59601,-7.318997,-1.375226,-6.026554
1917,31.61258,-7.318997,-1.375226,-6.026554
1918,31.62933,-18.59621,-2.029455,-7.504095
1919,31.64597,-11.55224,-1.593637,-9.692702
1920,31.66263,-12.32303,-2.890905,-13.94594
1921,31.67938,-3.186626,-0.8728763,-4.349794
1922,31.69592,4.060648,-6.890458,-0.6952808
1923,31.71255,4.060648,-6.890458,-0.6952808
1924,31.72931,4.307427,-0.001347429,-0.8856063
1925,31.74591,14.65214,-5.901242e-06,-3.005413
1926,31.76263,-1.249119,-1.17555,-6.538382
1927,31.7793,-14.55903,-0.005148476,2.950296
1928,31.79608,-10.87919,-4.271637e-05,2.217267
1929,31.80865,-10.87919,-4.271637e-05,2.217267
1930,31.81262,-23.40598,-1.127739e-09,4.680708
1931,31.82928,-27.41018,0.0,5.399457
1932,31.84604,-25.82652,0.0,5.010316
1933,31.86258,-21.57699,-2.319179,-3.292942
1934,31.87933,-16.81046,-6.842912,4.022752
1935,31.89597,-16.81046,-6.842912,4.022752
1936,31.91257,-0.7234572,-0.0005729514,0.1325484
1937,31.92932,-0.003168477,-2.509317e-06,0.0005805132
1938,31.94644,16.0313,-1.512628e-08,-3.000751
1939,31.96255,20.53913,0.0,-3.879507
1940,31.97934,13.9606,-6.577987,-0.9906945
1941,31.99594,13.9606,-6.577987,-0.9906945
1942,32.01254,21.51094,-0.000173663,-4.200595
1943,32.0293,11.25661,-7.605802e-07,-2.212601
1944,32.04596,4.249343,-0.6160944,-4.428717
1945,32.06265,6.714827,2.54709,-2.001652
1946,32.07932,21.09516,0.01115532,-4.230537
1947,32.09589,21.09516,0.01115532,-4.230537
1948,32.11261,14.26166,2.945075e-07,-2.919183
1949,32.12933,17.17814,1.777186e-09,-3.560329
1950,32.14587,21.30951,0.0,-4.462308
1951,32.16251,24.81879,0.0,-5.261119
1952,32.17926,28.38869,0.6225738,-2.471807
1953,32.19589,28.38869,0.6225738,-2.471807
1954,32.21259,25.30554,-0.4491603,-8.222624
1955,32.22937,8.692553,-2.763901,-18.2012
1956,32.24591,-2.063138,-2.617748,-15.0964
1957,32.2626,-3.860915,-3.13991,-18.07418
1958,32.27924,-1.674375,-1.288977,-7.477159
1959,32.29578,-1.674375,-1.288977,-7.477159
1960,32.3125,-3.788938,-2.106867,-16.91172
1961,32.32925,-3.471648,-2.573812,-15.49551
1962,32.34595,-3.079638,-2.263539,-13.7458
1963,32.36255,-3.345298,-2.866309,-12.86463
1964,32.37927,-1.932467,-1.400951,-8.634884
1965,32.39587,-1.932467,-1.400951,-8.634884
1966,32.4126,-3.453812,-0.9678265,-14.75592
1967,32.42932,-1.60618,11.45946,-7.220083
1968,32.44586,-3.586936,-2.413434,-16.1344
1969,32.46249,-6.48351,-1.81468,-10.9013
1970,32.47925,-2.151165,-1.46779,-9.584692
1971,32.49579,-2.151165,-1.46779,-9.584692
1972,32.51254,-1.200805,-2.22444,-15.24275
1973,32.52924,-1.39946,-0.9455263,-6.337983
1974,32.54587,4.74035,-1.750538,-13.50937
1975,32.56259,-3.786825,-2.500442,-17.15271
1976,32.57925,5.575198,-1.566089,-12.61985
1977,32.59583,5.575198,-1.566089,-12.61985
1978,32.61261,10.59661,-1.239348,-11.59181
1979,32.62988,14.13849,-1.027927,-10.93771
1980,32.64587,0.6553935,-2.202771,-17.00612
1981,32.66251,10.76221,-1.999488,-18.06019
1982,32.67914,-2.286839,-2.224913,-17.16189
1983,32.69589,-2.286839,-2.224913,-17.16189
1984,32.71246,0.7986656,-2.79431,-23.29641
1985,32.72919,-4.962609,6.456851,-24.29222
1986,32.74579,2.609265,-2.797932,-25.24761
1987,32.76251,4.789557,-2.365971,-22.17142
1988,32.77917,9.777849,-1.754184,-18.25069
1989,32.79584,9.777849,-1.754184,-18.25069
1990,32.8125,32.56777,10.69071,-26.15511
1991,32.82913,26.25712,0.6817361,-18.49892
1992,32.84586,25.11028,10.07431,-12.23295
1993,32.86249,19.48814,4.010556,-16.55029
1994,32.8793,-0.3828083,0.504189,-22.1599
1995,32.89584,-0.3828083,0.504189,-22.1599
1996,32.91254,2.502821,-1.87222,-20.00454
1997,32.92914,8.689993,-0.2586487,-4.932649
1998,32.94574,24.65079,-0.1103191,-7.547465
1999,32.9624,24.10655,1.285843,-6.662799
2000,32.97916,28.31373,0.005631519,-7.529883
2001,32.99591,28.31373,0.005631519,-7.529883
2002,33.01248,15.93816,-0.2633438,-7.153379
2003,33.02899,9.517993,-0.5161383,-8.206402
2004,33.0459,11.05811,-0.9071221,-12.98316
2005,33.06244,12.29535,-0.1831703,-5.435164
2006,33.07913,11.57442,2.64252,-3.953219
2007,33.09576,11.57442,2.64252,-3.953219
2008,33.1124,-2.262282,-0.489563,-8.123668
2009,33.12912,-0.8119357,-0.2755742,-2.899662
2010,33.14581,-2.287724,-0.7695616,-8.169585
2011,33.16321,-0.05832665,-0.01962042,-0.2082875
2012,33.17911,5.041234,-8.593053e-05,-1.414914
2013,33.19586,5.041234,-8.593053e-05,-1.414914
2014,33.21243,1.495277,1.799276,-0.4888874
2015,33.22864,2.204391,3.141304,5.700651
2016,33.22906,-0.5386802,0.01375776,0.1794908
2017,33.24579,-0.6337691,0.6592798,5.24938
2018,33.26245,-9.599839,0.002887404,2.718961
2019,33.27914,-9.599839,0.002887404,2.718961
2020,33.29575,2.043944,0.7011636,7.276958
2021,33.31244,1.413937,0.2414174,2.293783
2022,33.32907,6.690764,15.81989,9.557864
2023,33.34586,1.91911,9.677615,6.724539
2024,33.36246,4.909121,5.234459,7.196991
2025,33.37906,4.909121,5.234459,7.196991
2026,33.39572,8.920946,5.357432,10.43776
2027,33.41241,17.15496,6.83145,13.65882
2028,33.42905,19.8595,0.8991359,3.159174
2029,33.44571,27.20642,1.525906,7.387471
2030,33.46234,33.70609,2.64215,15.87979
2031,33.47913,33.70609,2.64215,15.87979
2032,33.49582,48.4747,12.05172,10.94198
2033,33.51242,56.72397,2.552549,5.039471
2034,33.52908,49.46515,2.28288,4.469759
2035,33.54568,43.28293,2.032664,3.666187
2036,33.56241,43.24863,2.366105,5.877549
2037,33.57901,43.24863,2.366105,5.877549
2038,33.59579,64.28824,3.704205,8.122214
2039,33.61246,60.12549,4.203657,12.07807
2040,33.62903,69.36372,5.183989,14.68733
2041,33.64569,72.98588,6.745273,22.8674
2042,33.66238,72.53432,2.934615,19.30141
2043,33.67908,72.53432,2.934615,19.30141
2044,33.69601,67.07864,3.007386,27.00296
2045,33.71234,70.16661,2.28699,33.04755
2046,33.72906,77.08576,6.361182,40.08044
2047,33.74576,84.52953,10.79031,45.08922
2048,33.76236,87.29195,6.977463,46.35677
2049,33.77896,87.29195,6.977463,46.35677
2050,33.79568,65.56541,-14.08602,69.70391
2051,33.81235,47.36027,-6.915032,80.2653
2052,33.82901,39.37601,-5.335111,85.49093
2053,33.84567,26.50214,-5.514001,93.5303
2054,33.8623,18.98822,-4.702529,96.93472
2055,33.87906,18.98822,-4.702529,96.93472
2056,33.89572,11.93874,4.548635,101.521
2057,33.91232,13.8038,3.513241,97.7918
2058,33.92905,21.90649,-1.609317,111.362
2059,33.94571,25.19421,4.95928,108.6274
2060,33.96234,14.80462,8.98735,111.2402
2061,33.97906,14.80462,8.98735,111.2402
2062,33.99564,1.570239,20.88183,102.7104
2063,34.01227,-2.180447,23.14725,99.08879
2064,34.02902,-15.69206,20.89104,91.41473
2065,34.04565,-10.90271,19.61149,87.3507
2066,34.06235,-6.946221,7.143204,82.99615
2067,34.07907,-6.946221,7.143204,82.99615
2068,34.09583,19.67658,0.6861713,79.18643
2069,34.1123,27.40555,-8.264262,78.48672
2070,34.12909,28.12002,-15.95069,76.06978
2071,34.14566,28.59528,-18.28188,75.64591
2072,34.16235,26.45399,-19.11401,70.49543
2073,34.17899,26.45399,-19.11401,70.49543
2074,34.19559,20.964,-22.9408,64.1908
2075,34.21228,20.76825,-12.49096,63.97363
2076,34.22906,13.68008,-14.01871,52.9289
2077,34.2457,12.08069,-26.93842,54.86258
2078,34.26233,2.329962,-22.59763,64.24599
2079,34.27899,2.329962,-22.59763,64.24599
2080,34.29559,-1.741953,-16.37204,54.11596
2081,34.31235,1.860357,-9.325001,49.05806
2082,34.32901,0.8703018,-11.69541,46.52276
2083,34.3457,12.14118,-12.10093,36.18263
2084,34.36234,9.500985,-13.52249,41.61454
2085,34.379,9.500985,-13.52249,41.61454
2086,34.39557,17.76833,-11.5099,48.25579
2087,34.41223,17.77756,-19.84774,48.28043
2088,34.42892,0.6483528,-11.06171,47.91463
2089,34.44559,-17.27643,-11.38003,35.05615
2090,34.46222,-23.77942,-5.802758,29.34764
2091,34.47906,-23.77942,-5.802758,29.34764
2092,34.49561,-35.75332,-8.877682,36.07057
2093,34.51233,-42.2232,-11.68899,42.90691
2094,34.52908,-40.15899,-14.1689,45.31702
2095,34.54562,-50.22101,-29.48989,56.76952
2096,34.56232,-48.851,-32.58816,52.49283
2097,34.57889,-48.851,-32.58816,52.49283
2098,34.59558,-51.97957,-19.25906,53.96639
2099,34.6124,-69.97172,-18.90162,54.07806
2100,34.62894,-67.84341,-1.298842,54.984
2101,34.6456,-62.74168,-5.382378,50.98257
2102,34.66223,-69.14429,-5.496449,39.41925
2103,34.67911,-69.14429,-5.496449,39.41925
2104,34.69556,-75.47408,0.9767782,31.66826
2105,34.71234,-68.06493,-0.07131888,23.04223
2106,34.72903,-72.41238,-1.280502,20.38758
2107,34.74561,-75.22124,0.4584501,20.38748
2108,34.76266,-56.08905,2.661919,17.7541
2109,34.77896,-56.08905,2.661919,17.7541
2110,34.79559,-69.31496,0.01581708,17.00278
2111,34.81223,-51.74701,4.178453,18.25362
2112,34.82895,-44.97211,7.680867,21.27644
2113,34.84561,-32.65757,4.65827,14.0558
2114,34.8624,-42.92872,-3.440559,10.28513
2115,34.87891,-42.92872,-3.440559,10.28513
2116,34.89554,-48.67303,0.002550958,10.80337
2117,34.9126,-51.87794,1.537729e-05,11.26495
2118,34.92892,-66.72599,2.416982e-07,14.11599
2119,34.94559,-59.51701,1.087833e-09,12.2589
2120,34.96228,-57.57027,0.0,11.58673
2121,34.97882,-57.57027,0.0,11.58673
2122,34.99557,-43.76387,5.389454,25.12818
2123,35.01227,-46.08363,6.585635,17.62238
2124,35.02905,-60.49877,7.785705,21.55971
2125,35.04553,-63.13065,7.078331,20.76067
2126,35.06219,-70.70526,9.176873,24.76357
2127,35.07886,-70.70526,9.176873,24.76357
2128,35.09561,-73.52052,11.39853,28.38226
2129,35.11221,-76.7583,7.149279,24.03473
2130,35.12891,-70.59845,5.341866,24.55207
2131,35.1456,-70.97721,7.300389,19.94474
2132,35.16223,-62.98605,9.417911,21.11135
2133,35.17896,-62.98605,9.417911,21.11135
2134,35.19556,-60.2976,7.455524,19.14028
2135,35.21219,-60.78712,-0.2239179,20.01435
2136,35.22885,-73.38315,4.288983,21.19658
2137,35.24561,-59.44395,7.606368,26.85711
2138,35.26236,-78.56104,4.738576,27.52562
2139,35.27884,-78.56104,4.738576,27.52562
2140,35.29578,-68.06181,1.242947,24.96096
2141,35.31223,-69.84369,6.260968,31.9709
2142,35.32886,-61.5621,14.28619,28.66511
2143,35.34549,-57.28701,19.93075,28.61871
2144,35.36221,-67.48716,22.90732,32.35647
2145,35.37881,-67.48716,22.90732,32.35647
2146,35.39554,-73.98206,6.938292,23.80717
2147,35.41223,-89.35803,7.716492,27.83175
2148,35.42892,-86.10268,13.44542,27.62869
2149,35.44601,-87.58435,12.62964,23.23069
2150,35.46219,-77.48391,11.50513,18.88493
2151,35.47876,-77.48391,11.50513,18.88493
2152,35.49554,-65.50754,13.72857,17.25755
2153,35.51218,-67.33852,8.776008,11.2745
2154,35.52881,-85.93781,7.403272,6.659495
2155,35.5455,-91.17315,4.403413,5.688624
2156,35.56219,-102.7024,0.01928533,0.1060916
2157,35.5788,-102.7024,0.01928533,0.1060916
2158,35.59561,-102.0822,-10.45764,-1.527629
2159,35.61206,-112.1167,-0.6373251,-2.719267
2160,35.62878,-105.863,1.241868,-1.989117
2161,35.64557,-110.8532,7.583596,4.011112
2162,35.66217,-93.1436,2.069576,-3.706314
2163,35.67874,-93.1436,2.069576,-3.706314
2164,35.69556,-103.8237,6.185935,0.3994655
2165,35.71222,-95.36621,-6.764611,-6.67245
2166,35.72888,-95.46616,-0.0407774,-7.394518
2167,35.74545,-87.78934,3.758879,-3.164595
2168,35.76215,-78.06476,6.162379,-0.1228815
2169,35.77884,-78.06476,6.162379,-0.1228815
2170,35.79541,-70.49703,5.339183,-1.187969
2171,35.81216,-63.76949,5.414101,-0.7215827
2172,35.8287,-72.2841,2.431473,-5.326966
2173,35.84549,-59.13914,5.428552,2.058576
2174,35.86206,-60.56004,6.979615,0.3996899
2175,35.87872,-60.56004,6.979615,0.3996899
2176,35.89542,-28.03969,22.74883,10.20526
2177,35.91211,-22.33663,20.66379,-0.390277
2178,35.9288,-29.77682,9.605799,-3.845023
2179,35.94559,-34.80307,1.181811,-4.643478
2180,35.96213,-36.72318,0.005175899,-5.014023
2181,35.97928,-36.72318,0.005175899,-5.014023
2182,35.99542,-44.60806,1.36591e-07,-6.408496
2183,36.01205,-27.3809,0.2470093,-3.743554
2184,36.02878,-23.23947,0.001488984,-3.454128
2185,36.04547,-9.253301,6.521202e-06,-1.383757
2186,36.0621,-12.62795,2.856047e-08,-1.899038
2187,36.0788,-12.62795,2.856047e-08,-1.899038
2188,36.09543,-49.42686,0.0,-7.724226
2189,36.11212,-66.92691,-2.610944,-10.77929
2190,36.12872,-49.62059,-0.0157389,-8.214902
2191,36.14542,-45.26609,2.754908,-4.643434
2192,36.16208,-27.1506,1.340679,-3.789927
2193,36.17877,-27.1506,1.340679,-3.789927
2194,36.1955,-28.39031,5.050833,-4.972632
2195,36.21213,-29.01046,0.7437543,-5.153229
2196,36.22876,-10.45645,5.069117,-1.918801
2197,36.24548,-25.65828,16.9928,-4.818456
2198,36.26208,-20.46101,18.32634,-6.023355
2199,36.27872,-20.46101,18.32634,-6.023355
2200,36.29541,-28.74125,8.548237,-12.27231
2201,36.31204,-31.53924,2.028213,-14.43262
2202,36.32874,-12.814,-8.394597,-18.73632
2203,36.3454,-14.42819,-1.924143,-14.56775
2204,36.36197,1.841475,1.901844,-14.54044
2205,36.37866,1.841475,1.901844,-14.54044
2206,36.39532,-6.120505,27.03139,-16.01498
2207,36.41202,-7.855608,35.42852,-14.88136
2208,36.42868,-5.04922,20.47877,-22.82128
2209,36.44531,-11.51521,11.41467,-23.38517
2210,36.46198,-11.51521,11.41467,-23.38517
2211,36.47867,5.374731,-5.453259,-27.22776
2212,36.49533,19.67113,-13.58987,-19.47882
2213,36.51263,3.918427,-4.691634,-19.54028
2214,36.52872,3.905936,2.962945,-19.82625
2215,36.54541,4.19073,2.567007,-21.2741
2216,36.5621,4.19073,2.567007,-21.2741
2217,36.57883,3.81162,5.593071,-19.34957
2218,36.59534,3.800543,5.166131,-19.29334
2219,36.612,3.32524,5.470571,-16.88048
2220,36.62881,2.266387,-3.153171,-11.50524
2221,36.64566,2.392065,-5.324111,-16.63693
2222,36.66245,2.392065,-5.324111,-16.63693
2223,36.67862,2.283747,-7.252199,-11.11496
2224,36.69547,2.643348,-0.8316036,-13.41678
2225,36.71194,2.126623,-4.641276,-10.79572
2226,36.72882,-13.97645,-3.13877,-10.50504
2227,36.74533,-24.87447,4.773824,-11.78771
2228,36.76193,-24.87447,4.773824,-11.78771
2229,36.77869,-20.37215,-10.12378,-17.07803
2230,36.79538,-16.55312,-7.878647,-13.49007
2231,36.81204,-3.2491,-5.641216,-7.920295
2232,36.82861,-11.77798,-3.41521,-6.829759
2233,36.84531,0.770954,-3.523159,-4.386278
2234,36.86203,0.770954,-3.523159,-4.386278
2235,36.87881,1.268418,-6.334865,-8.230775
2236,36.89529,0.601587,-7.081551,-9.076381
2237,36.91211,2.410442,-9.324003,-11.64329
2238,36.92862,-9.470978,-3.252751,-15.63232
2239,36.9454,-12.94937,-2.226781,-12.83917
2240,36.96198,-10.49306,-8.846148,-14.63599
2241,36.97855,-10.49306,-8.846148,-14.63599
2242,36.99533,-8.290842,-11.69017,-17.32358
2243,37.01202,-0.3235454,-5.276899,-14.07799
2244,37.02863,2.427358,-4.590389,-11.54236
2245,37.0455,4.061486,4.414571,-19.19885
2246,37.06201,4.705548,4.580083,-19.25282
2247,37.07867,4.705548,4.580083,-19.25282
2248,37.09537,4.05092,-2.868826,-18.90974
2249,37.11197,4.643541,-7.249741,-22.0375
2250,37.1286,5.252089,-10.48977,-24.92772
2251,37.14526,6.284463,-2.464147,-29.82764
2252,37.16202,6.284463,-2.464147,-29.82764
2253,37.17874,-9.536998,-4.107724,-26.4348
2254,37.19562,5.711783,-7.305665,-27.3674
2255,37.21188,6.339106,-8.462126,-30.02715
2256,37.22858,15.952,2.264625,-18.51116
2257,37.24533,16.48233,-2.898434,-25.79896
2258,37.26196,16.48233,-2.898434,-25.79896
2259,37.27863,5.268494,2.53327,-25.08208
2260,37.29526,3.949132,9.181104,-18.82013
2261,37.31201,0.9405471,8.652779,-18.82159
2262,37.32864,-19.80125,-0.339984,-12.67549
2263,37.34521,0.8645521,-1.466223,-14.87179
2264,37.36197,3.453501,-2.42838,-16.3236
2265,37.37857,3.453501,-2.42838,-16.3236
2266,37.39529,6.557454,8.094656,-15.67124
2267,37.4119,4.689009,3.323591,-18.14315
2268,37.42877,2.876768,-2.59868,-13.6083
2269,37.44522,3.615783,-2.879667,-17.12642
2270,37.46191,3.615783,-2.879667,-17.12642
2271,37.4787,-4.418859,-9.780861,-16.56656
2272,37.49521,2.864561,-6.142296,-13.622
2273,37.51184,10.22344,-2.447828,-10.45782
2274,37.52856,24.97497,-0.8233542,-12.03331
2275,37.54523,4.275493,-8.065569,-12.15402
2276,37.56192,2.134911,-5.543594,-8.499794
2277,37.57904,2.134911,-5.543594,-8.499794
2278,37.59521,0.6189851,-1.895494,-2.937828
2279,37.61191,0.6158272,-2.276447,-2.92287
2280,37.62854,0.002697097,-0.009970003,-0.0128011
2281,37.64526,1.33969,-4.095127,-6.358504
2282,37.66193,1.33969,-4.095127,-6.358504
2283,37.67856,-11.55834,-0.0003536177,-2.440794
2284,37.69522,-4.033073,-1.548715e-06,-0.8532057
2285,37.71191,-7.556981,-1.379372,-3.844816
2286,37.72867,0.6644481,-5.50823,-8.819041
2287,37.74524,-0.03153493,-7.989789,-1.395541
2288,37.76202,-0.03153493,-7.989789,-1.395541
2289,37.77859,15.97046,-5.674018,-5.897702
2290,37.79523,0.881447,-2.45274,-3.838686
2291,37.81189,2.583824,-6.933244,-12.13788
2292,37.82849,-2.606353,-8.178989,-14.06731
2293,37.84521,-6.032229,-5.913225,-11.08096
2294,37.86182,-6.032229,-5.913225,-11.08096
2295,37.87845,0.9657397,-3.691854,-5.944426
2296,37.89517,2.542503,-4.538366,-11.83245
2297,37.91193,5.934186,-12.87681,-20.47472
2298,37.92868,4.001026,-10.62961,-17.5263
2299,37.94519,3.770616,-9.11167,-15.71097
2300,37.96188,3.770616,-9.11167,-15.71097
2301,37.97855,3.230246,-9.161258,-15.11571
2302,37.99527,11.35079,-11.52557,-17.57391
2303,38.01187,11.56869,4.774808,-13.14385
2304,38.02853,7.331841,-9.897143,-18.56803
2305,38.0452,3.421086,-6.37135,-13.4664
2306,38.06186,3.421086,-6.37135,-13.4664
2307,38.07849,-1.439897,-0.2088339,-19.16315
2308,38.09521,1.929315,-3.425362,-9.276223
2309,38.11206,2.489856,-2.737297,-11.77018
2310,38.12845,21.12601,9.000698,-6.947481
2311,38.14514,17.48848,1.615062,-9.40087
2312,38.1618,17.48848,1.615062,-9.40087
2313,38.1785,3.830716,8.961586,-17.08455
2314,38.19522,3.286007,13.10282,-15.71687
2315,38.21198,-8.293278,11.33003,-9.534093
2316,38.22845,-12.42801,2.743668,-15.42239
2317,38.24521,0.8722402,6.892699,-14.55401
2318,38.26199,0.8722402,6.892699,-14.55401
2319,38.27847,2.95631,19.02406,-14.03167
2320,38.2952,3.122453,19.75852,-14.81995
2321,38.31186,4.021501,13.19882,-16.398
2322,38.32855,11.5207,11.83381,0.1084498
2323,38.34503,2.514753,7.702092,-0.6898248
2324,38.36185,2.514753,7.702092,-0.6898248
2325,38.37833,23.65396,0.001832693,4.87179
2326,38.39517,19.8244,3.612666,10.85161
2327,38.40863,27.71893,7.404704,19.51198
2328,38.41171,23.68015,4.840068,13.79518
2329,38.4285,21.83061,12.77602,8.088113
2330,38.44516,21.83061,12.77602,8.088113
2331,38.46176,23.6155,15.73769,11.05626
2332,38.47855,20.97507,0.4815643,3.983179
2333,38.49518,26.76256,0.2025281,5.02243
2334,38.51184,17.91179,0.0008869988,3.352599
2335,38.52838,13.08186,-0.1802517,2.096025
2336,38.54523,13.08186,-0.1802517,2.096025
2337,38.56174,1.557407,-0.002878207,0.2815115
2338,38.5784,0.01292165,-2.388018e-05,0.002335671
2339,38.59512,0.1413523,4.885487,-0.7670546
2340,38.61169,0.1418944,4.893353,-0.7703134
2341,38.62842,-0.400429,4.612407,-0.826674
2342,38.64511,-0.400429,4.612407,-0.826674
2343,38.66187,1.072948,-3.21889,-5.811452
2344,38.67847,1.084914,-3.2517,-5.876211
2345,38.69513,0.004751527,-0.01424125,-0.02573564
2346,38.71182,-2.682177,-0.1839657,-0.8404866
2347,38.72839,-17.40986,-3.297484,-9.433796
2348,38.74512,-17.40986,-3.297484,-9.433796
2349,38.76175,-6.047229,-4.459887,-9.536639
2350,38.77841,0.6250445,-1.388099,-3.567409
2351,38.79517,1.815536,-5.265613,-9.634746
2352,38.8118,10.26217,-8.577925,-14.38114
2353,38.8284,4.25624,-6.481814,-11.57251
2354,38.84515,4.25624,-6.481814,-11.57251
2355,38.86163,13.82807,-11.09407,-18.82988
2356,38.87836,3.438228,-1.758485,-18.20156
2357,38.89508,12.31817,-7.30594,-12.1246
2358,38.91171,3.698451,-6.477805,-19.74779
2359,38.92844,13.24452,0.352637,-12.06771
2360,38.94525,13.24452,0.352637,-12.06771
2361,38.96176,26.55721,-2.888696,-17.65992
2362,38.97855,8.500031,-7.047107,-12.8134
2363,38.99509,27.44191,-0.3271079,-10.5541
2364,39.01166,32.96997,-4.882488,-15.92609
2365,39.02832,39.31191,-10.43389,-15.66413
2366,39.04517,39.31191,-10.43389,-15.66413
2367,39.06168,15.2868,-8.325177,-14.58958
2368,39.07834,4.868158,-5.76855,-15.25111
2369,39.095,2.377025,-5.48166,-12.60197
2370,39.11179,1.28306,-3.116681,-7.550887
2371,39.12833,0.06111988,1.626677,-8.564013
2372,39.14496,0.06111988,1.626677,-8.564013
2373,39.16162,2.708467,1.787268,-15.91298
2374,39.17859,6.415022,7.124631,-7.378975
2375,39.1951,11.30003,3.313653,-9.188506
2376,39.2117,4.997147,14.93183,-7.019538
2377,39.22836,1.602063,11.7056,-9.225686
2378,39.24496,1.602063,11.7056,-9.225686
2379,39.26163,0.4279829,8.140574,-2.533361
2380,39.27832,2.175932,-2.080037,-12.88005
2381,39.29498,2.067109,-5.061724,-12.23589
2382,39.31161,1.677897,-1.027947,-9.932017
2383,39.32837,1.536527,-4.299761,-9.095207
2384,39.34503,1.536527,-4.299761,-9.095207
2385,39.36176,1.464715,-3.809883,-8.670127
2386,39.37827,-2.584862,-2.677273,-14.93812
2387,39.39499,1.731528,-0.7631497,-10.35603
2388,39.41171,13.04051,7.086596,-14.18588
2389,39.42831,11.32004,-0.4626396,-8.948992
2390,39.44501,11.32004,-0.4626396,-8.948992
2391,39.46167,6.67414,-3.660324,-8.302532
2392,39.46863,1.094327,4.288745,-6.404888
2393,39.47858,1.968073,-5.349988,-11.76664
2394,39.49542,2.262014,-6.172524,-13.525
2395,39.51166,2.784312,6.482033,-16.64792
2396,39.52835,2.784312,6.482033,-16.64792
2397,39.54489,3.291441,0.6642692,-16.40767
2398,39.56165,2.77827,4.220843,-13.53961
2399,39.57828,4.255899,-0.01619591,-17.16129
2400,39.59509,3.371763,-8.13133,-20.26336
2401,39.61163,4.082368,-10.63191,-24.59546
2402,39.6283,4.082368,-10.63191,-24.59546
2403,39.64502,11.42418,-12.19408,-27.23132
