sample,t,x,y,z, HasCollision
0,0.0,0.0,-65.51071,-88.1142,False
1,0.01660156,0.0,-65.51071,-88.1142,False
2,0.03326416,0.0,-65.51071,-88.1142,False
3,0.04998779,0.0,-65.51071,-88.1142,False
4,0.06652832,0.0,-65.51071,-88.1142,False
5,0.08319092,0.0,-65.51071,-88.1142,False
6,0.09997559,0.0,-65.51071,-88.1142,False
7,0.1167603,0.0,-65.51071,-88.1142,False
8,0.1332397,0.0,-65.51071,-88.1142,False
9,0.1499023,0.0,-65.51071,-88.1142,False
10,0.1665649,0.0,-65.51071,-88.1142,False
11,0.1832886,0.0,-65.51071,-88.1142,False
12,0.1998901,0.0,-65.51071,-88.1142,False
13,0.2166748,0.0,-65.51071,-88.1142,False
14,0.2332764,0.0,-65.51071,-88.1142,False
15,0.25,0.0,-65.51071,-88.1142,False
16,0.2666016,0.0,-65.51071,-88.1142,False
17,0.2832642,0.0,-65.51071,-88.1142,False
18,0.3000488,0.0,-65.51071,-88.1142,False
19,0.3166504,0.0,-65.51071,-88.1142,False
20,0.333374,0.0,-65.51071,-88.1142,False
21,0.3499146,0.0,-65.51071,-88.1142,False
22,0.3665771,0.0,-65.51071,-88.1142,False
23,0.3832397,0.0,-65.51071,-88.1142,False
24,0.3999634,0.0,-65.51071,-88.1142,False
25,0.4165649,0.0,-65.51071,-88.1142,False
26,0.4332275,0.0,-65.51071,-88.1142,False
27,0.4503784,0.0,-65.51071,-88.1142,False
28,0.4666138,0.0,-65.51071,-88.1142,False
29,0.4832764,0.0,-65.51071,-88.1142,False
30,0.4998779,0.0,-65.51071,-88.1142,False
31,0.5166626,0.0,-65.51071,-88.1142,False
32,0.5332642,0.0,-65.51071,-88.1142,False
33,0.5499268,0.0,-65.51071,-88.1142,False
34,0.5665894,0.0,-65.51071,-88.1142,False
35,0.5831909,0.0,-65.51071,-88.1142,False
36,0.6002197,0.0,-65.51071,-88.1142,False
37,0.6165771,0.0,-65.51071,-88.1142,False
38,0.6331787,0.0,-65.51071,-88.1142,False
39,0.6499023,0.0,-65.51071,-88.1142,False
40,0.6665649,0.0,-65.51071,-88.1142,False
41,0.6831665,0.0,-65.51071,-88.1142,False
42,0.6997681,0.0,-65.51071,-88.1142,False
43,0.7167358,0.0,-65.51071,-88.1142,False
44,0.7332153,0.0,-65.51071,-88.1142,False
45,0.7498779,0.0,-65.51071,-88.1142,False
46,0.7664795,0.0,-65.51071,-88.1142,False
47,0.7832031,0.0,-65.51071,-88.1142,False
48,0.7998657,0.0,-65.51071,-88.1142,False
49,0.8164673,0.0,-65.51071,-88.1142,False
50,0.8336182,0.0,-65.51071,-88.1142,False
51,0.8498535,0.0,-65.51071,-88.1142,False
52,0.8665771,0.0,-65.51071,-88.1142,False
53,0.8831787,0.0,-65.51071,-88.1142,False
54,0.8998413,0.0,-65.51071,-88.1142,False
55,0.916626,0.0,-65.51071,-88.1142,False
56,0.9330444,0.0,-65.51071,-88.1142,False
57,0.9498291,0.0,-65.51071,-88.1142,False
58,0.9665527,0.0,-65.51071,-88.1142,False
59,0.9832153,0.0,-65.51071,-88.1142,False
60,1.000122,0.0,-65.51071,-88.1142,False
61,1.016479,0.0,-65.51071,-88.1142,False
62,1.033203,0.0,-65.51071,-88.1142,False
63,1.049866,0.0,-65.51071,-88.1142,False
64,1.066528,0.0,-65.51071,-88.1142,False
65,1.083252,0.0,-65.51071,-88.1142,False
66,1.099731,0.0,-65.51071,-88.1142,False
67,1.116455,0.0,-65.51071,-88.1142,False
68,1.133179,0.0,-65.51071,-88.1142,False
69,1.149841,0.0,-65.51071,-88.1142,False
70,1.166504,0.0,-65.51071,-88.1142,False
71,1.183105,0.0,-65.51071,-88.1142,False
72,1.199707,0.0,-65.51071,-88.1142,False
73,1.217224,0.0,-65.51071,-88.1142,False
74,1.233154,0.0,-65.51071,-88.1142,False
75,1.249878,0.0,-65.51071,-88.1142,False
76,1.266479,0.0,-65.51071,-88.1142,False
77,1.283142,0.0,-65.51071,-88.1142,False
78,1.299805,0.0,-65.51071,-88.1142,False
79,1.316467,0.0,-65.51071,-88.1142,False
80,1.33313,0.0,-65.51071,-88.1142,False
81,1.349731,0.0,-65.51071,-88.1142,False
82,1.366455,0.0,-65.51071,-88.1142,False
83,1.383118,0.0,-65.51071,-88.1142,False
84,1.39978,0.0,-65.51071,-88.1142,False
85,1.416443,0.0,-65.51071,-88.1142,False
86,1.433167,0.0,-65.51071,-88.1142,False
87,1.449768,0.0,-65.51071,-88.1142,False
88,1.466492,0.0,-65.51071,-88.1142,False
89,1.483154,0.0,-65.51071,-88.1142,False
90,1.499817,0.0,-65.51071,-88.1142,False
91,1.516418,0.0,-65.51071,-88.1142,False
92,1.533081,0.0,-65.51071,-88.1142,False
93,1.549805,0.0,-65.51071,-88.1142,False
94,1.566406,0.0,-65.51071,-88.1142,False
95,1.58313,0.0,-65.51071,-88.1142,False
96,1.600098,0.0,-65.51071,-88.1142,False
97,1.616394,0.0,-65.51071,-88.1142,False
98,1.633179,0.0,-65.51071,-88.1142,False
99,1.649719,0.0,-65.51071,-88.1142,False
100,1.666443,0.0,-65.51071,-88.1142,False
101,1.683167,0.0,-65.51071,-88.1142,False
102,1.699768,0.0,-65.51071,-88.1142,False
103,1.716492,0.0,-65.51071,-88.1142,False
104,1.733154,0.0,-65.51071,-88.1142,False
105,1.750244,0.0,-65.51071,-88.1142,False
106,1.766357,0.0,-65.51071,-88.1142,False
107,1.783142,0.0,-65.51071,-88.1142,False
108,1.799744,0.0,-65.51071,-88.1142,False
109,1.816345,0.0,-65.51071,-88.1142,False
110,1.83313,0.0,-65.51071,-88.1142,False
111,1.849792,0.0,-65.51071,-88.1142,False
112,1.866455,0.0,-65.51071,-88.1142,False
113,1.883179,0.0,-65.51071,-88.1142,False
114,1.899719,0.0,-65.51071,-88.1142,False
115,1.91626,0.0,-65.51071,-88.1142,False
116,1.933105,0.0,-65.51071,-88.1142,False
117,1.949768,0.0,-65.51071,-88.1142,False
118,1.96637,0.0,-65.51071,-88.1142,False
119,1.983398,0.0,-65.51071,-88.1142,False
120,1.999634,0.0,-65.51071,-88.1142,False
121,2.016357,0.0,-65.51071,-88.1142,False
122,2.033081,0.0,-65.51071,-88.1142,False
123,2.049988,0.0,-65.51071,-88.1142,False
124,2.066284,0.0,-65.51071,-88.1142,False
125,2.083008,0.0,-65.51071,-88.1142,False
126,2.09967,0.0,-65.51071,-88.1142,False
127,2.116333,0.0,-65.51071,-88.1142,False
128,2.133362,0.0,-65.51071,-88.1142,False
129,2.149658,0.0,-65.51071,-88.1142,False
130,2.166443,0.0,-65.51071,-88.1142,False
131,2.182983,0.0,-65.51071,-88.1142,False
132,2.199646,0.0,-65.51071,-88.1142,False
133,2.21637,0.0,-65.51071,-88.1142,False
134,2.233032,0.0,-65.51071,-88.1142,False
135,2.249695,0.0,-65.51071,-88.1142,False
136,2.266296,0.0,-65.51071,-88.1142,False
137,2.28302,0.0,-65.51071,-88.1142,False
138,2.299622,0.0,-65.51071,-88.1142,False
139,2.316406,0.0,-65.51071,-88.1142,False
140,2.332947,0.0,-65.51071,-88.1142,False
141,2.34967,0.0,-65.51071,-88.1142,False
142,2.366333,0.0,-65.51071,-88.1142,False
143,2.383057,0.0,-65.51071,-88.1142,False
144,2.399658,0.0,-65.51071,-88.1142,False
145,2.416382,0.0,-65.51071,-88.1142,False
146,2.432983,0.0,-65.51071,-88.1142,False
147,2.449646,0.0,-65.51071,-88.1142,False
148,2.466309,0.0,-65.51071,-88.1142,False
149,2.483032,0.0,-65.51071,-88.1142,False
150,2.499634,0.0,-65.51071,-88.1142,False
151,2.516541,0.0,-65.51071,-88.1142,False
152,2.53302,0.0,-65.51071,-88.1142,False
153,2.549561,0.0,-65.51071,-88.1142,False
154,2.566284,0.0,-65.51071,-88.1142,False
155,2.58313,0.0,-65.51071,-88.1142,False
156,2.59967,0.0,-65.51071,-88.1142,False
157,2.616272,0.0,-65.51071,-88.1142,False
158,2.632996,0.0,-65.51071,-88.1142,False
159,2.649597,0.0,-65.51071,-88.1142,False
160,2.666504,0.0,-65.51071,-88.1142,False
161,2.682983,0.0,-65.51071,-88.1142,False
162,2.699646,0.0,-65.51071,-88.1142,False
163,2.716248,0.0,-65.51071,-88.1142,False
164,2.732971,0.0,-65.51071,-88.1142,False
165,2.749634,0.0,-65.51071,-88.1142,False
166,2.766174,0.0,-65.51071,-88.1142,False
167,2.782898,0.0,-65.51071,-88.1142,False
168,2.799683,0.0,-65.51071,-88.1142,False
169,2.816345,0.0,-65.51071,-88.1142,False
170,2.832947,0.0,-65.51071,-88.1142,False
171,2.849548,0.0,-65.51071,-88.1142,False
172,2.866272,0.0,-65.51071,-88.1142,False
173,2.883057,0.0,-65.51071,-88.1142,False
174,2.899902,0.0,-65.24648,-87.46315,False
175,2.916321,0.0,-64.76311,-86.51024,False
176,2.932983,0.0,-64.76311,-86.51024,False
177,2.949585,0.0,-63.78573,-84.42249,False
178,2.966248,-0.03497775,-63.28761,-83.28716,False
179,2.982971,-0.03538597,-62.91607,-82.29439,False
180,2.999512,-0.03574375,-62.58873,-81.42429,False
181,3.016296,-0.03607962,-62.37656,-80.60751,False
182,3.032959,-0.03607962,-62.37656,-80.60751,False
183,3.049622,-0.0365371,-62.05867,-79.49495,False
184,3.066284,-0.03670155,-61.98922,-79.09504,False
185,3.082947,-0.03686606,-61.91815,-78.69495,False
186,3.099609,-0.03703063,-61.84547,-78.29472,False
187,3.116272,-0.07434747,-61.75666,-77.94672,False
188,3.132874,-0.07434747,-61.75666,-77.94672,False
189,3.149658,-0.1125314,-61.65503,-77.12782,False
190,3.166382,-0.1131333,-61.55259,-76.63989,False
191,3.182922,-0.1137577,-61.49907,-76.13377,False
192,3.199585,-0.1144027,-61.35393,-75.61092,False
193,3.216248,-0.1151778,-61.23227,-74.9826,False
194,3.232849,-0.1151778,-61.23227,-74.9826,False
195,3.249634,-0.1169671,-60.97592,-73.5321,False
196,3.266235,-0.1178933,-60.7754,-72.7813,False
197,3.282898,-0.1191891,-60.58797,-71.73085,False
198,3.299622,-0.08046755,-60.33199,-70.50497,False
199,3.316345,-0.08146036,-60.01031,-69.29776,False
200,3.333008,-0.08146036,-60.01031,-69.29776,False
201,3.349609,-0.08360592,-59.30894,-66.68887,False
202,3.36615,-0.08462623,-58.89884,-65.4482,False
203,3.382874,-0.08570069,-58.38796,-64.14171,False
204,3.399597,-0.08668514,-57.84476,-62.94466,False
205,3.416321,-0.08787213,-57.26908,-61.50133,False
206,3.433167,-0.08787213,-57.26908,-61.50133,False
207,3.449524,-0.09031978,-55.91813,-58.52509,False
208,3.466187,-0.09157851,-55.13923,-56.99453,False
209,3.48291,-0.09281446,-54.28551,-55.49168,False
210,3.499573,-0.09395599,-53.40154,-54.10363,False
211,3.516235,-0.09512337,-52.35228,-52.68414,False
212,3.532898,-0.09512337,-52.35228,-52.68414,False
213,3.5495,-0.09735374,-49.98859,-49.9721,False
214,3.566223,-0.09852979,-48.52924,-48.54207,False
215,3.583069,-0.09969337,-46.94624,-47.12722,False
216,3.599609,-0.1008868,-45.13907,-45.67606,False
217,3.616211,-0.1021471,-43.19825,-44.14358,False
218,3.632813,-0.1021471,-43.19825,-44.14358,False
219,3.649475,-0.1044993,-39.13168,-41.28342,False
220,3.666199,-0.1057128,-36.79456,-39.80782,False
221,3.682922,-0.05343849,-34.57483,-38.39224,False
222,3.699463,-0.05397572,-32.13551,-37.08574,False
223,3.716431,-0.05450716,-29.71134,-35.79333,False
224,3.732849,-0.05450716,-29.71134,-35.79333,False
225,3.749512,-0.05548443,-24.84319,-33.41669,False
226,3.766235,-0.05593077,-22.40392,-32.33122,False
227,3.782776,-0.05633717,-20.10859,-31.34291,False
228,3.7995,-0.05677736,-17.70625,-30.27239,False
229,3.816162,0.0,-15.20638,-29.17674,False
230,3.832886,0.0,-15.20638,-29.17674,False
231,3.849487,0.1159959,-10.29688,-27.30405,False
232,3.86615,0.1166705,-7.935052,-26.48375,False
233,3.882813,0.1173539,-5.534908,-25.65275,False
234,3.899597,0.118036,-3.152829,-24.82333,False
235,3.916199,0.1185791,-0.9709607,-24.16305,False
236,3.9328,0.1185791,-0.9709607,-24.16305,False
237,3.949463,0.119663,3.481662,-22.84507,False
238,3.966187,0.1201844,5.575915,-22.21101,False
239,3.982788,0.1205513,7.4898,-21.76495,False
240,3.999512,0.1207884,9.455234,-21.47658,False
241,4.016174,0.1209177,11.25304,-21.3194,False
242,4.032776,0.1209177,11.25304,-21.3194,False
243,4.0495,0.1209798,14.23161,-21.24382,False
244,4.065979,0.120923,15.40902,-21.31291,False
245,4.082825,0.120741,16.4414,-21.53424,False
246,4.099548,0.120436,17.32657,-21.90507,False
247,4.116455,0.1201229,18.088,-22.28584,False
248,4.132813,0.1201229,18.088,-22.28584,False
249,4.149475,0.1193011,19.75263,-23.28504,False
250,4.166138,0.1187914,20.71109,-23.9048,False
251,4.182739,0.1182013,21.77964,-24.62243,False
252,4.199463,0.1174899,22.7507,-25.48742,False
253,4.216187,0.1168476,23.47849,-26.2684,False
254,4.232788,0.1168476,23.47849,-26.2684,False
255,4.249451,0.1157804,24.62599,-27.5661,False
256,4.266724,0.1152766,25.50673,-28.1787,False
257,4.282776,0.1147619,26.66427,-28.80454,False
258,4.299438,0.1142306,28.09464,-29.45058,False
259,4.316101,0.1136386,29.76338,-30.17045,False
260,4.332825,0.1136386,29.76338,-30.17045,False
261,4.349365,0.05617287,32.70897,-31.74245,False
262,4.366333,0.05586569,33.93904,-32.4895,False
263,4.382935,0.0,35.02213,-33.18988,False
264,4.399536,0.0,36.17551,-33.62511,False
265,4.416199,0.0,37.58324,-33.95668,False
266,4.432922,0.0,37.58324,-33.95668,False
267,4.449463,0.0,40.63297,-34.64928,False
268,4.466248,0.0,41.96109,-34.87659,False
269,4.482849,0.0,42.92645,-35.11075,False
270,4.499451,0.0,43.7751,-35.1917,False
271,4.516235,0.0,44.65307,-35.09276,False
272,4.532898,0.0,44.65307,-35.09276,False
273,4.549561,0.0,46.86049,-34.61054,False
274,4.566162,0.05508897,48.19855,-34.37843,False
275,4.582825,0.05517086,49.39727,-34.17928,False
276,4.599426,0.05521056,50.58244,-34.08273,False
277,4.61615,0.05529769,51.6258,-33.87083,False
278,4.632874,0.05529769,51.6258,-33.87083,False
279,4.650452,0.05554624,53.65601,-33.26637,False
280,4.66626,0.05573978,54.72069,-32.79571,False
281,4.682861,0.05594519,55.83122,-32.29616,False
282,4.699463,0.05616621,57.13892,-31.75865,False
283,4.716309,0.05635418,58.52946,-31.30154,False
284,4.732788,0.05635418,58.52946,-31.30154,False
285,4.749329,0.05656052,60.93879,-30.79975,False
286,4.766235,0.0,62.22392,-30.63379,False
287,4.782837,0.0,63.40182,-30.44761,False
288,4.799683,0.0,64.73833,-30.2705,False
289,4.816162,0.0,66.03892,-30.14194,False
290,4.832825,0.0,66.03892,-30.14194,False
291,4.849426,0.0,68.80962,-29.92647,False
292,4.86615,0.0,70.15202,-29.94343,False
293,4.88269,0.0,71.49745,-29.97377,False
294,4.899536,0.0,72.73298,-29.97713,False
295,4.916199,0.0,73.85851,-29.95053,False
296,4.932861,0.0,73.85851,-29.95053,False
297,4.949585,0.05698934,76.18197,-29.75688,False
298,4.966064,0.05696641,77.32839,-29.81265,False
299,4.982727,0.1138298,78.74731,-29.93797,False
300,4.999573,0.1135886,80.30302,-30.23118,False
301,5.016052,0.1132648,81.82334,-30.62495,False
302,5.033325,0.1132648,81.82334,-30.62495,False
303,5.0495,0.1129898,84.61291,-30.95934,False
304,5.06604,0.1128929,86.1777,-31.07713,False
305,5.082825,0.2255217,88.00728,-31.23785,False
306,5.099365,0.2253047,89.83237,-31.36974,False
307,5.116089,0.2815253,91.7495,-31.42117,False
308,5.132813,0.2815253,91.7495,-31.42117,False
309,5.149414,0.2813315,94.76187,-31.51545,False
310,5.165955,0.2813479,96.26331,-31.50745,False
311,5.183105,0.2813634,97.92302,-31.49994,False
312,5.199341,0.2813054,99.43391,-31.52813,False
313,5.216187,0.2814412,101.1967,-31.4621,False
314,5.232666,0.2814412,101.1967,-31.4621,False
315,5.24939,0.2814734,103.9621,-31.44641,False
316,5.266052,0.3378063,105.2164,-31.43102,False
317,5.282776,0.3375478,106.4845,-31.53577,False
318,5.299683,0.3371745,107.8103,-31.6871,False
319,5.316101,0.3368631,109.2396,-31.81332,False
320,5.332764,0.3368631,109.2396,-31.81332,False
321,5.349426,0.3365726,111.8278,-31.93107,False
322,5.366028,0.3364256,113.0979,-31.99064,False
323,5.382874,0.3361146,114.3742,-32.11668,False
324,5.399414,0.3358253,115.5451,-32.23395,False
325,5.416138,0.3353223,116.8284,-32.43782,False
326,5.432861,0.3353223,116.8284,-32.43782,False
327,5.449341,0.3344398,119.128,-32.79551,False
328,5.466064,0.3341082,120.1964,-32.92993,False
329,5.482666,0.3339438,120.9432,-32.99653,False
330,5.499329,0.3341363,121.63,-32.91853,False
331,5.516174,0.4458867,122.0497,-32.80577,False
332,5.532776,0.4458867,122.0497,-32.80577,False
333,5.549316,0.5578172,122.4698,-32.69446,False
334,5.566406,0.5579312,122.5749,-32.66675,False
335,5.582825,0.5579312,122.5749,-32.66675,False
336,5.599304,0.5579312,122.5749,-32.66675,False
337,5.616089,0.5579312,122.5749,-32.66675,False
338,5.632629,0.5579312,122.5749,-32.66675,False
339,5.649231,0.5579312,122.5749,-32.66675,False
340,5.665955,0.5580977,122.5196,-32.62626,False
341,5.682678,0.5582641,122.4643,-32.58578,False
342,5.699524,0.5587628,122.2983,-32.46451,False
343,5.716309,0.5592607,122.1321,-32.34343,False
344,5.732605,0.5592607,122.1321,-32.34343,False
345,5.749329,0.5037301,121.9132,-32.23643,False
346,5.766113,0.5036778,121.8608,-32.25053,False
347,5.782654,0.5034245,121.8113,-32.31898,False
348,5.7995,0.5033197,121.7063,-32.3473,False
349,5.815918,0.5032147,121.6014,-32.3757,False
350,5.832642,0.5032147,121.6014,-32.3757,False
351,5.849304,0.5040087,121.3766,-32.16113,False
352,5.865967,0.5044526,121.21,-32.04118,False
353,5.882629,0.5048423,120.9909,-31.93588,False
354,5.899292,0.5052845,120.8241,-31.81641,False
355,5.916016,0.4492596,120.5557,-31.78046,False
356,5.932678,0.4492596,120.5557,-31.78046,False
357,5.949646,0.3372147,119.9635,-31.67079,False
358,5.966003,0.3372987,119.6954,-31.63676,False
359,5.982727,0.3375153,119.4237,-31.54898,False
360,5.99939,0.2814422,119.1521,-31.46161,False
361,6.016113,0.2817807,118.7687,-31.29696,False
362,6.032715,0.2817807,118.7687,-31.29696,False
363,6.049316,0.2831824,117.7087,-30.61521,False
364,6.066101,0.283952,116.9346,-30.24085,False
365,6.082642,0.2847128,116.159,-29.87085,False
366,6.099854,0.2853531,115.3869,-29.55942,False
367,6.116028,0.2285422,114.8405,-29.40143,False
368,6.132629,0.2285422,114.8405,-29.40143,False
369,6.149292,0.11457,113.7422,-29.0379,False
370,6.165894,0.05734723,113.1954,-28.88652,False
371,6.182678,0.0,112.7109,-28.82796,False
372,6.199219,-0.05736481,112.3404,-28.84376,False
373,6.216003,-0.1146267,111.9811,-28.96889,False
374,6.232605,-0.1146267,111.9811,-28.96889,False
375,6.249268,-0.1714923,110.9568,-29.33197,False
376,6.266296,-0.1141305,110.2926,-29.57236,False
377,6.282593,-0.05697368,109.839,-29.79497,False
378,6.299255,0.2276459,109.4314,-29.94635,False
379,6.316101,0.6255939,109.177,-30.04276,False
380,6.332642,0.6255939,109.177,-30.04276,False
381,6.349121,1.817845,108.7702,-30.20667,False
382,6.365967,2.498077,108.567,-30.29449,False
383,6.382507,3.063584,108.3132,-30.40284,False
384,6.399292,3.62823,108.0596,-30.51403,False
385,6.415955,4.19035,107.8117,-30.68215,False
386,6.432617,4.19035,107.8117,-30.68215,False
387,6.449402,5.824148,107.356,-30.9194,False
388,6.46582,6.668811,107.2043,-31.01745,False
389,6.482605,7.511385,107.0021,-31.14082,False
390,6.499268,8.465403,106.8,-31.2766,False
391,6.515869,9.248942,106.5981,-31.40782,False
392,6.532654,9.248942,106.5981,-31.40782,False
393,6.549194,10.81223,106.1946,-31.68466,False
394,6.565918,11.42349,105.9931,-31.81606,False
395,6.582825,12.08985,105.7917,-31.95549,False
396,6.599487,12.80603,105.5958,-32.15764,False
397,6.615845,13.46775,105.3444,-32.325,False
398,6.632874,13.46775,105.3444,-32.325,False
399,6.649292,15.06223,104.8979,-32.73465,False
400,6.665833,15.77971,104.7474,-32.87929,False
401,6.682556,16.60734,104.5969,-33.04152,False
402,6.699341,17.38065,104.4967,-33.18098,False
403,6.715759,18.10017,104.4466,-33.29665,False
404,6.732849,18.10017,104.4466,-33.29665,False
405,6.749268,19.64173,104.2462,-33.59736,False
406,6.76593,20.52149,104.1461,-33.77127,False
407,6.782532,21.29258,104.096,-33.91253,False
408,6.799194,21.95568,104.096,-34.01923,False
409,6.815796,22.56306,104.096,-34.11992,False
410,6.832703,22.56306,104.096,-34.11992,False
411,6.849243,23.55594,104.096,-34.29059,False
412,6.865784,24.15832,104.046,-34.41935,False
413,6.882629,24.87003,103.9959,-34.57124,False
414,6.899658,25.68668,103.8959,-34.76887,False
415,6.915955,26.55667,103.7959,-34.98247,False
416,6.932495,26.55667,103.7959,-34.98247,False
417,6.949524,28.24567,103.6959,-35.3735,False
418,6.965759,29.01072,103.6959,-35.53831,False
419,6.982422,29.76545,103.596,-35.74918,False
420,6.999146,30.46905,103.546,-35.93102,False
421,7.016113,31.0628,103.4961,-36.09103,False
422,7.032532,31.0628,103.4961,-36.09103,False
423,7.049194,31.92221,103.3962,-36.33991,False
424,7.065796,32.24271,103.3463,-36.43992,False
425,7.082703,32.40541,103.3463,-36.47979,False
426,7.099365,32.40028,103.2964,-36.50065,False
427,7.115845,32.40028,103.2964,-36.50065,False
428,7.132996,32.40028,103.2964,-36.50065,False
429,7.149109,32.39265,103.0914,-36.53172,False
430,7.166199,32.32815,102.9917,-36.56035,False
431,7.182495,32.30752,102.7923,-36.64447,False
432,7.199524,32.25073,102.6374,-36.64191,False
433,7.215759,32.23519,102.4881,-36.70539,False
434,7.232422,32.23519,102.4881,-36.70539,False
435,7.249329,32.16024,102.4218,-36.54236,False
436,7.266052,32.13165,102.4107,-36.42397,False
437,7.282471,32.10813,102.4493,-36.28439,False
438,7.299561,32.14399,102.5375,-36.13686,False
439,7.31604,32.12035,102.8364,-35.99704,False
440,7.332397,32.12035,102.8364,-35.99704,False
441,7.349182,32.15691,103.7349,-35.60825,False
442,7.365906,32.20183,104.1852,-35.42285,False
443,7.382751,32.31094,104.7365,-35.21172,False
444,7.39917,32.35692,105.3448,-35.02226,False
445,7.415955,32.46507,105.8982,-34.81624,False
446,7.432373,32.46507,105.8982,-34.81624,False
447,7.449158,32.62366,106.8509,-34.40389,False
448,7.465881,32.71654,107.2553,-34.26238,False
449,7.482544,32.74936,107.6096,-34.12786,False
450,7.499084,32.78548,107.8572,-33.97981,False
451,7.515747,32.81686,108.0543,-33.85122,False
452,7.532349,32.81686,108.0543,-33.85122,False
453,7.549744,32.86559,108.2965,-33.65151,False
454,7.565735,32.87019,108.3472,-33.63265,False
455,7.582336,32.8922,108.443,-33.54244,False
456,7.59906,32.90594,108.5954,-33.48611,False
457,7.615784,33.00164,108.8945,-33.33501,False
458,7.632385,33.00164,108.8945,-33.33501,False
459,7.649109,33.08723,109.8619,-32.98482,False
460,7.666077,33.16201,110.5707,-32.6789,False
461,7.682373,33.24445,111.3834,-32.34164,False
462,7.699341,33.3513,112.1862,-31.90448,False
463,7.715698,33.509,112.9392,-31.5033,False
464,7.732605,33.509,112.9392,-31.5033,False
465,7.749268,33.85265,114.3277,-30.59039,False
466,7.765869,33.99223,114.8775,-30.26743,False
467,7.782349,34.13147,115.4279,-29.94705,False
468,7.799622,34.27552,115.8689,-29.60834,False
469,7.815674,34.40395,116.1024,-29.33399,False
470,7.832581,34.40395,116.1024,-29.33399,False
471,7.84906,34.6886,116.3931,-28.67651,False
472,7.865662,34.81892,116.4631,-28.39781,False
473,7.882568,34.94944,116.5325,-28.11935,False
474,7.899048,35.01468,116.4975,-27.85756,False
475,7.915649,35.06686,116.4691,-27.64819,False
476,7.932251,35.06686,116.4691,-27.64819,False
477,7.948975,35.19341,116.3446,-27.14041,False
478,7.965637,35.23174,116.1811,-26.73851,False
479,7.982788,35.34243,115.845,-26.29358,False
480,7.998962,35.40339,115.4471,-25.79839,False
481,8.015869,35.52756,114.9348,-25.29842,False
482,8.032532,35.52756,114.9348,-25.29842,False
483,8.049011,35.73574,113.9283,-24.4602,False
484,8.065674,35.81572,113.3839,-24.13815,False
485,8.082764,35.90402,112.7775,-23.7826,False
486,8.09906,35.9959,112.2211,-23.41264,False
487,8.115784,36.10888,111.5925,-22.95774,False
488,8.132446,36.10888,111.5925,-22.95774,False
489,8.148987,36.37162,110.5636,-22.15681,False
490,8.165588,36.4489,110.1745,-21.8462,False
491,8.182678,36.53049,109.9996,-21.51826,False
492,8.199097,36.58206,109.9578,-21.31099,False
493,8.215637,36.57306,109.9156,-21.08874,False
494,8.23291,36.57306,109.9156,-21.08874,False
495,8.248962,36.63671,109.922,-20.5727,False
496,8.265808,36.71383,110.0217,-20.26165,False
497,8.282654,36.79945,110.2236,-19.91627,False
498,8.299011,36.88493,110.4251,-19.5715,False
499,8.315674,37.0001,110.6552,-19.10692,False
500,8.332703,37.0001,110.6552,-19.10692,False
501,8.348938,37.18744,110.9301,-18.35131,False
502,8.365845,37.24698,110.9868,-18.11111,False
503,8.382263,37.3065,111.0432,-17.87107,False
504,8.398926,37.27847,111.1228,-17.71897,False
505,8.415955,37.25889,111.139,-17.53216,False
506,8.432922,37.25889,111.139,-17.53216,False
507,8.448975,37.14754,111.1272,-17.44999,False
508,8.465698,37.08549,111.1272,-17.43473,False
509,8.482239,37.06013,111.1508,-17.53789,False
510,8.498901,36.93483,111.2094,-17.78068,False
511,8.515747,36.75911,111.3135,-18.23026,False
512,8.532715,36.75911,111.3135,-18.23026,False
513,8.549011,36.22728,111.4577,-19.34169,False
514,8.565735,35.96257,111.5258,-19.89873,False
515,8.582458,35.71965,111.5188,-20.36975,False
516,8.598999,35.60717,111.4482,-20.83573,False
517,8.615784,35.49459,111.3762,-21.30216,False
518,8.632263,35.49459,111.3762,-21.30216,False
519,8.649109,35.21067,111.0009,-22.47835,False
520,8.665588,35.01389,110.7157,-23.29358,False
521,8.682434,34.78245,110.4088,-23.9922,False
522,8.698975,34.57199,110.0305,-24.60613,False
523,8.716064,34.36158,109.651,-25.22215,False
524,8.732239,34.36158,109.651,-25.22215,False
525,8.749207,34.02295,108.5486,-26.37549,False
526,8.765564,33.82738,107.8874,-26.93501,False
527,8.782227,33.68126,107.2859,-27.54589,False
528,8.799194,33.52968,106.6341,-28.17957,False
529,8.815735,33.3494,106.0173,-28.67942,False
530,8.832214,33.3494,106.0173,-28.67942,False
531,8.848999,33.07957,104.6935,-29.80951,False
532,8.865662,32.87538,103.9867,-30.41358,False
533,8.882446,32.72708,103.281,-31.03582,False
534,8.898865,32.59518,102.619,-31.58924,False
535,8.915527,32.46499,102.1148,-32.13549,False
536,8.93219,32.46499,102.1148,-32.13549,False
537,8.948792,32.2006,101.2135,-33.2448,False
538,8.965698,32.02892,100.8584,-33.71968,False
539,8.982178,31.93537,100.5953,-34.11291,False
540,8.999084,31.85935,100.3748,-34.43244,False
541,9.015503,31.76546,100.1114,-34.82708,False
542,9.032227,31.76546,100.1114,-34.82708,False
543,9.048828,31.51305,99.35641,-35.88808,False
544,9.066223,31.33622,98.82183,-36.63139,False
545,9.082275,31.16575,98.23196,-37.34792,False
546,9.098938,31.01249,97.68542,-37.99214,False
547,9.116028,30.96206,97.11672,-38.44139,False
548,9.132202,30.96206,97.11672,-38.44139,False
549,9.148865,30.99571,96.25194,-39.00788,False
550,9.165649,31.038,95.82072,-39.29981,False
551,9.18219,31.06786,95.2935,-39.64133,False
552,9.198914,30.95977,94.73029,-40.0891,False
553,9.215698,30.86284,94.26463,-40.49067,False
554,9.232117,30.86284,94.26463,-40.49067,False
555,9.249207,30.66686,93.43704,-41.30258,False
556,9.26593,30.59339,93.06414,-41.60694,False
557,9.282227,30.50692,92.69701,-41.96518,False
558,9.299072,30.50491,92.28774,-42.42762,False
559,9.31543,30.37924,91.93657,-42.94637,False
560,9.332153,30.37924,91.93657,-42.94637,False
561,9.34906,30.10145,91.24323,-44.09307,False
562,9.365601,30.01917,91.02452,-44.43272,False
563,9.382141,29.96858,90.84409,-44.64156,False
564,9.398804,30.00687,90.7494,-44.70572,False
565,9.415527,30.10223,90.70207,-44.75637,False
566,9.432251,30.10223,90.70207,-44.75637,False
567,9.448914,30.3499,90.65475,-44.84447,False
568,9.465454,30.31125,90.56915,-45.00173,False
569,9.4823,30.31028,90.48791,-45.22419,False
570,9.49884,30.25856,90.40651,-45.43426,False
571,9.516174,30.25072,90.37646,-45.68343,False
572,9.532104,30.25072,90.37646,-45.68343,False
573,9.548828,30.14539,90.03223,-46.32642,False
574,9.565613,30.11092,89.81276,-46.68086,False
575,9.582153,30.01307,89.49915,-47.07624,False
576,9.598816,29.94764,89.22501,-47.34062,False
577,9.615784,30.00104,88.99425,-47.55095,False
578,9.632202,30.00104,88.99425,-47.55095,False
579,9.648682,30.2856,88.90049,-47.67863,False
580,9.66571,30.56028,88.89278,-47.63593,False
581,9.68219,30.89836,88.88105,-47.55396,False
582,9.698914,31.3228,88.87312,-47.5512,False
583,9.715454,31.78345,88.86913,-47.61547,False
584,9.7323,31.78345,88.86913,-47.61547,False
585,9.748779,32.62664,88.86913,-47.8406,False
586,9.765503,32.97338,88.86913,-47.93501,False
587,9.78241,33.31985,88.86913,-48.03042,False
588,9.798828,33.7649,88.86913,-48.15455,False
589,9.815552,34.32313,88.8651,-48.25633,False
590,9.832153,34.32313,88.8651,-48.25633,False
591,9.848755,35.6698,88.86106,-48.59279,False
592,9.865479,36.40778,88.86106,-48.81508,False
593,9.88208,37.04623,88.86106,-49.01141,False
594,9.898804,37.7,88.857,-49.15941,False
595,9.915588,38.25533,88.85291,-49.2795,False
596,9.932068,38.25533,88.85291,-49.2795,False
597,9.94873,39.21842,88.84467,-49.47897,False
598,9.965332,39.51158,88.84467,-49.57609,False
599,9.982056,39.70689,88.84467,-49.64124,False
600,9.998718,39.8045,88.84467,-49.67393,False
601,10.01532,39.88784,88.83634,-49.58746,False
602,10.03192,39.88784,88.83634,-49.58746,False
603,10.04865,40.00873,88.8065,-49.22751,False
604,10.06525,40.10957,88.79338,-49.08976,False
605,10.08203,40.18748,88.82245,-48.85812,False
606,10.09869,40.21614,88.85117,-48.60997,False
607,10.11542,40.26792,88.83732,-48.45579,False
608,10.13196,40.26792,88.83732,-48.45579,False
609,10.14868,40.37396,88.89322,-47.9761,False
610,10.16534,40.41071,88.96758,-47.70201,False
611,10.18188,40.49692,89.04163,-47.44461,False
612,10.19885,40.55912,89.15726,-47.09338,False
613,10.21619,40.62096,89.27245,-46.7423,False
614,10.23199,40.62096,89.27245,-46.7423,False
615,10.24884,40.6762,89.50687,-46.07519,False
616,10.26538,40.67791,89.57368,-45.73345,False
617,10.28198,40.68755,89.5872,-45.36605,False
618,10.29871,40.65421,89.56435,-45.12709,False
619,10.31555,40.6374,89.5528,-45.00761,False
620,10.33215,40.6374,89.5528,-45.00761,False
621,10.34888,40.4852,89.45276,-44.95762,False
622,10.3653,40.41758,89.35857,-44.99251,False
623,10.38196,40.32469,89.22319,-45.10475,False
624,10.39874,40.22338,89.04087,-45.24311,False
625,10.41602,40.10548,88.96412,-45.43277,False
626,10.43201,40.10548,88.96412,-45.43277,False
627,10.44879,39.77814,88.97315,-45.92409,False
628,10.46527,39.64426,89.00033,-46.16522,False
629,10.48206,39.61083,89.01105,-46.26823,False
630,10.49878,39.60255,89.06335,-46.29375,False
631,10.51544,39.653,89.34544,-46.13827,False
632,10.53217,39.653,89.34544,-46.13827,False
633,10.54913,39.84441,90.43047,-45.54834,False
634,10.56598,39.98426,91.13588,-45.11732,False
635,10.58191,40.11412,91.89668,-44.71707,False
636,10.59875,40.16582,92.60168,-44.21004,False
637,10.61536,40.15627,93.26102,-43.71484,False
638,10.63208,40.15627,93.26102,-43.71484,False
639,10.64868,40.15906,94.22036,-42.6445,False
640,10.66541,40.25061,94.57756,-42.179,False
641,10.68195,40.25782,94.84407,-41.79705,False
642,10.69879,40.25671,95.06223,-41.43933,False
643,10.716,40.23857,95.28629,-41.13359,False
644,10.73212,40.23857,95.28629,-41.13359,False
645,10.7486,40.16702,95.5222,-40.44583,False
646,10.76636,40.09861,95.67236,-39.92509,False
647,10.78192,40.14328,95.76657,-39.40936,False
648,10.79852,40.1106,95.81758,-38.95216,False
649,10.81537,40.09988,95.90929,-38.4202,False
650,10.83191,40.09988,95.90929,-38.4202,False
651,10.84857,39.95584,96.22173,-37.55199,False
652,10.8653,39.84541,96.48539,-37.1415,False
653,10.88232,39.81016,96.79056,-36.67357,False
654,10.89868,39.75798,97.10303,-36.25816,False
655,10.91553,39.75711,97.52094,-35.86635,False
656,10.93213,39.75711,97.52094,-35.86635,False
657,10.94873,39.62458,98.18469,-35.31508,False
658,10.96582,39.49352,98.43019,-35.15472,False
659,10.98199,39.34232,98.52846,-35.06159,False
660,10.9986,39.13608,98.62677,-34.9526,False
661,11.01624,38.97582,98.78178,-34.88959,False
662,11.03192,38.97582,98.78178,-34.88959,False
663,11.04858,38.84331,99.02785,-34.73101,False
664,11.06567,38.83467,99.08456,-34.7607,False
665,11.08197,38.81963,99.092,-34.81246,False
666,11.09857,38.74439,99.12888,-35.07129,False
667,11.11627,38.58436,99.17958,-35.41788,False
668,11.13202,38.58436,99.17958,-35.41788,False
669,11.14868,38.25562,99.25708,-35.94054,False
670,11.16565,38.24063,99.26399,-35.99239,False
671,11.18188,38.25337,99.3625,-35.94831,False
672,11.19867,38.29145,99.65826,-35.81651,False
673,11.21521,38.33562,100.0037,-35.66362,False
674,11.23193,38.33562,100.0037,-35.66362,False
675,11.24872,38.39825,100.4981,-35.44685,False
676,11.26587,38.36846,100.6961,-35.3449,False
677,11.28192,38.3385,100.8942,-35.24326,False
678,11.29858,38.30837,101.0925,-35.14193,False
679,11.31525,38.27808,101.2909,-35.04091,False
680,11.33185,38.27808,101.2909,-35.04091,False
681,11.34857,38.27464,101.5819,-34.84596,False
682,11.36609,38.21974,101.5819,-34.83024,False
683,11.3819,38.15,101.5888,-34.86642,False
684,11.39856,38.06549,101.6025,-34.95455,False
685,11.41608,37.98105,101.6162,-35.04274,False
686,11.43195,37.98105,101.6162,-35.04274,False
687,11.44861,37.83589,101.5801,-35.1366,False
688,11.46521,37.76036,101.5372,-35.1942,False
689,11.48187,37.74564,101.544,-35.24615,False
690,11.49854,37.62003,101.4714,-35.48095,False
691,11.51575,37.44004,101.3985,-35.70055,False
692,11.53186,37.44004,101.3985,-35.70055,False
693,11.54877,37.19587,101.3014,-36.14987,False
694,11.56525,37.09766,101.3204,-36.29066,False
695,11.58179,37.07704,101.2771,-36.36408,False
696,11.59863,37.07704,101.2771,-36.36408,False
697,11.61621,37.06242,101.2834,-36.41611,False
698,11.6319,37.06242,101.2834,-36.41611,False
699,11.6485,36.89558,101.3013,-37.01004,False
700,11.66528,36.74327,101.3109,-37.55219,False
701,11.68188,36.42194,101.1862,-38.28536,False
702,11.69867,36.11369,101.1569,-38.97649,False
703,11.71515,35.78257,101.1141,-39.54934,False
704,11.73187,35.78257,101.1141,-39.54934,False
705,11.74872,35.38982,101.1058,-40.55566,False
706,11.7652,35.25056,101.1328,-40.85471,False
707,11.7818,35.20721,101.1459,-41.01152,False
708,11.79913,35.13195,101.2041,-41.07997,False
709,11.81525,35.14985,101.3526,-41.01516,False
710,11.83209,35.14985,101.3526,-41.01516,False
711,11.84845,35.19732,101.749,-40.84318,False
712,11.86517,35.22681,101.9971,-40.73633,False
713,11.88208,35.25617,102.2453,-40.62996,False
714,11.8985,35.30566,102.5392,-40.45069,False
715,11.91522,35.34052,102.8378,-40.3244,False
716,11.93182,35.34052,102.8378,-40.3244,False
717,11.94849,35.37227,103.2407,-40.20938,False
718,11.96515,35.39225,103.5443,-40.13702,False
719,11.98187,35.40328,103.9024,-40.09706,False
720,11.99841,35.39257,104.4068,-39.92999,False
721,12.01605,35.43077,105.0165,-39.79139,False
722,12.03174,35.43077,105.0165,-39.79139,False
723,12.04852,35.53547,106.3863,-39.41149,False
724,12.06525,35.59087,107.0461,-39.21047,False
725,12.08173,35.6545,107.6526,-38.97961,False
726,12.09857,35.71733,108.2603,-38.75162,False
727,12.11511,35.77424,108.8183,-38.54514,False
728,12.13177,35.77424,108.8183,-38.54514,False
729,12.14856,35.90109,110.0901,-38.08485,False
730,12.16589,35.95582,110.6512,-37.88629,False
731,12.18176,36.00499,111.1621,-37.70788,False
732,12.19849,36.0536,111.6737,-37.53148,False
733,12.21521,36.08725,112.1902,-37.4094,False
734,12.23169,36.08725,112.1902,-37.4094,False
735,12.24847,36.14778,113.3322,-37.18977,False
736,12.26508,36.17043,113.7479,-37.10757,False
737,12.28186,36.17831,114.168,-37.07899,False
738,12.29846,36.18583,114.5884,-37.05171,False
739,12.31512,36.20293,114.9537,-36.98967,False
740,12.33209,36.20293,114.9537,-36.98967,False
741,12.34882,36.2451,115.7887,-36.83665,False
742,12.36542,36.27571,116.1512,-36.72556,False
743,12.38202,36.30174,116.4622,-36.63113,False
744,12.39917,36.32327,116.7215,-36.553,False
745,12.41516,36.35909,116.9771,-36.42305,False
746,12.43188,36.35909,116.9771,-36.42305,False
747,12.44849,36.42427,117.5967,-36.18652,False
748,12.46539,36.46377,117.9049,-36.0432,False
749,12.48218,36.53603,118.2575,-35.78101,False
750,12.49841,36.60801,118.6101,-35.51984,False
751,12.51514,36.67971,118.9629,-35.25968,False
752,12.53174,36.67971,118.9629,-35.25968,False
753,12.54846,36.90353,119.8214,-34.66221,False
754,12.56519,36.99662,120.2748,-34.32497,False
755,12.58185,37.07481,120.7328,-34.04171,False
756,12.59912,37.16317,121.1342,-33.72163,False
757,12.61511,37.24739,121.4831,-33.41653,False
758,12.63177,37.24739,121.4831,-33.41653,False
759,12.64838,37.43675,122.2811,-32.73053,False
760,12.66553,37.54887,122.62,-32.32438,False
761,12.68182,37.64267,122.9108,-31.98458,False
762,12.69849,37.74709,123.1434,-31.60628,False
763,12.71582,37.85844,123.4808,-31.20294,False
764,12.73224,37.85844,123.4808,-31.20294,False
765,12.74847,38.04102,124.0067,-30.54149,False
766,12.76514,38.13375,124.2954,-30.20557,False
767,12.78168,38.22626,124.5838,-29.87044,False
768,12.79834,38.31855,124.8719,-29.53612,False
769,12.81512,38.35339,125.1595,-29.18682,False
770,12.83258,38.35339,125.1595,-29.18682,False
771,12.84833,38.5,125.858,-28.65487,False
772,12.86493,38.54811,126.1635,-28.4803,False
773,12.88202,38.57847,126.4223,-28.37014,False
774,12.89832,38.60868,126.6812,-28.26051,False
775,12.91492,38.63876,126.9402,-28.1514,False
776,12.9317,38.63876,126.9402,-28.1514,False
777,12.9483,38.71589,127.5052,-27.87151,False
778,12.96503,38.7455,127.7645,-27.76408,False
779,12.98175,38.78631,127.9644,-27.616,False
780,12.99829,38.80968,128.1174,-27.5312,False
781,13.01501,38.83002,128.2174,-27.45742,False
782,13.03162,38.83002,128.2174,-27.45742,False
783,13.04816,38.87606,128.2513,-27.29034,False
784,13.06506,38.90775,128.2915,-27.17538,False
785,13.08154,38.95377,128.325,-27.00839,False
786,13.09827,39.00274,128.4116,-26.8307,False
787,13.11493,39.00274,128.4116,-26.8307,False
788,13.13196,39.02886,128.6177,-26.73592,False
789,13.14825,39.03179,128.6709,-26.72529,False
790,13.16498,39.02036,128.7308,-26.76675,False
791,13.1817,39.0262,128.8372,-26.7456,False
792,13.19824,39.03489,128.9969,-26.71403,False
793,13.21497,39.04641,129.2099,-26.67223,False
794,13.23151,39.04641,129.2099,-26.67223,False
795,13.24847,39.06068,129.4762,-26.62045,False
796,13.26495,39.06068,129.4762,-26.62045,False
797,13.28168,39.00328,129.5026,-26.82872,False
798,13.29822,38.87343,129.5351,-27.07313,False
799,13.31488,38.87343,129.5351,-27.07313,False
800,13.33154,38.40834,129.26,-27.40484,False
801,13.34827,38.10144,128.9406,-27.38921,False
802,13.36493,37.90459,128.515,-27.42756,False
803,13.38159,37.64083,127.9302,-27.48486,False
804,13.39825,37.36475,127.1336,-27.59018,False
805,13.41486,37.36475,127.1336,-27.59018,False
806,13.43152,36.5637,124.3001,-28.28786,False
807,13.4483,36.05151,122.5327,-28.84244,False
808,13.46497,35.58762,121.098,-29.45936,False
809,13.48175,35.08595,119.7367,-30.2369,False
810,13.49841,34.41808,118.4302,-30.97375,False
811,13.51501,33.7255,117.1672,-31.59323,False
812,13.5318,33.7255,117.1672,-31.59323,False
813,13.54828,32.09282,114.9289,-32.95665,False
814,13.56519,31.25605,113.9554,-33.77745,False
815,13.58197,30.31124,113.0888,-34.60507,False
816,13.59833,29.45265,112.3705,-35.35244,False
817,13.61505,28.6203,111.7491,-36.02124,False
818,13.63196,28.6203,111.7491,-36.02124,False
819,13.6485,27.25386,110.7431,-37.12512,False
820,13.66498,26.61469,110.1656,-37.77751,False
821,13.68262,25.89043,109.3898,-38.60688,False
822,13.69873,25.31432,108.81,-39.283,False
823,13.71503,24.66902,108.2343,-40.06111,False
824,13.73206,24.66902,108.2343,-40.06111,False
825,13.74854,23.59481,107.119,-41.4308,False
826,13.76495,23.12616,106.486,-42.22077,False
827,13.78192,22.69167,105.7027,-43.1398,False
828,13.79883,22.18244,104.8209,-44.20484,False
829,13.81525,21.68689,103.9365,-45.22465,False
830,13.83154,21.68689,103.9365,-45.22465,False
831,13.84839,21.01485,102.5605,-46.99644,False
832,13.86505,20.84387,102.0682,-47.68871,False
833,13.88159,20.73553,101.6244,-48.31586,False
834,13.8985,20.62691,101.1798,-48.94463,False
835,13.91504,20.50876,100.7344,-49.62862,False
836,13.93225,20.50876,100.7344,-49.62862,False
837,13.9483,20.28203,100.0857,-50.9411,False
838,13.96497,20.19221,99.88305,-51.46106,False
839,13.98181,20.10233,99.67915,-51.98132,False
840,13.99817,20.02167,99.47514,-52.44827,False
841,14.01556,19.9317,99.26888,-52.9691,False
842,14.03162,19.9317,99.26888,-52.9691,False
843,14.04828,19.67879,98.74224,-54.43317,False
844,14.065,19.54356,98.42492,-55.21594,False
845,14.08154,19.42269,98.06065,-55.91565,False
846,14.09821,19.37543,97.70219,-56.46351,False
847,14.11499,19.45543,97.44838,-56.82005,False
848,14.13153,19.45543,97.44838,-56.82005,False
849,14.14825,19.95216,97.05381,-57.21465,False
850,14.16492,20.20453,96.81078,-57.38371,False
851,14.18158,20.35074,96.51683,-57.61453,False
852,14.19885,20.43631,96.17208,-57.91543,False
853,14.21497,20.50108,95.82223,-58.32416,False
854,14.2323,20.50108,95.82223,-58.32416,False
855,14.24817,20.74571,95.31891,-59.00986,False
856,14.26495,20.97603,95.11996,-59.26618,False
857,14.28149,21.285,94.8247,-59.59002,False
858,14.29828,21.62588,94.52664,-59.97757,False
859,14.31482,21.62588,94.52664,-59.97757,False
860,14.3316,22.02475,93.80859,-61.19678,False
861,14.34814,22.09206,93.58887,-61.75861,False
862,14.36487,22.15754,93.3679,-62.32059,False
863,14.38147,22.30881,93.25309,-62.68218,False
864,14.39819,22.48132,93.14568,-62.93784,False
865,14.41486,22.48132,93.14568,-62.93784,False
866,14.4314,22.87261,92.88664,-63.43176,False
867,14.44812,22.86445,92.73108,-63.67606,False
868,14.46497,22.82174,92.47158,-64.07725,False
869,14.48157,22.75538,92.20309,-64.58477,False
870,14.49811,22.6292,91.79101,-65.16016,False
871,14.51477,22.6292,91.79101,-65.16016,False
872,14.53143,22.50217,90.87572,-66.341,False
873,14.54828,22.56492,90.38304,-66.85044,False
874,14.56482,22.66721,89.80179,-67.37082,False
875,14.58185,22.74342,89.18496,-67.80544,False
876,14.59808,22.82959,88.575,-68.19035,False
877,14.61481,22.82959,88.575,-68.19035,False
878,14.63147,22.86389,86.98871,-69.16983,False
879,14.64807,22.84519,85.96934,-69.80644,False
880,14.66473,22.8301,84.72601,-70.60258,False
881,14.6814,22.7627,83.44576,-71.43113,False
882,14.69806,22.69826,82.30567,-72.23834,False
883,14.71478,22.69826,82.30567,-72.23834,False
884,14.73151,22.47062,80.2961,-73.89703,False
885,14.74805,22.31515,79.38377,-74.72153,False
886,14.76477,22.14264,78.38782,-75.61443,False
887,14.78143,21.96221,77.45242,-76.37009,False
888,14.79797,21.80756,76.61537,-77.01777,False
889,14.81482,21.80756,76.61537,-77.01777,False
890,14.83142,21.62101,75.60958,-77.79906,False
891,14.84808,21.56763,75.30651,-78.02262,False
892,14.86469,21.58322,75.04184,-78.28529,False
893,14.88141,21.62638,74.86928,-78.43156,False
894,14.89801,21.64785,74.78307,-78.5048,False
895,14.91473,21.64785,74.78307,-78.5048,False
896,14.93219,21.6975,74.7885,-78.46108,False
897,14.94806,21.73067,74.84238,-78.32365,False
898,14.96466,21.79314,74.85307,-78.22733,False
899,14.98138,21.8302,74.85307,-78.2363,False
900,14.99805,21.84295,74.85838,-78.18367,False
901,15.01483,21.84295,74.85838,-78.18367,False
902,15.03137,21.93221,74.89497,-77.81522,False
903,15.04803,22.08442,74.94041,-77.35041,False
904,15.06482,22.23282,75.03663,-76.73893,False
905,15.08191,22.41138,75.08706,-76.16857,False
906,15.09796,22.60289,75.12633,-75.71283,False
907,15.11481,22.60289,75.12633,-75.71283,False
908,15.13153,23.20594,75.19562,-74.91138,False
909,15.14807,23.59391,75.22971,-74.5048,False
910,15.16473,24.15451,75.27579,-73.91879,False
911,15.18127,24.73406,75.32122,-73.28303,False
912,15.19806,25.45981,75.4082,-72.59704,False
913,15.21478,25.45981,75.4082,-72.59704,False
914,15.23126,26.91201,75.80894,-71.47923,False
915,15.24805,27.67604,76.12727,-71.05984,False
916,15.26477,28.3475,76.5695,-70.68624,False
917,15.28131,28.89312,76.96912,-70.31413,False
918,15.29791,29.49159,77.41316,-69.92743,False
919,15.31476,29.49159,77.41316,-69.92743,False
920,15.33154,30.49743,78.34299,-69.24445,False
921,15.34808,30.89315,78.78525,-68.97694,False
922,15.36475,31.17306,79.1386,-68.79903,False
923,15.38129,31.26117,79.35987,-68.66142,False
924,15.39801,31.33043,79.49278,-68.58424,False
925,15.41479,31.33043,79.49278,-68.58424,False
926,15.43127,31.54531,79.84948,-68.33182,False
927,15.44794,31.64986,80.07345,-68.14397,False
928,15.46521,31.79426,80.25801,-67.83073,False
929,15.48132,31.98106,80.48996,-67.38457,False
930,15.49792,32.1264,80.72143,-66.92573,False
931,15.51465,32.1264,80.72143,-66.92573,False
932,15.53137,32.6153,81.49982,-65.67565,False
933,15.54785,32.85101,82.04391,-65.0808,False
934,15.5647,33.06379,82.76926,-64.41193,False
935,15.58124,33.26609,83.45199,-63.77599,False
936,15.59796,33.46712,84.13709,-63.144,False
937,15.61511,33.65041,84.82403,-62.56785,False
938,15.63135,33.65041,84.82403,-62.56785,False
939,15.64795,34.01406,86.29719,-61.42468,False
940,15.66473,34.19475,87.17654,-60.85668,False
941,15.68152,34.39032,88.15324,-60.2419,False
942,15.69794,34.58334,89.13493,-59.63511,False
943,15.71466,34.58334,89.13493,-59.63511,False
944,15.7312,34.9785,91.019,-58.3929,False
945,15.74817,35.11913,91.91997,-57.7935,False
946,15.76471,35.28708,92.72936,-57.26477,False
947,15.78131,35.40565,93.35024,-56.89151,False
948,15.79791,35.51645,93.82919,-56.5427,False
949,15.81488,35.51645,93.82919,-56.5427,False
950,15.83124,35.65083,94.3572,-56.11967,False
951,15.84796,35.68267,94.45332,-56.01943,False
952,15.86456,35.73862,94.59755,-55.84328,False
953,15.88141,35.81983,94.6935,-55.58765,False
954,15.89801,35.95684,94.93313,-55.15635,False
955,15.91455,35.95684,94.93313,-55.15635,False
956,15.93127,36.39096,95.69643,-53.7897,False
957,15.948,36.64396,96.36707,-52.99324,False
958,15.9646,36.89401,97.13615,-52.20607,False
959,15.98126,37.11483,98.05627,-51.51091,False
960,15.99792,37.3477,99.07734,-50.77784,False
961,16.01532,37.5589,100.2032,-50.11297,False
962,16.03125,37.5589,100.2032,-50.11297,False
963,16.0481,37.9418,102.3713,-48.90759,False
964,16.0647,38.10086,103.313,-48.40685,False
965,16.0813,38.22532,104.0081,-48.01508,False
966,16.09808,38.3028,104.6078,-47.77115,False
967,16.11469,38.3028,104.6078,-47.77115,False
968,16.13214,38.44643,105.6086,-47.319,False
969,16.14856,38.52555,106.1095,-47.06993,False
970,16.16473,38.66578,106.707,-46.62849,False
971,16.18134,38.87182,107.3037,-46.15402,False
972,16.19836,39.04783,107.796,-45.60072,False
973,16.21466,39.04783,107.796,-45.60072,False
974,16.23132,39.29779,108.6386,-44.81496,False
975,16.24786,39.36618,108.9386,-44.59995,False
976,16.26465,39.4003,109.0887,-44.49272,False
977,16.28131,39.41202,109.1903,-44.45586,False
978,16.29834,39.39554,109.1925,-44.50767,False
979,16.31458,39.39554,109.1925,-44.50767,False
980,16.3313,39.41345,109.1968,-44.62749,False
981,16.34869,39.36395,109.203,-44.7829,False
982,16.36481,39.33094,109.2071,-44.88652,False
983,16.38177,39.31443,109.2091,-44.93832,False
984,16.39819,39.31443,109.2091,-44.93832,False
985,16.41467,39.31443,109.2091,-44.93832,False
986,16.43158,39.28142,109.2131,-45.04194,False
987,16.44812,39.28142,109.2131,-45.04194,False
988,16.46454,39.26492,109.215,-45.09375,False
989,16.48145,39.24841,109.2169,-45.14557,False
990,16.4986,39.23191,109.2188,-45.19738,False
991,16.51465,39.23191,109.2188,-45.19738,False
992,16.53168,39.2154,109.2207,-45.24919,False
993,16.54816,39.2154,109.2207,-45.24919,False
994,16.56458,39.20954,109.1699,-45.2676,False
995,16.5813,39.19303,109.1717,-45.31942,False
996,16.59833,39.19303,109.1717,-45.31942,False
997,16.61456,39.19303,109.1717,-45.31942,False
998,16.63129,39.12009,109.1228,-45.37357,False
999,16.64777,39.1036,109.1246,-45.42539,False
1000,16.66479,39.00249,109.1246,-45.39327,False
1001,16.68176,38.85079,109.1246,-45.34525,False
1002,16.69794,38.59781,109.1246,-45.26564,False
1003,16.71484,38.59781,109.1246,-45.26564,False
1004,16.7312,38.04068,109.1246,-45.09231,False
1005,16.74847,37.8379,109.1246,-45.02991,False
1006,16.76459,37.68574,109.1246,-44.98333,False
1007,16.78168,37.54935,109.1228,-44.8849,False
1008,16.79785,37.39701,109.1228,-44.83868,False
1009,16.81476,37.39701,109.1228,-44.83868,False
1010,16.83167,37.17814,109.1246,-44.82941,False
1011,16.8479,37.12177,109.0738,-44.83268,False
1012,16.86469,37.07098,109.0738,-44.81742,False
1013,16.88123,37.08661,109.072,-44.76534,False
1014,16.89801,37.1335,109.0665,-44.60909,False
1015,16.91498,37.12944,109.0607,-44.43756,False
1016,16.93115,37.12944,109.0607,-44.43756,False
1017,16.94781,37.00764,109.0568,-44.28764,False
1018,16.96515,36.70144,109.0568,-44.19671,False
1019,16.98199,36.24173,109.0568,-44.06174,False
1020,16.99792,35.74535,109.0548,-43.8615,False
1021,17.01453,35.74535,109.0548,-43.8615,False
1022,17.03125,34.38173,109.0444,-43.19606,False
1023,17.04791,33.65136,109.038,-42.82884,False
1024,17.06519,33.02129,109.0313,-42.49299,False
1025,17.08203,32.40857,108.9783,-42.29771,False
1026,17.09808,31.79473,108.9252,-42.10543,False
1027,17.11462,31.79473,108.9252,-42.10543,False
1028,17.13116,30.58106,108.7223,-41.88604,False
1029,17.14838,30.12896,108.6162,-41.70595,False
1030,17.16455,29.8448,108.5077,-41.51135,False
1031,17.18127,29.58449,108.394,-41.21159,False
1032,17.19781,29.35862,108.2317,-40.99666,False
1033,17.21448,29.35862,108.2317,-40.99666,False
1034,17.2312,29.17481,107.853,-40.5946,False
1035,17.24786,29.11237,107.6364,-40.38326,False
1036,17.26465,28.99681,107.4193,-40.16035,False
1037,17.2818,28.88817,107.1482,-39.90449,False
1038,17.29785,28.79068,106.8731,-39.59624,False
1039,17.31445,28.79068,106.8731,-39.59624,False
1040,17.33148,28.50624,106.0724,-39.12276,False
1041,17.34808,28.27759,105.5438,-38.89456,False
1042,17.36456,28.0503,104.9107,-38.65672,False
1043,17.38123,27.76166,104.0733,-38.44087,False
1044,17.39813,27.40633,103.2407,-38.27269,False
1045,17.41449,27.40633,103.2407,-38.27269,False
1046,17.43115,26.50388,101.7948,-38.04741,False
1047,17.4483,25.95794,101.1817,-37.98931,False
1048,17.46509,25.4841,100.6635,-37.84919,False
1049,17.48108,24.92204,100.1359,-37.58584,False
1050,17.49841,24.40168,99.61323,-37.39026,False
1051,17.51477,24.40168,99.61323,-37.39026,False
1052,17.53113,23.07027,98.73134,-37.0546,False
1053,17.54883,22.30866,98.42657,-36.95576,False
1054,17.56494,21.55037,98.17102,-36.83877,False
1055,17.58105,20.79508,97.96452,-36.70327,False
1056,17.59863,20.0885,97.81242,-36.61074,False
1057,17.61511,19.3963,97.75264,-36.4216,False
1058,17.63171,19.3963,97.75264,-36.4216,False
1059,17.64789,18.01484,97.62729,-36.0007,False
1060,17.66455,17.37563,97.61609,-35.8061,False
1061,17.68109,16.8509,97.59912,-35.57471,False
1062,17.69861,16.20863,97.58769,-35.38576,False
1063,17.71606,15.61335,97.58195,-35.26006,False
1064,17.73151,15.61335,97.58195,-35.26006,False
1065,17.74774,14.57967,97.4727,-35.08191,False
1066,17.7644,14.20495,97.41222,-34.95661,False
1067,17.78125,13.94255,97.29696,-34.81376,False
1068,17.79779,13.73215,97.13275,-34.70097,False
1069,17.81445,13.73215,97.13275,-34.70097,False
1070,17.83234,13.41855,96.65176,-34.5061,False
1071,17.84778,13.25272,96.29269,-34.49677,False
1072,17.86487,13.14712,95.92761,-34.44025,False
1073,17.88135,13.04181,95.45935,-34.37992,False
1074,17.89777,12.94188,94.88156,-34.26312,False
1075,17.91467,12.94188,94.88156,-34.26312,False
1076,17.93176,12.45289,93.48593,-34.13718,False
1077,17.9483,11.958,92.76534,-34.0708,False
1078,17.96436,11.39808,92.06,-34.113,False
1079,17.9812,10.73013,91.40382,-34.12648,False
1080,17.99768,10.01107,90.84393,-34.08994,False
1081,18.01447,10.01107,90.84393,-34.08994,False
1082,18.03186,8.465117,89.92319,-33.97573,False
1083,18.04773,7.748316,89.56178,-33.90421,False
1084,18.06439,6.978417,89.29494,-33.78082,False
1085,18.08136,6.15564,89.16951,-33.57896,False
1086,18.0979,5.330637,89.146,-33.38215,False
1087,18.11444,5.330637,89.146,-33.38215,False
1088,18.13116,3.616987,89.10638,-33.05611,False
1089,18.14771,2.674336,89.08234,-32.87271,False
1090,18.16479,1.783663,89.07428,-32.80425,False
1091,18.18103,0.8369409,89.10529,-32.66054,False
1092,18.19769,-0.1675219,89.08902,-32.55046,False
1093,18.21454,-0.1675219,89.08902,-32.55046,False
1094,18.23126,-1.955904,89.07267,-32.45685,False
1095,18.24768,-2.626427,89.07267,-32.46815,False
1096,18.26514,-3.296886,89.07267,-32.48277,False
1097,18.28107,-4.078985,89.07267,-32.504,False
1098,18.29773,-4.8051,89.07267,-32.52774,False
1099,18.31445,-4.8051,89.07267,-32.52774,False
1100,18.33167,-6.259373,89.06446,-32.53315,False
1101,18.34772,-6.990827,89.04797,-32.46112,False
1102,18.36487,-7.720179,89.0397,-32.44674,False
1103,18.38141,-8.502413,89.0397,-32.49344,False
1104,18.39771,-9.284365,89.0397,-32.54464,False
1105,18.41479,-9.284365,89.0397,-32.54464,False
1106,18.43097,-10.84732,89.0397,-32.66053,False
1107,18.448,-11.62827,89.0397,-32.72523,False
1108,18.46448,-12.52031,89.0397,-32.80466,False
1109,18.48102,-13.30304,89.08689,-32.85219,False
1110,18.49774,-14.08006,89.14238,-32.95774,False
1111,18.51459,-14.08006,89.14238,-32.95774,False
1112,18.53107,-15.47112,89.24508,-33.10966,False
1113,18.54785,-16.07314,89.30876,-33.26118,False
1114,18.56439,-16.67079,89.42778,-33.44218,False
1115,18.58124,-17.22189,89.68856,-33.5393,False
1116,18.59772,-17.77579,90.09959,-33.61347,False
1117,18.61438,-17.77579,90.09959,-33.61347,False
1118,18.63104,-18.86682,91.34351,-33.47827,False
1119,18.64899,-19.50516,92.13884,-33.36786,False
1120,18.66449,-20.0811,92.8405,-33.30755,False
1121,18.68115,-20.70518,93.44758,-33.31192,False
1122,18.69781,-21.36002,93.97424,-33.4867,False
1123,18.71442,-21.36002,93.97424,-33.4867,False
1124,18.73163,-22.53652,95.04253,-33.93972,False
1125,18.74799,-22.67215,95.47955,-34.14613,False
1126,18.76483,-22.64176,95.91612,-34.32603,False
1127,18.78101,-22.62013,96.34558,-34.45406,False
1128,18.79767,-22.59827,96.77487,-34.58345,False
1129,18.81445,-22.59827,96.77487,-34.58345,False
1130,18.83124,-22.32702,97.89632,-34.85261,False
1131,18.8476,-22.15536,98.52124,-34.86713,False
1132,18.86469,-22.01082,99.38675,-34.7176,False
1133,18.88123,-21.931,100.4026,-34.51593,False
1134,18.89783,-21.9134,101.4158,-34.27791,False
1135,18.91461,-21.9134,101.4158,-34.27791,False
1136,18.93091,-21.95858,103.485,-33.65357,False
1137,18.94806,-22.03013,104.5359,-33.21469,False
1138,18.96436,-22.08159,105.4453,-32.899,False
1139,18.98102,-22.13199,106.3575,-32.58986,False
1140,18.99817,-22.19003,107.2666,-32.23388,False
1141,19.01477,-22.19003,107.2666,-32.23388,False
1142,19.03162,-22.09201,109.0306,-31.41723,False
1143,19.04761,-21.92015,109.7887,-31.0466,False
1144,19.06439,-21.65262,110.4291,-30.5392,False
1145,19.0813,-21.43344,110.9681,-30.08076,False
1146,19.0976,-21.22299,111.5529,-29.55385,False
1147,19.11432,-21.22299,111.5529,-29.55385,False
1148,19.13086,-20.89648,112.467,-28.61425,False
1149,19.14801,-20.79485,112.8922,-28.11132,False
1150,19.16425,-20.64454,113.2012,-27.52906,False
1151,19.18103,-20.54256,113.5158,-27.00998,False
1152,19.19775,-20.442,113.7196,-26.47244,False
1153,19.21442,-20.442,113.7196,-26.47244,False
1154,19.23102,-20.42156,113.9011,-25.78378,False
1155,19.24805,-20.43162,113.9456,-25.71358,False
1156,19.26422,-20.43162,113.9456,-25.71358,False
1157,19.2818,-20.43162,113.9456,-25.71358,False
1158,19.29803,-20.43162,113.9456,-25.71358,False
1159,19.31427,-20.43162,113.9456,-25.71358,False
1160,19.33093,-20.49027,113.9456,-25.72199,False
1161,19.34753,-20.5897,113.9081,-25.86247,False
1162,19.3642,-20.68115,113.8776,-26.05645,False
1163,19.38098,-20.86848,113.7575,-26.40817,False
1164,19.39819,-21.03917,113.489,-26.86469,False
1165,19.41431,-21.03917,113.489,-26.86469,False
1166,19.43225,-21.31941,112.6738,-28.15169,False
1167,19.44757,-21.31813,112.2287,-28.93167,False
1168,19.46497,-21.34475,111.5884,-29.90087,False
1169,19.4809,-21.32007,110.9402,-30.81212,False
1170,19.49774,-21.27081,110.1988,-31.87149,False
1171,19.5144,-21.27081,110.1988,-31.87149,False
1172,19.53088,-21.15297,108.6628,-34.0794,False
1173,19.54755,-21.24601,107.9734,-35.26929,False
1174,19.56433,-21.33024,107.2297,-36.48377,False
1175,19.58087,-21.44156,106.5723,-37.50278,False
1176,19.59753,-21.64929,105.9665,-38.57695,False
1177,19.61426,-21.64929,105.9665,-38.57695,False
1178,19.63141,-22.00217,104.8094,-40.98353,False
1179,19.64758,-22.1145,104.402,-42.18966,False
1180,19.66473,-22.12165,104.0381,-43.35812,False
1181,19.68115,-22.05902,103.7631,-44.3065,False
1182,19.69794,-21.94789,103.5332,-45.22517,False
1183,19.71423,-21.94789,103.5332,-45.22517,False
1184,19.73083,-21.68252,103.2057,-46.71386,False
1185,19.74756,-21.53351,103.0125,-47.54975,False
1186,19.76422,-21.4074,102.8649,-48.25724,False
1187,19.78082,-21.29466,102.7641,-48.8897,False
1188,19.79749,-21.2201,102.6624,-49.30796,False
1189,19.81549,-21.08983,102.6114,-49.47296,False
1190,19.83124,-21.08983,102.6114,-49.47296,False
1191,19.8476,-20.74757,102.6114,-49.41275,False
1192,19.86414,-20.69488,102.5617,-49.42595,False
1193,19.88086,-20.66866,102.4614,-49.57666,False
1194,19.89746,-20.64415,102.2624,-49.71751,False
1195,19.91431,-20.64415,102.2624,-49.71751,False
1196,19.93109,-20.71829,101.814,-50.15485,False
1197,19.94751,-20.7475,101.5665,-50.27375,False
1198,19.96417,-20.78044,101.3687,-50.37094,False
1199,19.98077,-20.85382,101.0722,-50.52161,False
1200,19.99744,-21.07601,100.8254,-50.67653,False
1201,20.01416,-21.07601,100.8254,-50.67653,False
1202,20.03094,-21.75133,100.234,-51.07878,False
1203,20.04822,-22.2177,99.93938,-51.25173,False
1204,20.06427,-22.75907,99.84222,-51.29205,False
1205,20.08075,-23.55634,99.79465,-51.30702,False
1206,20.09735,-24.64451,99.79757,-51.14208,False
1207,20.1142,-24.64451,99.79757,-51.14208,False
1208,20.1308,-26.87946,99.65276,-50.86844,False
1209,20.14746,-28.00808,99.5535,-50.62086,False
1210,20.16418,-28.97885,99.40341,-50.42378,False
1211,20.18085,-29.94827,99.20257,-50.25753,False
1212,20.19812,-30.71342,99.00089,-50.10147,False
1213,20.21417,-30.71342,99.00089,-50.10147,False
1214,20.23157,-31.83159,98.69493,-49.81158,False
1215,20.24744,-32.16233,98.54366,-49.74895,False
1216,20.26447,-32.33281,98.39339,-49.69991,False
1217,20.28076,-32.52406,98.29053,-49.57587,False
1218,20.29742,-32.81976,98.23619,-49.4562,False
1219,20.31415,-32.81976,98.23619,-49.4562,False
1220,20.33075,-33.58583,98.17846,-49.35596,False
1221,20.34784,-34.07087,98.17371,-49.32421,False
1222,20.36456,-34.57177,98.16708,-49.24219,False
1223,20.3808,-34.96039,98.16187,-49.18565,False
1224,20.39746,-35.21792,98.15461,-49.03469,False
1225,20.41467,-35.21792,98.15461,-49.03469,False
1226,20.43085,-35.29781,98.15085,-48.94489,False
1227,20.44745,-35.29781,98.15085,-48.94489,False
1228,20.46417,-35.29781,98.15085,-48.94489,False
1229,20.48077,-35.29781,98.15085,-48.94489,False
1230,20.49744,-35.29781,98.15085,-48.94489,False
1231,20.51422,-35.29781,98.15085,-48.94489,False
1232,20.53088,-35.34691,98.15085,-48.95941,False
1233,20.54742,-35.34691,98.15085,-48.95941,False
1234,20.56427,-35.29781,98.15085,-48.94489,False
1235,20.58075,-35.24871,98.15085,-48.93038,False
1236,20.59747,-35.15049,98.15085,-48.90143,False
1237,20.61438,-35.15049,98.15085,-48.90143,False
1238,20.63086,-34.79986,98.10202,-48.82364,False
1239,20.64746,-34.50486,98.10202,-48.73814,False
1240,20.66418,-34.16043,98.10202,-48.63932,False
1241,20.68097,-33.61216,98.0532,-48.509,False
1242,20.69781,-32.95208,97.90679,-48.40016,False
1243,20.71423,-32.95208,97.90679,-48.40016,False
1244,20.73132,-31.56341,97.46809,-48.25074,False
1245,20.74738,-30.98512,97.07689,-48.24387,False
1246,20.76398,-30.63448,96.6397,-48.38013,False
1247,20.78076,-30.51844,96.10645,-48.62921,False
1248,20.79736,-30.48066,95.52803,-48.98252,False
1249,20.81409,-30.48066,95.52803,-48.98252,False
1250,20.83069,-30.65955,93.84938,-50.10907,False
1251,20.84766,-31.19288,92.99177,-50.84073,False
1252,20.86432,-31.87402,91.9966,-51.76159,False
1253,20.88129,-32.61421,90.86411,-52.7984,False
1254,20.8974,-33.35924,89.7831,-53.77171,False
1255,20.91449,-33.35924,89.7831,-53.77171,False
1256,20.93073,-34.69957,88.28435,-55.09219,False
1257,20.94739,-35.03892,88.09781,-55.31352,False
1258,20.96411,-35.03892,88.09781,-55.31352,False
1259,20.98065,-34.96201,88.09618,-55.23278,False
1260,20.99731,-34.89321,88.14115,-55.12541,False
1261,21.01404,-34.89321,88.14115,-55.12541,False
1262,21.03064,-34.72286,88.13948,-55.01617,False
1263,21.04724,-34.5364,88.13948,-54.95921,False
1264,21.06396,-34.06985,88.13948,-54.81816,False
1265,21.08063,-33.43104,88.13779,-54.57173,False
1266,21.09729,-32.6405,88.17921,-54.14371,False
1267,21.11462,-32.6405,88.17921,-54.14371,False
1268,21.13092,-30.66693,88.16628,-53.20405,False
1269,21.1474,-29.84104,88.16238,-52.87493,False
1270,21.16394,-29.15479,88.15839,-52.58761,False
1271,21.18073,-28.52221,88.06516,-52.48762,False
1272,21.19739,-27.69825,87.87678,-52.347,False
1273,21.21399,-27.69825,87.87678,-52.347,False
1274,21.23077,-26.1794,87.39909,-51.94849,False
1275,21.24725,-25.59083,87.20225,-51.65501,False
1276,21.26483,-24.96942,87.14417,-51.27146,False
1277,21.28082,-24.44101,87.08556,-50.9113,False
1278,21.29742,-23.97457,87.07014,-50.4824,False
1279,21.31403,-23.97457,87.07014,-50.4824,False
1280,21.33057,-22.86699,87.02812,-49.43242,False
1281,21.34735,-22.32074,87.00051,-48.83128,False
1282,21.36395,-21.81808,86.97112,-48.24165,False
1283,21.38068,-21.35029,86.94347,-47.71644,False
1284,21.39722,-20.88299,86.9608,-47.16521,False
1285,21.41528,-20.57538,87.11598,-46.55759,False
1286,21.4306,-20.57538,87.11598,-46.55759,False
1287,21.44733,-20.16318,87.87927,-45.62033,False
1288,21.46393,-20.0368,88.57598,-45.12293,False
1289,21.48077,-20.0056,89.32626,-44.67286,False
1290,21.49731,-19.93893,90.26811,-44.11293,False
1291,21.51404,-19.93893,90.26811,-44.11293,False
1292,21.53058,-19.81016,92.30787,-42.93847,False
1293,21.54724,-19.74753,93.40701,-42.32646,False
1294,21.56415,-19.62589,94.46353,-41.74144,False
1295,21.58081,-19.3552,95.67016,-41.0685,False
1296,21.59747,-19.1842,96.88308,-40.42401,False
1297,21.61395,-19.1842,96.88308,-40.42401,False
1298,21.63055,-18.77599,99.3273,-39.16464,False
1299,21.64746,-18.53395,100.6118,-38.58133,False
1300,21.66388,-18.27801,101.7537,-38.07787,False
1301,21.6806,-17.95259,102.7013,-37.66454,False
1302,21.69739,-17.55003,103.303,-37.40147,False
1303,21.71399,-17.55003,103.303,-37.40147,False
1304,21.73096,-16.92675,104.1136,-37.13755,False
1305,21.74731,-16.60001,104.3215,-37.11956,False
1306,21.7641,-16.17194,104.5255,-37.0355,False
1307,21.78058,-15.80146,104.6758,-36.92667,False
1308,21.79767,-15.26819,104.8261,-36.80013,False
1309,21.8139,-15.26819,104.8261,-36.80013,False
1310,21.83051,-14.00845,105.316,-36.28613,False
1311,21.84729,-13.6564,105.71,-35.97354,False
1312,21.86389,-13.41166,106.1044,-35.67419,False
1313,21.88055,-13.16227,106.5538,-35.4104,False
1314,21.89728,-12.85556,107.1088,-35.15747,False
1315,21.91406,-12.85556,107.1088,-35.15747,False
1316,21.93066,-12.50041,108.0231,-34.81888,False
1317,21.94751,-12.29869,108.53,-34.60349,False
1318,21.96393,-12.14487,109.1473,-34.46517,False
1319,21.98053,-11.93367,109.7146,-34.344,False
1320,21.99738,-11.66836,110.3339,-34.20217,False
1321,22.01392,-11.66836,110.3339,-34.20217,False
1322,22.03064,-11.19061,111.418,-33.93423,False
1323,22.04724,-11.03524,111.9338,-33.79309,False
1324,22.0639,-10.9406,112.4978,-33.58677,False
1325,22.08044,-10.79132,113.1141,-33.361,False
1326,22.09753,-10.64399,113.8343,-33.10379,False
1327,22.11389,-10.64399,113.8343,-33.10379,False
1328,22.13055,-10.40267,115.1202,-32.60251,False
1329,22.14728,-10.19682,115.8443,-32.35296,False
1330,22.16388,-9.931487,116.466,-32.13615,False
1331,22.18109,-9.720053,117.0367,-31.94285,False
1332,22.19763,-9.455409,117.6044,-31.69438,False
1333,22.21381,-9.455409,117.6044,-31.69438,False
1334,22.23053,-8.96897,118.5934,-31.36466,False
1335,22.24774,-8.692588,119.0665,-31.26328,False
1336,22.26392,-8.419963,119.5885,-31.09503,False
1337,22.28052,-8.145682,120.0588,-30.9442,False
1338,22.29724,-7.868452,120.5858,-30.83526,False
1339,22.31396,-7.868452,120.5858,-30.83526,False
1340,22.33057,-7.262233,121.6863,-30.49994,False
1341,22.34717,-6.927815,122.3201,-30.36877,False
1342,22.36414,-6.594586,122.8983,-30.2009,False
1343,22.38055,-6.257999,123.481,-30.09064,False
1344,22.39709,-5.866755,124.1133,-29.914,False
1345,22.41394,-5.866755,124.1133,-29.914,False
1346,22.43036,-5.249218,125.2782,-29.65923,False
1347,22.44702,-4.965117,125.8671,-29.61918,False
1348,22.46375,-4.737846,126.4566,-29.58426,False
1349,22.48035,-4.452931,126.9936,-29.56245,False
1350,22.49707,-4.227545,127.4177,-29.46016,False
1351,22.51373,-4.227545,127.4177,-29.46016,False
1352,22.53033,-3.883258,127.9059,-29.50756,False
1353,22.547,-3.76707,128.0722,-29.57822,False
1354,22.56427,-3.593663,128.1853,-29.65919,False
1355,22.58038,-3.532773,128.2486,-29.80908,False
1356,22.59705,-3.52862,128.2586,-29.97195,False
1357,22.61377,-3.52862,128.2586,-29.97195,False
1358,22.63031,-3.464908,128.2748,-30.242,False
1359,22.64697,-3.463257,128.2249,-30.30779,False
1360,22.66364,-3.404585,128.1219,-30.38374,False
1361,22.68036,-3.290569,128.0157,-30.40413,False
1362,22.69702,-3.290015,127.9095,-30.42737,False
1363,22.71375,-3.290015,127.9095,-30.42737,False
1364,22.73041,-3.287213,127.379,-30.54482,False
1365,22.74701,-3.285793,127.1139,-30.60436,False
1366,22.76367,-3.284359,126.8489,-30.66444,False
1367,22.78046,-3.282623,126.5312,-30.73725,False
1368,22.797,-3.282278,125.9956,-30.75171,False
1369,22.81366,-3.282278,125.9956,-30.75171,False
1370,22.83026,-3.331627,124.0848,-31.05105,False
1371,22.84698,-3.321456,122.4534,-31.47021,False
1372,22.86395,-3.254239,120.5623,-31.92715,False
1373,22.88049,-3.240249,118.526,-32.51362,False
1374,22.89709,-3.282666,116.7066,-33.06877,False
1375,22.91382,-3.282666,116.7066,-33.06877,False
1376,22.93048,-3.25786,113.0826,-34.09103,False
1377,22.94714,-3.245181,111.2819,-34.61354,False
1378,22.96375,-3.230954,109.3885,-35.19987,False
1379,22.98053,-3.162489,107.6069,-35.77342,False
1380,22.99707,-3.148978,105.7813,-36.33987,False
1381,23.01398,-3.148978,105.7813,-36.33987,False
1382,23.03046,-3.170464,102.4788,-37.69273,False
1383,23.04718,-3.206584,100.8931,-38.40746,False
1384,23.06378,-3.187322,99.21876,-39.18804,False
1385,23.08044,-3.16615,97.55891,-40.04601,False
1386,23.0976,-3.143924,95.76159,-40.9467,False
1387,23.11383,-3.143924,95.76159,-40.9467,False
1388,23.13031,-3.10187,92.74027,-42.65086,False
1389,23.14734,-3.081732,91.46209,-43.46694,False
1390,23.16376,-3.115647,90.32979,-44.16323,False
1391,23.18042,-3.1508,89.34461,-44.78853,False
1392,23.19781,-3.136764,88.40766,-45.33896,False
1393,23.21417,-3.136764,88.40766,-45.33896,False
1394,23.23047,-3.15977,86.73597,-46.40448,False
1395,23.24731,-3.197892,85.99628,-46.86251,False
1396,23.26367,-3.234832,85.30891,-47.35066,False
1397,23.28033,-3.275111,84.75824,-47.70106,False
1398,23.29712,-3.267159,84.30064,-47.994,False
1399,23.31366,-3.267159,84.30064,-47.994,False
1400,23.33038,-3.252189,83.6232,-48.54546,False
1401,23.34711,-3.245066,83.30817,-48.80787,False
1402,23.36365,-3.239542,83.08444,-49.01136,False
1403,23.38031,-3.335175,82.94838,-49.10381,False
1404,23.39758,-3.431678,82.95164,-49.16088,False
1405,23.4137,-3.431678,82.95164,-49.16088,False
1406,23.43042,-3.434964,83.03908,-49.04675,False
1407,23.44702,-3.436685,83.12982,-48.98698,False
1408,23.46375,-3.436685,83.12982,-48.98698,False
1409,23.48047,-3.435122,83.13309,-49.04126,False
1410,23.49701,-3.431996,83.13956,-49.14985,False
1411,23.51373,-3.431996,83.13956,-49.14985,False
1412,23.53033,-3.525201,83.14909,-49.31559,False
1413,23.54706,-3.574147,83.14909,-49.31705,False
1414,23.5636,-3.57162,83.10684,-49.40122,False
1415,23.58032,-3.57162,83.10684,-49.40122,False
1416,23.59698,-3.517721,83.02232,-49.56817,False
1417,23.61383,-3.517721,83.02232,-49.56817,False
1418,23.63037,-3.500615,82.49116,-50.14577,False
1419,23.64709,-3.489342,82.09077,-50.52642,False
1420,23.66364,-3.473706,81.55931,-51.05438,False
1421,23.68036,-3.407494,80.98746,-51.66865,False
1422,23.69708,-3.246031,80.32545,-52.29107,False
1423,23.71375,-3.246031,80.32545,-52.29107,False
1424,23.73035,-2.222861,78.95465,-53.34721,False
1425,23.74731,-1.600657,78.29585,-53.8675,False
1426,23.76373,-0.9366572,77.55236,-54.45912,False
1427,23.78094,-0.3726072,76.85881,-55.08186,False
1428,23.79694,0.1852312,76.21445,-55.73354,False
1429,23.81366,0.1852312,76.21445,-55.73354,False
1430,23.83038,1.508325,74.89594,-57.20182,False
1431,23.84698,2.362888,74.2151,-57.86034,False
1432,23.86371,3.382942,73.41245,-58.69116,False
1433,23.88031,4.525984,72.61018,-59.43444,False
1434,23.89703,5.746858,71.85268,-60.11164,False
1435,23.91364,5.746858,71.85268,-60.11164,False
1436,23.9303,8.19956,70.55882,-61.35149,False
1437,23.9469,9.306278,70.06163,-61.86556,False
1438,23.96356,10.3206,69.69231,-62.33321,False
1439,23.98029,11.32445,69.36738,-62.83054,False
1440,23.99695,12.51113,69.1642,-63.19859,False
1441,24.01361,12.51113,69.1642,-63.19859,False
1442,24.03015,14.45098,68.96552,-63.79228,False
1443,24.04694,15.16342,68.88568,-64.02037,False
1444,24.06354,15.78217,68.89169,-64.27716,False
1445,24.08008,16.23596,68.89558,-64.45705,False
1446,24.09686,16.78241,68.8975,-64.59901,False
1447,24.11353,16.78241,68.8975,-64.59901,False
1448,24.13007,17.88139,68.89939,-64.83794,False
1449,24.14679,18.51951,68.89939,-64.9502,False
1450,24.16388,19.15692,68.89939,-65.0664,False
1451,24.18018,19.67651,68.8975,-65.10876,False
1452,24.19678,20.17196,68.81567,-65.27731,False
1453,24.21381,20.17196,68.81567,-65.27731,False
1454,24.2301,21.22767,68.32597,-65.92919,False
1455,24.24677,21.83654,68.07805,-66.16711,False
1456,24.26343,22.38957,67.83255,-66.45312,False
1457,24.28003,22.99767,67.54309,-66.68144,False
1458,24.29694,23.51602,67.17139,-66.9128,False
1459,24.31354,23.51602,67.17139,-66.9128,False
1460,24.3302,24.4825,66.14362,-67.46906,False
1461,24.34692,24.89196,65.44724,-67.76909,False
1462,24.36346,25.18344,64.79324,-68.00795,False
1463,24.38013,25.29867,64.10254,-68.24644,False
1464,24.39685,25.25302,63.49578,-68.42707,False
1465,24.41345,25.25302,63.49578,-68.42707,False
1466,24.43024,25.16454,62.36978,-68.77718,False
1467,24.44696,25.1069,61.73167,-69.00526,False
1468,24.4635,25.05205,61.05483,-69.22231,False
1469,24.4801,24.95771,60.23039,-69.59559,False
1470,24.49695,24.84594,59.29564,-70.03786,False
1471,24.51349,24.84594,59.29564,-70.03786,False
1472,24.53015,24.55629,57.38899,-71.18397,False
1473,24.54694,24.43456,56.51899,-71.66563,False
1474,24.56342,24.38107,55.90663,-71.87726,False
1475,24.58014,24.37012,55.3989,-71.92062,False
1476,24.5968,24.409,55.06932,-71.76678,False
1477,24.61346,24.409,55.06932,-71.76678,False
1478,24.63025,24.59101,54.87798,-71.04659,False
1479,24.64673,24.70719,54.86877,-70.58685,False
1480,24.66345,24.88701,55.02975,-69.87535,False
1481,24.68018,25.15374,55.55274,-68.81992,False
1482,24.69684,25.4957,56.57351,-67.46683,False
1483,24.71344,25.4957,56.57351,-67.46683,False
1484,24.7301,26.49247,60.20699,-63.70389,False
1485,24.74664,26.99411,62.29901,-61.90641,False
1486,24.76343,27.52792,64.74265,-60.17489,False
1487,24.78015,27.86583,67.14716,-58.84705,False
1488,24.79681,28.08834,69.45751,-57.97265,False
1489,24.81342,28.08834,69.45751,-57.97265,False
1490,24.8302,28.29194,74.0923,-56.981,False
1491,24.84747,28.41301,76.14729,-56.5044,False
1492,24.86359,28.53415,77.80734,-56.02757,False
1493,24.88019,28.66963,79.20002,-55.49423,False
1494,24.89691,28.78945,80.37434,-55.02257,False
1495,24.91357,28.78945,80.37434,-55.02257,False
1496,24.93024,29.01931,82.70905,-54.31427,False
1497,24.94684,29.04862,83.82697,-54.1991,False
1498,24.96344,29.05364,84.81171,-54.17937,False
1499,24.9801,29.06205,85.65697,-54.1463,False
1500,24.99695,29.0619,86.45804,-54.14688,False
1501,25.01349,29.0619,86.45804,-54.14688,False
1502,25.03009,29.10429,88.01241,-53.98031,False
1503,25.04694,29.14039,88.81467,-53.83846,False
1504,25.06348,29.1683,89.47726,-53.72877,False
1505,25.08032,29.22207,90.23454,-53.5175,False
1506,25.09686,29.27462,90.99429,-53.311,False
1507,25.1134,29.27462,90.99429,-53.311,False
1508,25.13025,29.44261,92.61256,-52.65084,False
1509,25.14691,29.47611,93.52283,-52.3196,False
1510,25.16364,29.54921,94.38863,-52.03186,False
1511,25.18018,29.6269,95.30582,-51.72602,False
1512,25.19672,29.68338,96.17878,-51.50368,False
1513,25.2135,29.68338,96.17878,-51.50368,False
1514,25.23047,29.7546,97.73882,-51.22335,False
1515,25.24689,29.78163,98.52215,-51.11694,False
1516,25.26349,29.81891,99.4055,-50.97019,False
1517,25.28009,29.8412,100.2915,-50.88245,False
1518,25.29675,29.85962,101.2787,-50.80993,False
1519,25.31366,29.85962,101.2787,-50.80993,False
1520,25.33032,29.90104,102.8637,-50.64687,False
1521,25.34711,29.94131,103.6096,-50.48836,False
1522,25.36365,29.96706,104.3569,-50.38701,False
1523,25.38092,30.00202,105.2061,-50.24939,False
1524,25.39685,30.01381,106.1065,-50.20297,False
1525,25.41333,30.01381,106.1065,-50.20297,False
1526,25.43005,29.98018,108.0601,-50.33535,False
1527,25.44696,29.96001,108.9636,-50.41477,False
1528,25.46338,29.91937,109.6648,-50.57473,False
1529,25.48004,29.88649,110.3166,-50.70417,False
1530,25.4967,29.87495,110.9208,-50.7496,False
1531,25.51337,29.87495,110.9208,-50.7496,False
1532,25.53021,29.88009,112.2297,-50.93171,False
1533,25.54675,29.84378,112.8828,-51.0744,False
1534,25.56342,29.82042,113.3861,-51.1662,False
1535,25.58008,29.79655,113.8895,-51.26001,False
1536,25.59686,29.79048,114.2948,-51.28382,False
1537,25.61334,29.79048,114.2948,-51.28382,False
1538,25.63007,29.78244,115.0051,-51.31544,False
1539,25.64685,29.81113,115.2559,-51.40391,False
1540,25.66333,29.87583,115.4627,-51.35111,False
1541,25.68024,29.971,115.6153,-51.3798,False
1542,25.69666,30.03151,115.7704,-51.34374,False
1543,25.7135,30.03151,115.7704,-51.34374,False
1544,25.7301,30.10025,116.0292,-51.27587,False
1545,25.74683,30.10436,116.081,-51.25989,False
1546,25.76385,30.09083,116.0784,-51.31253,False
1547,25.78003,30.06376,116.0733,-51.4178,False
1548,25.79675,30.03669,116.0681,-51.52308,False
1549,25.81342,30.03669,116.0681,-51.52308,False
1550,25.83002,30.02316,116.0655,-51.57571,False
1551,25.84668,30.07118,116.0655,-51.58807,False
1552,25.86334,30.16719,116.0655,-51.61284,False
1553,25.88019,30.26319,116.0655,-51.63769,False
1554,25.89679,30.29751,116.0628,-51.70274,False
1555,25.91339,30.29751,116.0628,-51.70274,False
1556,25.93005,30.29751,116.0628,-51.70274,False
1557,25.94666,30.29751,116.0628,-51.70274,False
1558,25.96332,30.34547,116.0628,-51.71521,False
1559,25.97998,30.39343,116.0628,-51.7277,False
1560,25.99664,30.45511,116.0655,-51.68762,False
1561,26.01331,30.45511,116.0655,-51.68762,False
1562,26.02991,30.51683,116.0681,-51.64758,False
1563,26.04657,30.51683,116.0681,-51.64758,False
1564,26.06323,30.51683,116.0681,-51.64758,False
1565,26.0799,30.50308,116.0655,-51.70015,False
1566,26.09662,30.48933,116.0628,-51.75273,False
1567,26.1134,30.48933,116.0628,-51.75273,False
1568,26.12988,30.50183,116.2182,-51.70495,False
1569,26.14716,30.4813,116.4691,-51.78345,False
1570,26.16321,30.45509,116.821,-51.88369,False
1571,26.17993,30.37608,117.3657,-52.18584,False
1572,26.19666,30.28667,117.9582,-52.52774,False
1573,26.21332,30.28667,117.9582,-52.52774,False
1574,26.22986,30.0912,119.4934,-53.27525,False
1575,26.24658,29.97796,120.448,-53.5154,False
1576,26.26324,29.90719,121.5557,-53.7865,False
1577,26.27985,29.82111,122.7775,-53.92376,False
1578,26.29712,29.79645,123.8518,-54.01838,False
1579,26.31323,29.79645,123.8518,-54.01838,False
1580,26.3299,29.8035,125.8355,-53.79832,False
1581,26.34656,29.82379,126.8806,-53.72034,False
1582,26.36322,29.81751,127.9708,-53.74448,False
1583,26.37988,29.76513,128.9943,-53.9458,False
1584,26.39648,29.64735,129.9597,-54.20589,False
1585,26.41315,29.64735,129.9597,-54.20589,False
1586,26.42987,29.25026,131.2544,-54.77557,False
1587,26.44653,29.10801,131.7773,-54.74784,False
1588,26.46332,29.08546,132.3118,-54.6414,False
1589,26.47986,29.11143,132.9003,-54.53991,False
1590,26.49646,29.13673,133.4892,-54.44097,False
1591,26.51318,29.13673,133.4892,-54.44097,False
1592,26.52985,29.11671,134.1322,-54.32398,False
1593,26.54657,29.03411,134.2224,-54.45211,False
1594,26.56317,28.89149,134.3065,-54.6209,False
1595,26.5799,28.73112,134.4557,-54.6647,False
1596,26.59656,28.64823,134.7239,-54.59895,False
1597,26.61322,28.64823,134.7239,-54.59895,False
1598,26.62982,28.48284,135.6306,-54.46505,False
1599,26.64655,28.42229,136.3113,-54.5083,False
1600,26.66315,28.30104,136.9863,-54.59597,False
1601,26.67981,28.14353,137.6138,-54.63047,False
1602,26.69647,28.01296,138.3078,-54.55628,False
1603,26.7132,28.01296,138.3078,-54.55628,False
1604,26.72974,27.75953,139.5117,-54.17083,False
1605,26.74652,27.59075,140.0752,-53.83996,False
1606,26.76318,27.43658,140.3264,-53.4429,False
1607,26.77972,27.19261,140.3667,-52.99577,False
1608,26.79651,26.98166,140.4004,-52.61279,False
1609,26.81305,26.98166,140.4004,-52.61279,False
1610,26.82977,26.51872,140.4706,-51.78391,False
1611,26.84656,26.24935,140.3602,-51.18746,False
1612,26.8631,25.94134,139.8797,-50.51989,False
1613,26.87976,25.5733,138.8796,-49.63694,False
1614,26.89661,25.19314,137.394,-48.77705,False
1615,26.91315,25.19314,137.394,-48.77705,False
1616,26.92981,24.30723,133.3511,-47.06054,False
1617,26.94647,23.87133,130.7382,-46.37461,False
1618,26.9632,23.40506,128.0187,-45.8193,False
1619,26.98004,22.87693,124.7287,-45.29238,False
1620,26.99652,22.16396,121.187,-44.89475,False
1621,27.01324,22.16396,121.187,-44.89475,False
1622,27.03009,20.96021,113.5901,-44.58951,False
1623,27.04651,20.47751,109.3983,-44.6611,False
1624,27.06323,19.96469,105.2463,-44.92575,False
1625,27.08002,19.38056,100.6397,-45.32993,False
1626,27.09668,18.6076,95.99973,-45.98484,False
1627,27.11316,18.6076,95.99973,-45.98484,False
1628,27.12988,16.9786,87.41841,-47.69967,False
1629,27.14661,16.04267,83.56351,-48.64854,False
1630,27.16333,14.97723,79.99983,-49.55603,False
1631,27.17999,14.03652,76.94433,-50.37826,False
1632,27.19647,13.10605,74.39164,-51.2255,False
1633,27.21326,13.10605,74.39164,-51.2255,False
1634,27.2298,11.45953,70.29527,-52.60816,False
1635,27.24652,10.61493,68.13599,-53.43236,False
1636,27.26318,10.02364,66.08141,-54.19851,False
1637,27.27985,9.586613,63.99459,-54.89359,False
1638,27.29645,9.384089,61.8894,-55.63327,False
1639,27.31335,9.384089,61.8894,-55.63327,False
1640,27.32996,9.12132,58.05237,-57.13028,False
1641,27.3465,8.97042,56.26891,-57.85485,False
1642,27.36383,8.833636,54.73343,-58.41884,False
1643,27.37976,8.702917,53.45497,-58.91846,False
1644,27.39648,8.577852,52.08997,-59.3569,False
1645,27.41333,8.577852,52.08997,-59.3569,False
1646,27.42975,8.382629,49.15564,-60.13084,False
1647,27.44653,8.353355,47.50969,-60.50876,False
1648,27.46307,8.331733,45.76704,-60.78792,False
1649,27.4798,8.299728,44.06308,-61.20109,False
1650,27.49634,8.262724,42.30157,-61.67881,False
1651,27.51355,8.262724,42.30157,-61.67881,False
1652,27.52972,7.915411,39.02315,-62.78054,False
1653,27.54645,7.563453,37.3497,-63.42485,False
1654,27.56305,7.29946,35.65651,-64.09866,False
1655,27.57971,7.127446,33.6324,-64.72081,False
1656,27.59644,7.104197,31.85386,-65.05884,False
1657,27.61304,7.104197,31.85386,-65.05884,False
1658,27.62976,7.124007,28.55101,-65.3893,False
1659,27.64661,7.104187,27.12808,-65.67574,False
1660,27.66309,7.086136,25.90347,-65.93664,False
1661,27.67981,7.049761,24.66154,-66.46234,False
1662,27.69641,7.026205,23.39127,-66.8028,False
1663,27.71301,7.026205,23.39127,-66.8028,False
1664,27.72961,6.996629,20.86953,-67.23025,False
1665,27.74634,6.994149,19.62974,-67.26609,False
1666,27.763,6.98775,18.5787,-67.35857,False
1667,27.77966,6.983825,17.46439,-67.41531,False
1668,27.79639,6.979435,16.43322,-67.47874,False
1669,27.81311,6.979435,16.43322,-67.47874,False
1670,27.82977,6.868929,14.457,-67.87598,False
1671,27.84637,6.769422,13.3841,-68.12023,False
1672,27.86298,6.762928,12.44224,-68.21637,False
1673,27.87964,6.766424,11.54499,-68.16462,False
1674,27.89655,6.774617,10.86516,-68.0433,False
1675,27.91302,6.774617,10.86516,-68.0433,False
1676,27.92975,6.795573,10.11597,-67.73302,False
1677,27.94647,6.800842,9.9382,-67.65501,False
1678,27.96301,6.799745,9.814726,-67.67126,False
1679,27.97961,6.798265,9.650125,-67.69316,False
1680,27.99646,6.799557,9.416967,-67.67403,False
1681,28.01294,6.799557,9.416967,-67.67403,False
1682,28.02966,6.804793,8.881303,-67.59651,False
1683,28.04681,6.805964,8.647566,-67.57918,False
1684,28.06299,6.807503,8.45488,-67.55639,False
1685,28.07959,6.8015,8.194587,-67.64526,False
1686,28.09625,6.797747,7.82419,-67.70084,False
1687,28.11298,6.797747,7.82419,-67.70084,False
1688,28.12982,6.793067,6.73896,-67.77013,False
1689,28.14642,6.800439,6.170916,-67.66097,False
1690,28.16296,6.800929,5.618656,-67.65373,False
1691,28.17969,6.843121,5.107008,-67.64496,False
1692,28.19647,6.879444,4.695462,-67.72218,False
1693,28.21295,6.879444,4.695462,-67.72218,False
1694,28.2298,6.904418,3.69811,-67.96351,False
1695,28.24634,6.938467,3.164829,-68.07084,False
1696,28.26294,6.934145,2.601462,-68.13329,False
1697,28.2796,6.933887,2.089195,-68.13704,False
1698,28.29626,6.928538,1.484748,-68.21434,False
1699,28.31293,6.928538,1.484748,-68.21434,False
1700,28.32971,6.914033,0.3080988,-68.42397,False
1701,28.34625,6.948331,-0.3363094,-68.52439,False
1702,28.36298,6.992813,-0.9956075,-68.4782,False
1703,28.37964,7.040799,-1.648093,-68.38285,False
1704,28.3963,7.127357,-2.228784,-68.32765,False
1705,28.41296,7.127357,-2.228784,-68.32765,False
1706,28.42963,7.169573,-2.974486,-68.31541,False
1707,28.44623,7.206856,-3.178988,-68.3718,False
1708,28.46301,7.280448,-3.431718,-68.49608,False
1709,28.4798,7.439812,-3.676687,-68.57345,False
1710,28.49628,7.63989,-3.921495,-68.6548,False
1711,28.513,7.63989,-3.921495,-68.6548,False
1712,28.5296,8.121758,-4.369891,-68.81593,False
1713,28.54626,8.445324,-4.532808,-68.88811,False
1714,28.56311,8.886275,-4.70242,-69.02621,False
1715,28.57965,9.411699,-4.905761,-69.13195,False
1716,28.59625,9.971555,-5.115512,-69.29865,False
1717,28.61304,9.971555,-5.115512,-69.29865,False
1718,28.62952,11.00399,-5.926792,-69.64365,False
1719,28.64624,11.44345,-6.481964,-69.75384,False
1720,28.66296,11.79784,-7.118243,-69.88384,False
1721,28.67969,12.10387,-7.759744,-70.06787,False
1722,28.69623,12.33597,-8.355402,-70.18033,False
1723,28.71307,12.33597,-8.355402,-70.18033,False
1724,28.73077,12.90079,-9.493477,-70.2538,False
1725,28.74634,13.14476,-9.924584,-70.27115,False
1726,28.76294,13.46358,-10.31997,-70.34216,False
1727,28.77966,13.87387,-10.63095,-70.34614,False
1728,28.79633,14.31284,-10.86933,-70.43845,False
1729,28.81293,14.31284,-10.86933,-70.43845,False
1730,28.82959,15.216,-11.29486,-70.45603,False
1731,28.84625,15.61807,-11.45287,-70.52157,False
1732,28.86285,15.94169,-11.57052,-70.56187,False
1733,28.87988,16.30539,-11.68823,-70.61007,False
1734,28.8963,16.70235,-11.76907,-70.70602,False
1735,28.9129,16.70235,-11.76907,-70.70602,False
1736,28.9295,17.59663,-11.88339,-70.79654,False
1737,28.94623,18.04496,-11.92036,-70.83788,False
1738,28.96289,18.4906,-11.99783,-70.89539,False
1739,28.97955,18.84841,-12.03829,-70.97858,False
1740,28.99628,19.34417,-12.11239,-70.99461,False
1741,29.01294,19.34417,-12.11239,-70.99461,False
1742,29.03003,20.58884,-12.18998,-71.22424,False
1743,29.04626,21.28432,-12.26421,-71.29282,False
1744,29.06287,22.05959,-12.3385,-71.38453,False
1745,29.07953,22.8712,-12.45346,-71.50604,False
1746,29.09619,23.62498,-12.60244,-71.52383,False
1747,29.11292,23.62498,-12.60244,-71.52383,False
1748,29.12946,25.05832,-12.8705,-71.71066,False
1749,29.14618,25.66663,-13.02682,-71.81919,False
1750,29.1629,26.24908,-13.18005,-71.86868,False
1751,29.1795,26.83175,-13.33352,-71.9219,False
1752,29.19623,27.51951,-13.52163,-71.91153,False
1753,29.21283,27.51951,-13.52163,-71.91153,False
1754,29.22955,28.73989,-13.89906,-71.85915,False
1755,29.24609,29.28368,-14.12629,-71.77782,False
1756,29.26288,29.7923,-14.40177,-71.81834,False
1757,29.27966,30.28453,-14.75414,-71.7758,False
1758,29.2962,30.80759,-15.19032,-71.77941,False
1759,29.31293,30.80759,-15.19032,-71.77941,False
1760,29.32959,31.7518,-16.06392,-71.70979,False
1761,29.34613,32.08678,-16.42111,-71.62993,False
1762,29.36279,32.25082,-16.74039,-71.53526,False
1763,29.37958,32.27648,-16.94067,-71.45823,False
1764,29.39618,32.27809,-17.06306,-71.45339,False
1765,29.41296,32.27809,-17.06306,-71.45339,False
1766,29.4295,32.25174,-17.22464,-71.39956,False
1767,29.44611,32.27559,-17.30295,-71.32787,False
1768,29.46283,32.24759,-17.34213,-71.27877,False
1769,29.47943,32.16775,-17.34213,-71.25228,False
1770,29.49609,32.17962,-17.38132,-71.21646,False
1771,29.51282,32.17962,-17.38132,-71.21646,False
1772,29.52948,32.13067,-17.58754,-71.23045,False
1773,29.54614,32.12679,-17.75205,-71.2422,False
1774,29.56305,32.07111,-17.87721,-71.27664,False
1775,29.57959,31.98602,-17.91892,-71.26621,False
1776,29.59619,31.90617,-17.91892,-71.23994,False
1777,29.61279,31.90617,-17.91892,-71.23994,False
1778,29.62933,31.80939,-17.92121,-71.26533,False
1779,29.64612,31.74737,-17.96514,-71.3198,False
1780,29.66327,31.69792,-18.09436,-71.47094,False
1781,29.67938,31.66113,-18.38531,-71.58336,False
1782,29.69611,31.63035,-18.75711,-71.67744,False
1783,29.71289,31.63035,-18.75711,-71.67744,False
1784,29.72943,31.63508,-19.49422,-71.66299,False
1785,29.74609,31.63084,-19.7818,-71.67595,False
1786,29.7627,31.64324,-20.06825,-71.63806,False
1787,29.77942,31.6159,-20.47847,-71.58702,False
1788,29.79602,31.52579,-20.93195,-71.59334,False
1789,29.81287,31.52579,-20.93195,-71.59334,False
1790,29.82941,31.32973,-22.33349,-71.38352,False
1791,29.84607,31.23493,-22.99567,-71.26774,False
1792,29.8631,31.10351,-23.7429,-71.12804,False
1793,29.87933,30.97123,-24.36746,-70.99,False
1794,29.89612,30.89986,-24.95226,-70.79794,False
1795,29.91278,30.89986,-24.95226,-70.79794,False
1796,29.9295,30.76308,-26.17006,-70.39087,False
1797,29.94611,30.66096,-26.71786,-70.29303,False
1798,29.96277,30.56782,-27.30959,-70.16586,False
1799,29.97937,30.45519,-27.86179,-69.9577,False
1800,29.99603,30.3424,-28.24368,-69.89229,False
1801,30.01349,30.3424,-28.24368,-69.89229,False
1802,30.02954,30.27769,-28.84185,-69.66991,False
1803,30.04602,30.21933,-29.0136,-69.5705,False
1804,30.06281,30.21103,-29.22885,-69.45229,False
1805,30.07935,30.16804,-29.40217,-69.30154,False
1806,30.09607,30.09346,-29.61911,-69.10732,False
1807,30.11279,30.09346,-29.61911,-69.10732,False
1808,30.12946,29.98672,-30.14003,-68.72216,False
1809,30.14612,29.95153,-30.35811,-68.54175,False
1810,30.16333,29.96634,-30.62025,-68.34305,False
1811,30.17938,30.03127,-30.92667,-68.12636,False
1812,30.19611,30.05464,-31.23374,-67.89815,False
1813,30.21277,30.05464,-31.23374,-67.89815,False
1814,30.22937,30.21045,-31.98215,-67.37739,False
1815,30.24615,30.27026,-32.42184,-67.17748,False
1816,30.26276,30.332,-32.95032,-66.97111,False
1817,30.27936,30.36186,-33.47778,-66.87131,False
1818,30.29608,30.4594,-34.14076,-66.69754,False
1819,30.31335,30.4594,-34.14076,-66.69754,False
1820,30.32941,30.58308,-35.47522,-66.28477,False
1821,30.34595,30.63365,-36.05623,-66.11601,False
1822,30.36273,30.69033,-36.59534,-65.92686,False
1823,30.37939,30.81111,-37.09415,-65.67735,False
1824,30.39606,30.86504,-37.54682,-65.49764,False
1825,30.41272,30.86504,-37.54682,-65.49764,False
1826,30.42932,31.02096,-38.41154,-65.13226,False
1827,30.44598,31.07233,-38.77737,-64.96132,False
1828,30.46277,31.10673,-39.05174,-64.84686,False
1829,30.47937,31.13264,-39.28035,-64.76065,False
1830,30.49603,31.1575,-39.41886,-64.67793,False
1831,30.51263,31.1575,-39.41886,-64.67793,False
1832,30.5293,31.18231,-39.55747,-64.59538,False
1833,30.54602,31.20707,-39.69619,-64.51299,False
1834,30.56268,31.27451,-39.83501,-64.44362,False
1835,30.57941,31.3502,-40.02028,-64.34713,False
1836,30.59619,31.46869,-40.20573,-64.26391,False
1837,30.61267,31.46869,-40.20573,-64.26391,False
1838,30.62939,31.72232,-40.67016,-64.04462,False
1839,30.64606,31.84923,-40.90281,-63.93586,False
1840,30.6626,31.88258,-41.18035,-63.82653,False
1841,30.67944,31.96645,-41.41363,-63.70579,False
1842,30.69611,32.01534,-41.69394,-63.54575,False
1843,30.71265,32.01534,-41.69394,-63.54575,False
1844,30.72931,32.13957,-42.16204,-63.29369,False
1845,30.74597,32.17994,-42.39651,-63.16176,False
1846,30.76276,32.22016,-42.63126,-63.03028,False
1847,30.7793,32.25223,-42.81927,-62.92543,False
1848,30.79608,32.27623,-42.96038,-62.84699,False
1849,30.81268,32.27623,-42.96038,-62.84699,False
1850,30.82928,32.33203,-43.29005,-62.66459,False
1851,30.84656,32.36379,-43.47868,-62.56077,False
1852,30.86279,32.40337,-43.71471,-62.43141,False
1853,30.87933,32.45067,-43.99832,-62.27678,False
1854,30.89618,32.49777,-44.28231,-62.12282,False
1855,30.91266,32.49777,-44.28231,-62.12282,False
1856,30.92932,32.59137,-44.85149,-61.81689,False
1857,30.94598,32.63786,-45.13666,-61.66493,False
1858,30.96265,32.67644,-45.3746,-61.5388,False
1859,30.97931,32.71488,-45.61281,-61.41314,False
1860,30.99597,32.75319,-45.85129,-61.28794,False
1861,31.01263,32.75319,-45.85129,-61.28794,False
1862,31.02924,32.79829,-46.23135,-61.14053,False
1863,31.04596,32.77694,-46.37482,-61.05259,False
1864,31.06268,32.79208,-46.47052,-61.00305,False
1865,31.07922,32.79964,-46.51839,-60.9783,False
1866,31.09583,32.79964,-46.51839,-60.9783,False
1867,31.11255,32.79964,-46.51839,-60.9783,False
1868,31.12927,32.81474,-46.61415,-60.92887,False
1869,31.14606,32.82228,-46.66205,-60.90418,False
1870,31.1626,32.83735,-46.75787,-60.85486,False
1871,31.17926,32.8599,-46.90169,-60.78102,False
1872,31.19611,32.8824,-47.0456,-60.70735,False
1873,31.21252,32.8824,-47.0456,-60.70735,False
1874,31.22961,32.93472,-47.38176,-60.53611,False
1875,31.24597,32.91269,-47.52598,-60.44946,False
1876,31.26263,32.94974,-47.76656,-60.32796,False
1877,31.27924,32.94218,-48.0074,-60.19339,False
1878,31.29614,32.98623,-48.29675,-60.04877,False
1879,31.31256,32.98623,-48.29675,-60.04877,False
1880,31.32928,33.08821,-48.97333,-59.71397,False
1881,31.34595,33.13877,-49.31237,-59.54795,False
1882,31.36249,33.19622,-49.70044,-59.35935,False
1883,31.37952,33.23747,-50.08709,-59.22391,False
1884,31.39587,33.27835,-50.47435,-59.08968,False
1885,31.4126,33.27835,-50.47435,-59.08968,False
1886,31.42926,33.30513,-51.29742,-58.84023,False
1887,31.44592,33.3448,-51.68655,-58.70979,False
1888,31.46265,33.38409,-52.07629,-58.58057,False
1889,31.47925,33.40938,-52.36842,-58.49745,False
1890,31.49597,33.44124,-52.71003,-58.39269,False
1891,31.51257,33.44124,-52.71003,-58.39269,False
1892,31.5293,33.49976,-53.24905,-58.20028,False
1893,31.54584,33.5333,-53.49546,-58.08998,False
1894,31.56256,33.5667,-53.74211,-57.98016,False
1895,31.57922,33.59332,-53.9396,-57.89265,False
1896,31.59583,33.62645,-54.18667,-57.7837,False
1897,31.61298,33.62645,-54.18667,-57.7837,False
1898,31.62921,33.68572,-54.63198,-57.5888,False
1899,31.64581,33.69612,-54.82784,-57.55462,False
1900,31.6626,33.7157,-54.97655,-57.49024,False
1901,31.67932,33.74173,-55.17497,-57.40466,False
1902,31.69586,33.76118,-55.32387,-57.34068,False
1903,31.71259,33.76118,-55.32387,-57.34068,False
1904,31.72919,33.79994,-55.62193,-57.21325,False
1905,31.74585,33.81924,-55.77107,-57.14979,False
1906,31.76288,33.84489,-55.97007,-57.06546,False
1907,31.77917,33.84827,-56.11709,-57.05435,False
1908,31.79596,33.8801,-56.36617,-56.94966,False
1909,31.81256,33.8801,-56.36617,-56.94966,False
1910,31.82922,33.93704,-56.81506,-56.76244,False
1911,31.84583,33.95592,-56.96485,-56.70039,False
1912,31.86243,33.95267,-57.06242,-56.71105,False
1913,31.87921,33.9652,-57.16236,-56.66986,False
1914,31.89594,33.97771,-57.26233,-56.62874,False
1915,31.91254,33.97771,-57.26233,-56.62874,False
1916,31.92914,33.99642,-57.41236,-56.56721,False
1917,31.94592,34.00887,-57.51242,-56.52629,False
1918,31.96252,34.02749,-57.66259,-56.46505,False
1919,31.97919,34.04606,-57.81282,-56.404,False
1920,31.99585,34.06458,-57.96314,-56.34311,False
1921,32.01251,34.06458,-57.96314,-56.34311,False
1922,32.02917,34.10144,-58.264,-56.22187,False
1923,32.04584,34.12591,-58.46475,-56.14144,False
1924,32.06256,34.15028,-58.66563,-56.06132,False
1925,32.07922,34.19269,-59.01751,-55.92186,False
1926,32.09583,34.28109,-59.3698,-55.79745,False
1927,32.11249,34.28109,-59.3698,-55.79745,False
1928,32.12915,34.3764,-60.17658,-55.48455,False
1929,32.14594,34.41761,-60.53022,-55.34925,False
1930,32.16241,34.412,-60.88425,-55.20075,False
1931,32.1792,34.45257,-61.23869,-55.06736,False
1932,32.19586,34.48711,-61.5428,-54.95379,False
1933,32.21246,34.48711,-61.5428,-54.95379,False
1934,32.22925,34.49748,-62.05031,-54.75191,False
1935,32.24585,34.52011,-62.25354,-54.67738,False
1936,32.26251,34.479,-62.30437,-54.64461,False
1937,32.27917,34.48463,-62.3552,-54.62605,False
1938,32.29572,34.49026,-62.40604,-54.6075,False
1939,32.3125,34.49026,-62.40604,-54.6075,False
1940,32.32916,34.50148,-62.50775,-54.57047,False
1941,32.34583,34.51269,-62.60949,-54.53352,False
1942,32.36249,34.57068,-62.71126,-54.51085,False
1943,32.37921,34.58186,-62.81306,-54.47406,False
1944,32.39575,34.593,-62.9149,-54.43736,False
1945,32.41248,34.593,-62.9149,-54.43736,False
1946,32.42914,34.60413,-63.01676,-54.40073,False
1947,32.44574,34.63654,-63.17196,-54.29399,False
1948,32.46246,34.65313,-63.32488,-54.23937,False
1949,32.47913,34.67516,-63.52889,-54.16683,False
1950,32.49573,34.69709,-63.73302,-54.0946,False
1951,32.51251,34.69709,-63.73302,-54.0946,False
1952,32.52905,34.74067,-64.14166,-53.95111,False
1953,32.54578,34.7515,-64.2439,-53.91544,False
1954,32.56244,34.7569,-64.29502,-53.89764,False
1955,32.57904,34.76231,-64.34616,-53.87985,False
1956,32.5957,34.76231,-64.34616,-53.87985,False
1957,32.61249,34.76231,-64.34616,-53.87985,False
1958,32.62903,34.77847,-64.49962,-53.82661,False
1959,32.64575,34.83633,-64.60196,-53.80553,False
1960,32.66248,34.8417,-64.65314,-53.78787,False
1961,32.67908,34.84706,-64.70433,-53.77022,False
1962,32.69574,34.86286,-64.70664,-53.71828,False
1963,32.71271,34.86286,-64.70664,-53.71828,False
1964,32.72906,34.87358,-64.80904,-53.68305,False
1965,32.74579,34.93143,-64.91148,-53.66226,False
1966,32.76245,34.98928,-65.01394,-53.64157,False
1967,32.77905,35.0943,-65.11642,-53.63541,False
1968,32.79572,35.15749,-65.27022,-53.59755,False
1969,32.81238,35.15749,-65.27022,-53.59755,False
1970,32.82916,35.22066,-65.42408,-53.55991,False
1971,32.84576,35.23659,-65.42637,-53.508,False
1972,32.86237,35.23659,-65.42637,-53.508,False
1973,32.87915,35.23659,-65.42637,-53.508,False
1974,32.89594,35.23659,-65.42637,-53.508,False
1975,32.9126,35.23659,-65.42637,-53.508,False
1976,32.92896,35.23659,-65.42637,-53.508,False
1977,32.94574,35.29976,-65.42864,-53.47061,False
1978,32.96259,35.29976,-65.42864,-53.47061,False
1979,32.97919,35.3157,-65.43089,-53.41871,False
1980,32.99579,35.3157,-65.43089,-53.41871,False
1981,33.01239,35.3157,-65.43089,-53.41871,False
1982,33.02911,35.3476,-65.43531,-53.31491,False
1983,33.04565,35.37949,-65.43965,-53.21111,False
1984,33.06238,35.44281,-65.44179,-53.17377,False
1985,33.07898,35.44281,-65.44179,-53.17377,False
1986,33.09564,35.44281,-65.44179,-53.17377,False
1987,33.11237,35.44281,-65.44179,-53.17377,False
1988,33.12964,35.44281,-65.44179,-53.17377,False
1989,33.14563,35.44281,-65.44179,-53.17377,False
1990,33.16235,35.45877,-65.4439,-53.12188,False
1991,33.17908,35.50615,-65.4439,-53.13647,False
1992,33.19568,35.55353,-65.4439,-53.15108,False
1993,33.2124,35.55353,-65.4439,-53.15108,False
1994,33.22906,35.70098,-65.4952,-53.17771,False
1995,33.24561,35.80643,-65.59783,-53.17255,False
1996,33.26233,35.85374,-65.74971,-53.18744,False
1997,33.27911,35.89564,-65.85027,-53.21967,False
1998,33.29572,35.90098,-65.90163,-53.20252,False
1999,33.31232,35.90098,-65.90163,-53.20252,False
2000,33.3291,35.92131,-65.94866,-53.30382,False
2001,33.34583,35.90513,-65.94646,-53.35565,False
2002,33.36285,35.87276,-65.94199,-53.4593,False
2003,33.37903,35.85659,-65.93971,-53.51112,False
2004,33.39563,35.82956,-65.98649,-53.59766,False
2005,33.41229,35.82956,-65.98649,-53.59766,False
2006,33.42908,35.80642,-66.07736,-53.83732,False
2007,33.44556,35.73607,-66.16771,-54.06229,False
2008,33.4624,35.66541,-66.40917,-54.28829,False
2009,33.47894,35.62699,-66.65559,-54.41117,False
2010,33.49561,35.61557,-66.85599,-54.44767,False
2011,33.51239,35.61557,-66.85599,-54.44767,False
2012,33.52893,35.57744,-66.95049,-54.56962,False
2013,33.54565,35.56646,-66.99913,-54.60472,False
2014,33.56238,35.53929,-67.04482,-54.69164,False
2015,33.57898,35.48492,-67.13596,-54.86551,False
2016,33.59552,35.43571,-67.27834,-55.02288,False
2017,33.6123,35.43571,-67.27834,-55.02288,False
2018,33.62903,35.29885,-67.65549,-55.46058,False
2019,33.64569,35.26564,-67.80022,-55.56678,False
2020,33.66229,35.24946,-67.79678,-55.61853,False
2021,33.67896,35.24946,-67.79678,-55.61853,False
2022,33.69568,35.24946,-67.79678,-55.61853,False
2023,33.71222,35.24946,-67.79678,-55.61853,False
2024,33.72888,35.24946,-67.79678,-55.61853,False
2025,33.74561,35.23328,-67.79331,-55.67029,False
2026,33.76233,35.2222,-67.84148,-55.70573,False
2027,33.77905,35.20602,-67.83797,-55.75748,False
2028,33.79553,35.18983,-67.83444,-55.80923,False
2029,33.81238,35.18983,-67.83444,-55.80923,False
2030,33.82892,35.20602,-67.83797,-55.75748,False
2031,33.8457,35.20602,-67.83797,-55.75748,False
2032,33.86224,35.20602,-67.83797,-55.75748,False
2033,33.87891,35.20602,-67.83797,-55.75748,False
2034,33.89563,35.21111,-67.88963,-55.74118,False
2035,33.91229,35.21111,-67.88963,-55.74118,False
2036,33.92889,35.23144,-68.09634,-55.67618,False
2037,33.94568,35.23144,-68.09634,-55.67618,False
2038,33.9624,35.23144,-68.09634,-55.67618,False
2039,33.979,35.21743,-68.10334,-55.55818,False
2040,33.99585,35.24975,-68.11024,-55.45465,False
2041,34.01227,35.24975,-68.11024,-55.45465,False
2042,34.02899,35.29824,-68.12043,-55.29935,False
2043,34.04565,35.26789,-68.12379,-55.23307,False
2044,34.06219,35.28404,-68.12711,-55.18129,False
2045,34.07916,35.25362,-68.13042,-55.11501,False
2046,34.0957,35.35036,-68.14981,-54.80426,False
2047,34.11224,35.35036,-68.14981,-54.80426,False
2048,34.12903,35.67005,-68.01268,-53.61122,False
2049,34.14569,35.84391,-67.68357,-53.05196,False
2050,34.16223,35.98528,-67.34691,-52.59723,False
2051,34.17902,36.11544,-67.05757,-52.17853,False
2052,34.19562,36.2127,-66.91566,-51.8657,False
2053,34.21222,36.2127,-66.91566,-51.8657,False
2054,34.22931,36.45457,-66.93907,-51.0877,False
2055,34.24561,36.58358,-66.94952,-50.67271,False
2056,34.26227,36.73964,-66.9091,-50.1707,False
2057,34.27924,36.92797,-66.86797,-49.5649,False
2058,34.29559,37.13309,-66.82269,-49.07812,False
2059,34.31219,37.13309,-66.82269,-49.07812,False
2060,34.32886,37.43567,-66.77652,-48.28024,False
2061,34.34552,37.54888,-66.77706,-47.91711,False
2062,34.3623,37.72796,-66.77635,-47.51761,False
2063,34.37885,38.05584,-66.77306,-46.99392,False
2064,34.39545,38.33494,-66.7671,-46.45509,False
2065,34.41217,38.33494,-66.7671,-46.45509,False
2066,34.42889,39.01462,-66.74939,-45.53032,False
2067,34.4455,39.18157,-66.74478,-45.35539,False
2068,34.46222,39.34883,-66.73982,-45.18066,False
2069,34.47882,39.44913,-66.73587,-45.04164,False
2070,34.49561,39.54845,-66.72737,-44.73122,False
2071,34.51227,39.54845,-66.72737,-44.73122,False
2072,34.52887,39.86441,-66.7008,-43.91992,False
2073,34.54553,39.96382,-66.68938,-43.60962,False
2074,34.56219,40.04829,-66.68539,-43.52266,False
2075,34.57892,40.04829,-66.68539,-43.52266,False
2076,34.59552,40.04829,-66.68539,-43.52266,False
2077,34.61218,40.04829,-66.68539,-43.52266,False
2078,34.62885,40.04829,-66.68539,-43.52266,False
2079,34.64551,40.04829,-66.68539,-43.52266,False
2080,34.66241,40.04829,-66.68539,-43.52266,False
2081,34.67883,40.04829,-66.68539,-43.52266,False
2082,34.69562,40.0317,-66.68739,-43.57436,False
2083,34.71222,40.0317,-66.68739,-43.57436,False
2084,34.72888,39.93068,-66.69328,-43.71305,False
2085,34.74567,39.89755,-66.69708,-43.81648,False
2086,34.76215,39.86441,-66.7008,-43.91992,False
2087,34.77887,39.83127,-66.70443,-44.02335,False
2088,34.79553,39.79813,-66.70798,-44.12679,False
2089,34.81213,39.79813,-66.70798,-44.12679,False
2090,34.8288,39.68085,-66.71479,-44.31736,False
2091,34.84546,39.59679,-66.71807,-44.40453,False
2092,34.86212,39.52931,-66.71967,-44.44,False
2093,34.87891,39.44538,-66.72282,-44.52726,False
2094,34.89545,39.42889,-66.72436,-44.57901,False
2095,34.91211,39.42889,-66.72436,-44.57901,False
2096,34.92871,39.378,-66.72436,-44.56281,False
2097,34.94562,39.378,-66.72436,-44.56281,False
2098,34.96216,39.37265,-66.67289,-44.57963,False
2099,34.97882,39.37265,-66.67289,-44.57963,False
2100,34.99548,39.37265,-66.67289,-44.57963,False
2101,35.01263,39.37265,-66.67289,-44.57963,False
2102,35.02881,39.378,-66.72436,-44.56281,False
2103,35.04553,39.378,-66.72436,-44.56281,False
2104,35.06219,39.378,-66.72436,-44.56281,False
2105,35.07904,39.378,-66.72436,-44.56281,False
2106,35.0954,39.378,-66.72436,-44.56281,False
2107,35.11218,39.378,-66.72436,-44.56281,False
2108,35.12872,39.3271,-66.72436,-44.54663,False
2109,35.14545,39.3271,-66.72436,-44.54663,False
2110,35.16223,39.3382,-66.67135,-44.51168,False
2111,35.17871,39.3382,-66.67135,-44.51168,False
2112,35.19543,39.3382,-66.67135,-44.51168,False
2113,35.21204,39.3382,-66.67135,-44.51168,False
2114,35.22882,39.3382,-66.67135,-44.51168,False
2115,35.24542,39.3382,-66.67135,-44.51168,False
2116,35.26215,39.3382,-66.67135,-44.51168,False
2117,35.27881,39.378,-66.72436,-44.56281,False
2118,35.29535,39.38334,-66.77583,-44.54602,False
2119,35.31207,39.38334,-66.77583,-44.54602,False
2120,35.32874,39.33347,-66.93624,-44.7028,False
2121,35.34546,39.28354,-67.09635,-44.85976,False
2122,35.36212,39.10059,-67.26221,-45.25968,False
2123,35.37878,38.93363,-67.58107,-45.61038,False
2124,35.39545,38.65487,-67.95077,-45.96555,False
2125,35.41211,38.65487,-67.95077,-45.96555,False
2126,35.42883,38.30702,-68.7859,-46.36863,False
2127,35.44562,38.22318,-69.0989,-46.63562,False
2128,35.4621,38.12282,-69.41117,-46.95519,False
2129,35.47876,37.99459,-69.77391,-47.3635,False
2130,35.49542,37.84809,-70.28982,-47.83002,False
2131,35.51208,37.84809,-70.28982,-47.83002,False
2132,35.52875,37.48988,-71.52329,-48.62629,False
2133,35.54565,37.33886,-72.19093,-48.93642,False
2134,35.56213,37.2639,-72.80781,-49.17613,False
2135,35.57874,37.17914,-73.31951,-49.44722,False
2136,35.59534,37.09375,-73.83041,-49.72031,False
2137,35.61212,37.09375,-73.83041,-49.72031,False
2138,35.62878,36.93303,-74.79927,-50.23432,False
2139,35.64532,36.80157,-75.36037,-50.4846,False
2140,35.66211,36.6816,-75.87047,-50.6988,False
2141,35.67877,36.57733,-76.38252,-50.86325,False
2142,35.69537,36.47257,-76.89433,-51.02979,False
2143,35.7121,36.47257,-76.89433,-51.02979,False
2144,35.72876,36.4306,-77.82555,-51.16478,False
2145,35.74548,36.42919,-78.24275,-51.16933,False
2146,35.76208,36.44823,-78.50713,-51.10806,False
2147,35.77869,36.46336,-78.71873,-51.05941,False
2148,35.79584,36.47463,-78.87748,-51.02315,False
2149,35.81201,36.47463,-78.87748,-51.02315,False
2150,35.81494,36.47463,-78.87748,-51.02315,True
2151,35.82867,36.47589,-79.34839,-51.0191,False
2152,35.84564,36.45689,-79.76372,-51.08023,False
2153,35.86194,36.44999,-80.12907,-51.10242,False
2154,35.87872,36.42667,-80.49158,-51.17742,False
2155,35.89532,36.41564,-80.80409,-51.2129,False
2156,35.91199,36.41564,-80.80409,-51.2129,False
2157,35.92865,36.37564,-81.16358,-51.34157,False
2158,35.94537,36.34114,-81.36667,-51.45254,False
2159,35.96204,36.32946,-81.67926,-51.49011,False
2160,35.97882,36.31419,-81.93872,-51.53925,False
2161,35.99542,36.29875,-82.1982,-51.58891,False
2162,36.01202,36.29875,-82.1982,-51.58891,False
2163,36.02869,36.29263,-82.35458,-51.60859,False
2164,36.04535,36.27653,-82.35121,-51.66038,False
2165,36.06201,36.27653,-82.35121,-51.66038,False
2166,36.07867,36.26043,-82.34782,-51.71217,False
2167,36.09528,36.24765,-82.39765,-51.75329,False
2168,36.11194,36.24765,-82.39765,-51.75329,False
2169,36.12891,36.18986,-82.49027,-51.93916,False
2170,36.14532,36.17706,-82.54001,-51.98034,False
2171,36.16199,36.21208,-82.58973,-52.03642,False
2172,36.17865,36.21208,-82.58973,-52.03642,False
2173,36.19525,36.21208,-82.58973,-52.03642,False
2174,36.21198,36.21208,-82.58973,-52.03642,False
2175,36.229,36.21208,-82.58973,-52.03642,False
2176,36.2453,36.21208,-82.58973,-52.03642,False
2177,36.26202,36.21208,-82.58973,-52.03642,False
2178,36.27869,36.21208,-82.58973,-52.03642,False
2179,36.29535,36.21208,-82.58973,-52.03642,False
2180,36.31207,36.21208,-82.58973,-52.03642,False
2181,36.32867,36.20879,-82.53645,-52.047,False
2182,36.34534,36.20879,-82.53645,-52.047,False
2183,36.36206,36.20549,-82.48319,-52.05759,False
2184,36.37878,36.20219,-82.42993,-52.06821,False
2185,36.39526,36.20219,-82.42993,-52.06821,False
2186,36.41193,36.20219,-82.42993,-52.06821,False
2187,36.42859,36.20219,-82.42993,-52.06821,False
2188,36.44531,36.19887,-82.37667,-52.07885,False
2189,36.46185,36.19555,-82.32342,-52.08951,False
2190,36.47858,36.14442,-82.27017,-52.08532,False
2191,36.4953,36.1411,-82.21693,-52.09602,False
2192,36.51196,36.1411,-82.21693,-52.09602,False
2193,36.52863,36.09329,-82.21693,-52.08117,False
2194,36.54529,36.09329,-82.21693,-52.08117,False
2195,36.56195,36.09329,-82.21693,-52.08117,False
2196,36.57855,36.09329,-82.21693,-52.08117,False
2197,36.59521,36.09329,-82.21693,-52.08117,False
2198,36.61194,36.09329,-82.21693,-52.08117,False
2199,36.62872,36.09329,-82.21693,-52.08117,False
2200,36.64526,36.09329,-82.21693,-52.08117,False
2201,36.66199,36.09329,-82.21693,-52.08117,False
2202,36.67871,36.09329,-82.21693,-52.08117,False
2203,36.69519,36.09329,-82.21693,-52.08117,False
2204,36.71198,36.09329,-82.21693,-52.08117,False
2205,36.72864,36.04548,-82.21693,-52.06634,False
2206,36.7453,35.99766,-82.21693,-52.05153,False
2207,36.76221,35.902,-82.21693,-52.02196,False
2208,36.77869,35.85416,-82.21693,-52.00721,False
2209,36.79523,35.80632,-82.21693,-51.99248,False
2210,36.81189,35.80632,-82.21693,-51.99248,False
2211,36.82861,35.71062,-82.21693,-51.96307,False
2212,36.84521,35.67864,-82.22048,-51.89655,False
2213,36.86188,35.67864,-82.22048,-51.89655,False
2214,36.87854,35.63075,-82.22048,-51.88189,False
2215,36.89514,35.63075,-82.22048,-51.88189,False
2216,36.91217,35.63075,-82.22048,-51.88189,False
2217,36.92859,35.63075,-82.22048,-51.88189,False
2218,36.94513,35.58286,-82.22048,-51.86725,False
2219,36.96185,35.48705,-82.22048,-51.83802,False
2220,36.97858,35.39122,-82.22048,-51.80888,False
2221,36.99524,35.24743,-82.22048,-51.76531,False
2222,37.01184,35.24743,-82.22048,-51.76531,False
2223,37.0285,34.86372,-82.22048,-51.64999,False
2224,37.04523,34.62052,-82.16724,-51.58932,False
2225,37.06189,34.326,-82.06078,-51.52588,False
2226,37.07849,33.98328,-81.95433,-51.44927,False
2227,37.09515,33.54729,-81.90112,-51.33521,False
2228,37.11176,33.54729,-81.90112,-51.33521,False
2229,37.12854,32.67418,-81.7947,-51.11202,False
2230,37.14551,32.2227,-81.73795,-51.05518,False
2231,37.16205,31.7884,-81.73795,-50.93674,False
2232,37.17859,31.33969,-81.73437,-50.87229,False
2233,37.19537,30.90181,-81.68118,-50.76816,False
2234,37.21191,30.90181,-81.68118,-50.76816,False
2235,37.22852,30.0657,-81.67758,-50.60755,False
2236,37.24524,29.71341,-81.67396,-50.57407,False
2237,37.26202,29.32581,-81.67396,-50.47696,False
2238,37.2785,28.98641,-81.67396,-50.39304,False
2239,37.29504,28.59552,-81.62077,-50.30945,False
2240,37.31189,28.59552,-81.62077,-50.30945,False
2241,37.32855,27.71844,-81.56758,-50.1122,False
2242,37.34521,27.23202,-81.56758,-49.99922,False
2243,37.362,26.73319,-81.56394,-49.94113,False
2244,37.37836,26.1486,-81.56394,-49.81066,False
2245,37.39514,25.56094,-81.51076,-49.69431,False
2246,37.4118,25.56094,-81.51076,-49.69431,False
2247,37.42853,24.11346,-81.29073,-49.54946,False
2248,37.44519,23.41644,-81.23386,-49.47718,False
2249,37.46173,22.81499,-81.12383,-49.43917,False
2250,37.47845,22.2769,-81.12383,-49.33719,False
2251,37.49512,21.83421,-81.07068,-49.26704,False
2252,37.5119,21.83421,-81.07068,-49.26704,False
2253,37.52875,21.24634,-81.07068,-49.16075,False
2254,37.5451,21.00125,-81.07068,-49.11732,False
2255,37.56183,20.8051,-81.07068,-49.08294,False
2256,37.57849,20.55985,-81.07068,-49.04042,False
2257,37.59509,20.21634,-81.07068,-48.98173,False
2258,37.612,20.21634,-81.07068,-48.98173,False
2259,37.62842,19.43056,-81.07068,-48.85131,False
2260,37.64526,18.84068,-81.07068,-48.75689,False
2261,37.66205,18.20112,-81.07068,-48.65788,False
2262,37.67859,17.61029,-81.07068,-48.56953,False
2263,37.69513,16.96215,-81.06693,-48.53077,False
2264,37.71191,16.96215,-81.06693,-48.53077,False
2265,37.72852,15.71544,-81.05936,-48.47023,False
2266,37.74512,15.07439,-81.05936,-48.38794,False
2267,37.76172,14.47578,-81.05555,-48.36883,False
2268,37.7785,13.9823,-81.05555,-48.31032,False
2269,37.79517,13.53796,-81.05555,-48.2594,False
2270,37.81189,13.53796,-81.05555,-48.2594,False
2271,37.82849,12.64874,-81.05555,-48.16248,False
2272,37.84509,12.15442,-81.05555,-48.11149,False
2273,37.86182,11.61044,-81.05555,-48.05774,False
2274,37.87836,11.01673,-81.05555,-48.00191,False
2275,37.89508,10.42276,-81.05555,-47.94902,False
2276,37.9118,10.42276,-81.05555,-47.94902,False
2277,37.92841,9.035851,-81.05555,-47.837,False
2278,37.93494,9.035851,-81.05555,-47.837,True
2279,37.94507,8.341938,-81.05555,-47.78698,False
2280,37.96179,7.548557,-81.05555,-47.73471,False
2281,37.97833,6.801413,-81.05171,-47.74456,False
2282,37.99506,6.15385,-81.04785,-47.76405,False
2283,38.01178,6.15385,-81.04785,-47.76405,False
2284,38.02838,4.709137,-81.03613,-47.86172,False
2285,38.04504,3.964484,-81.08533,-47.87747,False
2286,38.06171,3.170367,-81.08136,-47.90817,False
2287,38.07843,2.426336,-81.07737,-47.94509,False
2288,38.09509,1.584608,-81.07737,-47.93107,False
2289,38.11176,1.584608,-81.07737,-47.93107,False
2290,38.12836,-0.2968548,-81.06931,-48.02938,False
2291,38.14508,-1.236994,-81.12247,-48.02374,False
2292,38.1618,-2.325445,-81.12247,-48.03985,False
2293,38.17834,-3.265321,-81.12247,-48.06169,False
2294,38.19501,-4.254448,-81.12247,-48.09261,False
2295,38.21198,-4.254448,-81.12247,-48.09261,False
2296,38.22845,-6.330598,-81.12247,-48.18402,False
2297,38.24512,-7.269226,-81.12247,-48.23714,False
2298,38.26178,-8.158044,-81.12247,-48.29424,False
2299,38.27838,-8.948594,-81.17562,-48.33892,False
2300,38.29498,-9.737969,-81.17562,-48.40039,False
2301,38.31158,-9.737969,-81.17562,-48.40039,False
2302,38.32837,-11.61322,-81.28194,-48.54412,False
2303,38.34497,-12.60377,-81.28598,-48.58979,False
2304,38.36188,-13.53903,-81.28598,-48.69191,False
2305,38.37842,-14.28462,-81.34317,-48.71241,False
2306,38.39496,-14.93065,-81.34716,-48.73671,False
2307,38.4118,-14.93065,-81.34716,-48.73671,False
2308,38.42834,-16.12483,-81.35508,-48.78246,False
2309,38.44507,-16.61794,-81.40826,-48.83835,False
2310,38.46173,-17.06778,-81.41218,-48.84702,False
2311,38.47839,-17.46247,-81.46535,-48.89242,False
2312,38.495,-17.71598,-81.46926,-48.87497,False
2313,38.51172,-17.71598,-81.46926,-48.87497,False
2314,38.52832,-18.30704,-81.52245,-48.95248,False
2315,38.54498,-18.7081,-81.52633,-48.9598,False
2316,38.56183,-19.10931,-81.53019,-48.96847,False
2317,38.57837,-19.55975,-81.53403,-48.98652,False
2318,38.59497,-19.90324,-81.53403,-49.04331,False
2319,38.61169,-19.90324,-81.53403,-49.04331,False
2320,38.62836,-20.35568,-81.59103,-49.05305,False
2321,38.64502,-20.45572,-81.64423,-49.05855,False
2322,38.66168,-20.55576,-81.69743,-49.06415,False
2323,38.67834,-20.6631,-81.70122,-49.02768,False
2324,38.69495,-20.81028,-81.70122,-49.05326,False
2325,38.71167,-20.81028,-81.70122,-49.05326,False
2326,38.72839,-21.28968,-81.71617,-48.91763,False
2327,38.74506,-21.70183,-81.72352,-48.88162,False
2328,38.76166,-22.23253,-81.73795,-48.75865,False
2329,38.77832,-22.80369,-81.74854,-48.70064,False
2330,38.79523,-23.48471,-81.76234,-48.61139,False
2331,38.81158,-23.48471,-81.76234,-48.61139,False
2332,38.82825,-24.69267,-81.78565,-48.467,False
2333,38.84497,-25.31753,-81.79531,-48.43108,False
2334,38.86169,-25.80676,-81.80788,-48.31346,False
2335,38.87823,-26.29721,-81.8201,-48.19779,False
2336,38.8949,-26.29721,-81.8201,-48.19779,True
2337,38.89508,-26.80067,-81.83487,-48.03114,False
2338,38.91162,-26.80067,-81.83487,-48.03114,False
2339,38.92834,-27.73843,-81.85735,-47.79835,False
2340,38.94501,-28.2462,-81.87069,-47.6376,False
2341,38.96155,-28.79002,-81.82777,-47.55469,False
2342,38.97833,-29.3874,-81.83768,-47.47517,False
2343,38.99493,-30.03582,-81.84724,-47.41091,False
2344,39.01166,-30.03582,-81.84724,-47.41091,False
2345,39.02826,-31.33383,-81.81211,-47.30382,False
2346,39.04517,-31.9364,-81.82061,-47.23677,False
2347,39.06158,-32.39071,-81.82876,-47.13265,False
2348,39.07825,-32.79617,-81.83656,-47.0167,False
2349,39.09521,-33.08839,-81.84216,-46.9272,False
2350,39.11163,-33.08839,-81.84216,-46.9272,False
2351,39.12823,-33.54544,-81.84933,-46.8273,False
2352,39.14496,-33.60989,-81.85107,-46.78875,False
2353,39.16156,-33.60989,-81.85107,-46.78875,False
2354,39.17828,-33.57435,-81.85279,-46.72259,False
2355,39.19501,-33.57435,-81.85279,-46.72259,False
2356,39.21161,-33.57435,-81.85279,-46.72259,False
2357,39.22821,-33.5532,-81.85616,-46.60408,False
2358,39.24591,-33.5532,-81.85616,-46.60408,False
2359,39.2616,-33.60325,-81.85616,-46.61788,False
2360,39.2782,-33.60325,-81.85616,-46.61788,False
2361,39.2948,-33.60325,-81.85616,-46.61788,False
2362,39.31152,-33.60325,-81.85616,-46.61788,False
2363,39.32819,-33.5532,-81.85616,-46.60408,False
2364,39.34497,-33.45306,-81.85616,-46.57652,False
2365,39.36157,-33.3529,-81.85616,-46.54905,False
2366,39.37823,-33.30281,-81.85616,-46.53535,False
2367,39.39484,-33.30281,-81.85616,-46.53535,False
2368,39.4115,-33.28133,-81.85943,-46.41687,False
2369,39.42828,-33.30993,-81.86262,-46.31207,False
2370,39.44489,-33.32423,-81.86418,-46.25967,False
2371,39.46161,-33.33854,-81.86572,-46.20728,False
2372,39.47815,-33.33854,-81.86572,-46.20728,False
2373,39.49487,-33.33854,-81.86572,-46.20728,False
2374,39.5116,-33.28831,-81.86572,-46.19358,False
2375,39.52832,-33.25534,-81.92043,-46.11644,False
2376,39.54498,-33.2696,-81.92192,-46.06403,False
2377,39.56152,-33.28386,-81.92339,-46.01162,False
2378,39.57819,-33.29811,-81.92484,-45.9592,False
2379,39.59485,-33.29811,-81.92484,-45.9592,False
2380,39.61157,-33.29811,-81.92484,-45.9592,False
2381,39.62817,-33.29811,-81.92484,-45.9592,False
2382,39.64496,-33.29811,-81.92484,-45.9592,False
2383,39.66156,-33.29811,-81.92484,-45.9592,False
2384,39.67828,-33.24779,-81.92484,-45.94552,False
2385,39.69482,-33.24779,-81.92484,-45.94552,False
2386,39.71179,-32.94569,-81.92484,-45.86386,False
2387,39.72821,-32.67979,-81.92339,-45.84887,False
2388,39.74481,-32.25188,-81.97363,-45.83604,False
2389,39.76172,-31.771,-81.97057,-45.82267,False
2390,39.77814,-31.29046,-81.96743,-45.81119,False
2391,39.79486,-31.29046,-81.96743,-45.81119,False
2392,39.81146,-30.31739,-81.95918,-45.84657,False
2393,39.82813,-29.83812,-81.95573,-45.84074,False
2394,39.84491,-29.23323,-81.94855,-45.91833,False
2395,39.86145,-28.57935,-81.94102,-45.9871,False
2396,39.87811,-27.82881,-81.98635,-46.02528,False
2397,39.89484,-27.82881,-81.98635,-46.02528,False
2398,39.91138,-26.30239,-82.1757,-46.25247,False
2399,39.9281,-25.37311,-82.21259,-46.43258,False
2400,39.94476,-24.44987,-82.30161,-46.60864,False
2401,39.96161,-23.48034,-82.38958,-46.782,False
2402,39.97809,-22.4227,-82.4261,-46.9022,False
2403,39.99481,-22.4227,-82.4261,-46.9022,False
2404,40.01154,-20.407,-82.44037,-47.25118,False
2405,40.02814,-19.35039,-82.41783,-47.46238,False
2406,40.04486,-18.19941,-82.39421,-47.66766,False
2407,40.06146,-17.0042,-82.3695,-47.87678,False
2408,40.07819,-15.66211,-82.44646,-48.10986,False
2409,40.09485,-15.66211,-82.44646,-48.10986,False
2410,40.11145,-12.91439,-82.711,-48.48024,False
2411,40.12817,-11.35064,-82.99738,-48.69165,False
2412,40.14478,-9.744345,-83.22916,-48.93073,False
2413,40.16144,-7.796885,-83.50372,-49.26622,False
2414,40.17816,-5.574828,-83.78596,-49.5117,False
2415,40.19482,-5.574828,-83.78596,-49.5117,False
2416,40.21149,-1.02344,-84.21712,-49.83312,False
2417,40.22815,0.9245209,-84.357,-50.01795,False
2418,40.24475,2.28287,-84.38966,-50.24255,False
2419,40.26129,3.245437,-84.41128,-50.57949,False
2420,40.2782,3.866383,-84.4376,-50.85855,False
2421,40.29486,3.866383,-84.4376,-50.85855,False
2422,40.31146,4.672362,-84.66036,-51.27007,False
2423,40.32813,4.907948,-84.85722,-51.40194,False
2424,40.34479,5.196265,-85.119,-51.41892,False
2425,40.36145,5.532577,-85.38085,-51.43943,False
2426,40.37811,5.871496,-85.64856,-51.40748,False
2427,40.3952,6.354908,-85.91637,-51.38482,False
2428,40.41156,6.354908,-85.91637,-51.38482,False
2429,40.42816,7.081344,-86.39867,-51.3416,False
2430,40.44476,7.18315,-86.61887,-51.25649,False
2431,40.4613,7.13668,-86.77975,-51.22599,False
2432,40.47803,7.041452,-86.88702,-51.2019,False
2433,40.49469,7.041452,-86.88702,-51.2019,False
2434,40.51135,6.85035,-87.04796,-51.16324,False
2435,40.52808,6.754494,-87.10162,-51.14862,False
2436,40.54517,6.755532,-87.20893,-51.13061,False
2437,40.56134,6.708356,-87.31626,-51.10993,False
2438,40.578,6.709884,-87.47729,-51.08322,False
2439,40.59473,6.709884,-87.47729,-51.08322,False
2440,40.61139,6.712406,-87.74573,-51.03914,False
2441,40.62805,6.662096,-87.84737,-51.07286,False
2442,40.64484,6.662591,-87.90108,-51.06415,False
2443,40.66138,6.657447,-87.99693,-51.15469,False
2444,40.67877,6.658916,-88.15809,-51.12883,False
2445,40.69482,6.658916,-88.15809,-51.12883,False
2446,40.71143,6.755426,-88.84516,-51.13245,False
2447,40.72803,6.760612,-89.43684,-51.04247,False
2448,40.74475,6.766095,-90.08278,-50.94733,False
2449,40.76129,6.723082,-90.72916,-50.85257,False
2450,40.77802,6.728994,-91.48385,-50.74925,False
2451,40.79468,6.728994,-91.48385,-50.74925,False
2452,40.81128,6.742325,-93.31901,-50.51626,False
2453,40.82806,6.749832,-94.45404,-50.38506,False
2454,40.84467,6.757101,-95.64428,-50.25803,False
2455,40.86133,6.812074,-96.78144,-50.14952,False
2456,40.87799,6.814553,-97.85944,-50.1065,False
2457,40.89459,6.814553,-97.85944,-50.1065,False
2458,40.91132,6.819325,-99.58927,-50.02369,False
2459,40.9281,6.822155,-100.2949,-49.9746,False
2460,40.9447,6.821076,-100.8319,-49.99331,False
2461,40.96136,6.8195,-101.2605,-50.02065,False
2462,40.97791,6.814559,-101.6288,-50.1064,False
2463,40.99463,6.814559,-101.6288,-50.1064,False
2464,41.01129,6.807436,-102.317,-50.22998,False
2465,41.02795,6.804807,-102.474,-50.27562,False
2466,41.04462,6.798905,-102.5704,-50.37802,False
2467,41.06128,6.796256,-102.7274,-50.42398,False
2468,41.07813,6.790636,-102.9324,-50.5215,False
2469,41.09467,6.790636,-102.9324,-50.5215,False
2470,41.11139,6.786079,-103.5723,-50.60057,False
2471,41.12799,6.786715,-103.8441,-50.58955,False
2472,41.14465,6.835505,-104.0072,-50.586,False
2473,41.16132,6.835505,-104.0072,-50.586,False
2474,41.17792,6.835505,-104.0072,-50.586,False
2475,41.1947,6.835505,-104.0072,-50.586,False
2476,41.21143,6.835505,-104.0072,-50.586,False
2477,41.22803,6.835505,-104.0072,-50.586,False
2478,41.24463,6.78708,-104.0072,-50.5832,False
2479,41.2616,6.78708,-104.0072,-50.5832,False
2480,41.27802,6.78708,-104.0072,-50.5832,False
2481,41.29474,6.78708,-104.0072,-50.5832,False
2482,41.31128,6.787199,-104.0616,-50.58112,False
2483,41.32806,6.787199,-104.0616,-50.58112,False
2484,41.3446,6.787435,-104.1703,-50.57705,False
2485,41.36139,6.787777,-104.3335,-50.5711,False
2486,41.37793,6.739676,-104.4966,-50.56256,False
2487,41.39465,6.739676,-104.4966,-50.56256,False
2488,41.41132,6.731247,-104.9129,-50.70987,False
2489,41.42792,6.725644,-105.2265,-50.80779,False
2490,41.4447,6.677985,-105.6617,-50.79316,False
2491,41.46124,6.675519,-106.0905,-50.83658,False
2492,41.47791,6.527999,-106.4649,-50.87432,False
2493,41.49457,6.527999,-106.4649,-50.87432,False
2494,41.51129,6.042689,-107.1113,-50.89119,False
2495,41.52795,5.702135,-107.3769,-50.92446,False
2496,41.54468,5.364205,-107.5401,-50.90657,False
2497,41.56122,4.977887,-107.6489,-50.88836,False
2498,41.578,4.494845,-107.6489,-50.86889,False
2499,41.59473,4.494845,-107.6489,-50.86889,False
2500,41.61121,3.483397,-107.6074,-50.72717,False
2501,41.62805,2.806214,-107.6074,-50.70907,False
2502,41.64471,1.937191,-107.6201,-50.5836,False
2503,41.66119,1.017985,-107.5783,-50.46474,False
2504,41.67804,0.09712923,-107.5489,-50.24511,False
2505,41.6947,0.09712923,-107.5489,-50.24511,False
2506,41.71124,-1.706657,-107.3863,-49.77416,False
2507,41.72791,-2.590068,-107.1984,-49.52315,False
2508,41.74463,-3.377872,-107.113,-49.32845,False
2509,41.76129,-4.117462,-107.0216,-49.19133,False
2510,41.77795,-4.662726,-107.0387,-49.04919,False
2511,41.79456,-4.662726,-107.0387,-49.04919,False
2512,41.81128,-5.211717,-107.0613,-48.85552,False
2513,41.82794,-5.363964,-107.0724,-48.75404,False
2514,41.84454,-5.462276,-107.018,-48.75942,False
2515,41.86133,-5.462276,-107.018,-48.75942,False
2516,41.87805,-5.462276,-107.018,-48.75942,False
2517,41.89453,-5.462276,-107.018,-48.75942,False
2518,41.91119,-5.265566,-107.018,-48.7506,False
2519,41.92792,-5.01966,-107.018,-48.74002,False
2520,41.94464,-4.822919,-107.018,-48.73193,False
2521,41.96118,-4.624077,-107.0124,-48.77817,False
2522,41.97815,-4.425399,-107.0069,-48.82474,False
2523,41.99451,-4.425399,-107.0069,-48.82474,False
2524,42.01135,-3.932129,-107.0557,-48.86065,False
2525,42.02789,-3.63567,-107.05,-48.90533,False
2526,42.04456,-3.193607,-107.05,-48.8927,False
2527,42.06122,-2.75152,-107.1044,-48.8808,False
2528,42.07794,-2.40763,-107.1044,-48.87337,False
2529,42.09448,-2.40763,-107.1044,-48.87337,False
2530,42.11121,-1.572391,-107.1044,-48.85946,False
2531,42.12799,-1.130172,-107.1044,-48.85446,False
2532,42.14453,-0.5896697,-107.2132,-48.84884,False
2533,42.16125,0.09827936,-107.2676,-48.84659,False
2534,42.17786,0.9827893,-107.3221,-48.84978,False
2535,42.19452,0.9827893,-107.3221,-48.84978,False
2536,42.21124,2.604232,-107.3764,-48.87333,False
2537,42.22784,2.997266,-107.4309,-48.88178,False
2538,42.24457,3.095515,-107.4309,-48.88428,False
2539,42.26129,3.045013,-107.4252,-48.93705,False
2540,42.27777,2.99591,-107.4252,-48.93581,False
2541,42.29449,2.99591,-107.4252,-48.93581,False
2542,42.3114,2.55398,-107.4796,-48.9248,False
2543,42.32788,2.308465,-107.5884,-48.91838,False
2544,42.34448,2.062921,-107.6428,-48.9132,False
2545,42.36151,1.768241,-107.6428,-48.90848,False
2546,42.37781,1.523347,-107.5941,-48.85173,False
2547,42.39447,1.523347,-107.5941,-48.85173,False
2548,42.41119,1.279927,-107.3444,-48.63639,False
2549,42.42786,1.232334,-107.1433,-48.47708,False
2550,42.44452,1.233376,-106.7735,-48.37572,False
2551,42.46118,1.234962,-106.4089,-48.22137,False
2552,42.47791,1.235954,-105.93,-48.12491,False
2553,42.49451,1.235954,-105.93,-48.12491,False
2554,42.51141,1.235765,-105.2774,-48.14329,False
2555,42.52789,1.235731,-105.1686,-48.14666,False
2556,42.54443,1.235157,-105.1089,-48.20246,False
2557,42.56116,1.234565,-104.9947,-48.26003,False
2558,42.578,1.233972,-104.8806,-48.3177,False
2559,42.5946,1.233972,-104.8806,-48.3177,False
2560,42.61127,1.23173,-104.8045,-48.53578,False
2561,42.62781,1.230619,-104.7935,-48.64389,False
2562,42.64447,1.228952,-104.7768,-48.80604,False
2563,42.66138,1.228415,-104.8256,-48.85826,False
2564,42.67773,1.227859,-104.8199,-48.9123,False
2565,42.69452,1.227859,-104.8199,-48.9123,False
2566,42.71112,1.227304,-104.8143,-48.96634,False
2567,42.72791,1.226748,-104.8086,-49.02038,False
2568,42.74451,1.226193,-104.8029,-49.07442,False
2569,42.76117,1.226193,-104.8029,-49.07442,False
2570,42.77795,1.225637,-104.7972,-49.12845,False
2571,42.79437,1.225637,-104.7972,-49.12845,False
2572,42.81122,1.225637,-104.7972,-49.12845,False
2573,42.8277,1.225619,-104.7428,-49.13028,False
2574,42.84442,1.225619,-104.7428,-49.13028,False
2575,42.86121,1.2256,-104.6885,-49.13214,False
2576,42.87781,1.226155,-104.6942,-49.0781,False
2577,42.89459,1.226155,-104.6942,-49.0781,False
2578,42.91119,1.226136,-104.6398,-49.07998,False
2579,42.92773,1.275179,-104.6398,-49.08049,False
2580,42.94446,1.275179,-104.6398,-49.08049,False
2581,42.96112,1.275179,-104.6398,-49.08049,False
2582,42.97778,1.275179,-104.6398,-49.08049,False
2583,42.99445,1.275179,-104.6398,-49.08049,False
2584,43.01105,1.324223,-104.6398,-49.08103,False
2585,43.02771,1.324223,-104.6398,-49.08103,False
2586,43.04462,1.324223,-104.6398,-49.08103,False
2587,43.06116,1.324223,-104.6398,-49.08103,False
2588,43.07776,1.323623,-104.6341,-49.13506,False
2589,43.09442,1.323623,-104.6341,-49.13506,False
2590,43.11108,1.323644,-104.6885,-49.13319,False
2591,43.12775,1.372687,-104.7428,-49.13189,False
2592,43.14435,1.372708,-104.7972,-49.13005,False
2593,43.16107,1.421752,-104.8516,-49.12882,False
2594,43.17773,1.421752,-104.8516,-49.12882,False
2595,43.1944,1.421752,-104.8516,-49.12882,False
2596,43.21106,1.421752,-104.8516,-49.12882,False
2597,43.22784,1.421752,-104.8516,-49.12882,False
2598,43.24438,1.372769,-104.9604,-49.12469,False
2599,43.26111,1.37279,-105.0147,-49.12295,False
2600,43.27808,1.372226,-105.1722,-49.17189,False
2601,43.29437,1.372226,-105.1722,-49.17189,False
2602,43.31104,1.468298,-105.318,-49.33024,False
2603,43.32794,1.467004,-105.4151,-49.43513,False
2604,43.34442,1.465709,-105.5121,-49.5401,False
2605,43.36108,1.464377,-105.5003,-49.64812,False
2606,43.37775,1.463729,-105.5487,-49.70063,False
2607,43.39441,1.463729,-105.5487,-49.70063,False
2608,43.41107,1.46173,-105.5307,-49.86263,False
2609,43.42804,1.509764,-105.5247,-49.91724,False
2610,43.44434,1.508387,-105.5125,-50.02523,False
2611,43.46112,1.55493,-105.5485,-50.18634,False
2612,43.47772,1.552799,-105.5299,-50.34828,False
2613,43.49432,1.552799,-105.5299,-50.34828,False
2614,43.51141,1.551359,-105.463,-50.4577,False
2615,43.52765,1.599836,-105.463,-50.45835,False
2616,43.54431,1.598372,-105.4504,-50.56628,False
2617,43.5611,1.596175,-105.4314,-50.72816,False
2618,43.57758,1.592514,-105.3992,-50.99792,False
2619,43.59436,1.592514,-105.3992,-50.99792,False
2620,43.61108,1.584464,-105.3264,-51.59114,False
2621,43.62775,1.582269,-105.3061,-51.75287,False
2622,43.64435,1.580744,-105.1293,-51.86524,False
2623,43.66107,1.579195,-104.898,-51.97942,False
2624,43.67767,1.576933,-104.7141,-52.14613,False
2625,43.69434,1.576933,-104.7141,-52.14613,False
2626,43.711,1.572426,-104.4,-52.47821,False
2627,43.72784,1.572426,-104.4,-52.47821,False
2628,43.74438,1.570939,-104.3314,-52.58778,False
2629,43.76111,1.570158,-104.2155,-52.64537,False
2630,43.77765,1.569427,-104.2084,-52.69923,False
2631,43.79437,1.569427,-104.2084,-52.69923,False
2632,43.81116,1.519037,-104.1795,-52.914,False
2633,43.82776,1.519037,-104.1795,-52.914,False
2634,43.8443,1.519037,-104.1795,-52.914,False
2635,43.86096,1.519012,-104.1251,-52.9159,False
2636,43.87762,1.519012,-104.1251,-52.9159,False
2637,43.89435,1.519012,-104.1251,-52.9159,False
2638,43.91101,1.520429,-104.1396,-52.8082,False
2639,43.92767,1.520429,-104.1396,-52.8082,False
2640,43.94434,1.474953,-104.1068,-52.64793,False
2641,43.96112,1.479761,-104.1563,-52.27084,False
2642,43.97766,1.533165,-104.2116,-51.84031,False
2643,43.99432,1.533165,-104.2116,-51.84031,False
2644,44.01099,1.551568,-104.2729,-50.44181,False
2645,44.02759,1.561436,-104.1951,-49.69198,False
2646,44.04431,1.569856,-104.0474,-49.05206,False
2647,44.06097,1.576854,-103.8856,-48.52029,False
2648,44.07751,1.583199,-103.8251,-48.03815,False
2649,44.0943,1.583199,-103.8251,-48.03815,False
2650,44.1109,1.598089,-103.822,-46.90662,False
2651,44.12756,1.605894,-103.8191,-46.31349,False
2652,44.14423,1.615033,-103.659,-45.61898,False
2653,44.16095,1.624104,-103.3866,-44.9296,False
2654,44.17767,1.632385,-102.998,-44.30036,False
2655,44.1944,1.632385,-102.998,-44.30036,False
2656,44.21088,1.646592,-101.9846,-43.22072,False
2657,44.22766,1.654725,-101.4789,-42.60263,False
2658,44.24432,1.662832,-100.9702,-41.98658,False
2659,44.26093,1.670912,-100.4584,-41.37258,False
2660,44.27765,1.731318,-99.83515,-40.76952,False
2661,44.29425,1.731318,-99.83515,-40.76952,False
2662,44.31091,1.797625,-98.68136,-39.77991,False
2663,44.32758,1.801591,-98.20358,-39.49628,False
2664,44.34454,1.805671,-97.83353,-39.20447,False
2665,44.3609,1.809664,-97.40862,-38.91884,False
2666,44.37762,1.812119,-96.98056,-38.74324,False
2667,44.39423,1.812119,-96.98056,-38.74324,False
2668,44.41089,1.81977,-95.96562,-38.19602,False
2669,44.42773,1.824949,-95.37783,-37.82563,False
2670,44.44427,1.883131,-94.78826,-37.51299,False
2671,44.46082,1.8882,-94.09035,-37.16084,False
2672,44.4776,1.893997,-93.39178,-36.75808,False
2673,44.4942,1.893997,-93.39178,-36.75808,False
2674,44.51099,1.906462,-91.7209,-35.89203,False
2675,44.52765,1.913975,-90.80164,-35.37,False
2676,44.54425,1.922486,-89.66359,-34.77868,False
2677,44.56097,1.985216,-88.5237,-34.25222,False
2678,44.578,2.102447,-87.27572,-33.80916,False
2679,44.59418,2.102447,-87.27572,-33.80916,False
2680,44.61115,2.338849,-84.88316,-32.9378,False
2681,44.62756,2.401213,-83.74049,-32.56087,False
2682,44.64417,2.465272,-82.48592,-32.10742,False
2683,44.66095,2.587525,-81.17156,-31.56986,False
2684,44.67761,2.710654,-79.908,-31.03294,False
2685,44.69421,2.710654,-79.908,-31.03294,False
2686,44.71088,2.959691,-77.3175,-29.95358,False
2687,44.72772,3.024922,-76.217,-29.57295,False
2688,44.74426,3.035414,-75.10706,-29.0916,False
2689,44.76093,3.103812,-74.1,-28.59149,False
2690,44.7774,3.171567,-73.14774,-28.13799,False
2691,44.79425,3.171567,-73.14774,-28.13799,False
2692,44.81104,3.359313,-71.26424,-27.52226,False
2693,44.82745,3.480379,-70.49154,-27.31228,False
2694,44.84418,3.601684,-69.7187,-27.10671,False
2695,44.86084,3.663104,-69.06115,-26.97922,False
2696,44.87744,3.724548,-68.40377,-26.8549,False
2697,44.89423,3.724548,-68.40377,-26.8549,False
2698,44.91089,3.796945,-66.94869,-26.32474,False
2699,44.92755,3.805809,-66.26523,-25.99316,False
2700,44.94415,3.87424,-65.52236,-25.63028,False
2701,44.96094,3.944347,-64.771,-25.21744,False
2702,44.97754,3.956161,-64.06897,-24.78871,False
2703,44.9942,3.956161,-64.06897,-24.78871,False
2704,45.01086,4.036334,-62.56438,-24.03449,False
2705,45.02753,4.043515,-61.88078,-23.77773,False
2706,45.04419,4.050605,-61.19652,-23.52422,False
2707,45.06085,4.05665,-60.57082,-23.30812,False
2708,45.07751,4.065618,-59.92749,-22.98747,False
2709,45.09418,4.065618,-59.92749,-22.98747,False
2710,45.11084,4.082183,-58.53618,-22.39517,False
2711,45.12762,4.089402,-57.8987,-22.13708,False
2712,45.1441,4.09746,-57.20069,-21.84898,False
2713,45.16077,4.106333,-56.4418,-21.53174,False
2714,45.17749,4.116589,-55.67176,-21.16504,False
2715,45.19415,4.116589,-55.67176,-21.16504,False
2716,45.21082,4.075874,-53.85644,-20.44457,False
2717,45.22754,4.025124,-52.86114,-20.07199,False
2718,45.24414,3.912766,-51.8642,-19.70452,False
2719,45.26074,3.736847,-50.98726,-19.40276,False
2720,45.27753,3.559513,-50.06007,-19.12959,False
2721,45.29413,3.559513,-50.06007,-19.12959,False
2722,45.31097,3.140776,-48.31367,-18.60538,False
2723,45.32764,2.961879,-47.59207,-18.30633,False
2724,45.34412,2.843462,-46.9306,-18.04071,False
2725,45.36084,2.663074,-46.31677,-17.75255,False
2726,45.3775,2.480203,-45.72784,-17.57261,False
2727,45.3941,2.480203,-45.72784,-17.57261,False
2728,45.41077,2.109943,-45.04174,-17.44221,False
2729,45.42743,1.924492,-44.91859,-17.3841,False
2730,45.44421,1.802256,-44.76884,-17.22168,False
2731,45.46088,1.741962,-44.61877,-17.06023,False
2732,45.4776,1.682147,-44.34483,-16.84381,False
2733,45.49408,1.682147,-44.34483,-16.84381,False
2734,45.51074,1.623612,-43.76067,-16.49106,False
2735,45.52747,1.625068,-43.45079,-16.35482,False
2736,45.54419,1.625939,-43.26473,-16.27338,False
2737,45.56073,1.627369,-43.06457,-16.13966,False
2738,45.57751,1.691722,-42.91222,-15.98138,False
2739,45.59418,1.691722,-42.91222,-15.98138,False
2740,45.6109,1.694096,-42.52485,-15.76761,False
2741,45.62738,1.69469,-42.40034,-15.71404,False
2742,45.64417,1.696448,-42.24709,-15.55577,False
2743,45.66071,1.698785,-42.07906,-15.34529,False
2744,45.67743,1.701119,-41.91054,-15.13505,False
2745,45.69409,1.701119,-41.91054,-15.13505,False
2746,45.71082,1.706951,-41.32126,-14.60976,False
2747,45.72748,1.710437,-41.01027,-14.29582,False
2748,45.74414,1.713625,-40.65034,-14.00869,False
2749,45.7608,1.717669,-40.21081,-13.64446,False
2750,45.77747,1.72112,-39.78518,-13.33359,False
2751,45.79407,1.72112,-39.78518,-13.33359,False
2752,45.81073,1.725676,-38.99381,-12.92326,False
2753,45.82739,1.727377,-38.7241,-12.77007,False
2754,45.84418,1.727641,-38.54975,-12.74632,False
2755,45.86084,1.728199,-38.42279,-12.696,False
2756,45.87738,1.728757,-38.29578,-12.64578,False
2757,45.8941,1.728757,-38.29578,-12.64578,False
2758,45.91071,1.732149,-37.86556,-12.34027,False
2759,45.92749,1.734403,-37.57801,-12.13728,False
2760,45.94409,1.736623,-37.17889,-11.93727,False
2761,45.96069,1.738259,-36.7959,-11.78998,False
2762,45.97742,1.740154,-36.34862,-11.61932,False
2763,45.99408,1.740154,-36.34862,-11.61932,False
2764,46.01129,1.744473,-35.43541,-11.23029,False
2765,46.02734,1.747159,-34.90498,-10.98832,False
2766,46.04401,1.749516,-34.3269,-10.77608,False
2767,46.06061,1.751279,-33.7658,-10.61732,False
2768,46.07745,1.75245,-33.22222,-10.51185,False
2769,46.09406,1.75245,-33.22222,-10.51185,False
2770,46.11066,1.751829,-32.62188,-10.56774,False
2771,46.12738,1.751513,-32.57553,-10.59625,False
2772,46.14398,1.81579,-32.59353,-10.64825,False
2773,46.16077,1.8152,-32.6115,-10.69952,False
2774,46.17737,1.880025,-32.6115,-10.70028,False
2775,46.19403,1.880025,-32.6115,-10.70028,False
2776,46.21075,1.941053,-32.71893,-11.00887,False
2777,46.22729,1.937322,-32.93601,-11.31131,False
2778,46.24396,1.929209,-33.38462,-11.96895,False
2779,46.26086,1.856544,-34.06571,-12.66935,False
2780,46.27734,1.848629,-35.11694,-13.333,False
2781,46.29401,1.848629,-35.11694,-13.333,False
2782,46.31073,1.899646,-37.32441,-14.36531,False
2783,46.32733,1.957199,-38.2337,-14.8184,False
2784,46.34399,2.075471,-39.12246,-15.40894,False
2785,46.36066,2.066338,-39.97332,-16.08194,False
2786,46.37726,2.05536,-40.90825,-16.8909,False
2787,46.39423,2.05536,-40.90825,-16.8909,False
2788,46.41064,1.908534,-43.21493,-18.63587,False
2789,46.42725,1.899952,-44.19337,-19.30913,False
2790,46.44397,1.890967,-45.11724,-20.01393,False
2791,46.46069,1.880958,-45.88924,-20.79907,False
2792,46.47729,1.930642,-46.44849,-21.63491,False
2793,46.49402,1.930642,-46.44849,-21.63491,False
2794,46.51068,1.908297,-47.38865,-23.333,False
2795,46.52734,1.899701,-47.8366,-23.98622,False
2796,46.5448,1.892489,-48.26011,-24.53426,False
2797,46.56067,1.88603,-48.56338,-25.02512,False
2798,46.57739,1.939417,-48.79636,-25.43469,False
2799,46.59406,1.939417,-48.79636,-25.43469,False
2800,46.6106,2.223588,-48.95802,-26.057,False
2801,46.62732,2.279523,-48.98575,-26.21855,False
2802,46.6441,2.337967,-48.98575,-26.2195,False
2803,46.66064,2.454854,-48.98575,-26.22147,False
2804,46.67731,2.457628,-48.95802,-26.06085,False
2805,46.69403,2.457628,-48.95802,-26.06085,False
2806,46.71057,2.589792,-48.65088,-25.22583,False
2807,46.72717,2.599555,-48.44597,-24.68631,False
2808,46.74396,2.609834,-48.17963,-24.11823,False
2809,46.76056,2.619575,-47.96931,-23.57994,False
2810,46.77722,2.631232,-47.7351,-22.93568,False
2811,46.79395,2.631232,-47.7351,-22.93568,False
2812,46.81061,2.65783,-47.27065,-21.46578,False
2813,46.82733,2.733125,-46.88101,-20.66191,False
2814,46.84387,2.810052,-46.47324,-19.8068,False
2815,46.8606,3.010011,-46.01014,-18.98071,False
2816,46.87726,3.087939,-45.49186,-18.1792,False
2817,46.89392,3.087939,-45.49186,-18.1792,False
2818,46.91064,3.301744,-44.45493,-16.87297,False
2819,46.92841,3.313411,-43.87774,-16.33769,False
2820,46.94385,3.322108,-43.49771,-15.93872,False
2821,46.96063,3.329638,-43.13001,-15.59324,False
2822,46.97736,3.333134,-42.86632,-15.43284,False
2823,46.9939,3.333134,-42.86632,-15.43284,False
2824,47.01062,3.332609,-42.70781,-15.45692,False
2825,47.02734,3.266377,-42.75071,-15.61279,False
2826,47.04388,3.195872,-42.85006,-15.97855,False
2827,47.06055,3.123503,-42.97625,-16.44963,False
2828,47.07715,3.113224,-43.16249,-16.94952,False
2829,47.09393,3.113224,-43.16249,-16.94952,False
2830,47.11053,3.08938,-43.56831,-18.10909,False
2831,47.1272,3.075246,-43.84743,-18.79646,False
2832,47.14386,3.061089,-44.12238,-19.48493,False
2833,47.16052,3.046343,-44.45361,-20.20206,False
2834,47.17743,3.028819,-44.86406,-21.05424,False
2835,47.19391,3.028819,-44.86406,-21.05424,False
2836,47.21063,2.991278,-46.00965,-22.87994,False
2837,47.22717,2.974497,-46.70952,-23.69604,False
2838,47.2439,2.958649,-47.49881,-24.46672,False
2839,47.26056,2.945006,-48.15427,-25.13021,False
2840,47.27722,2.932894,-48.84378,-25.71921,False
2841,47.29382,2.932894,-48.84378,-25.71921,False
2842,47.31079,2.909079,-50.15187,-26.87741,False
2843,47.32727,2.896005,-50.99244,-27.51319,False
2844,47.34393,2.825028,-51.93424,-28.16033,False
2845,47.36041,2.755641,-53.12523,-28.75396,False
2846,47.37726,2.690281,-54.23344,-29.16457,False
2847,47.39392,2.690281,-54.23344,-29.16457,False
2848,47.41058,2.685277,-55.31918,-29.42346,False
2849,47.42725,2.743467,-55.31229,-29.37068,False
2850,47.44379,2.745794,-55.19191,-29.25281,False
2851,47.46075,2.751938,-54.99331,-28.94154,False
2852,47.47723,2.758076,-54.79373,-28.63059,False
2853,47.49384,2.758076,-54.79373,-28.63059,False
2854,47.51044,2.774254,-53.94078,-27.81106,False
2855,47.52728,2.842691,-53.33475,-27.28385,False
2856,47.54382,2.972322,-52.49416,-26.63687,False
2857,47.56049,3.04828,-51.29955,-25.8111,False
2858,47.57721,3.125617,-49.82265,-24.9533,False
2859,47.59375,3.125617,-49.82265,-24.9533,False
2860,47.61053,3.223378,-46.18293,-23.20764,False
2861,47.62726,3.242684,-44.12637,-22.33833,False
2862,47.6438,3.20383,-42.18969,-21.36506,False
2863,47.66052,3.165858,-40.10521,-20.3131,False
2864,47.67712,3.18716,-38.06482,-19.31703,False
2865,47.69385,3.18716,-38.06482,-19.31703,False
2866,47.71045,3.226228,-33.41502,-17.49019,False
2867,47.72711,3.180974,-31.36266,-16.68883,False
2868,47.74615,3.198066,-29.17463,-15.87393,False
2869,47.76062,3.147873,-27.64421,-15.26447,False
2870,47.77716,3.161116,-26.08875,-14.62047,False
2871,47.79382,3.161116,-26.08875,-14.62047,False
2872,47.81067,3.121873,-22.97349,-13.42967,False
2873,47.82709,3.128337,-21.72758,-13.1089,False
2874,47.84393,3.131482,-20.70964,-12.95281,False
2875,47.86047,3.128958,-20.19547,-13.07807,False
2876,47.8772,3.122897,-20.14506,-13.37883,False
2877,47.8938,3.122897,-20.14506,-13.37883,False
2878,47.91046,3.089939,-21.44466,-15.01436,False
2879,47.92706,3.06867,-22.55503,-16.06984,False
2880,47.94366,3.050453,-23.86952,-16.97383,False
2881,47.96045,3.035434,-25.49724,-17.71912,False
2882,47.97705,3.081482,-27.28099,-18.49318,False
2883,47.99396,3.081482,-27.28099,-18.49318,False
2884,48.01038,3.097018,-31.1449,-20.69165,False
2885,48.02704,3.068811,-33.34256,-22.03653,False
2886,48.0437,2.983665,-35.57711,-23.25017,False
2887,48.06042,2.841398,-38.03231,-24.40964,False
2888,48.07709,2.761029,-40.54805,-25.50431,False
2889,48.09363,2.761029,-40.54805,-25.50431,False
2890,48.11035,2.718333,-45.18524,-27.71325,False
2891,48.12714,2.632088,-47.32006,-29.21419,False
2892,48.14374,2.602956,-49.52864,-30.7542,False
2893,48.16034,2.464776,-51.63023,-32.13485,False
2894,48.17712,2.275322,-53.89846,-33.40215,False
2895,48.19366,2.275322,-53.89846,-33.40215,False
2896,48.21045,2.079855,-57.74236,-35.25484,False
2897,48.22711,2.062529,-59.37249,-36.36359,False
2898,48.24377,2.043956,-60.83568,-37.55215,False
2899,48.26038,2.020704,-62.55025,-39.0401,False
2900,48.2771,1.895789,-64.49167,-40.29288,False
2901,48.2937,1.895789,-64.49167,-40.29288,False
2902,48.31042,1.762817,-68.21999,-42.26943,False
2903,48.32721,1.853023,-69.75996,-43.18165,False
2904,48.34375,1.942247,-70.93067,-44.06075,False
2905,48.36041,2.080848,-72.14529,-44.93628,False
2906,48.3772,2.117506,-73.40646,-45.75289,False
2907,48.39374,2.117506,-73.40646,-45.75289,False
2908,48.4104,2.149423,-76.0479,-46.79964,False
2909,48.42706,2.142218,-77.16603,-47.20706,False
2910,48.44373,2.13438,-78.1773,-47.65035,False
2911,48.46039,2.124036,-79.07318,-48.23531,False
2912,48.47705,2.114104,-79.8639,-48.79694,False
2913,48.49371,2.114104,-79.8639,-48.79694,False
2914,48.51044,2.095171,-81.75539,-49.86759,False
2915,48.52698,2.089333,-82.7177,-50.19775,False
2916,48.54364,2.084316,-83.68469,-50.48148,False
2917,48.5603,2.078384,-84.69943,-50.81689,False
2918,48.57703,2.073088,-85.66576,-51.1164,False
2919,48.59369,2.073088,-85.66576,-51.1164,False
2920,48.61029,2.059688,-87.73998,-51.87417,False
2921,48.62695,2.053302,-88.80582,-52.23534,False
2922,48.64368,2.048656,-89.88411,-52.49806,False
2923,48.66022,2.043581,-90.85458,-52.78503,False
2924,48.67694,2.034926,-91.95881,-53.27449,False
2925,48.69354,2.034926,-91.95881,-53.27449,False
2926,48.71027,1.962426,-93.93863,-54.73157,False
2927,48.72699,1.952159,-94.81045,-55.32598,False
2928,48.74365,1.946506,-95.77455,-55.65327,False
2929,48.76044,1.936594,-96.43352,-56.22715,False
2930,48.77704,1.925531,-96.97259,-56.86768,False
2931,48.7937,1.925531,-96.97259,-56.86768,False
2932,48.8103,1.911381,-97.9603,-57.68687,False
2933,48.82703,1.908959,-98.20424,-57.8271,False
2934,48.84369,1.909029,-98.2585,-57.82307,False
2935,48.86035,1.909029,-98.2585,-57.82307,False
2936,48.87701,1.909954,-98.26763,-57.76951,False
2937,48.89362,1.909954,-98.26763,-57.76951,False
2938,48.91046,1.909954,-98.26763,-57.76951,False
2939,48.92719,1.909954,-98.26763,-57.76951,False
2940,48.94366,1.909954,-98.26763,-57.76951,False
2941,48.96033,1.91081,-98.22249,-57.71997,False
2942,48.97699,1.91266,-98.24065,-57.61284,False
2943,48.99396,1.91266,-98.24065,-57.61284,False
2944,49.01019,1.867125,-98.24065,-57.61206,False
2945,49.02698,1.867193,-98.29491,-57.60804,False
2946,49.0437,1.821656,-98.29491,-57.60728,False
2947,49.0603,1.821656,-98.29491,-57.60728,False
2948,49.07697,1.821656,-98.29491,-57.60728,False
2949,49.09363,1.821656,-98.29491,-57.60728,False
2950,49.11023,1.821656,-98.29491,-57.60728,False
2951,49.12701,1.821787,-98.40343,-57.5993,False
2952,49.14417,1.820971,-98.44863,-57.64891,False
2953,49.16016,1.818457,-98.52983,-57.80174,False
2954,49.177,1.815061,-98.60162,-58.00817,False
2955,49.19385,1.815061,-98.60162,-58.00817,False
2956,49.21027,1.810909,-98.77229,-58.26057,False
2957,49.22699,1.808453,-98.90701,-58.40991,False
2958,49.24359,1.761879,-99.21388,-58.49436,False
2959,49.26031,1.715417,-99.57503,-58.57619,False
2960,49.27698,1.622317,-99.91703,-58.7654,False
2961,49.29358,1.622317,-99.91703,-58.7654,False
2962,49.3103,1.344676,-100.724,-59.351,False
2963,49.3269,1.163948,-101.1834,-59.48417,False
2964,49.34369,1.029318,-101.5539,-59.51798,False
2965,49.36035,0.9399209,-101.8257,-59.5048,False
2966,49.37689,0.9409054,-102.0086,-59.39079,False
2967,49.39362,0.9409054,-102.0086,-59.39079,False
2968,49.41052,0.9429076,-102.4829,-59.15893,False
2969,49.42688,0.9434606,-102.7645,-59.09489,False
2970,49.4436,0.9440089,-103.0461,-59.03139,False
2971,49.46027,0.9441067,-103.3724,-59.02007,False
2972,49.47699,0.9442263,-103.8074,-59.00622,False
2973,49.49359,0.9442263,-103.8074,-59.00622,False
2974,49.51019,0.8990067,-104.6135,-59.03716,False
2975,49.5274,0.85456,-105.1129,-58.97245,False
2976,49.54364,0.8100536,-105.6666,-58.90866,False
2977,49.56024,0.7658577,-106.2845,-58.79299,False
2978,49.57697,0.7208457,-106.883,-58.78695,False
2979,49.59357,0.7208457,-106.883,-58.78695,False
2980,49.61035,0.6768039,-108.109,-58.62283,False
2981,49.62683,0.6322918,-108.5635,-58.51701,False
2982,49.64362,0.5876918,-108.8546,-58.41139,False
2983,49.66028,0.5430048,-109.0913,-58.30585,False
2984,49.67688,0.543264,-109.2096,-58.25332,False
2985,49.69354,0.543264,-109.2096,-58.25332,False
2986,49.71027,0.4529338,-109.3823,-58.20104,False
2987,49.72687,0.4529314,-109.4367,-58.20163,False
2988,49.74353,0.4529314,-109.4367,-58.20163,False
2989,49.76044,0.4529314,-109.4367,-58.20163,False
2990,49.77692,0.4529314,-109.4367,-58.20163,False
2991,49.7937,0.4529314,-109.4367,-58.20163,False
2992,49.81018,0.4529314,-109.4367,-58.20163,False
2993,49.82684,0.4529314,-109.4367,-58.20163,False
2994,49.84369,0.4529289,-109.4911,-58.20224,False
2995,49.86011,0.4076363,-109.4911,-58.20206,False
2996,49.87689,0.3623435,-109.4911,-58.2019,False
2997,49.89349,0.3623435,-109.4911,-58.2019,False
2998,49.91132,0.2717578,-109.4911,-58.20164,False
2999,49.92682,0.2717578,-109.4911,-58.20164,False
3000,49.94348,0.2717578,-109.4911,-58.20164,False
3001,49.96014,0.2717578,-109.4911,-58.20164,False
3002,49.97687,0.2717563,-109.5455,-58.20227,False
3003,49.99359,0.2717563,-109.5455,-58.20227,False
3004,50.01019,0.1811652,-109.8175,-58.20559,False
3005,50.02692,0.09057859,-110.144,-58.2104,False
3006,50.04352,-0.04526451,-110.5153,-58.27064,False
3007,50.06018,-0.181039,-111.0593,-58.28233,False
3008,50.07684,-0.271528,-111.5488,-58.2948,False
3009,50.09357,-0.271528,-111.5488,-58.2948,False
3010,50.11017,-0.4525336,-111.6576,-58.29837,False
3011,50.12689,-0.4525336,-111.6576,-58.29837,False
3012,50.14337,-0.4527537,-111.6671,-58.24486,False
3013,50.16016,-0.4982708,-111.6765,-58.19154,False
3014,50.17682,-0.4982708,-111.6765,-58.19154,False
3015,50.19354,-0.4982708,-111.6765,-58.19154,False
3016,50.21027,-0.4982776,-111.6221,-58.19004,False
3017,50.22681,-0.4985196,-111.6315,-58.13653,False
3018,50.24347,-0.4992592,-111.5509,-57.97303,False
3019,50.26019,-0.4997626,-111.4064,-57.86174,False
3020,50.27686,-0.5002592,-111.3161,-57.75195,False
3021,50.29346,-0.5002592,-111.3161,-57.75195,False
3022,50.3103,-0.5010091,-111.1262,-57.58615,False
3023,50.3269,-0.5015153,-110.9269,-57.47424,False
3024,50.34338,-0.4566109,-110.6279,-57.30681,False
3025,50.36023,-0.4570751,-110.3196,-57.19392,False
3026,50.37689,-0.4115815,-110.0566,-57.136,False
3027,50.39349,-0.4115815,-110.0566,-57.136,False
3028,50.41016,-0.3201296,-109.7846,-57.13209,False
3029,50.42676,-0.2286642,-109.7846,-57.13187,False
3030,50.4436,-0.09146573,-109.7846,-57.13167,False
3031,50.46027,0.0,-109.7846,-57.13163,False
3032,50.47681,0.1371986,-109.7846,-57.13172,False
3033,50.49347,0.1371986,-109.7846,-57.13172,False
3034,50.51013,0.5033022,-109.7936,-57.07918,False
3035,50.52679,0.7324301,-109.7482,-57.02621,False
3036,50.5434,1.007575,-109.7027,-56.97413,False
3037,50.56006,1.191338,-109.7116,-56.92234,False
3038,50.57678,1.328793,-109.7116,-56.9239,False
3039,50.59344,1.328793,-109.7116,-56.9239,False
3040,50.61023,1.512056,-109.766,-56.92686,False
3041,50.62671,1.60369,-109.766,-56.92815,False
3042,50.64368,1.741138,-109.766,-56.93021,False
3043,50.6601,1.878584,-109.766,-56.93244,False
3044,50.67676,1.970213,-109.766,-56.93402,False
3045,50.69336,1.970213,-109.766,-56.93402,False
3046,50.71014,1.970213,-109.766,-56.93402,False
3047,50.72675,1.924398,-109.766,-56.93322,False
3048,50.74341,1.878584,-109.766,-56.93244,False
3049,50.76013,1.878584,-109.766,-56.93244,False
3050,50.77686,1.878584,-109.766,-56.93244,False
3051,50.79346,1.878584,-109.766,-56.93244,False
3052,50.81,1.881295,-109.7927,-56.77165,False
3053,50.82678,1.838059,-109.8192,-56.61006,False
3054,50.84344,1.749516,-109.8542,-56.39409,False
3055,50.86005,1.661423,-109.8431,-56.12387,False
3056,50.87677,1.572896,-109.777,-55.85305,False
3057,50.89337,1.572896,-109.777,-55.85305,False
3058,50.90997,1.396496,-109.6679,-55.15053,False
3059,50.92676,1.307741,-109.616,-54.77242,False
3060,50.94342,1.218941,-109.5709,-54.34055,False
3061,50.96008,1.175381,-109.5633,-54.01705,False
3062,50.97675,1.083388,-109.5941,-53.80097,False
3063,50.99335,1.083388,-109.5941,-53.80097,False
3064,51.01007,0.9451777,-109.6472,-53.42308,False
3065,51.02673,0.9478337,-109.6918,-53.10014,False
3066,51.0434,0.9042323,-109.7029,-52.61476,False
3067,51.06012,0.9071837,-109.6438,-52.237,False
3068,51.07678,0.8610378,-109.5628,-52.02051,False
3069,51.09332,0.8610378,-109.5628,-52.02051,False
3070,51.11005,0.8630362,-109.4884,-51.75052,False
3071,51.12683,0.8658312,-109.4812,-51.37289,False
3072,51.14337,0.8698263,-109.438,-50.83315,False
3073,51.1601,0.8746231,-109.2962,-50.18509,False
3074,51.1767,0.8790188,-108.982,-49.59119,False
3075,51.19354,0.8790188,-108.982,-49.59119,False
3076,51.21002,0.8861827,-108.1605,-48.62333,False
3077,51.22662,0.8901561,-107.834,-48.0865,False
3078,51.24335,0.8949182,-107.4611,-47.44313,False
3079,51.26007,0.9004585,-106.9858,-46.69463,False
3080,51.27667,0.9059758,-106.4519,-45.94921,False
3081,51.29327,0.9059758,-106.4519,-45.94921,False
3082,51.31012,0.9169052,-105.1536,-44.47261,False
3083,51.32666,0.9215603,-104.5998,-43.84368,False
3084,51.34338,0.9270342,-104.1582,-43.10414,False
3085,51.35999,0.9332999,-103.7182,-42.25762,False
3086,51.37671,0.9399957,-103.3839,-41.35299,False
3087,51.39337,0.9399957,-103.3839,-41.35299,False
3088,51.40997,0.9533696,-102.6961,-39.54613,False
3089,51.4267,0.9596677,-102.3957,-38.69522,False
3090,51.44336,0.9119624,-102.1972,-37.89252,False
3091,51.4599,0.8635738,-101.9394,-37.09336,False
3092,51.47687,0.8145461,-101.7309,-36.29131,False
3093,51.49335,0.8145461,-101.7309,-36.29131,False
3094,51.50995,0.5487282,-101.3,-34.90483,False
3095,51.52667,0.4417956,-101.0775,-34.04941,False
3096,51.54327,0.3337236,-100.8476,-33.08582,False
3097,51.56012,0.2800747,-100.5563,-32.12672,False
3098,51.57666,0.2254637,-100.3155,-31.27306,False
3099,51.59338,0.2254637,-100.3155,-31.27306,False
3100,51.60999,0.0,-99.93699,-29.83065,False
3101,51.62665,-0.2288114,-99.85656,-29.23776,False
3102,51.64325,-0.4595861,-99.82771,-28.64131,False
3103,51.65997,-0.6348752,-99.79318,-27.99084,False
3104,51.6767,-0.870086,-99.75218,-27.28688,False
3105,51.6933,-0.870086,-99.75218,-27.28688,False
3106,51.70996,-1.233562,-99.63135,-25.50045,False
3107,51.72656,-1.417759,-99.51421,-24.69357,False
3108,51.74323,-1.6051,-99.32845,-23.78322,False
3109,51.75995,-1.853864,-99.19565,-22.92443,False
3110,51.77667,-2.165663,-99.11147,-22.06331,False
3111,51.79364,-2.165663,-99.11147,-22.06331,False
3112,51.81,-2.802698,-98.74491,-20.19553,False
3113,51.81494,-2.802698,-98.74491,-20.19553,True
3114,51.82666,-3.003769,-98.5277,-19.29047,False
3115,51.84326,-3.20609,-98.41958,-18.43182,False
3116,51.86011,-3.410421,-98.25159,-17.57846,False
3117,51.87671,-3.48853,-98.15503,-16.8803,False
3118,51.89331,-3.48853,-98.15503,-16.8803,False
3119,51.90997,-3.701366,-97.94501,-15.8138,False
3120,51.92676,-3.773261,-97.83418,-15.44365,False
3121,51.94324,-3.904376,-97.74712,-15.23637,False
3122,51.95996,-3.972786,-97.65971,-15.02763,False
3123,51.97675,-3.976729,-97.52614,-14.87544,False
3124,51.99323,-3.976729,-97.52614,-14.87544,False
3125,52.01013,-3.921141,-97.14999,-14.57888,False
3126,52.02655,-3.796872,-96.91602,-14.48686,False
3127,52.04327,-3.671165,-96.69061,-14.44895,False
3128,52.05994,-3.483194,-96.40237,-14.36126,False
3129,52.07666,-3.230519,-96.12278,-14.32665,False
3130,52.0932,-3.230519,-96.12278,-14.32665,False
3131,52.10986,-2.661822,-95.78034,-14.23868,False
3132,52.12659,-2.409014,-95.66328,-14.19112,False
3133,52.14331,-2.219391,-95.49205,-14.15017,False
3134,52.15997,-2.092435,-95.38374,-14.15886,False
3135,52.17657,-2.092435,-95.38374,-14.15886,False
3136,52.19324,-2.092435,-95.38374,-14.15886,False
3137,52.21008,-2.090979,-95.4012,-14.26611,False
3138,52.22662,-2.154338,-95.4012,-14.26698,False
3139,52.24323,-2.279467,-95.41857,-14.37608,False
3140,52.25995,-2.405256,-95.42722,-14.43164,False
3141,52.27655,-2.593318,-95.44447,-14.54201,False
3142,52.29327,-2.593318,-95.44447,-14.54201,False
3143,52.30988,-3.159201,-95.47016,-14.7136,False
3144,52.32666,-3.47507,-95.47016,-14.72042,False
3145,52.34332,-3.727626,-95.41601,-14.73161,False
3146,52.3598,-3.917127,-95.41601,-14.73633,False
3147,52.37659,-4.043318,-95.36185,-14.74488,False
3148,52.39313,-4.043318,-95.36185,-14.74488,False
3149,52.40985,-4.295664,-95.25356,-14.76238,False
3150,52.42657,-4.421972,-95.25356,-14.76596,False
3151,52.4433,-4.676213,-95.24501,-14.7198,False
3152,52.45978,-4.928897,-95.24501,-14.7277,False
3153,52.47675,-5.246564,-95.23645,-14.68454,False
3154,52.4931,-5.246564,-95.23645,-14.68454,False
3155,52.50977,-6.207232,-95.18459,-14.3982,False
3156,52.52655,-6.847368,-95.15836,-14.26429,False
3157,52.54309,-7.488709,-95.13194,-14.13308,False
3158,52.55981,-8.001532,-95.11422,-14.05147,False
3159,52.57654,-8.517922,-95.08748,-13.91807,False
3160,52.59326,-8.517922,-95.08748,-13.91807,False
3161,52.6098,-9.165556,-95.05151,-13.74042,False
3162,52.62659,-9.356275,-95.05151,-13.75184,False
3163,52.64313,-9.483739,-95.10565,-13.75427,False
3164,52.65979,-9.547308,-95.10565,-13.75818,False
3165,52.67651,-9.611204,-95.15981,-13.75682,False
3166,52.69318,-9.611204,-95.15981,-13.75682,False
3167,52.70978,-9.614858,-95.20491,-13.69807,False
3168,52.7265,-9.618182,-95.19584,-13.6446,False
3169,52.74316,-9.621506,-95.18675,-13.59113,False
3170,52.75983,-9.621506,-95.18675,-13.59113,False
3171,52.77649,-9.621833,-95.24091,-13.58587,False
3172,52.79315,-9.621833,-95.24091,-13.58587,False
3173,52.80994,-9.622805,-95.40338,-13.57024,False
3174,52.8266,-9.559795,-95.51171,-13.55599,False
3175,52.8432,-9.560111,-95.56588,-13.55087,False
3176,52.85992,-9.567344,-95.65598,-13.43376,False
3177,52.87653,-9.51051,-95.69182,-13.31786,False
3178,52.89313,-9.51051,-95.69182,-13.31786,False
3179,52.90985,-9.538569,-95.9427,-12.86047,False
3180,52.92651,-9.559128,-96.04869,-12.52535,False
3181,52.94312,-9.579665,-96.15392,-12.19056,False
3182,52.95996,-9.667534,-96.19441,-11.81145,False
3183,52.97644,-9.687591,-96.18956,-11.4867,False
3184,52.9931,-9.687591,-96.18956,-11.4867,False
3185,53.00995,-9.860247,-96.11312,-10.79716,False
3186,53.02637,-10.01345,-96.04125,-10.43256,False
3187,53.04321,-10.23233,-95.96832,-10.0725,False
3188,53.05975,-10.38687,-95.89432,-9.708665,False
3189,53.07642,-10.67633,-95.80844,-9.30078,False
3190,53.09314,-10.67633,-95.80844,-9.30078,False
3191,53.1098,-11.32846,-95.56714,-8.443737,False
3192,53.1264,-11.56392,-95.45416,-7.927701,False
3193,53.14325,-11.86682,-95.33902,-7.417333,False
3194,53.15973,-12.30819,-95.20986,-6.865189,False
3195,53.17645,-12.60671,-95.11428,-6.462862,False
3196,53.1933,-12.60671,-95.11428,-6.462862,False
3197,53.20972,-13.47094,-94.93136,-5.735468,False
3198,53.22638,-13.90807,-94.83181,-5.347575,False
3199,53.24304,-14.47221,-94.75625,-5.078295,False
3200,53.25983,-14.971,-94.67991,-4.804981,False
3201,53.27643,-15.53883,-94.60279,-4.539752,False
3202,53.29315,-15.53883,-94.60279,-4.539752,False
3203,53.30969,-16.53396,-94.41834,-4.111739,False
3204,53.32642,-17.03379,-94.35242,-3.897842,False
3205,53.34308,-17.40508,-94.2726,-3.618853,False
3206,53.35974,-17.7832,-94.1785,-3.288562,False
3207,53.3764,-18.16795,-94.01546,-2.911853,False
3208,53.39325,-18.16795,-94.01546,-2.911853,False
3209,53.40973,-18.73771,-93.73948,-2.134222,False
3210,53.42657,-19.12674,-93.57234,-1.760828,False
3211,53.44299,-19.44925,-93.45803,-1.375922,False
3212,53.45978,-19.84744,-93.27361,-0.9529444,False
3213,53.47638,-20.24739,-93.08745,-0.5313997,False
3214,53.4931,-20.24739,-93.08745,-0.5313997,False
3215,53.50964,-21.19714,-92.64063,0.3368779,False
3216,53.52643,-21.7412,-92.39494,0.730894,False
3217,53.54315,-22.35049,-92.16306,1.06178,False
3218,53.55969,-22.95516,-91.94552,1.338437,False
3219,53.57495,-22.95516,-91.94552,1.338437,True
3220,53.57648,-23.49907,-91.71111,1.673713,False
3221,53.59302,-23.49907,-91.71111,1.673713,False
3222,53.60962,-24.66393,-91.29243,2.332573,False
3223,53.6264,-25.29201,-91.03764,2.701828,False
3224,53.64307,-25.99158,-90.67282,3.047065,False
3225,53.65985,-26.69309,-90.25219,3.383238,False
3226,53.67639,-27.37205,-89.82651,3.557013,False
3227,53.69324,-27.37205,-89.82651,3.557013,False
3228,53.70978,-28.65603,-89.04433,3.86008,False
3229,53.72638,-29.18215,-88.75934,3.957248,False
3230,53.7431,-29.62936,-88.49132,4.013779,False
3231,53.7597,-29.91752,-88.25774,3.991912,False
3232,53.77637,-30.1978,-88.09554,3.924501,False
3233,53.79309,-30.1978,-88.09554,3.924501,False
3234,53.80969,-30.61625,-87.77119,3.812961,False
3235,53.82635,-30.89717,-87.66309,3.750031,False
3236,53.84308,-31.02954,-87.68036,3.673858,False
3237,53.85968,-31.23139,-87.64355,3.578549,False
3238,53.87628,-31.27325,-87.64112,3.407341,False
3239,53.89313,-31.27325,-87.64112,3.407341,False
3240,53.90961,-31.27677,-87.65273,3.026777,False
3241,53.92633,-31.23043,-87.73758,2.77287,False
3242,53.94305,-31.18406,-87.82191,2.518794,False
3243,53.95966,-31.13766,-87.90572,2.264549,False
3244,53.97638,-31.10052,-87.97237,2.061032,False
3245,53.99298,-31.10052,-87.97237,2.061032,False
3246,54.0097,-31.00264,-88.02215,1.921087,False
3247,54.02643,-31.00264,-88.02215,1.921087,False
3248,54.04297,-30.93262,-88.02215,1.933821,False
3249,54.05963,-30.86146,-87.96812,1.940238,False
3250,54.0766,-30.87069,-87.95155,1.991159,False
3251,54.09302,-30.87069,-87.95155,1.991159,False
3252,54.10968,-30.89837,-87.90171,2.143881,False
3253,54.12634,-30.92603,-87.85168,2.296542,False
3254,54.14294,-30.96404,-87.83871,2.506285,False
3255,54.15967,-31.0009,-87.77138,2.709632,False
3256,54.17633,-31.03773,-87.7037,2.912871,False
3257,54.19299,-31.03773,-87.7037,2.912871,False
3258,54.20959,-31.04074,-87.56734,3.331801,False
3259,54.22656,-31.06022,-87.58708,3.439544,False
3260,54.24304,-31.07857,-87.5527,3.540993,False
3261,54.25958,-31.0273,-87.57227,3.661433,False
3262,54.27625,-30.90627,-87.64581,3.800735,False
3263,54.29297,-30.90627,-87.64581,3.800735,False
3264,54.30963,-30.5217,-87.79265,4.103907,False
3265,54.32629,-30.39987,-87.86597,4.242516,False
3266,54.34296,-30.26892,-87.95666,4.33024,False
3267,54.35968,-30.20888,-88.04734,4.405365,False
3268,54.37622,-30.14772,-88.08394,4.474427,False
3269,54.39288,-30.14772,-88.08394,4.474427,False
3270,54.40973,-30.20075,-87.97865,4.778398,False
3271,54.42615,-30.24386,-87.83626,5.025542,False
3272,54.44305,-30.30353,-87.60359,5.367599,False
3273,54.45959,-30.35325,-87.33386,5.652632,False
3274,54.47626,-30.40737,-86.82909,5.962885,False
3275,54.49298,-30.40737,-86.82909,5.962885,False
3276,54.50964,-30.49385,-85.69167,6.458661,False
3277,54.52625,-30.46166,-84.98721,6.699286,False
3278,54.54297,-30.42755,-84.22842,6.929922,False
3279,54.55969,-30.33657,-83.37785,7.26276,False
3280,54.57629,-30.24435,-82.52646,7.591422,False
3281,54.59296,-30.24435,-82.52646,7.591422,False
3282,54.60968,-29.81499,-80.65142,8.577542,False
3283,54.62628,-29.53284,-79.71826,9.12933,False
3284,54.64313,-29.10135,-78.78273,9.699902,False
3285,54.65967,-28.65297,-77.99239,10.18318,False
3286,54.67627,-28.20935,-77.18011,10.71171,False
3287,54.69312,-28.20935,-77.18011,10.71171,False
3288,54.70947,-27.66552,-75.53756,11.58908,False
3289,54.7262,-27.55841,-74.67573,11.87913,False
3290,54.74286,-27.5153,-73.78099,12.09374,False
3291,54.75952,-27.46216,-72.85397,12.24353,False
3292,54.77625,-27.48411,-71.98046,12.38791,False
3293,54.79297,-27.48411,-71.98046,12.38791,False
3294,54.80951,-27.53523,-70.26551,12.72405,False
3295,54.82623,-27.52881,-69.58512,12.68182,False
3296,54.8429,-27.51993,-69.08606,12.62346,False
3297,54.85956,-27.49377,-69.04484,12.45143,False
3298,54.87646,-27.50224,-69.29121,12.00813,False
3299,54.89282,-27.50224,-69.29121,12.00813,False
3300,54.90948,-27.55044,-70.32497,10.3513,False
3301,54.92621,-27.5697,-71.0126,9.50484,False
3302,54.94312,-27.45103,-71.72691,8.739288,False
3303,54.95953,-27.3181,-72.52786,7.88171,False
3304,54.97626,-27.29133,-73.47057,6.757565,False
3305,54.9928,-27.29133,-73.47057,6.757565,False
3306,55.0097,-27.17243,-75.67847,4.129727,False
3307,55.02625,-27.12086,-76.90139,2.886185,False
3308,55.04291,-26.97446,-78.00873,1.961872,False
3309,55.05957,-26.84469,-79.12811,1.142518,False
3310,55.07617,-26.70921,-80.08018,0.2870941,False
3311,55.09277,-26.70921,-80.08018,0.2870941,False
3312,55.1095,-26.29321,-81.76328,-1.896487,False
3313,55.12604,-26.09276,-82.57867,-3.165423,False
3314,55.14301,-25.90785,-83.35178,-4.336019,False
3315,55.15942,-25.73863,-84.08563,-5.407323,False
3316,55.17633,-25.55096,-84.78185,-6.595407,False
3317,55.19281,-25.55096,-84.78185,-6.595407,False
3318,55.20953,-25.11014,-86.3409,-9.386065,False
3319,55.22614,-24.88779,-87.42947,-10.79372,False
3320,55.24286,-24.66747,-88.46863,-11.77071,False
3321,55.25952,-24.35187,-89.45737,-12.52382,False
3322,55.27618,-23.89723,-90.23477,-13.34464,False
3323,55.29309,-23.89723,-90.23477,-13.34464,False
3324,55.30945,-23.01386,-91.49148,-15.31574,False
3325,55.32629,-22.73234,-92.27274,-16.33773,False
3326,55.3429,-22.41014,-93.29844,-17.21794,False
3327,55.35944,-21.99059,-94.40142,-17.91631,False
3328,55.37616,-21.47338,-95.53089,-18.44086,False
3329,55.39288,-21.47338,-95.53089,-18.44086,False
3330,55.40955,-20.14981,-97.44156,-19.39918,False
3331,55.42609,-19.50125,-98.30486,-20.06464,False
3332,55.44324,-18.85145,-99.27853,-20.78332,False
3333,55.45947,-18.34103,-100.2891,-21.41532,False
3334,55.47614,-17.77457,-101.4587,-22.039,False
3335,55.49286,-17.77457,-101.4587,-22.039,False
3336,55.5094,-16.78823,-103.5533,-23.18234,False
3337,55.52612,-16.2358,-104.4353,-23.79384,False
3338,55.54285,-15.55698,-105.3232,-24.5075,False
3339,55.55939,-14.8892,-106.1474,-25.17718,False
3340,55.57611,-14.16834,-107.0763,-25.84661,False
3341,55.5929,-14.16834,-107.0763,-25.84661,False
3342,55.60944,-12.96252,-108.6178,-26.74586,False
3343,55.62604,-12.41971,-109.1761,-26.9116,False
3344,55.64294,-12.0126,-109.3937,-26.87573,False
3345,55.65942,-11.72169,-109.3393,-26.85147,False
3346,55.67609,-11.55587,-109.0602,-26.73008,False
3347,55.69281,-11.55587,-109.0602,-26.73008,False
3348,55.70941,-11.29425,-108.2186,-26.33478,False
3349,55.7262,-11.3194,-107.5974,-26.01847,False
3350,55.74286,-11.34855,-106.9171,-25.65198,False
3351,55.7594,-11.38591,-106.1731,-25.18212,False
3352,55.77625,-11.48608,-105.3141,-24.67027,False
3353,55.79297,-11.48608,-105.3141,-24.67027,False
3354,55.80939,-11.8278,-103.6742,-23.39746,False
3355,55.8266,-12.24613,-102.8958,-22.70475,False
3356,55.84277,-12.83889,-102.1788,-22.1379,False
3357,55.85938,-13.68297,-101.6158,-21.53608,False
3358,55.87616,-14.58957,-101.164,-20.9945,False
3359,55.89276,-14.58957,-101.164,-20.9945,False
3360,55.90936,-16.80901,-100.5569,-19.79181,False
3361,55.92621,-18.24301,-100.3524,-19.20772,False
3362,55.94281,-19.68931,-100.198,-18.63464,False
3363,55.95941,-21.38744,-100.1012,-18.16096,False
3364,55.97607,-23.31265,-100.0319,-17.95781,False
3365,55.99274,-23.31265,-100.0319,-17.95781,False
3366,56.0094,-26.88748,-99.93429,-17.51468,False
3367,56.02618,-28.46421,-99.85955,-17.31243,False
3368,56.04285,-29.73652,-99.78305,-17.06547,False
3369,56.05963,-30.86901,-99.77662,-16.90571,False
3370,56.07605,-31.80639,-99.72371,-16.77107,False
3371,56.0929,-31.80639,-99.72371,-16.77107,False
3372,56.1095,-33.00792,-99.71529,-16.64068,False
3373,56.12616,-33.08171,-99.70625,-16.60192,False
3374,56.1427,-33.02004,-99.76055,-16.58498,False
3375,56.15942,-32.95836,-99.81485,-16.56808,False
3376,56.17609,-32.89666,-99.86916,-16.55124,False
3377,56.19275,-32.89666,-99.86916,-16.55124,False
3378,56.20996,-32.82433,-99.98682,-16.58354,False
3379,56.22614,-32.82433,-99.98682,-16.58354,False
3380,56.24268,-32.82433,-99.98682,-16.58354,False
3381,56.2594,-32.63708,-99.98682,-16.54317,False
3382,56.276,-32.46099,-99.97778,-16.45062,False
3383,56.29272,-32.46099,-99.97778,-16.45062,False
3384,56.30939,-31.86905,-99.9505,-16.16112,False
3385,56.32605,-31.53686,-99.91383,-15.87316,False
3386,56.3429,-31.27699,-99.86751,-15.54637,False
3387,56.35925,-31.02651,-99.8112,-15.16765,False
3388,56.37604,-30.78509,-99.74451,-14.73701,False
3389,56.39276,-30.78509,-99.74451,-14.73701,False
3390,56.40936,-30.35042,-99.61782,-13.94223,False
3391,56.42603,-30.17814,-99.53803,-13.47309,False
3392,56.44275,-30.02458,-99.43634,-12.89956,False
3393,56.45935,-29.89922,-99.30089,-12.16947,False
3394,56.47595,-29.67198,-99.12914,-11.2587,False
3395,56.49268,-29.67198,-99.12914,-11.2587,False
3396,56.50934,-29.16732,-98.73409,-9.272493,False
3397,56.526,-28.92513,-98.49036,-8.369314,False
3398,56.54266,-28.80141,-98.25345,-7.54335,False
3399,56.55939,-28.78922,-98.03696,-6.846191,False
3400,56.57605,-28.90852,-97.76254,-6.176915,False
3401,56.59351,-28.90852,-97.76254,-6.176915,False
3402,56.60931,-29.04125,-97.14785,-5.043662,False
3403,56.62604,-29.12167,-96.80951,-4.591428,False
3404,56.64276,-29.17434,-96.51062,-4.29528,False
3405,56.6593,-29.27804,-96.40141,-4.103957,False
3406,56.67603,-29.43097,-96.31954,-4.028345,False
3407,56.69263,-29.43097,-96.31954,-4.028345,False
3408,56.70941,-29.79686,-96.27798,-3.934098,False
3409,56.72595,-29.97911,-96.20831,-3.700302,False
3410,56.74261,-30.09325,-96.08382,-3.458189,False
3411,56.7594,-30.28492,-95.94458,-3.177153,False
3412,56.77606,-30.47563,-95.69603,-2.904184,False
3413,56.79266,-30.47563,-95.69603,-2.904184,False
3414,56.80933,-30.89722,-95.19232,-2.150328,False
3415,56.82599,-31.20504,-94.81236,-1.639258,False
3416,56.84259,-31.61177,-94.38426,-0.9889461,False
3417,56.85931,-31.95054,-93.89779,-0.3321291,False
3418,56.87592,-32.36897,-93.33714,0.3557574,False
3419,56.89264,-32.36897,-93.33714,0.3557574,False
3420,56.90936,-33.41043,-92.16401,1.625569,False
3421,56.92596,-33.96554,-91.60638,2.22485,False
3422,56.94263,-34.57332,-91.07874,2.70496,False
3423,56.95929,-35.19517,-90.58505,3.2367,False
3424,56.9762,-35.90021,-90.01614,3.795052,False
3425,56.99255,-35.90021,-90.01614,3.795052,False
3426,57.00928,-37.06086,-88.99231,5.074233,False
3427,57.026,-37.7382,-88.40929,5.78965,False
3428,57.0426,-38.33778,-87.89333,6.471452,False
3429,57.05927,-38.87926,-87.35285,7.214702,False
3430,57.07593,-39.41233,-86.82601,7.904438,False
3431,57.09253,-39.41233,-86.82601,7.904438,False
3432,57.10931,-40.29347,-85.42545,9.440395,False
3433,57.12592,-40.68077,-84.66575,10.12768,False
3434,57.14252,-40.96181,-83.96371,10.68101,False
3435,57.15924,-41.17077,-83.31239,11.25462,False
3436,57.1759,-41.27508,-82.82989,11.70965,False
3437,57.19263,-41.27508,-82.82989,11.70965,False
3438,57.20966,-41.14695,-82.16174,12.51613,False
3439,57.22589,-40.9867,-81.92336,12.8448,False
3440,57.24255,-40.9221,-81.64039,13.25315,False
3441,57.25934,-40.99548,-81.37824,13.57878,False
3442,57.27582,-40.99225,-81.06116,13.91391,False
3443,57.29266,-40.99225,-81.06116,13.91391,False
3444,57.30927,-41.09994,-80.22597,14.74439,False
3445,57.32599,-41.11063,-79.64426,15.14504,False
3446,57.34259,-41.04334,-79.00718,15.55349,False
3447,57.35925,-40.9609,-78.2841,15.89673,False
3448,57.37598,-40.86497,-77.52951,16.18147,False
3449,57.39252,-40.86497,-77.52951,16.18147,False
3450,57.40918,-40.27674,-76.39098,16.40215,False
3451,57.42584,-39.96564,-76.17599,16.43504,False
3452,57.44257,-39.65987,-76.12225,16.49219,False
3453,57.45923,-39.56331,-76.16895,16.41253,False
3454,57.47583,-39.49312,-76.3855,16.08472,False
3455,57.49237,-39.49312,-76.3855,16.08472,False
3456,57.50928,-39.56812,-77.23605,14.96181,False
3457,57.52588,-39.60384,-77.82996,14.39846,False
3458,57.54248,-39.52158,-78.40807,14.0189,False
3459,57.55908,-39.45113,-79.0164,13.69382,False
3460,57.57581,-39.33212,-79.39606,13.50585,False
3461,57.59253,-39.33212,-79.39606,13.50585,False
3462,57.60913,-39.11419,-79.7114,13.22085,False
3463,57.62579,-39.01862,-79.75517,13.13967,False
3464,57.64246,-38.97678,-79.84244,12.94505,False
3465,57.65924,-38.88253,-80.03762,12.50666,False
3466,57.67578,-38.81133,-80.39182,11.81495,False
3467,57.6925,-38.81133,-80.39182,11.81495,False
3468,57.70911,-38.56369,-81.80006,9.952957,False
3469,57.72589,-38.42105,-82.69846,9.293459,False
3470,57.7428,-38.30952,-83.53282,8.777778,False
3471,57.75909,-38.0818,-84.44324,8.075988,False
3472,57.77588,-37.78533,-85.30208,7.05216,False
3473,57.79248,-37.78533,-85.30208,7.05216,False
3474,57.8092,-37.09583,-87.49585,4.196094,False
3475,57.82574,-36.80972,-88.69258,2.865275,False
3476,57.84247,-36.56744,-89.91434,1.738325,False
3477,57.85907,-36.31792,-90.97198,0.9164173,False
3478,57.87573,-36.06567,-91.91483,0.07834855,False
3479,57.89258,-36.06567,-91.91483,0.07834855,False
3480,57.90918,-35.35257,-93.47499,-2.251329,False
3481,57.92578,-35.0562,-94.37622,-3.643798,False
3482,57.94244,-34.75102,-95.49172,-5.077618,False
3483,57.95905,-34.5013,-96.68597,-6.250881,False
3484,57.97577,-34.29443,-97.87114,-7.222859,False
3485,57.99249,-34.29443,-97.87114,-7.222859,False
3486,58.00909,-33.9805,-99.60633,-8.697789,False
3487,58.02576,-33.70969,-100.2156,-9.649688,False
3488,58.04248,-33.49238,-100.7741,-10.67276,False
3489,58.06134,-33.3498,-101.596,-11.97686,False
3490,58.07593,-33.2715,-102.3966,-12.97052,False
3491,58.09253,-33.2715,-102.3966,-12.97052,False
3492,58.10907,-33.1174,-104.0749,-14.30906,False
3493,58.12573,-32.93251,-104.5086,-14.86189,False
3494,58.1424,-32.75739,-104.604,-15.37145,False
3495,58.15906,-32.60499,-104.6787,-15.77677,False
3496,58.17572,-32.53783,-104.7339,-16.09101,False
3497,58.1925,-32.53783,-104.7339,-16.09101,False
3498,58.20984,-32.48959,-105.0294,-17.22918,False
3499,58.22571,-32.49067,-105.3954,-17.82671,False
3500,58.24243,-32.44139,-106.0225,-18.35408,False
3501,58.25903,-32.37529,-106.6698,-18.65972,False
3502,58.27576,-32.31973,-107.1996,-18.9166,False
3503,58.29248,-32.31973,-107.1996,-18.9166,False
3504,58.30908,-32.17274,-107.7365,-19.5962,False
3505,58.32574,-32.16562,-107.8366,-19.92458,False
3506,58.34241,-32.21915,-107.9903,-20.26597,False
3507,58.35913,-32.26073,-108.2593,-20.65968,False
3508,58.37579,-32.38797,-108.6029,-21.23818,False
3509,58.39246,-32.38797,-108.6029,-21.23818,False
3510,58.40912,-32.73053,-109.3388,-21.97696,False
3511,58.42578,-32.92371,-109.529,-22.24194,False
3512,58.44238,-33.06811,-109.6034,-22.44068,False
3513,58.45911,-33.27203,-109.6231,-22.65302,False
3514,58.47577,-33.54728,-109.6362,-22.82686,False
3515,58.49255,-33.54728,-109.6362,-22.82686,False
3516,58.50909,-34.26978,-109.8885,-23.77249,False
3517,58.52582,-34.74953,-110.2155,-24.38879,False
3518,58.54236,-35.27619,-110.5174,-24.79747,False
3519,58.55902,-35.70862,-110.6982,-25.07319,False
3520,58.57574,-36.04866,-110.7584,-25.2147,False
3521,58.59229,-36.04866,-110.7584,-25.2147,False
3522,58.60913,-36.40199,-110.6496,-25.30292,False
3523,58.62573,-36.69602,-110.6496,-25.37806,False
3524,58.6424,-37.09367,-110.7098,-25.53714,False
3525,58.65912,-37.46306,-110.8359,-25.80248,False
3526,58.67566,-37.85916,-110.896,-25.96376,False
3527,58.69244,-37.85916,-110.896,-25.96376,False
3528,58.70911,-38.52942,-110.6982,-25.80585,False
3529,58.72565,-38.67317,-110.4996,-25.50723,False
3530,58.7428,-38.78883,-110.3123,-25.3132,False
3531,58.75903,-38.96339,-110.1791,-25.13589,False
3532,58.7757,-39.03436,-110.0937,-24.87504,False
3533,58.79236,-39.03436,-110.0937,-24.87504,False
3534,58.80908,-39.19029,-109.9692,-24.30189,False
3535,58.82574,-39.23021,-109.8144,-23.92073,False
3536,58.84241,-39.31532,-109.5564,-23.6074,False
3537,58.85907,-39.42856,-109.2839,-23.19048,False
3538,58.87573,-39.52412,-108.8795,-22.60179,False
3539,58.89246,-39.52412,-108.8795,-22.60179,False
3540,58.90894,-39.7318,-107.8763,-20.87611,False
3541,58.9256,-39.84663,-107.3036,-19.96419,False
3542,58.94238,-39.80874,-106.6874,-19.12579,False
3543,58.95911,-39.69276,-106.2384,-18.32268,False
3544,58.97571,-39.56036,-105.9576,-17.57007,False
3545,58.99237,-39.56036,-105.9576,-17.57007,False
3546,59.00903,-39.34072,-105.6177,-15.85545,False
3547,59.0257,-39.19918,-105.4879,-15.10218,False
3548,59.0423,-39.0916,-105.3752,-14.46898,False
3549,59.05902,-38.90535,-105.2705,-13.87189,False
3550,59.07562,-38.62719,-105.1851,-13.36278,False
3551,59.09247,-38.62719,-105.1851,-13.36278,False
3552,59.10907,-37.85748,-105.0201,-12.07669,False
3553,59.12567,-37.29758,-104.8842,-11.28656,False
3554,59.1424,-36.69046,-104.7762,-10.37967,False
3555,59.15894,-36.12846,-104.6216,-9.543231,False
3556,59.17566,-35.55981,-104.5721,-8.707863,False
3557,59.19238,-35.55981,-104.5721,-8.707863,False
3558,59.20892,-34.86548,-104.4079,-7.146061,False
3559,59.22565,-34.75523,-104.2256,-6.366807,False
3560,59.24243,-34.58629,-104.0255,-5.522791,False
3561,59.25903,-34.49191,-103.8068,-4.642744,False
3562,59.27606,-34.45135,-103.5968,-3.829482,False
3563,59.29224,-34.45135,-103.5968,-3.829482,False
3564,59.30902,-34.66215,-103.167,-2.482853,False
3565,59.32568,-34.82251,-102.9439,-1.715492,False
3566,59.34241,-35.05142,-102.716,-0.9638792,False
3567,59.35901,-35.24351,-102.4362,-0.04656532,False
3568,59.37604,-35.43517,-102.1495,0.8687152,False
3569,59.39227,-35.43517,-102.1495,0.8687152,False
3570,59.409,-35.79601,-101.5893,2.591856,False
3571,59.42584,-35.97582,-101.3001,3.450537,False
3572,59.4422,-36.15521,-101.0048,4.307236,False
3573,59.45898,-36.33419,-100.7035,5.161912,False
3574,59.47559,-36.58442,-100.3961,5.999496,False
3575,59.49219,-36.58442,-100.3961,5.999496,False
3576,59.50903,-37.37511,-99.76324,7.606544,False
3577,59.52563,-37.89685,-99.4764,8.27529,False
3578,59.54224,-38.43185,-99.16532,8.990436,False
3579,59.55902,-38.96952,-98.84895,9.702126,False
3580,59.57556,-39.36281,-98.52731,10.44275,False
3581,59.59229,-39.36281,-98.52731,10.44275,False
3582,59.60907,-40.26053,-97.80539,12.04595,False
3583,59.62561,-40.57303,-97.48833,12.74549,False
3584,59.64233,-40.78968,-97.20983,13.36221,False
3585,59.65894,-40.98468,-96.9715,13.88022,False
3586,59.67554,-41.10472,-96.73071,14.41396,False
3587,59.69244,-41.10472,-96.73071,14.41396,False
3588,59.70886,-41.3658,-96.19687,15.5748,False
3589,59.7149,-41.3658,-96.19687,15.5748,True
3590,59.72577,-41.35495,-95.90285,16.23552,False
3591,59.74231,-41.41887,-95.60543,16.87781,False
3592,59.75903,-41.40548,-95.30463,17.53567,False
3593,59.77557,-41.3034,-95.02396,18.16124,False
3594,59.7923,-41.3034,-95.02396,18.16124,False
3595,59.8089,-40.98547,-94.52587,19.28237,False
3596,59.82556,-40.76971,-94.30972,19.77826,False
3597,59.84247,-40.4073,-94.06767,20.35398,False
3598,59.85889,-40.10986,-93.84813,20.86415,False
3599,59.87555,-39.75216,-93.57762,21.48423,False
3600,59.89221,-39.75216,-93.57762,21.48423,False
3601,59.90894,-39.12657,-93.17991,22.40343,False
3602,59.92554,-38.93937,-93.05459,22.68776,False
3603,59.94226,-38.64419,-93.00433,22.84599,False
3604,59.95892,-38.26046,-92.97916,22.97227,False
3605,59.97559,-37.95508,-92.95398,23.08217,False
3606,59.99231,-37.95508,-92.95398,23.08217,False
