sample,t,vx,vy,vz
0,0.0,-0.001046468,0.0002047905,0.007114865
1,0.00504303,-4.583147e-06,8.969071e-07,3.11605e-05
2,0.05487823,0.0,0.0,0.0
3,0.104805,0.0,0.0,0.0
4,0.154808,0.0,0.0,0.0
5,0.2053299,0.0,0.0,0.0
6,0.2219849,0.0,0.0,0.0
7,0.2388611,0.0,0.0,0.0
8,0.2551422,0.0,0.0,0.0
9,0.2720108,0.0,0.0,0.0
10,0.288765,0.0,0.0,0.0
11,0.3056259,0.0,0.0,0.0
12,0.3218918,0.0,0.0,0.0
13,0.3387299,0.0,0.0,0.0
14,0.3554459,0.0,0.0,0.0
15,0.3718033,0.0,0.0,0.0
16,0.3887558,0.0,0.0,0.0
17,0.4053574,0.0,0.0,0.0
18,0.4222488,0.0,0.0,0.0
19,0.4388733,0.0,0.0,0.0
20,0.4553528,0.0,0.0,0.0
21,0.4723663,0.0,0.0,0.0
22,0.488678,0.0,0.0,0.0
23,0.5054169,0.0,0.0,0.0
24,0.5220413,0.0,0.0,0.0
25,0.5388336,0.0,0.0,0.0
26,0.5551071,0.0,0.0,0.0
27,0.5717545,0.0,0.0,0.0
28,0.5884018,0.0,0.0,0.0
29,0.6052551,0.0,0.0,0.0
30,0.6221161,0.0,0.0,0.0
31,0.6383972,0.0,0.0,0.0
32,0.6550522,0.0,0.0,0.0
33,0.6716995,0.0,0.0,0.0
34,0.6880341,0.0,0.0,0.0
35,0.7047501,0.0,0.0,0.0
36,0.7212906,0.0,0.0,0.0
37,0.7379456,0.0,0.0,0.0
38,0.7546463,0.0,0.0,0.0
39,0.7714844,0.0,0.0,0.0
40,0.7881927,0.0,0.0,0.0
41,0.8048096,0.0,0.0,0.0
42,0.8215256,0.0,0.0,0.0
43,0.838028,0.0,0.0,0.0
44,0.8548889,0.0,0.0,0.0
45,0.8714447,0.0,0.0,0.0
46,0.8882065,0.0,0.0,0.0
47,0.9054718,0.0,0.0,0.0
48,0.9215088,0.0,0.0,0.0
49,0.9381027,0.0,0.0,0.0
50,0.9548492,0.0,0.0,0.0
51,0.9714813,0.0,0.0,0.0
52,0.9882431,0.0,0.0,0.0
53,1.005562,0.0,0.0,0.0
54,1.021889,0.0,0.0,0.0
55,1.038742,0.0,0.0,0.0
56,1.055267,0.0,0.0,0.0
57,1.072067,0.0,0.0,0.0
58,1.089096,0.0,0.0,0.0
59,1.10556,0.0,0.0,0.0
60,1.121933,0.0,0.0,0.0
61,1.13884,0.0,0.0,0.0
62,1.15519,0.0,0.0,0.0
63,1.17205,0.0,0.0,0.0
64,1.188972,0.0,0.0,0.0
65,1.207397,0.0,0.0,0.0
66,1.221878,0.0,0.0,0.0
67,1.238525,0.0,0.0,0.0
68,1.255486,0.0,0.0,0.0
69,1.272057,0.0,0.0,0.0
70,1.288734,0.0,0.0,0.0
71,1.305603,0.0,0.0,0.0
72,1.322144,0.0,0.0,0.0
73,1.338921,0.0,0.0,0.0
74,1.355415,0.0,0.0,0.0
75,1.372025,0.0,0.0,0.0
76,1.388702,0.0,0.0,0.0
77,1.405304,0.0,0.0,0.0
78,1.422302,0.0,0.0,0.0
79,1.4384,0.0,0.0,0.0
80,1.455208,0.0,0.0,0.0
81,1.471954,0.0,0.0,0.0
82,1.488686,0.0,0.0,0.0
83,1.505394,0.0,0.0,0.0
84,1.52198,0.0,0.0,0.0
85,1.538582,0.0,0.0,0.0
86,1.555588,0.0,0.0,0.0
87,1.572273,0.0,0.0,0.0
88,1.58873,0.0,0.0,0.0
89,1.605042,0.0,0.0,0.0
90,1.621971,0.0,0.0,0.0
91,1.638626,0.0,0.0,0.0
92,1.655281,0.0,0.0,0.0
93,1.671722,0.0,0.0,0.0
94,1.688377,0.0,0.0,0.0
95,1.705559,0.0,0.0,0.0
96,1.721939,0.0,0.0,0.0
97,1.738579,0.0,0.0,0.0
98,1.755402,0.0,0.0,0.0
99,1.771912,0.0,0.0,0.0
100,1.788452,0.0,0.0,0.0
101,1.805504,0.0,0.0,0.0
102,1.822098,0.0,0.0,0.0
103,1.838608,0.0,0.0,0.0
104,1.855148,0.0,0.0,0.0
105,1.871796,0.0,0.0,0.0
106,1.888519,0.0,0.0,0.0
107,1.905228,0.0,0.0,0.0
108,1.921898,0.0,0.0,0.0
109,1.938492,0.0,0.0,0.0
110,1.955383,0.0,0.0,0.0
111,1.971916,0.0,0.0,0.0
112,1.98851,0.0,0.0,0.0
113,2.005341,0.0,0.0,0.0
114,2.021744,0.0,0.0,0.0
115,2.038544,0.0,0.0,0.0
116,2.055374,0.0,0.0,0.0
117,2.071777,0.0,0.0,0.0
118,2.08857,0.0,0.0,0.0
119,2.105698,0.0,0.0,0.0
120,2.122185,0.0,0.0,0.0
121,2.138893,0.0,0.0,0.0
122,2.155319,0.0,0.0,0.0
123,2.17218,0.0,21.18307,10.69069
124,2.188446,0.0,37.2803,12.99919
125,2.205383,0.0,29.81639,2.560195
126,2.221832,0.0,29.81639,2.560195
127,2.238495,0.0,6.028669,-1.809774
128,2.255363,0.0,9.737304,-2.519861
129,2.271957,0.0,9.657753,3.398523
130,2.288422,0.0,13.89237,3.088179
131,2.305321,0.0,0.7848958,1.461557
132,2.321922,0.0,0.7848958,1.461557
133,2.338539,0.0,-3.248791,8.813969
134,2.355278,0.0,13.48782,-1.95033
135,2.371666,4.495136,11.15149,11.26269
136,2.388588,0.05232377,13.20969,13.29795
137,2.405411,0.005658426,22.52216,13.26046
138,2.421753,0.005658426,22.52216,13.26046
139,2.43856,0.009748485,22.47642,23.70745
140,2.454987,0.01767546,29.21216,42.98518
141,2.471855,0.02271071,36.15346,55.23048
142,2.488617,0.02437507,42.82462,59.27804
143,2.505417,0.01761008,42.76733,42.82618
144,2.52179,0.01761008,42.76733,42.82618
145,2.538673,-0.001471607,113.6833,-3.57882
146,2.555107,0.02993083,78.1259,72.78917
147,2.571831,4.531601,88.03553,42.62537
148,2.588646,0.049331,88.55293,35.87445
149,2.605103,0.02620965,96.01915,31.72349
150,2.621803,0.02620965,96.01915,31.72349
151,2.638741,0.03035236,86.12527,36.90714
152,2.655182,0.03267421,86.93478,39.73041
153,2.671799,0.02655071,80.67303,32.28451
154,2.688255,0.02623984,81.18882,31.9065
155,2.705025,0.02576923,80.61583,31.33426
156,2.721771,0.02576923,80.61583,31.33426
157,2.738602,0.01044495,62.99192,12.70061
158,2.755135,0.002939793,77.82856,3.574659
159,2.771828,0.00901833,79.62341,10.96589
160,2.788506,0.005838871,64.89099,7.099812
161,2.805237,0.02030539,56.26066,24.69047
162,2.8218,0.02030539,56.26066,24.69047
163,2.83847,0.01851143,55.05781,22.50909
164,2.855003,0.01240197,68.49374,15.08025
165,2.871933,0.005648883,67.21271,6.868794
166,2.888184,0.007770987,67.07624,9.449181
167,2.905388,0.01939069,58.54426,23.57823
168,2.921661,0.01939069,58.54426,23.57823
169,2.938461,0.02226807,55.10178,27.07701
170,2.955269,0.03866427,56.43938,47.01406
171,2.971733,0.04456956,59.04482,54.19464
172,2.988358,0.04050661,47.78072,49.25427
173,3.00515,0.03784669,53.85886,46.01992
174,3.021507,0.03784669,53.85886,46.01992
175,3.038216,0.01672536,55.18172,20.33731
176,3.055107,0.01446394,53.68956,17.58751
177,3.071808,0.01766923,36.4351,21.48502
178,3.088379,0.02205666,39.19798,26.81993
179,3.104774,0.0241243,40.3241,29.3341
180,3.121651,0.0241243,40.3241,29.3341
181,3.138504,0.02425723,43.47129,29.49574
182,3.154823,0.03142054,52.24764,38.206
183,3.172394,0.01856015,44.44005,22.56833
184,3.188698,0.01867404,61.19913,22.70682
185,3.20504,0.01999397,58.99078,24.31179
186,3.221352,0.01999397,58.99078,24.31179
187,3.23819,0.0106394,63.78823,12.93705
188,3.255219,-0.002918724,62.03694,-3.54904
189,3.271812,-0.0004005978,67.1806,-0.4871095
190,3.288071,-0.002414202,65.61452,-2.935564
191,3.305351,-0.005804961,56.50217,-7.058578
192,3.321663,-0.005804961,56.50217,-7.058578
193,3.338333,-0.003612857,52.19195,-4.393076
194,3.354973,-1.562417,60.15802,-28.7926
195,3.371864,-0.02467662,59.40279,-28.85724
196,3.388329,-0.01692248,53.31827,-40.80068
197,3.405075,-0.01902225,50.11241,-46.25893
198,3.421356,-0.01902225,50.11241,-46.25893
199,3.438713,-0.0163554,50.6249,-39.77491
200,3.455208,-0.01313512,45.1572,-31.94347
201,3.471573,-0.01479155,41.4199,-35.97176
202,3.488274,-0.01680036,37.05507,-40.85701
203,3.504936,-0.01251386,42.15613,-30.43262
204,3.521751,-0.01251386,42.15613,-30.43262
205,3.538223,-0.02129746,43.92291,-51.79356
206,3.555252,-0.02024222,41.31905,-49.22732
207,3.571625,-0.01881414,32.30623,-45.75434
208,3.587929,-0.01527151,29.92432,-37.139
209,3.605019,-0.01878869,30.85221,-45.69245
210,3.621849,-0.01878869,30.85221,-45.69245
211,3.638405,-0.02057851,31.1167,-50.04514
212,3.654976,-0.02466942,32.15362,-59.99389
213,3.671684,-0.01642233,32.08408,-39.93768
214,3.68837,0.004286733,32.68872,10.42496
215,3.705322,0.0004567157,9.066692,1.110693
216,3.721519,0.0004567157,9.066692,1.110693
217,3.738174,0.001158662,45.89342,2.817765
218,3.754761,-0.1778084,36.85375,2.929805
219,3.77182,-0.001072404,29.31949,8.141121
220,3.788338,-1.225108e-05,26.5922,3.670061
221,3.80529,-6.551762,28.6069,1.550872
222,3.821785,-6.551762,28.6069,1.550872
223,3.838303,-0.000863268,19.90138,1.302189
224,3.855026,-0.0003093924,14.74118,0.7476093
225,3.871834,-0.004367256,8.367463,10.62073
226,3.888206,-0.003984521,6.083147,9.690008
227,3.904976,-0.1385389,0.3567073,1.057735
228,3.921661,-0.1385389,0.3567073,1.057735
229,3.938263,-6.928897e-06,1.784038e-05,5.290162e-05
230,3.954704,-7.91259e-08,2.037318e-07,6.041205e-07
231,3.971634,0.001516207,-0.5767154,-1.843642
232,3.988426,-0.005002218,-8.231928,6.082479
233,4.005165,0.0004328858,-9.959499,-0.5263702
234,4.02166,0.0004328858,-9.959499,-0.5263702
235,4.038231,0.0003627588,-10.18158,-0.4410989
236,4.054955,0.3650859,-4.955897,2.413672
237,4.071632,0.0003513016,-3.938381,3.044545
238,4.088463,0.001023878,-0.77553,-2.466492
239,4.104721,-3.500605e-05,-0.04531926,0.08523461
240,4.121506,-3.500605e-05,-0.04531926,0.08523461
241,4.13826,0.001860253,1.970438,-4.523973
242,4.154915,-0.003396083,9.534767,8.258978
243,4.171478,-0.001703716,19.82434,4.143288
244,4.187981,-0.0002858711,19.55461,0.6952136
245,4.204987,-0.002281291,28.01613,5.547901
246,4.221527,-0.002281291,28.01613,5.547901
247,4.238121,0.001072636,29.59269,-2.608556
248,4.25486,-0.9539513,23.57271,0.3784206
249,4.271591,0.0008520816,24.23479,-8.023015
250,4.288162,-0.0005289841,28.87199,0.6011004
251,4.305016,0.009642804,30.60085,-11.72541
252,4.321754,0.009642804,30.60085,-11.72541
253,4.338333,-0.02221872,22.18747,1.325028
254,4.354744,-0.0104855,24.25327,8.361501
255,4.371681,0.01189792,27.72301,-9.645734
256,4.388191,-0.01226315,28.27902,9.94096
257,4.404762,-0.3498233,30.405,-9.663606
258,4.421478,-0.3498233,30.405,-9.663606
259,4.438316,0.001279397,32.67657,-0.7859255
260,4.454941,0.01007087,33.94267,-6.122954
261,4.471497,0.008368899,40.99422,-5.088106
262,4.487915,0.009444985,43.60368,-5.742341
263,4.50486,0.02532569,47.30228,-15.39746
264,4.521538,0.02532569,47.30228,-15.39746
265,4.538223,0.004144483,55.74994,-2.519753
266,4.554649,0.008022529,49.47942,-4.877519
267,4.571533,0.006629608,41.5737,-4.030654
268,4.588066,0.00424131,49.27018,-2.578622
269,4.604767,0.01077515,51.00278,-6.551054
270,4.621429,0.01077515,51.00278,-6.551054
271,4.638428,0.004662858,41.0075,-2.834914
272,4.655037,0.005900321,23.75335,-3.587264
273,4.671478,-0.008285922,13.04307,5.037656
274,4.688049,-0.001401496,7.45693,0.8520781
275,4.704826,0.0004934332,7.445332,-0.2999964
276,4.721329,0.0004934332,7.445332,-0.2999964
277,4.738014,-4.415336e-06,0.001871663,0.002684426
278,4.754883,-0.007969478,-0.9751117,4.845265
279,4.771523,-4.804039e-05,-0.00587802,0.02920749
280,4.788132,-3.985533e-07,-4.886819e-05,0.0002423116
281,4.804962,-4.550949e-09,-5.592004e-07,2.766876e-06
282,4.821556,-4.550949e-09,-5.592004e-07,2.766876e-06
283,4.838371,-0.0004488519,-0.05526884,0.272892
284,4.854721,0.7085924,-0.7089221,3.493885
285,4.871376,0.0009429255,-0.823074,4.038552
286,4.888008,-0.02633072,-4.227292,21.37373
287,4.90506,-0.03220945,-5.476124,26.11031
288,4.921425,-0.03220945,-5.476124,26.11031
289,4.937874,-0.06480224,-11.64709,52.53112
290,4.954765,-0.06543375,-14.73882,53.04304
291,4.97126,-0.08453242,-17.25977,68.52513
292,4.988213,-0.09370503,-19.33415,75.96079
293,5.00473,-0.1099128,-23.95791,89.09941
294,5.021385,-0.1099128,-23.95791,89.09941
295,5.037926,-0.1390556,-33.30977,112.7237
296,5.054848,-0.1268628,-31.99947,102.8397
297,5.071579,-0.1181,-31.87558,95.73627
298,5.087883,-0.1741815,-49.84723,141.198
299,5.104477,-0.1872805,-57.10495,151.8166
300,5.121437,-0.1872805,-57.10495,151.8166
301,5.138023,-0.181971,-52.95542,147.5125
302,5.155075,-0.1989525,-52.90395,161.2783
303,5.170914,-0.1548294,-45.29079,125.5105
304,5.187843,-0.1494987,-52.67958,121.1892
305,5.211067,-0.1404993,-58.98647,113.894
306,5.221298,-0.1404993,-58.98647,113.894
307,5.238274,-0.1190988,-53.17006,96.54591
308,5.255142,-0.1015057,-46.83566,82.28433
309,5.271851,-0.1158538,-28.80145,93.9154
310,5.288208,-0.1214421,-32.4582,98.44547
311,5.305573,-0.1210664,-51.78975,98.14093
312,5.32193,-0.1210664,-51.78975,98.14093
313,5.338333,-0.1281294,-67.63615,103.8665
314,5.354729,-0.1229465,-73.02794,99.66503
315,5.371597,-0.1099712,-78.54423,89.14677
316,5.388489,-0.09056932,-62.71214,73.41888
317,5.405266,-0.09273391,-55.78603,75.17357
318,5.421692,-0.09273391,-55.78603,75.17357
319,5.438164,-0.07805876,-49.28381,63.27734
320,5.455124,-0.09323969,-60.41993,75.58357
321,5.471588,-0.09272149,-50.37531,75.1635
322,5.488495,-0.1017481,-53.42551,82.48082
323,5.505028,-0.1460741,-56.80288,118.4131
324,5.521667,-0.1460741,-56.80288,118.4131
325,5.538292,15.21226,-51.19317,95.82204
326,5.555061,3.287835,-37.07835,76.24017
327,5.571686,16.52382,-17.31315,64.97194
328,5.588242,25.91398,3.545464,43.80133
329,5.604897,35.17001,14.89624,50.83115
330,5.621399,35.17001,14.89624,50.83115
331,5.638474,53.59953,30.22972,47.05046
332,5.654785,64.12736,32.43348,61.72463
333,5.671722,63.1137,31.99705,66.45742
334,5.688194,67.06895,50.97344,99.48492
335,5.704369,49.96229,65.88773,92.30524
336,5.721649,49.96229,65.88773,92.30524
337,5.738289,3.404546,36.54287,49.55085
338,5.754845,2.258258,37.91082,50.59171
339,5.771812,1.711471,33.07557,43.4809
340,5.788452,1.527182,26.81172,34.7079
341,5.805168,1.672399,29.79172,37.98615
342,5.82177,1.672399,29.79172,37.98615
343,5.838318,1.528546,41.16387,34.71862
344,5.855026,1.181995,29.33938,26.84723
345,5.871559,-2.44379,21.41282,23.91214
346,5.888206,-11.86752,26.58382,32.42287
347,5.9049,0.4554679,24.15451,29.11344
348,5.921562,0.4554679,24.15451,29.11344
349,5.938248,2.190826,43.4695,52.26277
350,5.955116,8.632448,39.59974,44.5723
351,5.971725,12.15617,53.18022,61.48936
352,5.988182,4.129932,44.04016,70.79175
353,6.004814,2.775208,21.67111,63.09523
354,6.021736,2.775208,21.67111,63.09523
355,6.038193,3.003518,-33.51712,67.85979
356,6.054726,13.40245,-48.55419,71.97285
357,6.071457,19.34418,-56.60022,55.10658
358,6.088036,26.16824,-43.64224,54.0654
359,6.104706,37.3882,-43.5549,55.37761
360,6.1213,37.3882,-43.5549,55.37761
361,6.138115,38.36148,-20.18096,57.16616
362,6.154366,40.30219,-17.36843,57.10652
363,6.171547,25.27664,-22.09267,53.69484
364,6.188072,34.9098,-31.42333,46.05091
365,6.204697,32.05671,-24.04986,54.39767
366,6.221634,32.05671,-24.04986,54.39767
367,6.23819,47.89713,-11.50609,59.01619
368,6.254616,55.12007,-5.757192,68.34073
369,6.271645,57.33942,-13.10192,59.55064
370,6.288025,32.22232,-19.22274,55.96321
371,6.304794,27.57984,-29.54123,44.15078
372,6.321648,27.57984,-29.54123,44.15078
373,6.338402,3.722429,-31.23108,41.59937
374,6.354805,3.351584,-13.57935,37.46133
375,6.371178,19.76722,-1.920396,40.78373
376,6.38855,20.48494,9.301467,38.94537
377,6.404907,3.13979,-2.500514,20.22767
378,6.421417,3.13979,-2.500514,20.22767
379,6.438133,2.979151,-0.9168614,32.39747
380,6.454521,3.822481,7.302665,41.56893
381,6.471565,4.825397,23.30335,36.21519
382,6.488014,4.896995,45.82871,39.63819
383,6.504761,10.02159,54.89464,45.39108
384,6.521645,10.02159,54.89464,45.39108
385,6.537987,10.23549,39.03841,30.83849
386,6.554588,2.405183,30.17091,24.0569
387,6.571449,2.572659,31.31146,24.77338
388,6.588249,3.098015,41.06292,31.93994
389,6.604942,2.537599,34.0846,26.17855
390,6.621651,2.537599,34.0846,26.17855
391,6.638039,1.731463,35.82008,26.88345
392,6.6549,2.138715,30.31236,22.19783
393,6.671608,7.681646,25.86982,18.39618
394,6.68808,17.14522,26.20497,17.58983
395,6.704613,3.77061,30.78542,22.0646
396,6.721191,3.77061,30.78542,22.0646
397,6.738304,2.786629,27.79829,19.59023
398,6.754601,1.115884,31.58948,11.2656
399,6.771233,2.209615,36.00775,19.01138
400,6.788055,1.735214,26.89767,11.26007
401,6.804611,4.274076,32.79289,19.94772
402,6.821518,4.274076,32.79289,19.94772
403,6.838005,8.391277,44.34892,17.0455
404,6.854439,33.9675,40.96937,19.78746
405,6.87162,26.01333,45.62677,20.94136
406,6.888184,31.53695,35.00169,18.90548
407,6.904747,32.66526,28.49349,14.7634
408,6.921402,32.66526,28.49349,14.7634
409,6.938141,26.86989,20.87549,10.13427
410,6.954735,33.99956,19.01956,0.3028153
411,6.971039,29.99822,8.55158,0.6704552
412,6.988342,24.48758,13.86444,0.2245629
413,7.004677,12.50583,16.77383,4.999321
414,7.021477,12.50583,16.77383,4.999321
415,7.037827,12.48621,18.25911,7.44132
416,7.054581,22.44901,28.00439,-0.7758113
417,7.070976,34.53387,14.39694,2.108069
418,7.088081,17.72349,6.179037,1.435497
419,7.104904,23.72305,15.85053,6.485017
420,7.121819,23.72305,15.85053,6.485017
421,7.138023,17.58223,9.932304,3.616384
422,7.154358,8.913871,13.78134,7.082596
423,7.171394,23.13935,9.238276,2.363687
424,7.187775,13.85931,1.671766,-0.9231679
425,7.205566,21.56097,9.238939,2.491236
426,7.221161,21.56097,9.238939,2.491236
427,7.238029,9.944125,1.699628,-0.4129347
428,7.254601,4.05044,4.241472,1.94726
429,7.271156,4.788404,0.06666688,-0.6561424
430,7.288048,1.001702,1.538245,0.771777
431,7.304939,0.7190108,3.170125,1.782928
432,7.321144,0.7190108,3.170125,1.782928
433,7.338402,3.221169,12.19754,6.738665
434,7.354759,16.27871,7.957729,2.298198
435,7.37149,0.7925768,8.248208,4.737143
436,7.387863,0.009050987,0.09419204,0.05409673
437,7.404694,3.964e-05,0.0004125265,0.0002369238
438,7.421265,3.964e-05,0.0004125265,0.0002369238
439,7.437759,0.1410993,1.669304,0.9597193
440,7.454567,0.6860287,8.139094,4.666183
441,7.471176,5.375865,16.15763,6.630509
442,7.487839,1.581326,10.59547,4.495441
443,7.505783,1.581661,11.87311,2.557715
444,7.521317,1.581661,11.87311,2.557715
445,7.538109,-5.351516,20.16033,5.239106
446,7.554543,1.015709,12.53508,7.050885
447,7.571014,-19.42419,25.65619,17.56848
448,7.587761,1.76395,22.66303,12.61835
449,7.604454,-1.380174,22.11944,12.67595
450,7.621071,-1.380174,22.11944,12.67595
451,7.637962,-10.6077,25.01693,15.45081
452,7.654686,-18.01042,16.08844,21.06119
453,7.671104,-22.17014,40.37354,25.11123
454,7.687767,-7.484005,47.31108,27.02092
455,7.70472,-8.754533,56.22638,32.63398
456,7.720917,-8.754533,56.22638,32.63398
457,7.737915,-7.857964,61.88161,36.01916
458,7.754326,3.409073,44.95148,25.75847
459,7.771194,2.677619,38.42276,28.24186
460,7.787941,2.157338,28.31379,17.98322
461,7.804482,-4.383502,31.32928,19.13917
462,7.821114,-4.383502,31.32928,19.13917
463,7.83828,-0.959739,19.15848,10.1754
464,7.85437,0.3930697,13.79499,6.240518
465,7.871376,-0.487949,0.060417,0.0937772
466,7.888062,-0.00294138,0.0003641965,0.0005652934
467,7.90461,21.64302,-11.85668,-8.372518
468,7.920776,21.64302,-11.85668,-8.372518
469,7.937965,-0.9283105,-29.37852,-6.835837
470,7.954453,-0.4829082,-34.04153,-3.547905
471,7.971535,-0.5311253,-27.49578,-3.90201
472,7.987923,-1.06732,-45.90282,-7.841264
473,8.004333,21.38852,-38.71215,-16.53534
474,8.021019,21.38852,-38.71215,-16.53534
475,8.037949,20.93161,-75.88128,-19.4365
476,8.054352,8.532628,-73.83459,-17.53385
477,8.071129,12.98507,-71.64481,-12.95166
478,8.087738,13.79017,-70.86267,-15.15215
479,8.104462,13.795,-58.85141,-18.26303
480,8.121391,13.795,-58.85141,-18.26303
481,8.138321,-1.791594,-58.59114,-13.68868
482,8.154305,-1.860789,-59.08904,-12.892
483,8.171074,-1.979281,-52.5247,-13.69745
484,8.187851,-2.7176,-51.89573,-18.80669
485,8.204437,-3.066322,-40.80202,-21.21996
486,8.220779,-3.066322,-40.80202,-21.21996
487,8.237885,-2.16376,-49.90891,-14.97394
488,8.254593,-2.418496,-45.224,-16.73679
489,8.27121,-2.524162,-38.27899,-17.46803
490,8.287865,-3.464617,-39.35819,-23.9763
491,8.304413,-3.221486,-35.98983,-22.29375
492,8.321106,-3.221486,-35.98983,-22.29375
493,8.338043,-4.491096,-45.75533,-29.54528
494,8.354233,-5.302166,-39.95022,-25.99917
495,8.371323,-2.445143,-25.47595,-16.89571
496,8.387817,-1.692993,-16.7699,-11.78399
497,8.404518,6.478737,-17.65706,-13.06207
498,8.421097,6.478737,-17.65706,-13.06207
499,8.437981,-6.888734,-64.46936,-47.81518
500,8.454483,-4.589183,-44.32821,-31.85121
501,8.471428,-3.011208,-26.45951,-20.89926
502,8.487801,-1.866714,-8.495178,-12.95592
503,8.504639,-2.087156,-1.78864,-16.15203
504,8.52095,-2.087156,-1.78864,-16.15203
505,8.537842,-3.334486,-19.71694,-23.0758
506,8.554359,-5.341387,-44.52837,-36.96416
507,8.571068,-3.746275,-28.5439,-25.92546
508,8.587837,-3.952063,-13.79518,-27.34958
509,8.604546,-3.000487,-3.163053,-20.76436
510,8.62101,-3.000487,-3.163053,-20.76436
511,8.637695,-1.501252,15.6061,-10.38916
512,8.654114,-0.9253868,9.578938,-6.403983
513,8.670967,-4.242869,-5.870548,-29.36206
514,8.687752,-6.255324,-40.84287,-43.28891
515,8.704239,-4.799211,-41.82475,-33.21212
516,8.721054,-4.799211,-41.82475,-33.21212
517,8.737709,-2.872416,-24.46166,-19.80714
518,8.754272,-2.684856,-22.81795,-18.63275
519,8.770973,-3.791525,-34.41281,-28.44907
520,8.787621,-8.278684,-68.29378,-57.30951
521,8.804375,-7.564762,-61.01143,-52.35086
522,8.820648,-7.564762,-61.01143,-52.35086
523,8.837761,-5.696286,-44.27461,-39.42018
524,8.854645,-5.986221,-34.94814,-41.42663
525,8.871155,-4.340633,-32.56614,-30.03861
526,8.887848,-6.700518,-49.62625,-46.3698
527,8.904404,-7.982036,-47.75689,-55.23833
528,8.921066,-7.982036,-47.75689,-55.23833
529,8.937859,-7.49495,-51.54078,-51.86753
530,8.954277,-9.121119,-41.272,-63.12116
531,8.97139,-8.99253,-36.37382,-65.9935
532,8.987869,-3.42906,-19.06534,-50.96082
533,9.004478,3.484457,-16.24432,-54.34939
534,9.021255,3.484457,-16.24432,-54.34939
535,9.037781,-10.45753,-33.14731,-72.97794
536,9.054138,-10.9927,-45.19253,-75.20532
537,9.070839,-8.754277,-48.80141,-59.88649
538,9.087654,-8.460885,-28.32423,-57.87939
539,9.104424,-6.172622,-9.251038,-42.2258
540,9.121033,-6.172622,-9.251038,-42.2258
541,9.137909,-3.616033,-2.942914,-24.73663
542,9.154228,-3.782753,-0.4291679,-27.67505
543,9.170975,-6.97129,-20.0074,-47.574
544,9.18766,-9.087302,-45.70285,-61.98659
545,9.204247,-8.904063,-46.77291,-60.73659
546,9.220932,-8.904063,-46.77291,-60.73659
547,9.237724,2.257869,-12.76692,-33.47612
548,9.254311,0.8751695,13.34139,-19.82931
549,9.271042,1.437767,12.31798,-10.37609
550,9.287743,1.743723,19.34587,-14.72388
551,9.304268,8.10405,8.632133,-35.88278
552,9.321136,8.10405,8.632133,-35.88278
553,9.337715,-7.055271,-24.75269,-47.0499
554,9.354019,-8.68045,-31.91413,-57.88387
555,9.371025,-6.766031,-29.20516,-45.11793
556,9.38752,12.03725,-15.15612,-39.26557
557,9.404259,10.50187,1.8561,-32.84652
558,9.421043,10.50187,1.8561,-32.84652
559,9.437645,2.145687,-4.975294,-66.68553
560,9.454216,3.710454,-14.41382,-78.16911
561,9.471184,9.714195,-22.82336,-67.43705
562,9.487823,17.57026,-12.72095,-66.92507
563,9.504158,37.55696,5.115991,-42.2403
564,9.520996,37.55696,5.115991,-42.2403
565,9.537613,28.04178,40.90582,-38.86949
566,9.55426,27.90073,42.14406,-40.50789
567,9.570656,9.282133,27.53028,-60.85358
568,9.587669,-8.379768,-10.12803,-74.52047
569,9.604179,-11.40952,-35.48483,-62.69737
570,9.621056,-11.40952,-35.48483,-62.69737
571,9.638756,-5.794005,-18.85926,-31.67372
572,9.654266,-2.439208,-7.625498,-13.33426
573,9.670906,-2.380411,-7.395575,-13.01284
574,9.687737,-1.1572,-13.29607,-5.023105
575,9.704407,-4.823523,-12.81504,-8.461963
576,9.720764,-4.823523,-12.81504,-8.461963
577,9.737595,-4.20508,-24.85703,-22.76623
578,9.754173,-1.976771,-22.85367,-9.131763
579,9.77095,-2.088428,-23.01738,-11.51303
580,9.787552,0.5879566,-7.170076,3.244404
581,9.804169,-1.976492,-6.267057,-10.90607
582,9.820915,-1.976492,-6.267057,-10.90607
583,9.837677,-2.6051,-7.727371,-14.37467
584,9.854088,-5.273377,-15.50356,-29.09793
585,9.871048,-6.423677,-18.66142,-35.44516
586,9.887634,-6.300611,-18.04899,-34.7661
587,9.904068,-5.209775,-14.36086,-28.74698
588,9.920837,-5.209775,-14.36086,-28.74698
589,9.937866,-7.995674,-17.24928,-34.82605
590,9.954277,-15.48508,-13.91573,-29.6313
591,9.970772,-18.4726,-16.76661,-32.24394
592,9.987778,-14.48115,-18.6997,-37.7629
593,10.0041,-12.23119,-14.07658,-20.23327
594,10.02088,-12.23119,-14.07658,-20.23327
595,10.03781,-4.796623,2.663468,7.791844
596,10.05402,-3.569423,1.861125,4.694427
597,10.07093,-0.5619365,1.603565,9.603686
598,10.08752,-0.3234443,0.8003703,1.863855
599,10.10471,-3.356302,-2.83369,-5.588352
600,10.12072,-3.356302,-2.83369,-5.588352
601,10.13754,-3.329125,-5.939497,5.314587
602,10.15421,-16.02991,-8.01546,9.430886
603,10.17093,-10.12244,-5.829455,6.57887
604,10.18707,-12.08451,-7.9013,8.604809
605,10.20421,-9.603642,-3.657946,-1.630726
606,10.22075,-9.603642,-3.657946,-1.630726
607,10.23795,-33.05596,-14.44277,-22.00025
608,10.25419,-18.59466,-12.32885,-14.1945
609,10.27112,-31.0062,-13.45528,-18.86827
610,10.28743,-37.97429,-8.99747,-13.4789
611,10.30412,-33.78296,-6.550346,-10.07997
612,10.32103,-33.78296,-6.550346,-10.07997
613,10.33806,-36.22753,-8.945914,-15.91967
614,10.35419,-30.05081,-13.52574,-27.90932
615,10.37106,-27.74138,-10.42383,-21.26718
616,10.38764,-27.95892,-10.15058,-20.86387
617,10.40424,-23.53232,-3.709855,-6.042189
618,10.42062,-23.53232,-3.709855,-6.042189
619,10.43768,-0.1394019,0.01371834,-0.3196185
620,10.45433,-0.0006105293,6.008129e-05,-0.001399811
621,10.47062,0.5535214,1.893565,4.509878
622,10.48746,1.505461,0.01571071,-0.1474203
623,10.50414,0.02366262,0.0002469378,-0.002317132
624,10.52065,0.02366262,0.0002469378,-0.002317132
625,10.53751,-0.727913,-2.587151,-6.172508
626,10.55414,-0.2828292,-0.9593902,-2.29002
627,10.57062,-0.001704908,-0.005783249,-0.01380435
628,10.58742,-0.1106128,-0.3745816,-0.8951304
629,10.60398,-0.7677778,-2.597028,-6.213215
630,10.62072,-0.7677778,-2.597028,-6.213215
631,10.63779,-1.436137,-2.141759,-11.62189
632,10.65408,-0.7238942,-2.409357,-5.858088
633,10.67091,-1.595909,-5.335971,-12.91484
634,10.68754,-2.457797,-8.170347,-19.88964
635,10.70403,-2.302386,-7.600245,-18.63198
636,10.72028,-2.302386,-7.600245,-18.63198
637,10.73759,-2.143351,-6.951241,-17.345
638,10.75396,-2.186405,-7.040438,-17.69341
639,10.77071,-1.428828,-4.579026,-11.56274
640,10.78758,-1.047637,-3.345359,-8.477968
641,10.8042,-0.7823111,-0.6016241,-6.330825
642,10.82076,-0.7823111,-0.6016241,-6.330825
643,10.83752,-1.43664,-4.521503,-11.62596
644,10.85412,-0.5078002,-1.592407,-4.109355
645,10.87076,-0.07557659,-0.5059357,-0.6116009
646,10.88741,-0.0003309977,-0.002215812,-0.002678587
647,10.90437,1.75779,5.525644,14.22485
648,10.92078,1.75779,5.525644,14.22485
649,10.93742,3.42431,20.5503,27.71111
650,10.9542,3.238345,10.6368,26.2062
651,10.97066,3.310889,14.83012,26.79326
652,10.98766,1.386406,14.81624,11.21944
653,11.00415,0.9675282,10.30607,7.829688
654,11.02092,0.9675282,10.30607,7.829688
655,11.03737,0.00397399,0.01350542,0.03215937
656,11.05415,-0.05511841,0.5461709,-0.4460438
657,11.07063,-5.683681,-3.760223,-12.18038
658,11.08741,-0.8216563,4.795952,-5.937425
659,11.10401,-1.509132,7.016069,-7.308816
660,11.1206,-1.509132,7.016069,-7.308816
661,11.13776,-1.090481,8.591154,-7.069435
662,11.15404,-0.8471381,8.373213,-6.933772
663,11.17088,-1.222576,11.50997,-10.02907
664,11.18739,-0.6112341,5.742152,-5.014136
665,11.20397,7.935161,15.72621,3.758543
666,11.22087,7.935161,15.72621,3.758543
667,11.23721,9.05506,22.27673,23.21569
668,11.25406,14.40772,27.56064,19.49719
669,11.2707,10.39823,34.14844,18.59075
670,11.28746,6.500956,31.11459,27.32102
671,11.30413,1.751737,23.34717,13.74777
672,11.32092,1.751737,23.34717,13.74777
673,11.33742,2.113365,24.30266,16.76244
674,11.35425,1.236289,15.31161,9.805792
675,11.37055,0.6153896,10.2263,4.881047
676,11.3874,-7.837288,2.506282,-0.4248244
677,11.40395,-11.94162,-3.87892,-8.824929
678,11.42056,-11.94162,-3.87892,-8.824929
679,11.43728,-14.17797,-15.28942,-32.81939
680,11.4539,-13.77407,-17.12944,-37.53831
681,11.47087,-10.42133,-17.42911,-39.26814
682,11.48728,-5.249013,-18.57531,-42.53506
683,11.50391,-5.768726,-22.22488,-29.43842
684,11.52048,-5.768726,-22.22488,-29.43842
685,11.53729,-3.762174,-22.0944,-30.9676
686,11.55379,-3.522947,-15.51432,-28.99905
687,11.57093,-4.032042,-14.08265,-33.18966
688,11.58769,-4.510056,-15.4637,-37.12443
689,11.60405,-4.520366,-17.30254,-37.20929
690,11.62093,-4.520366,-17.30254,-37.20929
691,11.63786,-5.22121,-24.68935,-42.97827
692,11.65395,-3.907714,-20.35488,-29.80479
693,11.67058,-2.393075,-24.82637,-19.74598
694,11.68716,-2.826945,-20.58831,-18.59502
695,11.70386,-2.121505,-22.7993,-17.56276
696,11.72075,-2.121505,-22.7993,-17.56276
697,11.73743,-3.348698,-38.44448,-27.75537
698,11.75372,-18.25191,-47.02769,-32.903
699,11.77057,-13.87479,-60.48016,-23.29433
700,11.78731,-16.47861,-68.08198,-16.05291
701,11.80435,-10.82047,-57.61494,-4.169043
702,11.82049,-10.82047,-57.61494,-4.169043
703,11.83713,1.019541,-39.55544,8.664307
704,11.8538,1.395491,-30.09516,9.878506
705,11.87022,1.46157,-32.21811,12.34855
706,11.88725,1.330429,-40.50108,11.26051
707,11.90402,1.53403,-37.09258,12.98396
708,11.92053,1.53403,-37.09258,12.98396
709,11.93747,2.230068,-47.8227,18.8752
710,11.95382,1.700256,-38.35058,14.39089
711,11.97049,0.9817082,-40.18473,8.309134
712,11.9872,1.588244,-46.87135,13.44283
713,12.00406,0.9494323,-30.93708,8.035953
714,12.02049,0.9494323,-30.93708,8.035953
715,12.03743,1.795303,-43.63912,15.19536
716,12.05437,0.4241737,-56.63122,7.139799
717,12.07125,1.212355,-63.83806,10.33809
718,12.08765,1.228091,-63.87072,10.43145
719,12.104,-0.23903,-64.9729,11.69421
720,12.12075,-0.23903,-64.9729,11.69421
721,12.13729,-8.224071,-55.80638,19.29741
722,12.15403,0.2820819,-53.80496,21.38358
723,12.17058,0.9691048,-36.78818,11.2272
724,12.18748,-5.452837,-28.41214,15.95095
725,12.20404,-7.865281,-33.35306,19.215
726,12.22057,-7.865281,-33.35306,19.215
727,12.23763,-1.848803,-30.4327,8.492338
728,12.25401,-11.68395,-28.0732,15.37471
729,12.27048,-19.99519,-35.14116,19.91432
730,12.28732,-20.17759,-33.37594,15.83994
731,12.30402,-6.585967,-35.40123,4.014421
732,12.32064,-6.585967,-35.40123,4.014421
733,12.33755,-5.81103,-31.01701,4.080558
734,12.35403,-10.56749,-31.50291,8.207864
735,12.37058,-0.5392684,-34.05629,10.67622
736,12.38741,0.008977236,-31.7642,11.8233
737,12.40397,0.2212045,-35.95706,17.59602
738,12.42052,0.2212045,-35.95706,17.59602
739,12.43759,0.8806509,-33.34471,8.712676
740,12.45392,-2.508286,-27.71674,5.077279
741,12.47055,0.2253379,-28.77824,2.369856
742,12.4875,0.335665,-38.30666,5.862508
743,12.50417,-0.04366005,-31.26207,5.752879
744,12.52065,-0.04366005,-31.26207,5.752879
745,12.53748,-10.44803,-17.10552,5.43334
746,12.55389,-0.3725604,-15.85016,-2.027393
747,12.57058,0.0230042,-10.77318,4.694212
748,12.58747,0.2739084,-6.468471,2.838892
749,12.60394,-3.504963,-0.07386797,0.3724713
750,12.62088,-3.504963,-0.07386797,0.3724713
751,12.63754,-4.6262,-3.694347e-06,0.4407566
752,12.65379,-4.77812,-2.22697e-08,0.4512641
753,12.6706,-5.693971,0.0,0.5330364
754,12.6877,-4.156219,0.0,0.3873571
755,12.70364,-0.03818865,-0.03417307,-0.1386903
756,12.72059,-0.03818865,-0.03417307,-0.1386903
757,12.73711,-1.387675e-06,-1.241759e-06,-5.039638e-06
758,12.75391,-1.584533e-08,-1.418051e-08,-5.755128e-08
759,12.77087,-0.134673,3.283344,-1.444999
760,12.78717,-0.5244732,12.75855,-5.627432
761,12.80396,-0.6027334,10.28291,-6.467139
762,12.82045,-0.6027334,10.28291,-6.467139
763,12.83727,-0.4253234,10.21112,-4.563585
764,12.85386,-1.202334,16.93798,-12.90066
765,12.87053,-0.630994,14.93381,-6.770366
766,12.88724,10.14071,13.99216,-7.36096
767,12.90377,-0.7613841,21.75273,-9.950191
768,12.92073,-0.7613841,21.75273,-9.950191
769,12.93744,3.924293,13.78903,-2.932817
770,12.95381,-0.004464998,18.82639,-8.828904
771,12.97035,10.88482,13.09622,-7.242173
772,12.98715,11.54184,6.019008,-3.983474
773,13.00394,18.99208,3.290855,-3.232205
774,13.02021,18.99208,3.290855,-3.232205
775,13.03703,31.00655,0.2015128,-3.35924
776,13.05358,33.04694,0.001671931,-3.62992
777,13.07052,42.22641,1.909282e-05,-4.883373
778,13.087,60.40534,-3.234921,-5.820161
779,13.10373,61.36534,-0.01416777,-7.909523
780,13.12047,61.36534,-0.01416777,-7.909523
781,13.13705,45.47128,-0.007210778,-6.433673
782,13.15373,33.7259,-6.818918,-1.701194
783,13.17048,32.15848,-0.07096893,-4.842764
784,13.18713,30.88072,-0.06103035,-5.041321
785,13.2037,28.95549,-0.06320892,-4.840015
786,13.22029,28.95549,-0.06320892,-4.840015
787,13.23743,25.69487,-0.3616473,-5.767803
788,13.25363,29.95157,-1.832038,-12.05124
789,13.27052,43.25475,-2.862071,-8.991927
790,13.28738,33.66634,-2.861593,-15.0885
791,13.30343,35.68734,-13.36969,-7.784153
792,13.32041,35.68734,-13.36969,-7.784153
793,13.33716,30.9798,-0.8235114,-7.777819
794,13.35374,17.17178,-2.949762,-16.25164
795,13.37057,2.736491,-0.6040755,-3.185955
796,13.38721,-7.800539,3.164873,-0.3253959
797,13.40392,-10.68775,-0.2185959,1.024862
798,13.42049,-10.68775,-0.2185959,1.024862
799,13.43703,-25.14737,-1.504781e-05,4.824862
800,13.45415,-32.87638,-6.590387e-08,6.167818
801,13.47035,-46.26387,-1.128224e-09,8.482616
802,13.48692,-57.62783,0.0,10.22368
803,13.50379,-61.27497,0.7639063,13.77226
804,13.52052,-61.27497,0.7639063,13.77226
805,13.53716,-63.43777,1.585457,16.53935
806,13.5541,-69.59546,1.64092,16.53277
807,13.57055,-63.63589,1.128816,13.34803
808,13.58706,-60.86342,0.009365669,7.688467
809,13.60355,-51.68401,0.0001069531,6.171484
810,13.62042,-51.68401,0.0001069531,6.171484
811,13.63712,-0.9567645,-0.004886753,0.08835
812,13.65369,9.949407,11.64061,-6.662429
813,13.67065,7.765253,0.07017012,-0.9345455
814,13.687,23.3835,1.073695,-3.858036
815,13.70394,32.22699,6.131034,-6.891697
816,13.72038,32.22699,6.131034,-6.891697
817,13.73737,59.48085,-0.5074716,-11.1653
818,13.75347,56.18571,-1.313509,-13.85495
819,13.77016,69.58106,-3.535345,-26.23936
820,13.78708,66.12059,-0.9804268,-15.03249
821,13.80366,73.61369,-0.700882,-15.69762
822,13.82027,73.61369,-0.700882,-15.69762
823,13.83685,53.90459,-1.498351,-19.21501
824,13.85366,58.8018,-1.88948,-20.03075
825,13.8703,48.95457,-1.791143,-18.02987
826,13.88717,38.89742,-1.486191,-14.89373
827,13.90363,33.97456,-1.003041,-11.81299
828,13.92045,33.97456,-1.003041,-11.81299
829,13.93699,15.93407,-0.4369896,-5.516366
830,13.95377,27.84967,-0.763109,-9.751296
831,13.9704,31.0341,-0.04834048,-7.14343
832,13.98699,22.24527,-0.0005509858,-5.015341
833,14.0036,24.08389,-1.191991e-05,-5.489547
834,14.02046,24.08389,-1.191991e-05,-5.489547
835,14.03714,11.1955,-8.205482e-10,-2.600286
836,14.05372,6.681828,0.0,-1.560623
837,14.07037,3.116897,0.0,-0.7306931
838,14.08706,0.02585808,0.0,-0.006073117
839,14.10381,0.0001558737,0.0,-3.660904e-05
840,14.12084,0.0001558737,0.0,-3.660904e-05
841,14.13744,2.989842e-09,0.0,-7.022047e-10
842,14.15379,0.0,0.0,0.0
843,14.17029,1.497096,0.0,-0.3522627
844,14.1871,3.974472,0.0,-0.9369079
845,14.20371,11.00214,0.0,-2.603104
846,14.22021,11.00214,0.0,-2.603104
847,14.23757,0.3116069,0.0,-0.07399677
848,14.25363,0.00258537,0.0,-0.0006139434
849,14.27038,1.558473e-05,0.0,-3.70088e-06
850,14.28712,1.293049e-07,0.0,-3.070581e-08
851,14.30355,2.004147,0.04518782,-0.2604444
852,14.32014,2.004147,0.04518782,-0.2604444
853,14.33692,1.405632,1.642006e-06,-0.3356175
854,14.35373,-10.12327,1.875121e-08,2.412751
855,14.37038,-0.08399169,0.0,0.02001835
856,14.38706,-2.058253,0.0,0.4896639
857,14.40357,-0.01707711,0.0,0.00406269
858,14.42038,-0.01707711,0.0,0.00406269
859,14.43707,0.5772022,0.0,-0.1378196
860,14.45363,0.4117353,0.0,-0.09848976
861,14.4702,0.7904057,0.0,-0.1894138
862,14.48689,0.003461687,0.0,-0.000829563
863,14.50356,1.541939,1.423346,6.43427
864,14.5199,1.541939,1.423346,6.43427
865,14.5371,1.604882,2.219001,10.13873
866,14.55361,2.765323,2.595746,11.57544
867,14.57009,0.7953733,0.7486374,3.32522
868,14.58685,-11.18423,3.022866,16.77514
869,14.60374,-3.965798,2.521064,12.63867
870,14.62016,-3.965798,2.521064,12.63867
871,14.63691,-5.320137,3.657903,17.97565
872,14.65372,-0.1827092,2.883445,13.13114
873,14.67075,1.090898,7.993356,4.731676
874,14.68716,0.006575983,0.04818433,0.02852277
875,14.70368,-0.03842276,0.3560599,-0.164506
876,14.72,-0.03842276,0.3560599,-0.164506
877,14.73679,-5.86381,-5.744369,-25.10599
878,14.75336,-4.520395,-10.87025,-19.35414
879,14.77028,-4.264097,-4.103066,-18.25679
880,14.78692,-3.085819,-4.204628,-13.21198
881,14.80344,-1.311168,-1.240357,-5.613787
882,14.82048,-1.311168,-1.240357,-5.613787
883,14.83681,-0.004880989,-0.004553364,-0.02089803
884,14.85357,1.32282,-1.397477,-7.088617
885,14.87057,-4.945284,-4.560422,-21.18977
886,14.88692,-4.783809,-13.70741,-20.44432
887,14.9037,-3.929881,-7.166903,-16.79466
888,14.92023,-3.929881,-7.166903,-16.79466
889,14.93688,-5.262498,-7.929612,-24.33955
890,14.95367,-0.7695161,-3.413427,-12.41798
891,14.97034,1.2907,-3.817856,-20.65004
892,14.98663,13.84244,-3.824806,-23.96691
893,15.00368,10.0992,-1.294015,-9.482932
894,15.02028,10.0992,-1.294015,-9.482932
895,15.03682,18.7702,-0.3775358,-6.684282
896,15.05321,17.7107,-0.7521936,-8.569517
897,15.07037,15.25849,-9.878574,-17.21152
898,15.08672,15.03065,-3.680948,-24.14552
899,15.10357,14.20976,-10.96038,-26.60967
900,15.12019,14.20976,-10.96038,-26.60967
901,15.13679,11.66905,-6.264945,-27.30487
902,15.15363,11.3273,-2.052803,-13.62329
903,15.17008,19.92662,-2.436378,-20.26929
904,15.1869,25.11953,-0.3402564,-8.861424
905,15.20351,20.46401,-0.2466348,-7.093009
906,15.22018,20.46401,-0.2466348,-7.093009
907,15.23686,12.43157,-0.001305601,-3.434294
908,15.25352,0.4829659,-7.870222e-06,-0.1333683
909,15.27007,0.005515324,-8.987556e-08,-0.001523026
910,15.28693,-0.886401,-8.669379,4.418095
911,15.30344,-3.566917,0.06774293,1.753933
912,15.31991,-3.566917,0.06774293,1.753933
913,15.33695,1.329503,0.8368841,4.832798
914,15.35345,7.088647,0.00694354,-1.910495
915,15.36988,-2.415198,-1.533356,-8.884381
916,15.38673,0.09642335,-0.006715538,-0.06844724
917,15.40359,-0.0707589,-0.04494049,-0.2611021
918,15.41996,-0.0707589,-0.04494049,-0.2611021
919,15.43676,2.388201,1.491022,8.651564
920,15.45365,0.01045944,0.006530129,0.03789067
921,15.47019,0.1404656,0.08791777,0.5088548
922,15.48698,0.0006151878,0.0003850476,0.002228597
923,15.50357,0.4954865,0.3109061,1.794964
924,15.52009,0.4954865,0.3109061,1.794964
925,15.53708,1.681708,1.060527,6.092202
926,15.55331,0.9151748,0.5785732,3.315339
927,15.57012,0.00400813,0.002533938,0.01451997
928,15.58709,-0.3878077,1.52747e-05,0.1069741
929,15.60338,-0.363876,-0.2283357,-1.31118
930,15.62021,-0.363876,-0.2283357,-1.31118
931,15.63671,-1.541235,-0.9636731,-5.592288
932,15.65374,-3.136309,-1.941243,-11.37992
933,15.66987,-2.445764,-1.50227,-8.87432
934,15.68667,1.263283,-1.486092,-9.893178
935,15.70323,-2.366491,-1.431414,-8.636195
936,15.71988,-2.366491,-1.431414,-8.636195
937,15.73692,-2.716052,-1.597555,-9.839249
938,15.75347,-4.284662,-5.951723,-15.52174
939,15.76998,-5.637475,-5.059164,-20.42248
940,15.7865,-5.224122,-5.723494,-18.92506
941,15.80338,6.864166,-5.011754,-12.25838
942,15.81991,6.864166,-5.011754,-12.25838
943,15.83673,-0.5081033,-0.3851472,-2.609611
944,15.85333,0.7310313,-0.1422523,-1.221951
945,15.87024,2.821257,-1.156212,-9.140614
946,15.88706,-3.13707,-2.970797,-11.37636
947,15.90343,-3.107752,-13.99821,-11.16962
948,15.92014,-3.107752,-13.99821,-11.16962
949,15.9369,0.0114763,-8.3883,0.04124354
950,15.95345,9.473582,-0.2764967,-2.570855
951,15.97006,0.408117,0.1852321,1.304167
952,15.98682,0.5024711,0.2560577,1.801083
953,16.00338,0.1425338,0.07292618,0.5114134
954,16.0201,0.1425338,0.07292618,0.5114134
955,16.03691,-1.941899,-5.637698,-6.967713
956,16.05356,1.255916,-10.4059,4.506341
957,16.07024,0.603398,-4.948857,2.165048
958,16.08666,0.04685961,-0.3846635,0.1681366
959,16.1034,0.2627438,0.1280097,0.942749
960,16.11979,0.2627438,0.1280097,0.942749
961,16.13683,3.615725,0.1377962,12.97355
962,16.15327,3.276419,1.712143,11.75609
963,16.17015,1.735066,0.9252574,6.225577
964,16.18685,2.063326,1.106804,7.403404
965,16.20344,0.03888318,0.02085763,0.1395164
966,16.22011,0.03888318,0.02085763,0.1395164
967,16.23679,6.015026,3.291829,21.58247
968,16.25374,10.90295,6.152923,39.1208
969,16.26995,11.70107,10.31798,41.9845
970,16.28677,6.993339,19.90421,25.09274
971,16.30339,7.514669,24.06615,26.92052
972,16.31987,7.514669,24.06615,26.92052
973,16.33697,5.888478,22.50846,21.09486
974,16.35349,6.872309,24.95411,24.61933
975,16.36996,9.473045,31.53433,35.51867
976,16.38685,10.96223,42.02194,39.34022
977,16.4034,9.141653,45.58534,32.80115
978,16.4203,9.141653,45.58534,32.80115
979,16.43668,6.927462,46.73157,24.85637
980,16.45322,10.18714,63.23453,40.86729
981,16.4701,5.470256,59.31947,35.04697
982,16.48673,7.848482,42.89915,28.34397
983,16.50349,9.169883,64.34824,36.25114
984,16.5203,9.169883,64.34824,36.25114
985,16.53694,8.219907,46.05109,36.21827
986,16.55381,-5.361105,55.28026,39.53804
987,16.56995,2.986771,41.00069,26.74635
988,16.5867,-4.136548,53.16175,41.14016
989,16.60358,11.39981,67.58202,41.81123
990,16.62015,11.39981,67.58202,41.81123
991,16.63702,11.8656,67.49134,43.26197
992,16.65327,10.77695,65.88683,39.29272
993,16.67014,10.27257,67.23441,39.87194
994,16.68673,11.61114,72.1975,44.86049
995,16.70346,8.268747,70.75184,34.85519
996,16.71998,8.268747,70.75184,34.85519
997,16.7367,5.887479,59.90687,21.57045
998,16.75327,8.60872,51.11775,31.53986
999,16.76998,4.85929,28.97556,17.80303
1000,16.78681,1.410175,18.28612,5.166472
1001,16.80332,-0.359946,4.404154,-1.318738
1002,16.82012,-0.359946,4.404154,-1.318738
1003,16.83678,-5.59921,-6.701809,-11.81776
1004,16.85353,-6.859855,-9.487,-20.46217
1005,16.87012,-8.668063,-33.03734,-28.65571
1006,16.88678,-6.613822,-31.93508,-22.50278
1007,16.90359,-17.48224,-46.50075,-20.58628
1008,16.9201,-17.48224,-46.50075,-20.58628
1009,16.93648,-9.689668,-55.55468,-35.84506
1010,16.95367,-14.73017,-65.5737,-54.49599
1011,16.96991,-18.55132,-72.96468,-62.93256
1012,16.98653,-32.51434,-108.2409,-71.58789
1013,17.00333,-36.32976,-126.0135,-66.2395
1014,17.02001,-36.32976,-126.0135,-66.2395
1015,17.03692,-18.2537,-127.2588,-56.08434
1016,17.05319,-15.75178,-120.7844,-57.12988
1017,17.07024,-19.25002,-127.7745,-70.49989
1018,17.08668,-15.88857,-129.9977,-60.20342
1019,17.10357,-14.4288,-121.8588,-54.71848
1020,17.12039,-14.4288,-121.8588,-54.71848
1021,17.1367,-14.18979,-108.7748,-53.83588
1022,17.15334,-21.46407,-101.0683,-52.67757
1023,17.17011,-20.60528,-113.3368,-63.35375
1024,17.18689,-14.73709,-116.0574,-53.19419
1025,17.20315,-17.08281,-99.90704,-49.54188
1026,17.21978,-17.08281,-99.90704,-49.54188
1027,17.23666,-9.94658,-73.41607,-38.13087
1028,17.25364,-8.512835,-72.70502,-32.6643
1029,17.27003,-9.719317,-60.22527,-37.29388
1030,17.28692,-8.37605,-46.48337,-32.13965
1031,17.30307,-5.988565,-31.03041,-22.97866
1032,17.31984,-5.988565,-31.03041,-22.97866
1033,17.33691,-4.582439,-24.99485,-18.61938
1034,17.35336,-4.612563,-10.15046,-17.67786
1035,17.37003,-0.5901483,-9.374561,-2.260681
1036,17.38634,-0.1405569,-0.1150267,-0.5384221
1037,17.40322,-0.07139746,-0.02013044,-0.2734975
1038,17.41994,-0.07139746,-0.02013044,-0.2734975
1039,17.43652,-1.884938e-06,-5.314564e-07,-7.220508e-06
1040,17.45354,-8.261173e-09,-2.255878e-09,-3.164553e-08
1041,17.46982,0.0,0.0,0.0
1042,17.48707,0.0,0.0,0.0
1043,17.50327,0.0,0.0,0.0
1044,17.5198,0.0,0.0,0.0
1045,17.53674,-0.008544197,0.1048271,-0.03272969
1046,17.55341,2.73372,7.362938,10.47188
1047,17.56994,2.538029,0.06108953,-0.570861
1048,17.58643,0.01529936,0.0003682506,-0.003441177
1049,17.60303,0.3512545,0.0985917,1.342996
1050,17.61991,0.3512545,0.0985917,1.342996
1051,17.63657,1.276366e-05,3.58251e-06,4.880092e-05
1052,17.65326,0.533655,1.569008e-08,-0.1397811
1053,17.66995,5.089608,-0.09676694,-2.754541
1054,17.68648,4.503922,-0.8939986,-14.59201
1055,17.70328,-0.781874,-0.7096926,-10.69437
1056,17.72038,-0.781874,-0.7096926,-10.69437
1057,17.73653,-3.935465,-0.9885186,-14.92016
1058,17.75307,-2.406467,-0.679614,-10.47901
1059,17.76971,4.796724,-0.5111086,-9.747262
1060,17.78671,1.851618,-0.4224167,-7.541846
1061,17.80324,0.7237394,-0.00185003,-0.223947
1062,17.81993,0.7237394,-0.00185003,-0.223947
1063,17.83649,7.396796,-1.273532e-07,-1.979773
1064,17.85324,2.818735,7.857166,10.22301
1065,17.86998,0.00878809,0.07692561,0.03148366
1066,17.88661,-1.911801,-0.4577187,-7.142865
1067,17.90329,-1.088991,-0.08933889,-1.210086
1068,17.91966,-1.088991,-0.08933889,-1.210086
1069,17.93686,-2.594704,-0.5905758,-9.710091
1070,17.95329,-0.3378524,-0.07530183,-1.26436
1071,17.96972,-1.751862,-0.3847811,-6.556081
1072,17.98631,-0.01056031,-0.002319477,-0.03952036
1073,18.00332,-4.625028e-05,-1.015846e-05,-0.0001730847
1074,18.01983,-4.625028e-05,-1.015846e-05,-0.0001730847
1075,18.03638,-0.1596327,-0.7966129,-15.0465
1076,18.05342,1.092235,-0.5172474,-10.39568
1077,18.0697,0.120824,-0.5745105,-11.52093
1078,18.08637,9.956138,-0.003463176,-2.769189
1079,18.1032,6.134846,-1.516744e-05,-1.672083
1080,18.11996,6.134846,-1.516744e-05,-1.672083
1081,18.1364,14.04517,0.02052856,-3.883958
1082,18.15324,22.22874,-0.2704175,-11.70425
1083,18.16978,31.94457,-0.2841972,-14.91801
1084,18.18636,28.8767,-0.6686007,-22.38836
1085,18.20332,31.37111,-0.002928225,-9.223449
1086,18.2197,31.37111,-0.002928225,-9.223449
1087,18.2364,34.34272,-7.730701e-08,-10.36754
1088,18.2532,27.93385,-3.385763e-10,-8.57085
1089,18.26962,30.05159,0.0,-9.342454
1090,18.28629,24.18769,0.0,-7.606828
1091,18.30299,18.12069,-0.1915906,-5.683023
1092,18.3199,18.12069,-0.1915906,-5.683023
1093,18.33642,0.4237967,-1.31888e-05,-0.1351936
1094,18.35329,0.1596714,0.0258351,0.4940989
1095,18.37019,0.2210759,0.03648758,0.692972
1096,18.38641,0.7967171,0.132569,2.497418
1097,18.40314,0.1594268,0.02674198,0.4997451
1098,18.41962,0.1594268,0.02674198,0.4997451
1099,18.43675,5.793028e-06,9.794998e-07,1.815904e-05
1100,18.45329,6.615463e-08,1.118559e-08,2.073707e-07
1101,18.47001,-11.79897,-6.462889,5.730992
1102,18.48667,-7.913066,-12.22919,6.650736
1103,18.50333,-9.056092,-0.07371814,2.901651
1104,18.51959,-9.056092,-0.07371814,2.901651
1105,18.53696,-0.0001783722,-0.001550013,0.0005799977
1106,18.55308,-1.479936e-06,-1.28603e-05,4.81218e-06
1107,18.56943,-8.921123e-09,-7.752249e-08,2.900805e-08
1108,18.58611,0.0,0.0,0.0
1109,18.60241,0.0,0.0,0.0
1110,18.61916,0.01367477,-1.831442,0.04304875
1111,18.63572,-0.4581906,-3.560416,-1.442404
1112,18.65237,-3.842268,-2.460139,-12.09563
1113,18.66914,-3.928298,-15.08047,-12.36645
1114,18.68568,-1.045004,-10.99576,-3.289716
1115,18.70258,-1.939984,-6.443456,-6.107152
1116,18.71899,-1.939984,-6.443456,-6.107152
1117,18.73567,0.5806774,-6.792191,1.827997
1118,18.7524,0.07026567,-0.7465382,0.2211993
1119,18.76902,0.8610941,-9.105736,2.710761
1120,18.78592,0.2384588,-2.52522,0.7506784
1121,18.80261,0.9463611,-10.06506,2.979185
1122,18.81905,0.9463611,-10.06506,2.979185
1123,18.83585,-2.813841,-20.90741,-8.858092
1124,18.85251,-3.185685,-23.71972,-10.02867
1125,18.86911,-3.765444,-21.0128,-11.85378
1126,18.88585,-4.145984,-30.54684,-13.05173
1127,18.90247,-4.145984,-30.54684,-13.05173
1128,18.91929,-1.642766,-34.53639,-5.171498
1129,18.93619,-0.699751,-39.23223,-2.202846
1130,18.95243,1.661901,-32.45486,-11.00701
1131,18.96918,0.2850118,-14.53688,0.7981148
1132,18.98581,0.4093415,-16.26367,1.285979
1133,19.00259,1.023423,-16.23147,3.21719
1134,19.01896,1.023423,-16.23147,3.21719
1135,19.03581,0.04929887,-0.6087969,0.1549741
1136,19.05248,0.0004090275,-0.005051124,0.001285804
1137,19.06918,4.67097e-06,-5.76823e-05,1.468349e-05
1138,19.08622,2.046565e-08,-2.526266e-07,6.433505e-08
1139,19.10239,2.046565e-08,-2.526266e-07,6.433505e-08
1140,19.11901,0.0,0.0,0.0
1141,19.13583,-0.2691556,-0.3621626,-0.8461073
1142,19.1524,-0.1639771,-3.491112,-0.5154721
1143,19.16909,-0.3916354,-0.04577042,-1.23113
1144,19.18573,-0.003249357,-0.0003797524,-0.01021456
1145,19.20238,-0.003249357,-0.0003797524,-0.01021456
1146,19.21907,0.1202631,0.009539698,0.3780547
1147,19.23571,0.0007249519,5.750589e-05,0.002278931
1148,19.25231,3.89702,0.5247056,12.25052
1149,19.26897,0.8128253,0.06899262,2.555167
1150,19.28564,3.098538,7.859332,9.740447
1151,19.30231,3.098538,7.859332,9.740447
1152,19.31936,3.126547,12.04689,9.828496
1153,19.33566,1.706389,6.568211,5.364139
1154,19.35235,2.814493,6.913678,8.847535
1155,19.36895,2.077003,15.85159,6.529189
1156,19.38575,2.397928,4.572608,7.538035
1157,19.40243,2.397928,4.572608,7.538035
1158,19.41918,-0.05682465,0.9586207,-0.1786318
1159,19.43579,-0.05966287,0.710923,-0.1875539
1160,19.45244,-0.0006813318,0.008118525,-0.002141809
1161,19.46902,-4.107101e-06,4.893885e-05,-1.291093e-05
1162,19.48632,-1.804645e-08,2.143272e-07,-5.673014e-08
1163,19.50233,-1.804645e-08,2.143272e-07,-5.673014e-08
1164,19.51912,-0.1549271,-0.01833428,-0.4870231
1165,19.53575,-0.000933908,-0.0001105199,-0.002935798
1166,19.55232,-4.090174e-06,-4.840365e-07,-1.285772e-05
1167,19.56908,-3.393575e-08,-4.016e-09,-1.066791e-07
1168,19.58581,2.389009,0.0,-0.7610508
1169,19.60246,2.389009,0.0,-0.7610508
1170,19.61897,0.0001194841,0.0,-3.806325e-05
1171,19.63568,5.232965e-07,0.0,-1.667031e-07
1172,19.65245,4.341736e-09,0.0,-1.383118e-09
1173,19.66926,0.0,0.0,0.0
1174,19.68565,0.0,0.0,0.0
1175,19.70277,0.0,0.0,0.0
1176,19.71906,0.0,0.0,0.0
1177,19.73589,0.04346088,0.005194998,0.1364278
1178,19.7524,0.0004963101,5.932531e-05,0.001557964
1179,19.7691,2.991781e-06,3.576158e-07,9.391479e-06
1180,19.78576,6.472353e-08,7.736582e-09,2.031732e-07
1181,19.80238,6.472353e-08,7.736582e-09,2.031732e-07
1182,19.81909,0.0,0.0,0.0
1183,19.8358,2.737399,0.03619806,0.1622973
1184,19.85229,0.0119888,0.0001585342,0.0007108027
1185,19.86909,7.226906e-05,9.556517e-07,4.284752e-06
1186,19.88577,4.356413e-07,5.760714e-09,2.582869e-08
1187,19.90242,4.356413e-07,5.760714e-09,2.582869e-08
1188,19.91913,0.0,0.0,0.0
1189,19.93607,0.0,0.0,0.0
1190,19.95223,0.0,0.0,0.0
1191,19.96912,-0.4185128,-0.04989718,-1.310024
1192,19.98579,0.01004229,-0.1409315,0.03143428
1193,20.00233,0.01004229,-0.1409315,0.03143428
1194,20.01903,2.651228e-07,-3.720682e-06,8.298848e-07
1195,20.03568,2.601187e-09,-3.082224e-08,8.142211e-09
1196,20.05237,0.0,0.0,0.0
1197,20.0691,0.0,0.0,0.0
1198,20.08559,0.0,0.0,0.0
1199,20.1023,0.0,0.0,0.0
1200,20.119,-3.397783,0.0,1.083948
1201,20.13566,-0.05340589,0.0,0.01703735
1202,20.15241,0.1600875,0.01942733,0.5047164
1203,20.16896,0.001828151,0.0002218543,0.005763708
1204,20.1857,3.954982e-05,4.799547e-06,0.0001246908
1205,20.2024,3.954982e-05,4.799547e-06,0.0001246908
1206,20.21905,1.988424e-09,2.400449e-10,6.232986e-09
1207,20.23561,0.0,0.0,0.0
1208,20.25223,0.0,0.0,0.0
1209,20.26884,0.0,0.0,0.0
1210,20.28555,0.0,0.0,0.0
1211,20.30241,0.0,0.0,0.0
1212,20.31904,-0.006525765,-0.0007790371,-0.0204559
1213,20.33548,8.954008,-3.411897e-06,-2.86063
1214,20.35221,0.03696562,0.2011627,-0.07046685
1215,20.36902,4.859866,0.002297217,-1.555451
1216,20.38554,0.02128443,1.006097e-05,-0.006812304
1217,20.40228,0.02128443,1.006097e-05,-0.006812304
1218,20.41898,0.01108127,0.0,-0.003550172
1219,20.43563,1.800847,0.0,-0.5777646
1220,20.45235,0.01494144,0.0,-0.004793653
1221,20.46889,6.543801e-05,0.0,-2.099444e-05
1222,20.4856,2.865944e-07,0.0,-9.194793e-08
1223,20.50216,2.865944e-07,0.0,-9.194793e-08
1224,20.51894,-2.437739,0.2203299,1.022936
1225,20.53566,-0.02277157,0.1430283,-0.03327711
1226,20.55225,-0.0002600444,0.001633339,-0.0003800145
1227,20.56878,-1.138899e-06,7.153427e-06,-1.664324e-06
1228,20.58556,-1.322633e-08,8.166346e-08,-1.969415e-08
1229,20.60224,-1.322633e-08,8.166346e-08,-1.969415e-08
1230,20.61887,-0.03303833,0.387405,-0.1031236
1231,20.63558,-0.0002741156,0.003214259,-0.0008556059
1232,20.65226,-0.1558965,1.825157,-0.4866047
1233,20.66891,-0.5405176,6.308276,-1.687135
1234,20.68572,-1.313656,15.25964,-4.100358
1235,20.70219,-1.313656,15.25964,-4.100358
1236,20.71899,-0.9665433,11.10605,-3.016903
1237,20.73565,-0.2602171,2.980797,-0.8122241
1238,20.75229,-0.1639966,1.872808,-0.5118881
1239,20.76898,-0.6904116,7.860163,-2.155004
1240,20.78564,-0.1717499,1.952332,-0.5360884
1241,20.80236,-0.1717499,1.952332,-0.5360884
1242,20.81885,1.01295,4.798367,3.161755
1243,20.83569,-0.2083318,2.424839,-0.650273
1244,20.85275,-0.3149587,3.553413,-0.9830908
1245,20.86896,-0.001898586,0.02142014,-0.005926118
1246,20.88559,-8.315108e-06,9.381236e-05,-2.595422e-05
1247,20.90224,-8.315108e-06,9.381236e-05,-2.595422e-05
1248,20.91898,-5.724676e-10,6.457891e-09,-1.786862e-09
1249,20.93567,-0.04583715,0.5162932,-0.143073
1250,20.95227,-0.000380306,0.004283631,-0.001187062
1251,20.96893,-3.155359e-06,3.554084e-05,-9.848925e-06
1252,20.98562,0.3350812,8.628767,1.0459
1253,21.00278,2.260613,2.879833,7.056126
1254,21.01899,2.260613,2.879833,7.056126
1255,21.03558,4.081362,20.93176,12.73929
1256,21.05222,4.341957,22.46632,13.55269
1257,21.06884,4.201485,21.52933,13.11423
1258,21.08553,2.652864,34.2962,8.280472
1259,21.10236,2.652864,34.2962,8.280472
1260,21.11902,3.794676,45.38153,11.84445
1261,21.13554,2.564208,49.37405,8.003747
1262,21.15218,4.046394,60.99915,12.63014
1263,21.1688,4.968188,57.95975,15.50737
1264,21.18545,4.580081,64.3361,14.29596
1265,21.20225,4.580081,64.3361,14.29596
1266,21.21885,3.982774,54.38974,12.43156
1267,21.23577,5.617178,59.63086,17.53308
1268,21.25216,5.789406,63.6344,18.07066
1269,21.26951,1.662974,63.11777,5.190694
1270,21.28622,3.460844,53.95255,10.80245
1271,21.30284,4.466535,51.32098,13.94154
1272,21.31966,4.466535,51.32098,13.94154
1273,21.336,1.642621,46.55157,5.127168
1274,21.35291,3.53302,36.06136,11.02773
1275,21.36961,2.675753,25.89831,8.351915
1276,21.38596,4.853171,35.04808,14.76851
1277,21.40295,2.320839,36.7399,7.232302
1278,21.41954,2.320839,36.7399,7.232302
1279,21.43604,-0.002302109,30.81584,-0.007175569
1280,21.45285,1.610576,28.53547,5.020039
1281,21.46948,0.5708894,27.67276,1.779417
1282,21.48603,0.506712,26.41518,1.579381
1283,21.50281,0.6907753,25.4904,2.153092
1284,21.5196,0.6907753,25.4904,2.153092
1285,21.53607,6.512065,34.16043,3.403722
1286,21.55317,6.527918,28.07974,3.332364
1287,21.56943,2.446415,29.54221,1.110765
1288,21.58592,0.607723,28.54034,-4.494574
1289,21.6032,1.95459,25.93337,3.6112
1290,21.61935,1.95459,25.93337,3.6112
1291,21.63583,14.41445,22.17314,0.7093868
1292,21.65266,-0.1013303,7.653464,-0.5038103
1293,21.66948,2.104649,1.56606,6.485752
1294,21.68608,0.009217589,0.006858767,0.02840521
1295,21.70285,12.8107,0.0001483811,-4.161723
1296,21.71935,12.8107,0.0001483811,-4.161723
1297,21.7362,0.0003382108,2.693906e-09,-0.0001098715
1298,21.75282,0.2654288,-1.677175,0.8169054
1299,21.7695,0.506901,-3.206232,1.560098
1300,21.78616,1.790903,-11.33916,5.511894
1301,21.8026,0.02045157,-0.1294898,0.06294416
1302,21.81949,0.02045157,-0.1294898,0.06294416
1303,21.83601,5.399343e-07,-3.418613e-06,1.661766e-06
1304,21.8529,4.479778e-09,-2.836387e-08,1.37875e-08
1305,21.86929,-0.07607723,0.4812011,-0.2341443
1306,21.88596,-1.370107,8.648743,-4.216805
1307,21.90275,-0.8248419,9.126201,-2.538631
1308,21.91927,-0.8248419,9.126201,-2.538631
1309,21.93591,-1.302162,8.19404,-4.007688
1310,21.95253,-0.1254794,1.891265,-0.3861904
1311,21.9693,1.7778,0.6769662,-0.9440775
1312,21.98598,0.02030194,0.007730749,-0.01078108
1313,22.00278,4.910585,4.660132e-05,-1.600019
1314,22.01934,4.910585,4.660132e-05,-1.600019
1315,22.03632,0.1439534,0.0003403252,-0.04464474
1316,22.05263,0.001643904,3.886391e-06,-0.0005098294
1317,22.06976,1.095164,0.5452194,3.356488
1318,22.08604,0.2360943,0.1178561,0.723593
1319,22.10293,4.070844,2.043082,12.47652
1320,22.11938,4.070844,2.043082,12.47652
1321,22.13605,0.1595234,0.08027653,0.488915
1322,22.15274,0.0006986539,0.0003515817,0.002141268
1323,22.16941,5.796658e-06,2.917037e-06,1.776588e-05
1324,22.18609,9.111108e-08,4.584959e-08,2.792417e-07
1325,22.20277,0.0,0.0,0.0
1326,22.21925,0.0,0.0,0.0
1327,22.23593,0.0,0.0,0.0
1328,22.25284,0.0,0.0,0.0
1329,22.26929,0.0,0.0,0.0
1330,22.28623,0.0,0.0,0.0
1331,22.30254,0.0,0.0,0.0
1332,22.31929,0.0,0.0,0.0
1333,22.33595,0.0,0.0,0.0
1334,22.35269,0.0,0.0,0.0
1335,22.36922,0.0,0.0,0.0
1336,22.38572,0.0,0.0,0.0
1337,22.40258,0.0,0.0,0.0
1338,22.41933,0.0,0.0,0.0
1339,22.43606,0.2014727,-1.256855,0.6174834
1340,22.45251,0.001671598,-0.010428,0.005123195
1341,22.46912,7.320987e-06,-4.56708e-05,2.243771e-05
1342,22.48598,1.29628,-8.094729,3.972901
1343,22.5025,0.007814035,-0.04879541,0.02394883
1344,22.51926,0.007814035,-0.04879541,0.02394883
1345,22.53623,0.01458256,-0.09115326,0.04469333
1346,22.55249,0.5088109,-3.183684,1.559428
1347,22.56934,0.003067136,-0.0191914,0.009400307
1348,22.58603,0.02407943,-0.6838115,0.07379981
1349,22.60271,-0.4384166,-11.32655,-1.343681
1350,22.61925,-0.4384166,-11.32655,-1.343681
1351,22.63593,-2.557875,-22.60951,-7.839498
1352,22.65257,2.028447,-29.77716,6.216884
1353,22.66954,-1.430319,-33.81495,-4.383712
1354,22.68635,0.7350022,-33.86366,2.25267
1355,22.7029,9.211477,-30.00549,-11.84898
1356,22.71947,9.211477,-30.00549,-11.84898
1357,22.73601,14.68664,-51.363,-1.59998
1358,22.75261,9.119886,-46.22966,-3.971122
1359,22.76914,12.67702,-58.43098,-2.383846
1360,22.78597,2.140055,-66.14272,-12.85793
1361,22.80267,6.390452,-77.34305,-12.77299
1362,22.81937,6.390452,-77.34305,-12.77299
1363,22.83595,-6.091213,-89.14251,-18.26063
1364,22.85255,-5.262545,-89.47344,-15.6923
1365,22.86925,-3.825707,-94.70623,-11.40626
1366,22.88583,-0.5064519,-103.6676,-1.509973
1367,22.90298,-2.449446,-75.43002,-7.302958
1368,22.91906,-2.449446,-75.43002,-7.302958
1369,22.93598,-3.969267,-51.5745,-11.83427
1370,22.95245,-3.011463,-40.05169,-9.315032
1371,22.96919,-2.629373,-31.64941,-7.830828
1372,22.98589,0.2089299,-35.43571,0.6220612
1373,23.00239,0.2089299,-35.43571,0.6220612
1374,23.01901,-0.01011328,-22.0231,-0.0301114
1375,23.03607,-1.970012,-20.96211,-5.865538
1376,23.05273,-2.827421,-10.68598,-8.418398
1377,23.06921,-3.90904,-12.72572,-11.63882
1378,23.08574,-5.067807,-17.65305,-15.08895
1379,23.10248,-5.067807,-17.65305,-15.08895
1380,23.11926,-2.867959,-6.678482,-8.539095
1381,23.13589,0.2110758,-5.126325,0.6284596
1382,23.15262,-1.391196,-3.794181,-4.142164
1383,23.16924,-2.155544,-0.4187267,-6.417943
1384,23.18581,0.7195315,-0.5379844,-0.123906
1385,23.20262,0.005969878,-0.0044636,-0.001028036
1386,23.21925,0.005969878,-0.0044636,-0.001028036
1387,23.23591,0.6511753,0.1085936,1.691363
1388,23.25243,2.044848,7.823687,5.167144
1389,23.26912,2.893826,0.4922334,6.21587
1390,23.28564,3.958206,0.7567789,11.70711
1391,23.30261,0.6184565,0.1190884,1.831352
1392,23.31919,0.6184565,0.1190884,1.831352
1393,23.33592,3.226792,0.6798897,9.555388
1394,23.35283,0.5002085,1.389854,1.48125
1395,23.36908,0.1771218,0.04324454,0.5245047
1396,23.38586,0.2394221,0.04831069,0.7089925
1397,23.40259,0.8339848,0.1691238,2.46965
1398,23.41908,0.8339848,0.1691238,2.46965
1399,23.43584,4.171098e-05,8.458558e-06,0.0001235173
1400,23.4529,1.826788e-07,3.704538e-08,5.409603e-07
1401,23.46921,1.515667e-09,3.073616e-10,4.488292e-09
1402,23.48582,0.0,0.0,0.0
1403,23.50277,-0.8282425,9.019571,-2.452646
1404,23.51912,-0.8282425,9.019571,-2.452646
1405,23.53588,-1.143847,-0.2302551,-3.387236
1406,23.55257,-0.005009632,-0.001008433,-0.01483485
1407,23.56911,-7.874071e-05,-1.585041e-05,-0.0002331722
1408,23.58585,-6.53291e-07,-1.316452e-07,-1.934568e-06
1409,23.60237,-6.53291e-07,-1.316452e-07,-1.934568e-06
1410,23.61901,-0.9587026,0.0,0.3233085
1411,23.63604,-0.004198765,0.0,0.001415972
1412,23.65253,-0.001910575,6.642096,-0.005550322
1413,23.66957,0.3210703,0.0946953,0.9520664
1414,23.6858,-0.1031568,1.855128,-0.3058897
1415,23.70258,-4.519081,0.0561932,2.287664
1416,23.71907,-4.519081,0.0561932,2.287664
1417,23.73571,-14.71711,1.81713,4.578266
1418,23.75231,-12.33635,1.026207,3.775615
1419,23.76925,-8.57937,8.379288,0.2597581
1420,23.78587,-10.88175,10.25737,10.26198
1421,23.80229,-10.88175,10.25737,10.26198
1422,23.81979,-12.27969,0.465763,4.562447
1423,23.83578,-17.86414,9.046384,3.192663
1424,23.85246,-28.69458,3.585123,8.347883
1425,23.86904,-17.2329,1.383289,5.159514
1426,23.88565,-21.99239,0.6885188,9.234169
1427,23.90263,-16.99785,12.5786,1.330326
1428,23.91917,-16.99785,12.5786,1.330326
1429,23.93555,-25.43144,0.4985239,7.466138
1430,23.95265,-24.88136,0.004136201,7.376255
1431,23.96922,-22.9969,4.723415e-05,6.736537
1432,23.98579,-16.9676,0.9744667,4.623839
1433,24.00257,-7.017531,0.008085048,2.021875
1434,24.01889,-7.017531,0.008085048,2.021875
1435,24.03575,-0.006336539,0.03814412,-0.009972061
1436,24.05249,0.275263,0.0002299345,-0.07947724
1437,24.06917,0.002283829,1.907743e-06,-0.0006594143
1438,24.08576,1.771996,-0.01903224,-0.8008965
1439,24.10209,1.771996,-0.01903224,-0.8008965
1440,24.1191,1.779693,-0.00739839,-0.6287918
1441,24.1357,0.3929846,-3.240223e-05,-0.1145612
1442,24.15253,1.341142,-1.953222e-07,-0.3904738
1443,24.16914,3.514545,-2.23052e-09,-1.026389
1444,24.18587,2.154289,0.0,-0.6310623
1445,24.20229,2.154289,0.0,-0.6310623
1446,24.21891,0.7792795,0.0,-0.2293209
1447,24.23569,0.2034779,0.0,-0.05996899
1448,24.2523,0.2673591,0.0,-0.07891555
1449,24.2693,0.001611653,0.0,-0.0004757066
1450,24.28562,2.750857,0.4948082,6.712167
1451,24.30224,2.750857,0.4948082,6.712167
1452,24.31896,0.3879206,0.09437758,1.31216
1453,24.33566,0.00169895,0.0004133391,0.005746778
1454,24.35242,7.440284e-06,1.810273e-06,2.516892e-05
1455,24.36887,1.169454e-07,2.845363e-08,3.956017e-07
1456,24.38567,7.049522e-10,1.715198e-10,2.384706e-09
1457,24.40262,0.0,0.0,0.0
1458,24.4189,0.0,0.0,0.0
1459,24.43559,0.00439848,0.0,-0.001302219
1460,24.45231,6.913471e-05,0.0,-2.04681e-05
1461,24.46895,0.7221814,0.0,-0.2141329
1462,24.48555,0.003162889,0.0,-0.0009378233
1463,24.50206,0.003162889,0.0,-0.0009378233
1464,24.51915,2.996775e-07,0.0,-8.885691e-08
1465,24.53551,1.80647e-09,0.0,-5.356336e-10
1466,24.55238,0.0,0.0,0.0
1467,24.56935,0.0,0.0,0.0
1468,24.58564,0.0,0.0,0.0
1469,24.60217,0.0,0.0,0.0
1470,24.61881,0.0,0.0,0.0
1471,24.63663,0.2050404,0.005212537,0.0174807
1472,24.6522,0.150326,0.03648213,0.5006377
1473,24.66882,1.896792,0.838734,6.387423
1474,24.68546,-0.384678,4.673119,-1.295405
1475,24.70222,-0.384678,4.673119,-1.295405
1476,24.71923,0.5318787,2.763832,1.791104
1477,24.73571,-0.07471023,2.786668,-0.2515871
1478,24.7522,0.5732585,6.087605,1.93045
1479,24.76899,-0.1662157,1.988631,-0.5597321
1480,24.78567,-0.3182658,9.514237,-1.071761
1481,24.8022,-0.3182658,9.514237,-1.071761
1482,24.8189,-8.402418e-06,0.0002511819,-2.829518e-05
1483,24.8356,-3.67995e-08,1.100084e-06,-1.239225e-07
1484,24.85235,-5.64405e-10,6.543921e-09,-1.900637e-09
1485,24.86922,-0.2949952,3.415262,-0.9933977
1486,24.88567,-1.066921,12.334,-3.592862
1487,24.90229,-1.066921,12.334,-3.592862
1488,24.91899,0.7333541,1.180625,-2.515193
1489,24.93587,0.004420693,0.007116863,-0.0151617
1490,24.95177,2.664815e-05,4.290079e-05,-9.139545e-05
1491,24.96892,-0.08324932,0.9582517,-0.2799214
1492,24.98531,-0.2027664,2.330554,-0.6817893
1493,25.00214,-0.2027664,2.330554,-0.6817893
1494,25.01877,-0.02271958,0.2607529,-0.07639317
1495,25.03577,0.04252046,0.01200544,0.1429724
1496,25.0522,0.0003527878,9.960785e-05,0.001186227
1497,25.06914,2.927043e-06,8.264359e-07,9.841999e-06
1498,25.08542,1.192868,1.253456,-0.755637
1499,25.102,1.192868,1.253456,-0.755637
1500,25.1186,3.303456,1.848206,-1.577507
1501,25.13554,-1.108079,12.8796,-3.819584
1502,25.15224,0.426897,17.53588,1.430647
1503,25.16881,3.995467,8.052994,-3.775241
1504,25.1855,-0.7981873,13.53464,-2.814046
1505,25.20227,-0.7981873,13.53464,-2.814046
1506,25.21861,1.617169,7.806257,5.250569
1507,25.23553,-1.035936,17.52581,-3.463093
1508,25.2522,3.537268,19.73063,-5.924058
1509,25.26885,5.105685,15.30432,4.042803
1510,25.2855,3.865441,22.65421,3.523439
1511,25.30212,3.865441,22.65421,3.523439
1512,25.31899,-1.755848,18.59267,-5.850009
1513,25.3357,0.9493971,13.53523,3.154204
1514,25.35207,-1.482427,15.58779,-4.925215
1515,25.36892,-0.3361539,3.452653,-1.116837
1516,25.3856,1.239912,2.127891,4.11948
1517,25.40257,0.01415708,0.02429712,0.04703546
1518,25.41889,0.01415708,0.02429712,0.04703546
1519,25.43559,8.936594,6.567457,-4.703609
1520,25.45212,5.615206,2.037469,11.63636
1521,25.46853,3.645485,10.13906,-1.793227
1522,25.4851,8.362265,12.62689,1.973346
1523,25.5022,8.362265,12.62689,1.973346
1524,25.51853,1.778997,28.3308,5.074645
1525,25.53574,0.6658964,40.03792,2.181667
1526,25.55222,2.056132,37.89143,6.750724
1527,25.5686,0.5889443,41.12249,1.933637
1528,25.5855,3.284691,42.5239,10.78438
1529,25.60209,3.284691,42.5239,10.78438
1530,25.61866,1.90897,50.27391,6.26758
1531,25.63564,3.082325,51.31762,10.11997
1532,25.65202,2.557605,53.68585,8.397193
1533,25.66887,2.613074,53.67063,8.57931
1534,25.68533,1.830749,55.81033,6.010761
1535,25.70216,1.830749,55.81033,6.010761
1536,25.7187,2.942796,54.27199,9.661861
1537,25.73532,5.695886,60.34511,18.70088
1538,25.75208,4.205265,54.79414,13.80683
1539,25.76878,3.701144,54.31398,12.15169
1540,25.7855,0.7399456,67.47043,2.429408
1541,25.80182,0.7399456,67.47043,2.429408
1542,25.81883,6.219583,54.63578,2.655151
1543,25.83545,0.1963781,59.46381,-4.280248
1544,25.85198,-2.807627,78.51749,-9.22012
1545,25.86852,-3.616848,80.14349,-11.80556
1546,25.88549,-1.361403,70.43843,-4.443559
1547,25.90206,-1.361403,70.43843,-4.443559
1548,25.91852,0.6761175,59.79818,2.206816
1549,25.93545,-0.5525928,54.90058,-1.803638
1550,25.9519,0.286303,55.93732,0.9344798
1551,25.96873,-1.983214,47.36814,-6.473121
1552,25.98517,-1.839838,38.43096,-6.005148
1553,26.00214,-1.839838,38.43096,-6.005148
1554,26.01841,7.108558,25.76778,-0.9724088
1555,26.03519,-0.134815,26.3941,-5.634596
1556,26.05191,11.8861,14.15155,-8.06951
1557,26.06876,1.612525,12.20446,-1.579047
1558,26.08559,0.5430375,9.922207,-1.899053
1559,26.10239,0.5430375,9.922207,-1.899053
1560,26.11874,1.870424,0.5019816,1.284453
1561,26.1357,3.772366,2.582304,12.1313
1562,26.15218,0.9472632,0.3802882,1.661136
1563,26.16888,0.01488895,0.005977318,0.02610951
1564,26.18543,0.0306764,0.02106801,0.09858041
1565,26.2021,0.0306764,0.02106801,0.09858041
1566,26.21895,4.635087,0.001178469,-1.437013
1567,26.23573,0.3261116,0.2108071,0.9759491
1568,26.25175,2.542698,1.756324,8.166742
1569,26.26906,0.01113609,0.007692053,0.03576733
1570,26.28569,0.5155187,-0.328781,1.655851
1571,26.30217,0.5155187,-0.328781,1.655851
1572,26.31882,0.07993041,0.0553766,0.2567373
1573,26.33547,0.5136691,0.000632384,-0.1569366
1574,26.35215,0.005865945,7.221634e-06,-0.001792169
1575,26.36868,2.53198,0.3936832,1.205591
1576,26.38544,0.02892244,0.004504609,0.01376307
1577,26.40222,0.02892244,0.004504609,0.01376307
1578,26.41846,2.19822,1.539528,7.040298
1579,26.43541,0.01400257,0.2637921,0.04484637
1580,26.45206,0.0002200903,0.004146249,0.0007048892
1581,26.46864,1.326715e-06,2.499378e-05,4.249106e-06
1582,26.48562,5.810523e-09,1.094636e-07,1.860952e-08
1583,26.50198,5.810523e-09,1.094636e-07,1.860952e-08
1584,26.51855,1.975365,1.38627,6.326557
1585,26.53528,0.7697286,0.541278,2.465231
1586,26.55195,0.2923349,0.205989,0.936269
1587,26.56885,0.08001257,0.05649379,0.2562585
1588,26.58544,0.0009137194,0.0006451419,0.002926394
1589,26.60204,0.0009137194,0.0006451419,0.002926394
1590,26.61864,0.1187867,-0.6313799,0.3804414
1591,26.63552,-3.370189,-4.956017,-10.309
1592,26.65195,1.837727,-16.30739,5.897276
1593,26.66886,-0.04816876,-23.7057,-0.1544765
1594,26.68567,9.980454,-25.7814,8.086589
1595,26.70215,9.980454,-25.7814,8.086589
1596,26.71873,8.789464,-34.20538,-4.461719
1597,26.7354,14.68447,-33.03682,-9.642671
1598,26.75193,8.639317,-27.32911,-10.78408
1599,26.76846,3.700811,-40.32975,2.139627
1600,26.78532,4.006217,-34.02427,-11.3282
1601,26.80184,4.006217,-34.02427,-11.3282
1602,26.81874,7.427967,-68.14344,-3.336428
1603,26.83539,5.146029,-77.75857,-8.258149
1604,26.85216,9.605828,-97.81133,-5.668297
1605,26.86872,20.16368,-94.65411,3.379223
1606,26.88531,15.68675,-89.79178,-0.1431559
1607,26.90211,15.68675,-89.79178,-0.1431559
1608,26.9187,21.47434,-95.47028,3.193409
1609,26.93539,20.51455,-103.533,-8.821421
1610,26.95205,14.41309,-99.4532,-12.15411
1611,26.96861,7.726526,-88.45833,-3.402386
1612,26.98547,3.34827,-70.86185,-6.652477
1613,27.00225,3.34827,-70.86185,-6.652477
1614,27.01873,-0.921496,-41.63825,-2.721845
1615,27.03539,-3.376164,-37.51301,-9.970661
1616,27.05223,-4.335222,-28.19609,-12.803
1617,27.0685,-4.373021,-44.65341,-12.91463
1618,27.08561,-4.962757,-52.87632,-14.33153
1619,27.10168,-4.962757,-52.87632,-14.33153
1620,27.11859,-4.10135,-48.41061,-12.12871
1621,27.13529,-2.942863,-40.57966,-8.702793
1622,27.15199,1.886114,-40.52966,-10.54786
1623,27.16865,6.689282,-26.88406,-4.768377
1624,27.18523,3.675852,-22.18572,-5.699278
1625,27.20205,3.675852,-22.18572,-5.699278
1626,27.21933,4.118728,-20.80729,2.852027
1627,27.23544,8.40388,-13.77455,1.533482
1628,27.25206,1.520143,-15.61427,4.178329
1629,27.2687,1.099775,-2.086753,0.287173
1630,27.28515,0.2516378,-2.472029,0.7008265
1631,27.302,0.2516378,-2.472029,0.7008265
1632,27.31866,2.474599,-6.872663,1.33703
1633,27.33527,2.951546,-3.523501,0.1045542
1634,27.35202,2.345979,-7.988689,0.6489659
1635,27.36869,-1.258868,-6.604579,-6.009088
1636,27.38522,5.381271,-10.56252,-0.8464445
1637,27.40218,5.381271,-10.56252,-0.8464445
1638,27.41853,9.840604,-2.556066,-17.32375
1639,27.43545,14.73932,-0.3472473,-6.150832
1640,27.45205,6.144066,-0.3567896,-5.009986
1641,27.46852,3.805203,-1.506691,-8.184541
1642,27.48525,15.68449,-0.01250086,-5.598855
1643,27.50194,15.68449,-0.01250086,-5.598855
1644,27.51833,9.333611,0.5271415,3.895703
1645,27.53552,3.966693,1.198294,11.06953
1646,27.55251,5.822562,8.110579,16.39178
1647,27.56908,-6.253734,4.625963,12.04501
1648,27.58509,-11.34289,8.635606,9.674047
1649,27.60196,-11.34289,8.635606,9.674047
1650,27.6187,-10.02667,7.847662,10.83296
1651,27.63531,-10.54026,1.02446,6.663213
1652,27.65203,-19.78656,9.641865,11.40013
1653,27.66857,-29.77335,0.05812162,10.25915
1654,27.68532,-27.92623,0.181471,9.411552
1655,27.7019,-27.92623,0.181471,9.411552
1656,27.71865,-34.35866,1.653583,9.67737
1657,27.73547,-42.94181,15.64342,7.10395
1658,27.75198,-44.08473,9.091599,6.614372
1659,27.76839,-48.54739,3.635293,4.888353
1660,27.78536,-30.30003,2.020045,0.5457179
1661,27.80198,-30.30003,2.020045,0.5457179
1662,27.8195,-10.10686,0.07108902,3.023444
1663,27.83531,-1.266579,0.0008118151,0.3809603
1664,27.85184,-1.911477,-0.5491442,-6.307708
1665,27.86879,-1.04323,-0.003310267,0.2715828
1666,27.88538,-3.625148,-0.02400654,0.7839762
1667,27.90193,-3.625148,-0.02400654,0.7839762
1668,27.91903,-11.39298,-0.04447862,2.817988
1669,27.93532,-9.566248,-0.3070698,-1.112204
1670,27.95185,-9.291119,-0.5566082,-4.438244
1671,27.96873,-0.04069168,-0.00243774,-0.01943788
1672,27.98512,-0.04099361,-0.01161045,-0.1383786
1673,28.00166,-0.04099361,-0.01161045,-0.1383786
1674,28.01828,1.508781,-0.1096505,-1.87461
1675,28.03506,7.277597,-0.000909759,-2.166468
1676,28.0518,0.07566749,-3.98441e-06,-0.02245412
1677,28.06887,0.1835568,-1.745025e-08,-0.05442635
1678,28.08504,7.318677,0.0,-2.173324
1679,28.10199,7.318677,0.0,-2.173324
1680,28.11819,0.00164751,0.0,-0.0004899748
1681,28.13448,7.215487e-06,0.0,-2.14591e-06
1682,28.15109,0.5348552,0.0,-0.1593071
1683,28.16774,0.004437638,0.0,-0.001321755
1684,28.18445,1.53744,0.151552,1.507269
1685,28.20116,1.53744,0.151552,1.507269
1686,28.21793,0.0001058777,1.043261e-05,0.0001037146
1687,28.2346,1.209091e-06,1.191372e-07,1.184389e-06
1688,28.25146,7.288458e-09,7.181649e-10,7.139553e-09
1689,28.26792,0.0,0.0,0.0
1690,28.28457,0.0,0.0,0.0
1691,28.30166,0.0,0.0,0.0
1692,28.318,0.0,0.0,0.0
1693,28.33466,0.0,0.0,0.0
1694,28.35126,0.0,0.0,0.0
1695,28.36786,0.0,0.0,0.0
1696,28.38459,0.0,0.0,0.0
1697,28.40131,0.0,0.0,0.0
1698,28.41778,0.0,0.0,0.0
1699,28.43461,0.0,0.0,0.0
1700,28.45125,0.0,0.0,0.0
1701,28.46795,0.0,0.0,0.0
1702,28.48462,0.0,0.0,0.0
1703,28.50121,0.0,0.0,0.0
1704,28.51788,0.0,0.0,0.0
1705,28.53459,0.0,0.0,0.0
1706,28.55126,0.0,0.0,0.0
1707,28.56778,0.0,0.0,0.0
1708,28.58453,0.0,0.0,0.0
1709,28.60114,0.0,0.0,0.0
1710,28.61786,0.0,0.0,0.0
1711,28.63446,0.0,0.0,0.0
1712,28.65115,0.0,0.0,0.0
1713,28.66782,-0.112044,-0.03132879,-0.375047
1714,28.68499,-0.422392,-0.1175006,-1.413881
1715,28.70117,-0.422392,-0.1175006,-1.413881
1716,28.71777,-0.2889389,-0.07954892,-0.967171
1717,28.73442,-1.964649,-1.953703,-6.576308
1718,28.75129,-3.955129,-1.074792,-13.23908
1719,28.76785,-0.7246042,-0.1943423,-2.425482
1720,28.78469,-0.01138959,-0.003038432,-0.03812458
1721,28.80125,-0.01138959,-0.003038432,-0.03812458
1722,28.81794,-0.004761627,-0.001263209,-0.01593868
1723,28.83452,-3.637063,-0.959667,-12.17441
1724,28.85113,-2.67591,-0.7022284,-8.957125
1725,28.86787,-1.362181,-0.3535719,-4.559656
1726,28.88459,-2.776806,-0.708833,-9.294856
1727,28.9012,-2.776806,-0.708833,-9.294856
1728,28.91784,-0.04306632,-0.01087024,-0.1441567
1729,28.93452,-0.0003573167,-9.018925e-05,-0.001196053
1730,28.95123,2.251939,0.5716279,7.537959
1731,28.96777,0.06111218,0.0155126,0.204562
1732,28.9846,0.001322088,0.0003355962,0.004425449
1733,29.00124,0.001322088,0.0003355962,0.004425449
1734,29.01784,9.101049e-08,2.310193e-08,3.046412e-07
1735,29.03452,0.0,0.0,0.0
1736,29.05114,-1.077906,12.28418,-3.608096
1737,29.06812,-0.006497669,0.07404961,-0.02174977
1738,29.08451,-3.916825e-05,0.0004463745,-0.0001311087
1739,29.10117,-3.916825e-05,0.0004463745,-0.0001311087
1740,29.11787,-1.958964e-09,2.232501e-08,-6.557278e-09
1741,29.13443,0.0,0.0,0.0
1742,29.1511,0.0,0.0,0.0
1743,29.16771,0.0,0.0,0.0
1744,29.18446,0.0,0.0,0.0
1745,29.20125,0.0,0.0,0.0
1746,29.21786,0.9937112,0.0,-0.2973129
1747,29.23454,0.00435209,0.0,-0.001302121
1748,29.25116,4.969955e-05,0.0,-1.486983e-05
1749,29.26778,1.075189e-06,0.0,-3.216907e-07
1750,29.28454,1.391148,0.0,-0.4168472
1751,29.30109,1.391148,0.0,-0.4168472
1752,29.31765,0.2115581,0.0,-0.06348661
1753,29.33446,0.001275282,0.0,-0.0003827003
1754,29.35126,5.585267e-06,0.0,-1.676087e-06
1755,29.36784,4.634038e-08,0.0,-1.390632e-08
1756,29.38449,0.0,0.0,0.0
1757,29.40118,0.0,0.0,0.0
1758,29.41782,0.06039356,0.1849712,-0.07744445
1759,29.43449,1.412128,0.3599068,4.69634
1760,29.45149,12.46502,0.005656966,-3.671317
1761,29.46768,0.07513973,3.410046e-05,-0.02213087
1762,29.4845,1.414269,0.3604788,4.697573
1763,29.50114,1.414269,0.3604788,4.697573
1764,29.51773,0.2861975,0.07337184,0.950862
1765,29.53445,0.002374551,0.0006087585,0.007889203
1766,29.55107,1.97014e-05,5.050805e-06,6.545589e-05
1767,29.56779,2.24984e-07,5.767867e-08,7.474864e-07
1768,29.58436,-0.1813422,6.59006,-0.6024911
1769,29.60162,-0.1813422,6.59006,-0.6024911
1770,29.61779,0.04690354,7.367457,0.1558322
1771,29.63438,-0.4668039,5.264624,-1.550909
1772,29.65121,-0.6047147,6.756346,-2.009103
1773,29.66772,-0.5644504,6.29691,-1.875329
1774,29.68449,-0.002472085,0.02757815,-0.008213253
1775,29.70114,-0.002472085,0.02757815,-0.008213253
1776,29.71766,-2.342254e-07,2.612976e-06,-7.7819e-07
1777,29.73452,1.338568,2.167958e-08,-0.4034924
1778,29.75099,13.06188,0.0,-3.949042
1779,29.7679,1.991658,0.0,-0.6030384
1780,29.78451,0.6934074,3.400099,-1.316884
1781,29.80112,0.6934074,3.400099,-1.316884
1782,29.81769,0.002881261,0.0001700528,-0.0009303352
1783,29.83444,2.390552e-05,1.41091e-06,-7.718893e-06
1784,29.85112,-1.197829,13.21612,-3.944378
1785,29.86763,-0.009938258,0.1096527,-0.03272609
1786,29.88468,-5.990831e-05,0.0006609919,-0.0001972744
1787,29.90111,-5.990831e-05,0.0006609919,-0.0001972744
1788,29.91759,-0.01271547,0.1400936,-0.04187125
1789,29.93453,-5.568907e-05,0.0006135585,-0.0001833807
1790,29.95104,-1.961361,-0.5015036,-6.458642
1791,29.96777,-0.01627321,-0.004160923,-0.05358667
1792,29.98464,-0.1048382,-0.0266587,-0.3452257
1793,30.00108,-0.1048382,-0.0266587,-0.3452257
1794,30.01762,2.468495,-7.038065e-07,-0.7507516
1795,30.0344,-2.744477,-0.6943445,-9.097562
1796,30.05109,-1.395676,-0.3485657,-4.589696
1797,30.06763,-0.215857,-0.05359936,-0.7097566
1798,30.08466,-0.1543512,-0.03810947,-0.5075184
1799,30.10108,-0.1543512,-0.03810947,-0.5075184
1800,30.11766,-0.01089883,-0.002675592,-0.03583618
1801,30.13425,-0.0001244614,-3.055445e-05,-0.0004092383
1802,30.15092,-5.45095e-07,-1.338172e-07,-1.792313e-06
1803,30.16763,3.555965,-8.066567e-10,-1.083071
1804,30.18439,0.02143552,0.0,-0.006528801
1805,30.20096,0.02143552,0.0,-0.006528801
1806,30.21761,-3.730061,-0.9117426,-12.24663
1807,30.23438,-0.05862859,-0.01433065,-0.1924909
1808,30.25094,-0.7542973,-0.1817451,-2.476528
1809,30.26775,-0.3809972,-0.09126405,-1.2509
1810,30.28445,-0.004350873,-0.001042208,-0.0142849
1811,30.30103,-0.004350873,-0.001042208,-0.0142849
1812,30.31766,-0.0303118,-0.01357931,-0.09952048
1813,30.33429,0.6729012,-9.144051,2.209286
1814,30.35107,-3.149673,-8.449678,-10.34109
1815,30.36812,0.8236566,-9.430838,2.70425
1816,30.38439,1.306256,-15.31635,4.288734
1817,30.401,1.306256,-15.31635,4.288734
1818,30.41768,-2.670058,-9.165199,-8.766402
1819,30.43437,1.05981,-15.55917,3.479594
1820,30.45101,-1.505782,-15.79358,-4.943821
1821,30.46755,-1.041692,-11.45677,-3.42011
1822,30.48431,0.259262,-6.383136,0.8512155
1823,30.501,0.259262,-6.383136,0.8512155
1824,30.51753,-2.518739,-24.42032,-8.272984
1825,30.53453,-2.787297,-22.21742,-9.164803
1826,30.55096,-0.8037274,-10.69646,-2.642716
1827,30.56755,-1.524996,-9.778308,-5.014302
1828,30.58249,0.1527157,-15.70036,0.5021406
1829,30.58457,0.1527157,-15.70036,0.5021406
1830,30.60107,-1.192149,-6.225094,-3.919875
1831,30.61766,0.3028101,-3.8725,0.9956625
1832,30.6343,-0.2839285,-0.08553395,-0.9335781
1833,30.65099,-0.001711534,-0.0005156026,-0.005627653
1834,30.66762,-1.278002,0.1007774,2.315088
1835,30.68445,-1.278002,0.1007774,2.315088
1836,30.70098,2.161355,0.4126553,7.117659
1837,30.71764,-4.670588,0.5892401,8.573263
1838,30.73429,-0.02815453,0.003551967,0.05168004
1839,30.7512,0.1546578,0.03010514,0.5116839
1840,30.76762,-1.737257,12.16396,-2.518753
1841,30.78429,-1.737257,12.16396,-2.518753
1842,30.80108,1.301606,7.274996,4.299917
1843,30.81763,-0.1498506,3.921038,-0.4949057
1844,30.83436,3.132376,8.426724,10.34532
1845,30.85099,-1.175883,14.83903,-3.883595
1846,30.86767,-0.3219606,3.856343,-1.063341
1847,30.88429,-0.3219606,3.856343,-1.063341
1848,30.901,-0.08103281,0.9698312,-0.2676275
1849,30.91749,-0.01707397,0.203113,-0.05639028
1850,30.93443,-0.02159476,0.2564769,-0.07132113
1851,30.95092,0.6619301,0.2106907,-1.310691
1852,30.96757,-0.1111921,1.350006,-0.3819901
1853,30.98439,-0.1111921,1.350006,-0.3819901
1854,31.00098,1.326134,0.728395,-0.6252454
1855,31.01756,-0.2895425,3.496634,-0.9835317
1856,31.03426,-1.252468,16.35745,-4.124551
1857,31.05097,0.4520638,19.22686,1.488616
1858,31.06754,0.8624142,17.91943,2.839877
1859,31.08431,0.8624142,17.91943,2.839877
1860,31.10095,2.568408,21.88194,8.457609
1861,31.11749,-0.8117068,23.68287,-2.672901
1862,31.13421,0.01560564,25.23998,0.05138841
1863,31.15089,0.08180597,30.42296,0.2693821
1864,31.16759,1.338386,17.98512,4.407224
1865,31.1842,1.338386,17.98512,4.407224
1866,31.20099,-0.5928916,6.326133,-1.952356
1867,31.21758,-0.01246094,0.132722,-0.04103311
1868,31.23422,-1.838354,-0.2821048,-6.053586
1869,31.25094,-3.886915,-0.8831367,-12.79937
1870,31.2674,-0.2386177,-0.05393826,-0.7857535
1871,31.2842,-0.2386177,-0.05393826,-0.7857535
1872,31.30147,0.008024059,-0.09822246,0.02642274
1873,31.31799,3.514244e-05,-0.0004301783,0.0001157219
1874,31.33491,-0.3445961,-0.5633617,-1.134734
1875,31.35148,0.7490396,-8.070581,2.466542
1876,31.36801,1.457124,-15.69364,4.79822
1877,31.38459,1.457124,-15.69364,4.79822
1878,31.40164,0.5185995,-5.640838,1.707716
1879,31.41802,-1.0952,-9.960151,-3.606428
1880,31.43482,-2.271779,-9.870102,-7.480829
1881,31.45145,1.369592,-21.7819,4.509983
1882,31.46825,1.374991,-15.95326,4.527761
1883,31.48471,1.374991,-15.95326,4.527761
1884,31.50134,-0.4426701,-1.136014,-1.457686
1885,31.51818,1.113111,-12.54132,3.665408
1886,31.53461,0.09983017,-3.572751,0.3287346
1887,31.55149,-1.363728,-7.246764,-4.490674
1888,31.56804,-0.06118495,-16.17238,-0.2014783
1889,31.5845,-0.06118495,-16.17238,-0.2014783
1890,31.60133,-0.2090716,-15.9776,-0.6884599
1891,31.61808,-1.792931,-4.595701,-5.904012
1892,31.63459,0.01273164,-0.399637,0.0419245
1893,31.6517,5.575988e-05,-0.001750263,0.0001836139
1894,31.66844,6.367609e-07,-1.998748e-05,2.096815e-06
1895,31.68467,6.367609e-07,-1.998748e-05,2.096815e-06
1896,31.7014,0.0,0.0,0.0
1897,31.71809,-0.1189973,1.367723,-0.3918509
1898,31.73467,0.5375842,0.1109926,1.770232
1899,31.7518,1.810984,0.5054511,-0.6867139
1900,31.76798,0.2465574,0.5663169,0.7816042
1901,31.78483,0.2465574,0.5663169,0.7816042
1902,31.80154,0.2045635,1.036766,0.6726193
1903,31.81824,0.1117244,0.5510345,0.3673583
1904,31.83467,0.3280155,0.7800048,1.07854
1905,31.85142,0.4740233,6.707719,1.558624
1906,31.868,0.005413202,0.07660012,0.01779902
1907,31.88465,0.005413202,0.07660012,0.01779902
1908,31.90136,2.116242,0.4759855,6.958364
1909,31.91795,-0.009773899,0.3640021,-0.03213732
1910,31.93485,-0.2203175,2.489257,-0.7244207
1911,31.95129,-0.001827952,0.02065311,-0.006010443
1912,31.96813,-1.516632e-05,0.0001713567,-4.986801e-05
1913,31.98483,-1.516632e-05,0.0001713567,-4.986801e-05
1914,32.00121,-1.044483e-09,1.179584e-08,-3.43434e-09
1915,32.01817,0.0,0.0,0.0
1916,32.03481,6.638607,0.0,-2.021977
1917,32.05127,0.05507983,0.0,-0.01677614
1918,32.06802,-0.05590193,-0.01152139,-0.1851775
1919,32.08503,-0.05590193,-0.01152139,-0.1851775
1920,32.10159,-1.040688,-0.2098263,-3.416813
1921,32.1181,-0.006273317,-0.001264843,-0.02059671
1922,32.13485,-7.163937e-05,-1.444412e-05,-0.0002352082
1923,32.15118,-4.318455e-07,-8.706985e-08,-1.417846e-06
1924,32.16811,-2.603185e-09,-5.248612e-10,-8.546843e-09
1925,32.18461,-2.603185e-09,-5.248612e-10,-8.546843e-09
1926,32.20145,0.0,0.0,0.0
1927,32.21816,-1.970124,-0.3944569,-6.468359
1928,32.23475,-0.008628418,-0.001727576,-0.02832904
1929,32.25136,-2.710179,-0.5388271,-8.898127
1930,32.26844,-0.03094942,-0.006153242,-0.1016139
1931,32.28477,-0.03094942,-0.006153242,-0.1016139
1932,32.30141,-1.547907e-06,-3.077487e-07,-5.082126e-06
1933,32.31802,-0.04333855,-0.008555586,-0.1422902
1934,32.33473,-0.0002612468,-5.157348e-05,-0.0008577321
1935,32.35144,-1.574808e-06,-3.108874e-07,-5.17045e-06
1936,32.36807,0.1474541,-1.361573e-09,-0.04497764
1937,32.38461,0.1474541,-1.361573e-09,-0.04497764
1938,32.40134,-1.891916,-0.3703355,-6.202462
1939,32.41811,-1.866775,-2.119017,-6.120012
1940,32.43453,-2.176334,-0.4304941,-7.134868
1941,32.45132,-2.230234,-0.4272715,-7.311572
1942,32.46794,-0.01474328,-0.1963882,-0.0483342
1943,32.48475,-0.01474328,-0.1963882,-0.0483342
1944,32.50138,-0.7548816,-4.07885,-2.474795
1945,32.51796,0.2067781,-3.650856,0.6778989
1946,32.53477,-0.330162,-0.785231,-1.082399
1947,32.55114,-0.2776878,-1.349144,-0.9103685
1948,32.56818,-0.002303947,-0.01119371,-0.007553232
1949,32.58479,-0.002303947,-0.01119371,-0.007553232
1950,32.60125,-8.371934e-08,-4.067498e-07,-2.744645e-07
1951,32.61811,1.286291,-4.64496e-09,-0.3929329
1952,32.63464,0.005633481,0.0,-0.001720902
1953,32.65139,0.5134063,0.0,-0.1570649
1954,32.66803,-0.7572929,-0.1376651,-2.483438
1955,32.68473,-0.7572929,-0.1376651,-2.483438
1956,32.70122,0.001096014,-6.885191e-06,-0.0004716043
1957,32.71816,6.606823e-06,-4.150426e-08,-2.842853e-06
1958,32.73489,3.751555,0.6842819,12.2449
1959,32.75143,0.01643043,0.002996903,0.05362818
1960,32.76804,7.195926e-05,1.312534e-05,0.0002348717
1961,32.78472,7.195926e-05,1.312534e-05,0.0002348717
1962,32.80137,1.89977e-09,3.465172e-10,6.200763e-09
1963,32.81812,0.0,0.0,0.0
1964,32.83421,0.0,0.0,0.0
1965,32.85126,0.0,0.0,0.0
1966,32.86819,-0.1205795,1.368644,-0.393566
1967,32.88447,-0.1205795,1.368644,-0.393566
1968,32.90122,-4.38154e-06,4.973289e-05,-1.430115e-05
1969,32.91798,-5.003586e-08,5.679346e-07,-1.633148e-07
1970,32.93465,-3.016185e-10,3.423537e-09,-9.844691e-10
1971,32.9514,0.0,0.0,0.0
1972,32.96826,0.0,0.0,0.0
1973,32.98459,0.0,0.0,0.0
1974,33.0013,-0.00652108,0.0739085,-0.02128451
1975,33.01797,-3.930938e-05,0.0004455239,-0.000128304
1976,33.03455,-2.369588e-07,2.685639e-06,-7.734226e-07
1977,33.05123,-1.428399e-09,1.618916e-08,-4.662228e-09
1978,33.06814,0.2563543,0.0,-0.07865635
1979,33.0846,0.2563543,0.0,-0.07865635
1980,33.10128,9.315238e-06,0.0,-2.858164e-06
1981,33.1181,1.063772e-07,0.0,-3.263936e-08
1982,33.13427,-0.1097292,-0.01998773,-0.357626
1983,33.15121,-0.0004805736,-8.753892e-05,-0.00156627
1984,33.16805,-5.488005e-06,-9.99668e-07,-1.788633e-05
1985,33.1844,-5.488005e-06,-9.99668e-07,-1.788633e-05
1986,33.20135,0.0,0.0,0.0
1987,33.21784,0.0,0.0,0.0
1988,33.23465,0.0,0.0,0.0
1989,33.25128,0.0,0.0,0.0
1990,33.26808,0.0,0.0,0.0
1991,33.28441,0.0,0.0,0.0
1992,33.30129,-0.01319709,0.0002335914,0.008580951
1993,33.31808,-0.0001507068,2.667543e-06,9.799186e-05
1994,33.33469,-1.250398e-06,2.213233e-08,8.130282e-07
1995,33.35115,0.2968393,0.05497158,0.9688699
1996,33.36782,0.001789361,0.0003313712,0.005840393
1997,33.38454,0.001789361,0.0003313712,0.005840393
1998,33.40108,8.949326e-08,1.657323e-08,2.921019e-07
1999,33.41781,0.0,0.0,0.0
2000,33.43442,-1.844103,0.0,0.5641609
2001,33.45113,-0.008076492,0.0,0.002470818
2002,33.46783,0.1120846,0.02095049,0.3665508
2003,33.48463,0.1120846,0.02095049,0.3665508
2004,33.50131,-0.6839706,1.04782e-06,0.2089577
2005,33.518,0.04357189,0.008777543,0.1533609
2006,33.53452,0.0002626534,5.291145e-05,0.0009244668
2007,33.55125,-0.03364333,0.3812191,-0.1101333
2008,33.56794,-0.0003841957,0.004353406,-0.001257689
2009,33.58423,-0.0003841957,0.004353406,-0.001257689
2010,33.60119,-0.0003703526,0.004190214,-0.001212373
2011,33.61805,-4.235018e-06,4.784506e-05,-1.38636e-05
2012,33.63472,-4.836262e-08,5.463761e-07,-1.583181e-07
2013,33.65089,-2.118105e-10,2.392927e-09,-6.933752e-10
2014,33.66784,0.0,0.0,0.0
2015,33.68452,0.0,0.0,0.0
2016,33.70116,-0.002527997,0.02851807,-0.008275558
2017,33.71767,-0.8065181,9.071597,-2.640188
2018,33.73454,-0.1656072,1.86,-0.5421256
2019,33.75099,-1.089746,12.20365,-3.567354
2020,33.76791,-0.5977402,6.684106,-1.956741
2021,33.7845,-0.5977402,6.684106,-1.956741
2022,33.8013,-0.009150409,0.1021736,-0.02995445
2023,33.81806,-0.0002724658,0.003042357,-0.0008919341
2024,33.83447,-0.06320386,0.7047088,-0.2069018
2025,33.85106,-0.0003809958,0.004248018,-0.001247214
2026,33.86787,-1.668622e-06,1.860476e-05,-5.46234e-06
2027,33.8844,-1.668622e-06,1.860476e-05,-5.46234e-06
2028,33.90123,0.0,0.0,0.0
2029,33.91799,-0.07762805,0.2520278,-0.2541204
2030,33.9347,-0.1553351,1.720747,-0.5084994
2031,33.95092,-0.4257506,4.719532,-1.393722
2032,33.96786,-0.001864632,0.02066982,-0.00610399
2033,33.98455,-0.001864632,0.02066982,-0.00610399
2034,34.0011,-0.0001568095,0.001735761,-0.000513326
2035,34.01786,-9.452553e-07,1.046325e-05,-3.094353e-06
2036,34.03426,-5.698043e-09,6.307296e-08,-1.865291e-08
2037,34.05102,0.0,0.0,0.0
2038,34.06803,0.0,0.0,0.0
2039,34.08424,0.0,0.0,0.0
2040,34.10119,0.0,0.0,0.0
2041,34.11754,0.0,0.0,0.0
2042,34.13446,0.0,0.0,0.0
2043,34.15085,0.0,0.0,0.0
2044,34.16799,0.0,0.0,0.0
2045,34.18436,0.0,0.0,0.0
2046,34.20105,0.0,0.0,0.0
2047,34.21763,-0.8072271,8.922482,-2.642509
2048,34.23428,-0.003535358,0.0390772,-0.01157322
2049,34.25115,-4.037272e-05,0.0004462497,-0.0001321627
2050,34.26775,-0.0129353,0.1427709,-0.04234452
2051,34.28458,-0.0129353,0.1427709,-0.04234452
2052,34.301,-8.904461e-07,9.82813e-06,-2.914932e-06
2053,34.31796,-3.899827e-09,4.30436e-08,-1.276633e-08
2054,34.33454,-1.042483,-0.1935768,-3.412634
2055,34.35115,-0.01190484,-0.002210588,-0.03897125
2056,34.36772,-7.176293e-05,-1.332553e-05,-0.0002349205
2057,34.38438,-7.176293e-05,-1.332553e-05,-0.0002349205
2058,34.40115,-3.589157e-09,-6.66464e-10,-1.174933e-08
2059,34.41763,0.0,0.0,0.0
2060,34.43452,0.0,0.0,0.0
2061,34.45116,0.0,0.0,0.0
2062,34.46796,-0.5285302,-0.09740249,-1.730178
2063,34.48423,-0.5285302,-0.09740249,-1.730178
2064,34.50105,-0.5835185,-0.10672,-1.910185
2065,34.51778,-0.003517477,-0.0006433133,-0.01151469
2066,34.53437,-1.540526e-05,-2.817476e-06,-5.04301e-05
2067,34.551,-6.746937e-08,-1.233951e-08,-2.208653e-07
2068,34.5676,0.0,0.0,0.0
2069,34.58462,0.0,0.0,0.0
2070,34.60103,0.7080483,-0.005704266,-0.3291142
2071,34.61771,0.008085698,-6.514098e-05,-0.003758384
2072,34.63438,3.541239e-05,-2.852936e-07,-1.646034e-05
2073,34.65108,1.550932e-07,-1.249481e-09,-7.209025e-08
2074,34.66793,0.0,0.0,0.0
2075,34.68434,0.0,0.0,0.0
2076,34.70127,0.0,0.0,0.0
2077,34.71773,0.0,0.0,0.0
2078,34.73441,0.0,0.0,0.0
2079,34.75086,0.6496696,0.0,-0.1990437
2080,34.76756,0.002845314,0.0,-0.0008717384
2081,34.7843,0.002845314,0.0,-0.0008717384
2082,34.80069,7.511809e-08,0.0,-2.301445e-08
2083,34.8176,0.0,0.0,0.0
2084,34.83427,9.046359,0.0,-2.775665
2085,34.85123,9.146021,0.0,-2.810359
2086,34.86771,3.515185,0.0,-1.081717
2087,34.88432,3.515185,0.0,-1.081717
2088,34.90093,2.382786,-11.72674,3.065083
2089,34.91772,0.933969,-0.07068936,-0.2657566
2090,34.93435,1.654229,-3.423455,0.596144
2091,34.951,0.6275981,-4.7171,1.330373
2092,34.96797,7.156917,-4.722888,-0.6999802
2093,34.9846,7.156917,-4.722888,-0.6999802
2094,35.00133,-2.513826,-5.471624,-8.087779
2095,35.01788,-1.822286,-9.13979,-5.861704
2096,35.03441,-0.7634261,-18.51696,-2.45569
2097,35.05096,-1.176279,-20.71814,-3.7837
2098,35.06759,-2.531699,-26.89612,-8.14364
2099,35.08414,-2.531699,-26.89612,-8.14364
2100,35.1011,-2.444312,-26.42472,-7.862544
2101,35.11752,0.03044839,-20.51842,0.09794243
2102,35.1346,-2.148628,-9.634637,-6.911426
2103,35.1509,-1.820736,-3.659637,-5.856708
2104,35.16767,-0.5663437,-0.1083225,-1.821741
2105,35.1844,-0.5663437,-0.1083225,-1.821741
2106,35.20099,0.6443322,-12.36869,2.072604
2107,35.21748,-1.342595,-5.037745,-4.318686
2108,35.23408,-10.10382,-1.763384,-8.804536
2109,35.25095,-2.421421,-5.521486,-7.529464
2110,35.26757,-2.701552,-9.597943,-8.700378
2111,35.28442,-2.701552,-9.597943,-8.700378
2112,35.30124,-0.03080003,-0.02516633,-0.09921731
2113,35.31783,-0.1076748,-0.01241838,-0.3468574
2114,35.33401,-0.0008933668,-0.000103034,-0.00287784
2115,35.35072,-7.41217e-06,-8.548624e-07,-2.387714e-05
2116,35.36764,0.5346055,0.06174623,1.722147
2117,35.38397,0.5346055,0.06174623,1.722147
2118,35.40093,1.025437e-05,1.184366e-06,3.303282e-05
2119,35.41766,0.04294387,0.005019054,0.1383369
2120,35.43398,0.0002588677,3.02551e-05,0.0008339012
2121,35.45084,1.133745e-06,1.325062e-07,3.652181e-06
2122,35.46764,1.294684e-08,1.530976e-09,4.170621e-08
2123,35.48386,1.294684e-08,1.530976e-09,4.170621e-08
2124,35.50101,-0.05378622,0.0,0.01667259
2125,35.51755,-0.0004462586,0.0,0.0001383308
2126,35.53429,-1.954449e-06,0.0,6.058379e-07
2127,35.55072,-1.621586e-08,0.0,5.026573e-09
2128,35.56794,0.0,0.0,0.0
2129,35.58417,0.0,0.0,0.0
2130,35.60078,0.0,0.0,0.0
2131,35.61777,0.0,0.0,0.0
2132,35.63428,0.0,0.0,0.0
2133,35.65079,0.0,0.0,0.0
2134,35.66743,-0.7542387,-0.0882684,-2.433194
2135,35.68419,-0.7542387,-0.0882684,-2.433194
2136,35.70093,-1.991238e-05,-2.330342e-06,-6.423786e-05
2137,35.71761,-1.200328e-07,-1.404741e-08,-3.872289e-07
2138,35.73415,-1.886659e-09,-2.207953e-10,-6.08641e-09
2139,35.7507,0.0,0.0,0.0
2140,35.76691,0.0,0.0,0.0
2141,35.7841,0.0,0.0,0.0
2142,35.8008,-0.146536,1.776208,-0.4727291
2143,35.8175,-0.001673397,0.02028375,-0.005398423
2144,35.83402,-1.3884e-05,0.0001682922,-4.479015e-05
2145,35.85072,-0.01505207,0.1821631,-0.04855836
2146,35.86774,-0.5405564,6.531629,-1.743849
2147,35.88409,-0.5405564,6.531629,-1.743849
2148,35.90081,0.0008809526,0.000558345,0.002841976
2149,35.91705,3.858248e-06,2.445346e-06,1.244681e-05
2150,35.93405,-0.149648,1.805379,-0.4827684
2151,35.95082,-0.0009020853,0.01088291,-0.002910151
2152,35.96757,-0.151713,1.82742,-0.4894303
2153,35.98402,-0.151713,1.82742,-0.4894303
2154,36.00059,-0.157665,1.890208,-0.5086313
2155,36.01761,-0.5689726,6.800013,-1.835521
2156,36.0339,-0.2123104,2.529515,-0.6849191
2157,36.05068,-0.166902,1.982342,-0.5384302
2158,36.06767,-0.2828365,3.348938,-0.9124379
2159,36.08406,-0.2828365,3.348938,-0.9124379
2160,36.10112,-0.2138169,2.523899,-0.689779
2161,36.11764,-0.001288898,0.01521418,-0.00415802
2162,36.13397,-0.008475224,0.09988759,-0.0273413
2163,36.15085,-0.06322496,0.7440125,-0.2039654
2164,36.16744,-0.00072201,0.008496397,-0.002329223
2165,36.1842,-0.00072201,0.008496397,-0.002329223
2166,36.20102,-1.116109,13.09373,-3.600596
2167,36.21764,-0.01274562,0.1495264,-0.04111772
2168,36.23412,-0.01157426,0.1355763,-0.03733886
2169,36.25072,-0.816056,9.52974,-2.632618
2170,36.26757,1.700685,0.04173676,-0.5405824
2171,36.284,1.700685,0.04173676,-0.5405824
2172,36.30081,-3.747566,-0.436801,-12.07241
2173,36.31749,-0.01641296,-0.001913028,-0.05287272
2174,36.33398,-0.5577939,6.483143,-1.796845
2175,36.35056,-0.002442932,0.02839379,-0.007869521
2176,36.36743,-0.5857551,6.800072,-1.886917
2177,36.38425,-0.5857551,6.800072,-1.886917
2178,36.40076,-0.008877625,-0.0002091159,-0.02859787
2179,36.41759,-7.365672e-05,-1.735013e-06,-0.0002372735
2180,36.43407,-6.111221e-07,-1.439522e-08,-1.968633e-06
2181,36.45068,0.7124603,-4.221459e-10,-0.2214901
2182,36.46762,0.005911209,0.0,-0.00183768
2183,36.48373,0.005911209,0.0,-0.00183768
2184,36.50125,0.9349595,0.0,-0.2910824
2185,36.51784,0.00563598,0.0,-0.001754658
2186,36.53404,-2.807468,-0.3156991,-9.017702
2187,36.55077,-0.4061962,-0.04511885,-1.304707
2188,36.56755,-2.25228,-0.2439938,-7.234346
2189,36.58407,-2.25228,-0.2439938,-7.234346
2190,36.60092,-9.962117e-05,-1.079215e-05,-0.0003199842
2191,36.61749,0.9505254,-6.50556e-08,-0.2963594
2192,36.63395,13.18406,-2.849196e-10,-4.122459
2193,36.6506,2.047454,-0.05820566,-2.559461
2194,36.66751,0.3826395,-0.0003508665,-0.1315565
2195,36.6839,0.3826395,-0.0003508665,-0.1315565
2196,36.70072,0.007930905,-9.263097e-09,-0.002490926
2197,36.71748,3.473483e-05,0.0,-1.090812e-05
2198,36.73392,3.966612e-07,0.0,-1.245675e-07
2199,36.75066,3.291057e-09,0.0,-1.033523e-09
2200,36.76806,0.0,0.0,0.0
2201,36.78413,0.0,0.0,0.0
2202,36.80077,0.0,0.0,0.0
2203,36.81728,0.0,0.0,0.0
2204,36.83377,0.0,0.0,0.0
2205,36.85061,0.0,0.0,0.0
2206,36.86747,0.0,0.0,0.0
2207,36.88435,0.0,0.0,0.0
2208,36.90089,0.0,0.0,0.0
2209,36.91751,1.082796,0.1163795,3.447958
2210,36.93391,0.004742251,0.0005096994,0.01510079
2211,36.9507,3.934596e-05,4.228923e-06,0.0001252897
2212,36.96748,0.9589818,1.852113e-08,-0.3015912
2213,36.98428,0.9589818,1.852113e-08,-0.3015912
2214,37.00063,0.0003820511,3.877567e-05,0.001126319
2215,37.01749,0.6960992,4.428063e-07,-0.2192178
2216,37.03391,0.003048659,1.939329e-09,-0.0009600934
2217,37.05077,4.791812e-05,0.0,-1.509151e-05
2218,37.06747,2.888527e-07,0.0,-9.097233e-08
2219,37.08416,2.888527e-07,0.0,-9.097233e-08
2220,37.10069,0.5140154,-0.00050505,-0.1785634
2221,37.1178,0.003098509,-3.044465e-06,-0.001076388
2222,37.13413,2.570801e-05,-2.525961e-08,-8.930681e-06
2223,37.15054,1.125916e-07,-1.106278e-10,-3.91131e-08
2224,37.16743,0.0,0.0,0.0
2225,37.18408,0.0,0.0,0.0
2226,37.20074,0.0,0.0,0.0
2227,37.21761,0.0,0.0,0.0
2228,37.23428,0.0,0.0,0.0
2229,37.25053,0.0,0.0,0.0
2230,37.26745,3.387727,0.0,-1.070006
2231,37.28387,3.387727,0.0,-1.070006
2232,37.30065,8.943812e-05,0.0,-2.824884e-05
2233,37.31746,7.420588e-07,0.0,-2.343777e-07
2234,37.33413,4.473165e-09,0.0,-1.41284e-09
2235,37.35078,1.290717,-0.04502045,-1.893372
2236,37.36742,0.0077805,-0.0002713854,-0.01141333
2237,37.38393,0.0077805,-0.0002713854,-0.01141333
2238,37.4009,0.2906887,-1.357309e-08,-0.09207683
2239,37.41743,0.002411814,-1.126145e-10,-0.0007639519
2240,37.43392,1.453853e-05,0.0,-4.605117e-06
2241,37.45066,6.367343e-08,0.0,-2.016872e-08
2242,37.46738,0.0,0.0,0.0
2243,37.48413,0.0,0.0,0.0
2244,37.50039,0.0,0.0,0.0
2245,37.51726,6.491911,0.0,-2.059267
2246,37.53409,0.03913355,0.0,-0.01241336
2247,37.55062,0.0001713906,0.0,-5.436596e-05
2248,37.56721,0.3860956,0.0,-0.1226462
2249,37.58372,0.3860956,0.0,-0.1226462
2250,37.60066,0.0005267889,5.524484e-05,0.001632677
2251,37.61756,3.175509e-06,3.330185e-07,9.841857e-06
2252,37.634,1.371196e-08,1.458499e-09,4.316585e-08
2253,37.65089,0.0,0.0,0.0
2254,37.66784,0.0,0.0,0.0
2255,37.68398,0.0,0.0,0.0
2256,37.70086,0.0,0.0,0.0
2257,37.71762,0.0,0.0,0.0
2258,37.73433,0.0,0.0,0.0
2259,37.75047,0.0,0.0,0.0
2260,37.76746,0.0,0.0,0.0
2261,37.78398,0.0,0.0,0.0
2262,37.80061,-0.5483565,6.224445,-1.72625
2263,37.81697,-0.003305519,0.03752125,-0.01040592
2264,37.83393,-3.774803e-05,0.0004284813,-0.0001188324
2265,37.85066,-0.1122737,1.272493,-0.3534424
2266,37.86716,-0.0004917176,0.005573054,-0.001547948
2267,37.88394,-0.0004917176,0.005573054,-0.001547948
2268,37.90048,-0.4302458,4.861569,-1.354432
2269,37.91722,-0.002593542,0.02930577,-0.008164582
2270,37.93398,-0.08019068,0.9047448,-0.2524437
2271,37.95047,-0.3299557,6.890531,-1.038715
2272,37.96779,-0.3460966,3.917499,-1.089527
2273,37.98373,-0.3460966,3.917499,-1.089527
2274,38.00085,-0.1763323,1.965639,-0.5551017
2275,38.01729,-0.4284226,4.761508,-1.348693
2276,38.03399,-0.04765856,0.5288889,-0.1500312
2277,38.05068,-0.7890286,8.730149,-2.483896
2278,38.06746,-0.1172491,1.295365,-0.369105
2279,38.08408,-0.1172491,1.295365,-0.369105
2280,38.10058,-0.04881055,0.5368626,-0.1536577
2281,38.11725,-0.8281351,9.081668,-2.607005
2282,38.13384,-0.2198125,2.406996,-0.6919791
2283,38.15042,-0.2295069,2.509449,-0.7224975
2284,38.16718,-0.7186867,7.835081,-2.262456
2285,38.18408,-0.7186867,7.835081,-2.262456
2286,38.20074,-1.3634,0.05494084,0.4149886
2287,38.21732,-0.01556962,0.0006274077,0.004739044
2288,38.2338,-9.38544e-05,3.782043e-06,2.856718e-05
2289,38.25058,-0.6710366,7.303594,-2.115463
2290,38.26746,-0.009612555,0.1046236,-0.0303039
2291,38.28412,-0.009612555,0.1046236,-0.0303039
2292,38.30063,0.1416541,6.683103,0.4465695
2293,38.31718,-0.1168649,1.300482,-0.3684207
2294,38.33395,-0.4551756,4.911123,-1.434957
2295,38.35052,-0.1870144,2.014773,-0.5895694
2296,38.36731,-0.1615142,1.737521,-0.509179
2297,38.3839,-0.1615142,1.737521,-0.509179
2298,38.40061,-1.161651,12.44246,-3.662147
2299,38.41717,-0.6234301,6.667912,-1.965385
2300,38.43398,-0.1260857,1.346606,-0.3974896
2301,38.45078,-0.3329038,3.5452,-1.049491
2302,38.46739,-0.08939292,0.9506043,-0.2818143
2303,38.48382,-0.08939292,0.9506043,-0.2818143
2304,38.50079,-0.04631341,0.6736689,-0.1460046
2305,38.51707,-0.0002028357,0.002950422,-0.0006394467
2306,38.53368,-0.04664494,0.4938931,-0.1470498
2307,38.55059,-0.0002811779,0.002977211,-0.0008864231
2308,38.56718,-0.227973,2.410386,-0.7186929
2309,38.58397,-0.227973,2.410386,-0.7186929
2310,38.60052,-0.03477508,0.3671552,-0.1096297
2311,38.61713,-0.0001523021,0.001608005,-0.0004801376
2312,38.63394,-6.670272e-07,7.042471e-06,-2.102827e-06
2313,38.6508,-4.020872e-09,4.245235e-08,-1.267594e-08
2314,38.66738,0.0,0.0,0.0
2315,38.68425,0.0,0.0,0.0
2316,38.70039,0.0,0.0,0.0
2317,38.71752,0.0,0.0,0.0
2318,38.73386,0.0,0.0,0.0
2319,38.75045,0.0,0.0,0.0
2320,38.76754,0.0,0.0,0.0
2321,38.7842,0.0,0.0,0.0
2322,38.8003,0.05330702,0.0,-0.01693339
2323,38.81699,0.0003213373,0.0,-0.0001020753
2324,38.83379,1.407339e-06,0.0,-4.470521e-07
2325,38.85024,1.167655e-08,0.0,-3.709145e-09
2326,38.86689,0.0,0.0,0.0
2327,38.88377,0.0,0.0,0.0
2328,38.90037,0.0,0.0,0.0
2329,38.91704,0.0,0.0,0.0
2330,38.93371,0.0,0.0,0.0
2331,38.95029,0.0,0.0,0.0
2332,38.96719,0.1160473,0.01296904,0.3653218
2333,38.98403,0.1160473,0.01296904,0.3653218
2334,39.00085,8.903821,0.005058769,-2.677369
2335,39.01848,0.07387407,4.197207e-05,-0.02221385
2336,39.0341,0.1612064,0.01833049,0.5038555
2337,39.05016,0.001337513,0.0001520862,0.004180436
2338,39.06681,5.857813e-06,6.660816e-07,1.830877e-05
2339,39.08372,5.857813e-06,6.660816e-07,1.830877e-05
2340,39.10035,0.0,0.0,0.0
2341,39.11753,0.06089972,0.007043022,0.1914421
2342,39.13374,0.0003671064,4.245567e-05,0.001154022
2343,39.15005,1.168129e-06,1.350935e-07,3.672085e-06
2344,39.16734,7.041535e-09,8.143499e-10,2.21355e-08
2345,39.18374,7.041535e-09,8.143499e-10,2.21355e-08
2346,39.20071,1.083048,0.1267115,3.404627
2347,39.21714,0.00474335,0.00055495,0.01491102
2348,39.23359,3.935508e-05,4.604362e-06,0.0001237151
2349,39.25041,1.723608e-07,2.016542e-08,5.418269e-07
2350,39.26701,7.54877e-10,8.831712e-11,2.373003e-09
2351,39.28354,7.54877e-10,8.831712e-11,2.373003e-09
2352,39.30018,0.0,0.0,0.0
2353,39.31688,0.0,0.0,0.0
2354,39.33383,0.0,0.0,0.0
2355,39.35033,0.0,0.0,0.0
2356,39.36703,0.0,0.0,0.0
2357,39.38343,0.0,0.0,0.0
2358,39.4002,2.053162,0.2429739,6.454244
2359,39.41713,0.01237656,0.001464658,0.03890649
2360,39.43365,1.490569,0.1784021,4.685697
2361,39.45029,0.01702185,0.002037298,0.05350923
2362,39.46708,0.0003682469,4.407446e-05,0.001157607
2363,39.48362,0.0003682469,4.407446e-05,0.001157607
2364,39.50035,7.063412e-09,8.454004e-10,2.220427e-08
2365,39.51711,0.0,0.0,0.0
2366,39.53381,0.0,0.0,0.0
2367,39.55044,0.2142748,0.02593437,0.6735861
2368,39.56721,0.002446953,0.0002961627,0.007692149
2369,39.58372,0.002446953,0.0002961627,0.007692149
2370,39.60047,1.223821e-07,1.48123e-08,3.847157e-07
2371,39.61691,0.0,0.0,0.0
2372,39.63385,0.0,0.0,0.0
2373,39.65032,0.0,0.0,0.0
2374,39.66703,1.025079,4.797227,3.2224
2375,39.68331,1.025079,4.797227,3.2224
2376,39.70029,2.706274e-05,0.0001266498,8.507341e-05
2377,39.71712,-0.1689251,1.773825,-0.5310265
2378,39.73363,-0.001018288,0.0106927,-0.003201053
2379,39.75015,-0.1760444,1.845947,-0.5534067
2380,39.76696,-0.6170863,6.461362,-1.939849
2381,39.78371,-0.6170863,6.461362,-1.939849
2382,39.80044,2.103784,0.3635194,6.613376
2383,39.81715,0.01745477,0.003015973,0.05487016
2384,39.83353,0.0001052182,1.818043e-05,0.0003307599
2385,39.85035,-0.01029122,0.1073034,-0.03235111
2386,39.86696,1.96093,0.9481472,6.164305
2387,39.88353,1.96093,0.9481472,6.164305
2388,39.90016,-0.2531802,8.528094,-0.7958879
2389,39.91686,-0.1937232,2.095454,-0.608981
2390,39.93342,-0.01948331,0.2015433,-0.061247
2391,39.95041,-0.01921058,0.1980459,-0.06038965
2392,39.96674,-0.06315623,0.650169,-0.1985355
2393,39.98357,-0.06315623,0.650169,-0.1985355
2394,40.00035,-0.7481769,7.659152,-2.351941
2395,40.01666,-0.8024472,8.191816,-2.522543
2396,40.03348,-0.6319411,6.442213,-1.986546
2397,40.0504,-0.005243149,0.05345036,-0.01648217
2398,40.06704,-4.350186e-05,0.0004434721,-0.0001367508
2399,40.08358,-4.350186e-05,0.0004434721,-0.0001367508
2400,40.10038,-0.8666267,-0.1061036,-2.72561
2401,40.11704,-0.8861371,-4.979868,-3.659088
2402,40.13351,-0.005341677,-0.03001888,-0.02205716
2403,40.15054,0.7272431,-7.416256,2.279582
2404,40.16666,0.01041822,-0.1062346,0.03265697
2405,40.18359,0.01041822,-0.1062346,0.03265697
2406,40.2004,13.4308,-10.06234,-0.9076057
2407,40.21673,8.020692,-14.22497,2.190631
2408,40.23377,7.668955,-25.25204,5.911256
2409,40.25069,7.736637,-22.34506,-6.56792
2410,40.26696,0.274625,-26.2839,-3.874685
2411,40.28359,0.274625,-26.2839,-3.874685
2412,40.30025,-5.083699,-30.28062,-15.71229
2413,40.31688,-4.153131,-46.46935,-12.83603
2414,40.33356,-0.6530566,-42.75972,-2.018393
2415,40.35021,-3.20771,-37.99947,-9.914025
2416,40.367,-2.790799,-34.73508,-8.625484
2417,40.38363,-2.790799,-34.73508,-8.625484
2418,40.4001,-1.648585,-15.46663,-5.09526
2419,40.41684,-2.891187,-13.06442,-8.93575
2420,40.43344,-5.150671,-5.203988,-15.91911
2421,40.45022,-0.5356889,-9.093367,-1.655646
2422,40.46689,-2.125001,-0.2908506,-6.56771
2423,40.48346,-2.125001,-0.2908506,-6.56771
2424,40.50039,-0.0002013396,-2.755753e-05,-0.0006222776
2425,40.51688,-0.1483848,1.824558,-0.4586108
2426,40.5337,-0.1465365,1.798873,-0.4528983
2427,40.55013,-0.0008833289,0.01084369,-0.002730092
2428,40.56666,1.724887,0.0001704397,-0.5589231
2429,40.58347,1.724887,0.0001704397,-0.5589231
2430,40.6001,-0.03413811,-0.001039424,-0.1055174
2431,40.61672,-0.0002832403,-8.624031e-06,-0.0008754668
2432,40.63374,-1.707386e-06,-5.198606e-08,-5.277355e-06
2433,40.64996,-1.015912,12.41447,-3.135462
2434,40.66685,-0.6782609,8.26118,-2.093352
2435,40.68365,-0.6782609,8.26118,-2.093352
2436,40.7003,0.8000134,0.04761228,2.469123
2437,40.71674,-0.09668753,1.230616,-0.2984118
2438,40.73363,-0.000582837,0.007418213,-0.00179884
2439,40.75006,-0.05921211,0.7164985,-0.1827495
2440,40.7674,0.5658328,9.052369,-2.739379
2441,40.78346,0.5658328,9.052369,-2.739379
2442,40.80021,12.40009,0.07321694,-4.054861
2443,40.81678,0.08368078,0.6955057,-0.224279
2444,40.83327,1.213144,0.004192541,-0.3964613
2445,40.8502,0.007312891,2.527284e-05,-0.002389888
2446,40.86687,-1.291089,-0.04812996,-4.755374
2447,40.88346,-1.291089,-0.04812996,-4.755374
2448,40.90025,0.07215811,-1.748926e-06,-0.02376474
2449,40.91673,0.2477823,-1.054261e-08,-0.08107316
2450,40.93353,0.001085195,-4.617275e-11,-0.0003550707
2451,40.95021,6.541617e-06,0.0,-2.140356e-06
2452,40.96671,3.943318e-08,0.0,-1.290217e-08
2453,40.98325,3.943318e-08,0.0,-1.290217e-08
2454,41.00016,0.0,0.0,0.0
2455,41.01689,11.98693,0.0,-3.927469
2456,41.03323,0.09945432,0.0,-0.0325858
2457,41.05009,0.0004355734,0.0,-0.0001427138
2458,41.06662,2.625657e-06,0.0,-8.602858e-07
2459,41.08339,2.625657e-06,0.0,-8.602858e-07
2460,41.1002,6.004796,0.0,-1.972917
2461,41.11668,1.30359,0.0,-0.4288975
2462,41.13345,4.765453,0.0,-1.572238
2463,41.15016,0.9510532,0.0,-0.3142091
2464,41.16721,8.751484,0.0,-2.899302
2465,41.18332,8.751484,0.0,-2.899302
2466,41.2003,0.1013167,0.0,-0.03361171
2467,41.2167,4.595979,0.0,-1.526809
2468,41.23376,1.882947,0.0,-0.6263852
2469,41.25021,9.459359,0.0,-3.155413
2470,41.26689,8.577301,0.0,-2.869021
2471,41.28358,8.577301,0.0,-2.869021
2472,41.30015,4.570249,0.01817332,0.3450016
2473,41.31674,1.973707,0.0001507821,-0.6499842
2474,41.33366,3.189476,0.01397993,0.3143485
2475,41.35038,0.8233051,0.02715979,2.327388
2476,41.36707,3.104786,0.2454573,8.529891
2477,41.3843,3.104786,0.2454573,8.529891
2478,41.40002,-0.5541408,6.532692,-1.634336
2479,41.41693,0.2199467,0.03707696,0.6486796
2480,41.43338,1.346443,3.322711,-1.401092
2481,41.45026,0.3161581,0.03955185,0.8866269
2482,41.46688,0.2814684,0.0003281575,-0.08744716
2483,41.48328,0.2814684,0.0003281575,-0.08744716
2484,41.50021,3.63155,0.05428807,-1.25523
2485,41.51683,12.46955,0.2942155,3.112066
2486,41.53363,7.523662,2.754387,-2.213299
2487,41.55035,10.62305,0.7588124,-2.212817
2488,41.56683,4.124438,0.5297884,-0.8331727
2489,41.58374,4.124438,0.5297884,-0.8331727
2490,41.60045,0.5072191,2.651128e-05,-0.1763822
2491,41.61694,0.04659917,0.9359388,0.1204143
2492,41.63332,0.000280902,0.005641884,0.000725863
2493,41.64996,-0.4940106,0.7058715,0.1769794
2494,41.66676,0.7727392,0.9672729,2.23173
2495,41.6835,0.7727392,0.9672729,2.23173
2496,41.7,0.6134533,2.564572,1.817296
2497,41.71667,-0.0329124,1.822109,-0.09447583
2498,41.73338,0.0265954,2.361524,0.07677666
2499,41.74998,-3.653311,0.01034261,1.262594
2500,41.76678,-10.83736,2.683125,3.164466
2501,41.78325,-10.83736,2.683125,3.164466
2502,41.79996,-1.867749,1.747326,0.1263564
2503,41.8166,1.326665,1.817341,4.541082
2504,41.83348,0.3209653,1.296778,0.9490023
2505,41.85013,0.08911838,0.9469697,0.2614806
2506,41.86661,0.001017688,0.01081661,0.00298598
2507,41.88321,0.001017688,0.01081661,0.00298598
2508,41.89996,0.6156827,0.1446885,1.806034
2509,41.91689,0.002696464,0.0006336827,0.007909765
2510,41.93355,0.3603546,0.05907284,2.712649
2511,41.9501,0.5629495,2.35421,1.66082
2512,41.96689,1.144596,4.803544,3.362148
2513,41.98334,1.144596,4.803544,3.362148
2514,42.0002,4.183416,15.70116,12.28811
2515,42.01649,3.486807,16.31348,10.24193
2516,42.03372,2.335326,17.1631,6.859642
2517,42.05025,1.836505,25.19438,5.394435
2518,42.06662,3.156269,26.19407,9.271029
2519,42.08354,3.156269,26.19407,9.271029
2520,42.10007,2.33757,28.93838,6.866233
2521,42.11673,-0.9798107,41.83231,-2.878035
2522,42.13347,1.022747,37.28894,3.004154
2523,42.15015,0.5220149,42.65039,1.533334
2524,42.16695,1.232794,51.53096,3.621133
2525,42.18359,1.232794,51.53096,3.621133
2526,42.20018,0.6038602,50.81498,1.773742
2527,42.21661,3.923651,38.13716,11.52509
2528,42.23323,1.434902,39.63887,4.214791
2529,42.24995,0.07801979,38.5142,0.2291705
2530,42.26645,2.72484,26.13366,8.003778
2531,42.28329,2.72484,26.13366,8.003778
2532,42.30003,-1.129782,21.31454,-3.318553
2533,42.31668,-1.191983,20.88228,-3.501257
2534,42.33331,-2.305032,23.02674,-6.770658
2535,42.34975,5.013555,21.10942,-6.255946
2536,42.36656,-2.40438,21.24364,-7.144722
2537,42.38382,-2.40438,21.24364,-7.144722
2538,42.39993,-2.950008,23.65141,-8.65351
2539,42.4165,-2.932696,25.20711,-8.602722
2540,42.43323,1.32434,21.87761,3.884798
2541,42.4501,-1.978048,25.03153,-5.802374
2542,42.46648,-1.743083,18.24239,-5.113132
2543,42.48383,-1.743083,18.24239,-5.113132
2544,42.50014,-1.236844,15.93818,-3.628138
2545,42.51668,-0.7007754,11.75354,-2.055643
2546,42.53346,-0.02454637,17.46031,-0.07200393
2547,42.55006,0.2230559,16.23399,0.6543087
2548,42.5668,5.617655,21.22623,-11.16666
2549,42.58321,5.617655,21.22623,-11.16666
2550,42.59973,-2.288549,22.97541,-6.704893
2551,42.61629,-0.3441518,20.23656,-1.008176
2552,42.63367,-1.79245,13.41383,-5.250873
2553,42.64978,-1.723516,12.98009,-5.048934
2554,42.66653,-0.8283078,5.923054,-2.426477
2555,42.68344,-0.8283078,5.923054,-2.426477
2556,42.69986,-3.326968,0.01285337,1.239036
2557,42.71661,-13.10171,7.748073e-05,4.449023
2558,42.73361,-15.57539,8.848065e-07,5.266851
2559,42.75006,-16.6689,-0.349822,5.765984
2560,42.76665,-14.18538,-0.9153004,5.156013
2561,42.7834,-14.18538,-0.9153004,5.156013
2562,42.79996,-26.05577,-0.01045033,8.565555
2563,42.81671,-17.86872,-0.01073655,5.645246
2564,42.83348,-15.68648,-0.0001226081,5.059232
2565,42.85007,-17.68541,-5.369785e-07,5.657956
2566,42.86661,-16.75021,-3.21794e-09,5.328416
2567,42.88341,-16.75021,-3.21794e-09,5.328416
2568,42.90005,-16.41898,0.0,5.1488
2569,42.91632,-21.21587,-0.03496574,6.022731
2570,42.93327,-29.98342,-0.331118,3.856446
2571,42.94998,-36.25744,-0.6040729,1.113238
2572,42.96652,-31.71572,-0.3269075,4.020189
2573,42.98318,-31.71572,-0.3269075,4.020189
2574,43.0,-33.63174,-0.2320845,5.69096
2575,43.0166,-38.30441,-0.3272541,5.173306
2576,43.03348,-36.62447,-0.5647875,0.3610823
2577,43.04988,-32.56507,-0.244852,4.502295
2578,43.06696,-43.62088,-0.3032359,6.145505
2579,43.08336,-43.62088,-0.3032359,6.145505
2580,43.09988,-40.06443,-0.5343383,0.4087511
2581,43.1167,-48.84274,-0.04186534,11.19973
2582,43.13371,-46.83383,-6.503503,8.710466
2583,43.14981,-53.32969,-0.7940975,-1.746175
2584,43.16649,-60.54113,-0.1016044,11.58402
2585,43.1832,-60.54113,-0.1016044,11.58402
2586,43.19987,-72.99154,-0.723319,0.5361133
2587,43.2166,-87.98367,-0.8871328,-1.270854
2588,43.23326,-85.81113,-0.5304571,4.321683
2589,43.24974,-93.14578,-0.6870217,0.9022932
2590,43.26695,-89.31301,-0.1229361,11.21471
2591,43.28305,-89.31301,-0.1229361,11.21471
2592,43.30025,-82.56268,-0.003582541,11.1938
2593,43.31636,-66.32573,-1.569022e-05,8.389839
2594,43.33331,-48.71966,-6.871738e-08,5.776448
2595,43.34984,-52.63781,-1.124947e-10,5.89009
2596,43.3665,-44.94599,0.0,4.748879
2597,43.38336,-44.94599,0.0,4.748879
2598,43.39992,-38.3203,-0.01874503,3.659019
2599,43.4171,-30.20992,-1.213226,3.289141
2600,43.43309,-29.75115,-0.01385468,2.6061
2601,43.44974,-35.95486,-11.78608,8.056583
2602,43.46643,-35.22736,-0.09778786,2.799966
2603,43.48312,-35.22736,-0.09778786,2.799966
2604,43.49985,-27.59478,-0.0002933693,1.903106
2605,43.51666,-10.91096,-0.009045174,0.535669
2606,43.5334,-0.236353,-3.961436e-05,0.01490618
2607,43.54976,2.490793,-2.387972e-07,-0.1672021
2608,43.56668,2.455148,-2.726992e-09,-0.1658183
2609,43.58336,2.455148,-2.726992e-09,-0.1658183
2610,43.59995,2.669429,-0.007371288,-0.1815327
2611,43.61638,0.0501212,-0.9458662,0.4027273
2612,43.63324,-1.447795,-3.502211,-1.164664
2613,43.64986,-15.38971,-9.779997,-5.110768
2614,43.66666,-17.14783,-15.02859,-12.76132
2615,43.68347,-17.14783,-15.02859,-12.76132
2616,43.70061,-18.08731,-9.245143,-2.896271
2617,43.71664,-18.56206,-6.425988,-2.943759
2618,43.73318,-7.665756,-4.369474,0.7249867
2619,43.74989,-0.1252785,-8.997695,-1.104005
2620,43.76643,0.1985734,-8.672166,3.580396
2621,43.78319,0.1985734,-8.672166,3.580396
2622,43.79987,-9.729322,-4.229443,-8.253573
2623,43.81651,-22.18258,-14.327,-9.2104
2624,43.83313,-33.57246,-23.35082,-17.28532
2625,43.84955,-45.61171,-18.16827,-10.09849
2626,43.86662,-34.01665,-19.54728,-13.67357
2627,43.88322,-34.01665,-19.54728,-13.67357
2628,43.89989,-28.93168,-11.51429,-7.677407
2629,43.9164,-20.92633,-0.7811316,-12.45399
2630,43.93332,-13.29683,-0.1021105,0.2560861
2631,43.94992,-2.042627,-0.000615527,0.04021718
2632,43.96651,12.72586,0.01372951,0.4873329
2633,43.98351,12.72586,0.01372951,0.4873329
2634,43.99963,11.57387,1.301192e-06,-0.2712509
2635,44.01645,3.402314,2.045195e-08,-0.08395759
2636,44.03304,0.5558425,-0.9054289,0.3463901
2637,44.04976,0.3969381,-0.3842265,0.1426094
2638,44.06639,-0.1462778,-8.977421,-5.829381
2639,44.08298,-0.1462778,-8.977421,-5.829381
2640,44.09984,-0.01660285,-0.279926,-0.6511005
2641,44.11642,-0.0001377531,-0.002322517,-0.005402112
2642,44.13333,4.943641,-1.400024e-05,-0.1301631
2643,44.14996,15.55435,-8.439411e-08,-0.4350368
2644,44.16647,17.18869,-4.354062e-11,-0.5090426
2645,44.18311,17.18869,-4.354062e-11,-0.5090426
2646,44.19992,8.949355,0.0,-0.2945035
2647,44.21671,11.49523,0.0,-0.3972112
2648,44.23346,11.97735,0.0,-0.4286643
2649,44.24974,11.17791,-0.493879,-0.2188703
2650,44.26683,6.780562,-4.547501,1.533923
2651,44.28319,6.780562,-4.547501,1.533923
2652,44.29977,2.526168,-9.364964,1.031496
2653,44.31647,0.008368474,-10.77049,-9.097548
2654,44.33336,-0.4753135,-10.48915,-11.71023
2655,44.34998,-0.1214432,-11.41453,-2.982042
2656,44.36671,-0.5367974,-7.618318,-13.17903
2657,44.38326,-0.5367974,-7.618318,-13.17903
2658,44.39981,-0.2633021,-15.21999,-6.464386
2659,44.41652,-0.08698681,-8.162988,-2.135631
2660,44.43306,-0.2274484,-8.907809,-5.584133
2661,44.44978,-0.3091349,-15.68161,-7.589636
2662,44.46609,-0.1919029,-19.41345,-13.41069
2663,44.4832,-0.1919029,-19.41345,-13.41069
2664,44.49966,1.938538,-24.91468,-12.47178
2665,44.51636,4.62511,-21.11488,-1.281762
2666,44.53314,7.816984,-4.556175,-3.082093
2667,44.54982,4.007606,-0.2910971,-1.444484
2668,44.56648,9.273257,-0.00332424,-0.4304125
2669,44.58308,9.273257,-0.00332424,-0.4304125
2670,44.59959,3.744011,-1.662588e-07,-0.1725505
2671,44.61635,0.0163974,1.965138e-11,-0.000755708
2672,44.63348,0.0001360475,0.0,-6.270001e-06
2673,44.64949,0.2227641,-0.02563236,4.833558
2674,44.66643,-0.6983005,-0.0001545131,0.06109299
2675,44.68312,-0.6983005,-0.0001545131,0.06109299
2676,44.69978,-2.472368,1.662073,-0.4942822
2677,44.71634,-6.025917,0.007279271,0.2601683
2678,44.73305,-19.51147,2.33326,-0.0397132
2679,44.74982,-14.44679,1.747929,-0.06731985
2680,44.7664,-13.35363,8.615129,0.8868182
2681,44.78326,-13.35363,8.615129,0.8868182
2682,44.79967,0.1211964,9.395539,4.230133
2683,44.81615,-0.169886,15.64834,-4.632409
2684,44.83305,-0.2051398,20.07548,-5.602869
2685,44.84959,-0.003888385,13.44961,-0.1062016
2686,44.86615,0.04307048,16.81465,1.17637
2687,44.88298,0.04307048,16.81465,1.17637
2688,44.89978,-0.02428843,4.417134,-0.6633818
2689,44.91617,-0.1853899,13.31543,-5.063494
2690,44.93312,0.1600917,1.954843,4.372532
2691,44.94925,-0.1737799,12.46604,-4.746392
2692,44.96622,0.08029301,1.325447,2.193016
2693,44.98308,0.08029301,1.325447,2.193016
2694,44.99963,-0.0001040063,0.007593597,-0.002840689
2695,45.01627,-4.555093e-07,3.325717e-05,-1.244117e-05
2696,45.03328,-2.745832e-09,2.004758e-07,-7.499598e-08
2697,45.04968,-0.007190796,0.0,-0.1963998
2698,45.06639,3.11838,0.0004075349,-1.116261
2699,45.08275,3.11838,0.0004075349,-1.116261
2700,45.09958,-0.2803438,-0.6795147,-7.577646
2701,45.1162,-0.2341632,-8.686126,-6.324543
2702,45.1331,-0.07367451,-12.03376,-1.989869
2703,45.14957,-0.0779829,-0.03985027,-2.106234
2704,45.16618,-0.01960133,0.003016536,-0.5294108
2705,45.18315,-0.01960133,0.003016536,-0.5294108
2706,45.19962,-0.263473,0.05513361,-7.116122
2707,45.21634,-0.1510319,0.1001127,-11.1693
2708,45.23331,-0.4298106,0.1174825,-11.52399
2709,45.24945,-0.515005,0.1514677,-13.75692
2710,45.26631,-0.002255533,0.000663373,-0.06025027
2711,45.28278,-0.002255533,0.000663373,-0.06025027
2712,45.2995,9.213476,3.317799e-08,-0.352512
2713,45.31615,3.784695,0.08999115,-7.768704
2714,45.33272,8.162353,0.06376725,-5.549385
2715,45.34973,1.594963,0.1283968,-9.919271
2716,45.36623,12.46425,0.03940004,-3.364059
2717,45.38289,12.46425,0.03940004,-3.364059
2718,45.39993,10.65116,0.001169848,-0.5378171
2719,45.41595,17.8578,-0.1357413,-3.440421
2720,45.43303,16.47075,0.1668608,-10.59474
2721,45.44926,19.71648,-0.7010869,-14.06525
2722,45.46625,24.73415,-13.5883,0.4163555
2723,45.48253,24.73415,-13.5883,0.4163555
2724,45.49953,21.82787,-8.293261,-4.171169
2725,45.51611,18.85501,-2.415351,-2.874005
2726,45.53296,12.48573,-4.181377,-7.238175
2727,45.54932,18.33764,-8.565508,-6.51329
2728,45.56618,17.18414,-16.88299,-9.029557
2729,45.5829,17.18414,-16.88299,-9.029557
2730,45.59935,16.70348,-13.13088,3.476157
2731,45.61624,8.61933,-12.18028,-1.273334
2732,45.63286,0.424437,-11.52001,4.102322
2733,45.64954,0.1158554,-4.177453,1.497553
2734,45.66606,0.7354992,-0.9723126,9.546185
2735,45.68282,0.7354992,-0.9723126,9.546185
2736,45.69946,-0.3497035,-0.3196263,12.50957
2737,45.71625,-6.149693,-0.336823,14.51063
2738,45.73296,-3.032715,8.55697,7.405893
2739,45.74956,-10.07852,-0.1961444,13.95215
2740,45.76599,-16.12112,-0.1822984,10.97459
2741,45.7829,-16.12112,-0.1822984,10.97459
2742,45.79959,-16.18032,7.818521,17.66259
2743,45.81627,-3.973164,5.335832,18.28158
2744,45.83311,-3.045151,8.771629,9.890787
2745,45.84953,0.4919735,9.090739,8.05646
2746,45.86615,0.5845563,1.20478,9.161227
2747,45.88335,0.5845563,1.20478,9.161227
2748,45.89967,13.73889,3.180695e-05,-0.8879496
2749,45.91637,10.85254,6.804793,-3.208192
2750,45.93289,15.94098,0.09747826,-1.118943
2751,45.94937,17.44048,0.0008087669,-1.228649
2752,45.96634,14.2743,9.235873e-06,-1.034856
2753,45.98264,14.2743,9.235873e-06,-1.034856
2754,45.99919,1.441767,0.001693012,-0.1081264
2755,46.01558,-0.5733874,0.07942917,-7.774877
2756,46.03285,1.510339,0.03904196,-3.808507
2757,46.04929,4.586972,0.002405145,-0.5650385
2758,46.0659,5.298744,0.04087446,-3.998857
2759,46.08255,5.298744,0.04087446,-3.998857
2760,46.09926,18.14518,7.840205e-07,-1.465654
2761,46.11617,15.02957,4.726112e-09,-1.251268
2762,46.13258,22.95967,0.03060405,-4.57732
2763,46.14876,27.48063,0.02016515,-4.061265
2764,46.16544,27.48063,0.02016515,-4.061265
2765,46.18213,33.56004,-0.003609184,-3.612785
2766,46.19876,39.77599,0.003790522,-4.424787
2767,46.21579,40.82662,3.144957e-05,-4.519705
2768,46.23225,41.18416,4.9432e-07,-4.797193
2769,46.24916,45.33276,5.741857e-09,-5.545082
2770,46.26553,45.33276,5.741857e-09,-5.545082
2771,46.28223,28.84011,0.0001303782,-3.81384
2772,46.29906,21.52543,7.859259e-07,-2.911977
2773,46.31555,2.079547,1.235308e-08,-0.2839311
2774,46.3322,-6.238896,1.410684e-10,0.8492125
2775,46.34894,-10.93516,0.0,1.474712
2776,46.36546,-10.93516,0.0,1.474712
2777,46.38217,-35.99337,0.0,4.598105
2778,46.39886,-55.95153,0.0,6.727236
2779,46.41562,-96.90495,0.0,10.52086
2780,46.43227,-118.2696,0.6714668,10.82484
2781,46.44882,-127.2353,12.99137,5.02131
2782,46.46552,-108.6114,17.98573,-0.117328
2783,46.48294,-108.6114,17.98573,-0.117328
2784,46.49977,-72.70271,9.209814,13.51304
2785,46.51611,-47.78688,1.394252,3.862454
2786,46.53282,-47.00985,-0.1710634,17.06648
2787,46.54945,-23.81467,-0.01615678,1.911974
2788,46.56621,-23.23829,-0.004142935,0.7029974
2789,46.58276,-23.23829,-0.004142935,0.7029974
2790,46.59923,-0.3307516,-0.001758969,0.1910843
2791,46.61635,-0.00144857,-7.70364e-06,0.0008368788
2792,46.63368,-1.654224e-05,-8.797323e-08,9.556902e-06
2793,46.64978,-7.244891e-08,-3.852904e-10,4.185572e-08
2794,46.66643,-12.7029,0.0,0.1201422
2795,46.68285,-12.7029,0.0,0.1201422
2796,46.69937,-14.82143,0.02502075,-2.46699
2797,46.71613,-15.96323,0.0001095817,0.0544362
2798,46.73294,-2.897166,0.2471028,-1.11017
2799,46.74939,-0.02741208,11.94234,-4.481241
2800,46.76617,-0.006182559,0.07182919,-1.862562
2801,46.7832,-0.006182559,0.07182919,-1.862562
2802,46.79945,-7.450375e-06,0.005566554,-0.002263227
2803,46.81622,-8.502101e-08,6.356836e-05,-2.584537e-05
2804,46.83282,-5.125107e-10,3.831931e-07,-1.557971e-07
2805,46.84937,-3.924171e-12,3.178256e-09,-1.192901e-09
2806,46.86636,-0.001336459,0.004470018,-0.4062677
2807,46.88277,-0.001336459,0.004470018,-0.4062677
2808,46.89948,-0.01983005,0.07615194,-6.0281
2809,46.91582,-0.02378767,0.1031387,-7.231168
2810,46.93329,-0.2214658,0.1680842,-10.85354
2811,46.94939,-0.0182236,0.09091277,-5.57713
2812,46.96619,-0.0001098463,0.0005617259,-0.03361898
2813,46.9828,-0.0001098463,0.0005617259,-0.03361898
2814,46.99965,2.303133,0.06568987,-3.757175
2815,47.01613,-0.02825029,0.1902335,-10.37316
2816,47.03317,1.727605,0.08200803,-4.288601
2817,47.04932,-0.01505745,-0.2431132,-6.216126
2818,47.06622,-0.01677915,-3.465886,-4.091695
2819,47.08284,-0.01677915,-3.465886,-4.091695
2820,47.0994,3.815951,-0.008709559,-0.3899331
2821,47.11595,1.587768,-0.7516552,-8.88116
2822,47.13271,7.937613,0.1766925,-7.711117
2823,47.14932,3.527962,0.07036448,-2.956597
2824,47.16599,0.5285407,0.1248,-14.35047
2825,47.18271,0.5285407,0.1248,-14.35047
2826,47.19946,0.03096027,-13.48627,3.45165
2827,47.216,-0.03642823,-3.605431,-4.219066
2828,47.2325,-0.01684703,-11.61359,-1.950932
2829,47.2493,-0.08225903,-13.85168,-9.525802
2830,47.26588,-0.09211449,-21.584,-10.66709
2831,47.28268,-0.09211449,-21.584,-10.66709
2832,47.29956,0.02574387,-19.62661,2.981205
2833,47.31618,-0.004613163,-5.738558,-0.5342159
2834,47.33296,-0.0068816,-0.5040278,-0.7969066
2835,47.34912,-0.02807654,-1.669786,-3.251334
2836,47.36591,-0.02592131,-8.579328,-3.001752
2837,47.38284,-0.02592131,-8.579328,-3.001752
2838,47.3996,-0.09839065,-20.80541,-11.39389
2839,47.41599,-0.08035399,-26.91893,-9.305194
2840,47.43285,-0.0196159,-20.91311,-2.27157
2841,47.44919,-0.1657175,-9.274362,-19.1905
2842,47.46606,-0.1480557,-6.198225,-17.14522
2843,47.48264,-0.1480557,-6.198225,-17.14522
2844,47.49944,-0.09048939,-8.670949,-10.4789
2845,47.5161,-0.06005431,-15.67363,-6.954439
2846,47.53275,-0.077765,-14.75411,-9.005383
2847,47.5493,-0.07563731,-23.5466,-8.75899
2848,47.56587,-0.07331516,-16.1456,-8.490079
2849,47.58281,-0.07331516,-16.1456,-8.490079
2850,47.59956,-0.1067266,-13.39086,-12.35921
2851,47.61597,-0.103591,-15.29607,-11.99609
2852,47.63275,-0.1649773,-20.938,-19.10478
2853,47.64899,-0.09094665,-19.0107,-10.53185
2854,47.66608,-0.1067266,-25.88746,-12.35921
2855,47.68263,-0.1067266,-25.88746,-12.35921
2856,47.69946,-0.03958752,-11.38856,-4.584334
2857,47.71605,0.004601817,-9.866949,0.5329019
2858,47.73283,-0.01815243,-1.171201,-2.102097
2859,47.74939,-0.0002072953,-0.01337476,-0.02400531
2860,47.76572,-9.078771e-07,-5.857652e-05,-0.0001051344
2861,47.78265,-9.078771e-07,-5.857652e-05,-0.0001051344
2862,47.79924,-0.07572729,0.775371,-8.76941
2863,47.8163,-0.1074143,-7.900805,-12.43884
2864,47.83261,-0.07825496,-2.075083,-9.062121
2865,47.84975,-0.1069147,-3.162001,-12.38099
2866,47.86612,-0.08926392,-9.30558,-10.33699
2867,47.88303,-0.08926392,-9.30558,-10.33699
2868,47.89946,-0.07467286,-7.852616,-8.647304
2869,47.91621,-0.02936215,-4.308405,-3.400211
2870,47.92249,-0.01366602,-0.5704795,-1.582559
2871,47.93263,-0.06488588,-2.578129,-7.513947
2872,47.94951,-0.06488588,-2.578129,-7.513947
2873,47.96611,0.001014015,-4.893895,0.1174255
2874,47.98245,-0.01282543,-4.981197,-1.485217
2875,47.9994,-0.0840511,-1.561159,-9.733329
2876,48.01582,-0.1210967,-7.158958,-14.0233
2877,48.03267,-0.1090436,-12.92928,-12.62753
2878,48.04944,-0.09804926,-15.82323,-11.35435
2879,48.06581,-0.09804926,-15.82323,-11.35435
2880,48.08263,-0.03701723,-19.19657,-4.286688
2881,48.09935,-0.1862504,-11.23964,-21.56826
2882,48.1158,-0.1101163,-3.268354,-12.75175
2883,48.13263,-0.07306714,-11.04249,-8.461359
2884,48.14935,0.0207082,-15.80371,2.398062
2885,48.16608,0.0207082,-15.80371,2.398062
2886,48.18283,-0.01869661,-5.872405,-2.165114
2887,48.19923,-0.004565965,-13.82212,-0.5287502
2888,48.21602,-0.05510562,-7.117617,-6.381369
2889,48.23288,-0.09206147,-4.972632,-10.66095
2890,48.24925,0.008739679,-15.15299,1.012077
2891,48.26607,0.008739679,-15.15299,1.012077
2892,48.28297,4.857371e-05,-0.1030162,0.005624958
2893,48.29919,10.81238,0.6391808,-4.976757
2894,48.3159,0.1234741,0.007299251,-0.05683305
2895,48.33252,0.0004267028,-0.6724317,-0.01283619
2896,48.34908,10.56516,-0.00405345,-0.1000011
2897,48.36598,10.56516,-0.00405345,-0.1000011
2898,48.38258,7.833781,-0.002927143,-0.07656452
2899,48.39932,0.0472224,-1.764499e-05,-0.0004615343
2900,48.41583,0.8436742,-7.727858e-08,-0.008673233
2901,48.43254,0.003694983,0.0,-3.798566e-05
2902,48.44919,3.065689e-05,0.0,-3.15163e-07
2903,48.46588,3.065689e-05,0.0,-3.15163e-07
2904,48.48256,1.533276e-09,0.0,-1.576259e-11
2905,48.49925,0.0,0.0,0.0
2906,48.51569,0.0,0.0,0.0
2907,48.53265,0.0,0.0,0.0
2908,48.54935,0.0,0.0,0.0
2909,48.56601,0.03342988,0.0,-0.0003574182
2910,48.5824,0.0007983895,-0.1910792,0.04872622
2911,48.59903,3.496653e-06,-0.0008368567,0.000213403
2912,48.61584,2.120956,-3.665125e-06,-0.02354767
2913,48.63284,0.009289008,-1.60519e-08,-0.0001031301
2914,48.64931,5.599458e-05,0.0,-6.216981e-07
2915,48.66626,5.599458e-05,0.0,-6.216981e-07
2916,48.68289,0.0,0.0,0.0
2917,48.69917,-0.004021686,0.04795515,-0.3622218
2918,48.71591,-2.424291e-05,0.0002890759,-0.00218349
2919,48.73257,-1.461374e-07,1.742563e-06,-1.316218e-05
2920,48.74918,-0.05766575,0.6897684,-5.19379
2921,48.76596,-0.05766575,0.6897684,-5.19379
2922,48.78256,-0.103556,1.215195,-9.326999
2923,48.79912,-0.0004535374,0.005322109,-0.04084883
2924,48.81573,-1.986327e-06,2.330888e-05,-0.0001789029
2925,48.83243,-2.352334e-08,2.661804e-07,-2.043007e-06
2926,48.84908,4.136466,1.192938e-09,-0.04932874
2927,48.86569,4.136466,1.192938e-09,-0.04932874
2928,48.88268,0.2203471,0.0,-0.002718332
2929,48.89893,0.001828187,0.0,-2.330547e-05
2930,48.91599,0.03139361,-0.3269796,2.462029
2931,48.93254,0.0001892422,-0.001971049,0.01484123
2932,48.94933,0.0001892422,-0.001971049,0.01484123
2933,48.96616,6.874805e-09,-7.162269e-08,5.392911e-07
2934,48.98216,0.009209087,-0.09564199,0.7224028
2935,48.99924,6.193151,-0.0005765345,-0.07714103
2936,49.01584,0.1221072,-4.783446e-06,-0.001570687
2937,49.03261,0.0005347846,-2.094974e-08,-6.879033e-06
2938,49.04921,0.0005347846,-2.094974e-08,-6.879033e-06
2939,49.06606,5.066959e-08,0.0,-6.667674e-10
2940,49.0824,0.0,0.0,0.0
2941,49.09917,0.0,0.0,0.0
2942,49.11562,0.0,0.0,0.0
2943,49.13249,0.0,0.0,0.0
2944,49.14905,0.0,0.0,0.0
2945,49.16597,0.0,0.0,0.0
2946,49.18239,0.0,0.0,0.0
2947,49.19913,0.0,0.0,0.0
2948,49.21582,0.0,0.0,0.0
2949,49.2326,0.0,0.0,0.0
2950,49.24908,0.0,0.0,0.0
2951,49.26578,0.0,0.0,0.0
2952,49.28246,0.0,0.0,0.0
2953,49.29912,0.0,0.0,0.0
2954,49.31627,0.0,0.0,0.0
2955,49.33255,0.0,0.0,0.0
2956,49.34901,0.0,0.0,0.0
2957,49.36586,0.03447234,0.0,-0.0004678034
2958,49.38213,0.0001509762,0.0,-2.048807e-06
2959,49.39908,0.1025956,-0.9977931,7.560123
2960,49.41586,0.001067772,-0.01038471,0.07868334
2961,49.4326,6.436533e-06,-6.259953e-05,0.0004743069
2962,49.44917,6.436533e-06,-6.259953e-05,0.0004743069
2963,49.46576,0.000388283,-0.003764446,0.02861251
2964,49.48247,2.340588e-06,-2.269226e-05,0.0001724775
2965,49.49886,1.025092e-08,-9.938376e-08,7.553883e-07
2966,49.51564,4.489526e-11,-4.352644e-10,3.308323e-09
2967,49.53239,0.0,0.0,0.0
2968,49.54886,0.0,0.0,0.0
2969,49.5658,0.0,0.0,0.0
2970,49.58217,0.0,0.0,0.0
2971,49.59909,0.0,0.0,0.0
2972,49.61563,0.00265162,-0.02562674,0.1953974
2973,49.63263,0.003621839,-0.03489285,0.2668927
2974,49.64914,0.003621839,-0.03489285,0.2668927
2975,49.66576,0.04901472,-0.4692146,3.611885
2976,49.68236,0.000295463,-0.002828448,0.02177262
2977,49.69878,1.29402e-06,-1.238756e-05,9.535606e-05
2978,49.71558,3.853118e-08,-3.688564e-07,2.839355e-06
2979,49.73227,0.007276051,-0.06943098,0.5361708
2980,49.74896,0.007276051,-0.06943098,0.5361708
2981,49.76558,0.0001112608,-0.001058298,0.008198786
2982,49.78247,4.872813e-07,-4.634955e-06,3.590767e-05
2983,49.79898,2.937355e-09,-2.793973e-08,2.164531e-07
2984,49.8157,2.437093e-11,-2.31813e-10,1.795889e-09
2985,49.83253,0.0,0.0,0.0
2986,49.84915,0.0,0.0,0.0
2987,49.86554,0.0,0.0,0.0
2988,49.8824,0.0,0.0,0.0
2989,49.89896,0.0,0.0,0.0
2990,49.9155,0.0,0.0,0.0
2991,49.93231,0.0,0.0,0.0
2992,49.94901,0.0,0.0,0.0
2993,49.96568,0.0,0.0,0.0
2994,49.98238,0.0,0.0,0.0
2995,49.99889,-0.01651687,4.772816,-1.217125
2996,50.01572,-0.0001886177,0.05450411,-0.0138992
2997,50.03244,-8.260762e-07,0.000238708,-6.08734e-05
2998,50.04904,-8.260762e-07,0.000238708,-6.08734e-05
2999,50.06586,-4.131544e-11,1.193876e-08,-3.044527e-09
3000,50.08232,0.0,0.0,0.0
3001,50.09875,0.0,0.0,0.0
3002,50.11548,-0.008746604,2.523172,-0.6445357
3003,50.13206,-5.272495e-05,0.0152098,-0.003885292
3004,50.14897,-5.272495e-05,0.0152098,-0.003885292
3005,50.16577,-3.629505e-09,1.04702e-06,-2.674576e-07
3006,50.18219,-4.144785e-11,1.195665e-08,-3.054284e-09
3007,50.19907,0.0,0.0,0.0
3008,50.21561,0.0,0.0,0.0
3009,50.2328,0.0,0.0,0.0
3010,50.24904,0.0,0.0,0.0
3011,50.26535,0.0,0.0,0.0
3012,50.28221,0.0,0.0,0.0
3013,50.29906,0.0,0.0,0.0
3014,50.3156,0.0,0.0,0.0
3015,50.33237,0.0,0.0,0.0
3016,50.34885,0.0,0.0,0.0
3017,50.36548,-5.791447,0.0,0.07621036
3018,50.38213,-0.02536441,0.0,0.0003337734
3019,50.3989,-0.0002104459,0.0,2.769283e-06
3020,50.41563,-1.746047e-06,0.0,2.297645e-08
3021,50.43211,-1.448677e-08,0.0,1.906332e-10
3022,50.44893,-1.448677e-08,0.0,1.906332e-10
3023,50.46576,0.0,0.0,0.0
3024,50.48218,-0.06237431,0.6137995,-4.740005
3025,50.49898,-0.0003759953,0.003700012,-0.02857297
3026,50.51596,-1.646721e-06,1.620469e-05,-0.0001251391
3027,50.53236,-9.926515e-09,9.768267e-08,-7.543446e-07
3028,50.54889,-9.926515e-09,9.768267e-08,-7.543446e-07
3029,50.56534,0.0,0.0,0.0
3030,50.58234,0.0,0.0,0.0
3031,50.59888,0.0,0.0,0.0
3032,50.61554,0.0,0.0,0.0
3033,50.63237,0.0,0.0,0.0
3034,50.64853,0.0,0.0,0.0
3035,50.66559,-5.902385e-05,0.0005650314,-0.004349457
3036,50.68228,-4.897148e-07,4.688007e-06,-3.608699e-05
3037,50.69884,-2.952024e-09,2.825953e-08,-2.175341e-07
3038,50.71558,-0.02441027,0.2344233,-1.798788
3039,50.73236,-0.0002025294,0.001944986,-0.01492436
3040,50.7489,-0.0002025294,0.001944986,-0.01492436
3041,50.7657,7.89125,5.134886e-08,-0.1103333
3042,50.78233,0.06547287,4.260361e-10,-0.0009154236
3043,50.79883,2.20707,0.0,-0.03176626
3044,50.81525,-0.009132918,0.1707198,-1.305946
3045,50.83249,-0.0001042951,0.001949568,-0.01491351
3046,50.84891,-0.0001042951,0.001949568,-0.01491351
3047,50.86546,-7.179519e-09,1.342053e-07,-1.026623e-06
3048,50.88214,7.693596,1.113487e-09,-0.1138979
3049,50.89867,0.03369513,0.0,-0.0004988308
3050,50.91568,10.96925,0.0,-0.1669029
3051,50.93219,0.0910107,0.0,-0.001384776
3052,50.94879,0.0910107,0.0,-0.001384776
3053,50.9655,0.1753661,-0.03259037,0.2473166
3054,50.98244,3.030693,-0.0001964563,-0.04834539
3055,50.99866,0.009643632,-6.251219e-07,-0.0001538345
3056,51.01553,0.0001101274,-7.138702e-09,-1.756744e-06
3057,51.03261,1.257611e-06,0.0,-2.068699e-08
3058,51.04886,1.257611e-06,0.0,-2.068699e-08
3059,51.0656,1.130022,0.0,-0.01905302
3060,51.08212,0.006811826,0.0,-0.0001148525
3061,51.09901,0.7647152,0.0,-0.01320821
3062,51.11552,0.004609739,0.0,-7.961974e-05
3063,51.13214,3.824652e-05,0.0,-6.605966e-07
3064,51.14876,3.824652e-05,0.0,-6.605966e-07
3065,51.16542,-0.04392781,0.3325216,-2.543286
3066,51.18164,-0.0003644645,0.002758896,-0.02110138
3067,51.19873,-1.59622e-06,1.208295e-05,-9.241628e-05
3068,51.21542,-1.324367e-08,1.00251e-07,-7.667682e-07
3069,51.23216,-1.098814e-10,8.31772e-10,-6.361796e-09
3070,51.24867,-1.098814e-10,8.31772e-10,-6.361796e-09
3071,51.26544,0.0,0.0,0.0
3072,51.28233,0.0,0.0,0.0
3073,51.29897,0.0,0.0,0.0
3074,51.31549,0.0,0.0,0.0
3075,51.33209,0.0,0.0,0.0
3076,51.34888,0.0,0.0,0.0
3077,51.36545,0.0,0.0,0.0
3078,51.38226,0.0,0.0,0.0
3079,51.39876,0.0,0.0,0.0
3080,51.41527,1.162958,0.0,-0.02056504
3081,51.43239,0.01328063,0.0,-0.0002348466
3082,51.44891,0.01328063,0.0,-0.0002348466
3083,51.46565,4.825828e-07,0.0,-8.533703e-09
3084,51.48236,2.909032e-09,0.0,-5.144156e-11
3085,51.49878,0.0,0.0,0.0
3086,51.51547,0.0,0.0,0.0
3087,51.53207,0.0,0.0,0.0
3088,51.54912,0.0,0.0,0.0
3089,51.5658,0.0,0.0,0.0
3090,51.58231,0.0,0.0,0.0
3091,51.59865,0.0,0.0,0.0
3092,51.61551,0.0,0.0,0.0
3093,51.63222,0.0,0.0,0.0
3094,51.64899,0.0,0.0,0.0
3095,51.66615,0.0,0.0,0.0
3096,51.6821,0.0,0.0,0.0
3097,51.69872,0.0,0.0,0.0
3098,51.71556,0.0,0.0,0.0
3099,51.73206,0.0,0.0,0.0
3100,51.74855,0.0,0.0,0.0
3101,51.76552,0.0,0.0,0.0
3102,51.78204,-1.598763,0.0,0.02761396
3103,51.79877,-0.007001997,0.0,0.000120939
3104,51.81538,-7.996068e-05,0.0,1.381087e-06
3105,51.832,-3.501984e-07,0.0,6.048652e-09
3106,51.84871,-3.501984e-07,0.0,6.048652e-09
3107,51.86555,0.0,0.0,0.0
3108,51.88213,0.0,0.0,0.0
3109,51.8988,0.0,0.0,0.0
3110,51.9157,0.0,0.0,0.0
3111,51.9324,0.0,0.0,0.0
3112,51.94885,0.0,0.0,0.0
3113,51.96567,0.0,0.0,0.0
3114,51.9821,0.0,0.0,0.0
3115,51.99886,0.0,0.0,0.0
3116,52.0154,0.0,0.0,0.0
3117,52.03183,0.0,0.0,0.0
3118,52.04884,0.0,0.0,0.0
3119,52.06541,0.0,0.0,0.0
3120,52.08202,0.0,0.0,0.0
3121,52.09859,0.0,0.0,0.0
3122,52.11568,0.0,0.0,0.0
3123,52.13196,0.0,0.0,0.0
3124,52.14891,0.0,0.0,0.0
3125,52.1653,0.0,0.0,0.0
3126,52.18222,0.0,0.0,0.0
3127,52.19852,0.0,0.0,0.0
3128,52.21533,0.0,0.0,0.0
3129,52.23244,0.0,0.0,0.0
3130,52.24867,0.0,0.0,0.0
3131,52.26527,0.0,0.0,0.0
3132,52.2821,0.0,0.0,0.0
3133,52.29868,0.0,0.0,0.0
3134,52.31549,0.0,0.0,0.0
3135,52.33189,0.0,0.0,0.0
3136,52.34874,0.0,0.0,0.0
3137,52.36545,0.0,0.0,0.0
3138,52.38211,0.0,0.0,0.0
3139,52.39876,0.0,0.0,0.0
3140,52.41548,0.0,0.0,0.0
3141,52.43184,0.0,0.0,0.0
3142,52.4491,0.0,0.0,0.0
3143,52.4657,0.0,0.0,0.0
3144,52.48204,0.0,0.0,0.0
3145,52.49861,0.0,0.0,0.0
3146,52.51561,-0.00594081,1.344274,-0.3439547
3147,52.53201,-9.337685e-05,0.02112911,-0.005406233
3148,52.54865,-9.337685e-05,0.02112911,-0.005406233
3149,52.56538,-0.005950887,1.34427,-0.3445382
3150,52.58234,-6.795733e-05,0.01535115,-0.003934521
3151,52.59882,-2.976281e-07,6.723241e-05,-1.723176e-05
3152,52.61542,-0.004416636,0.9960017,-0.2557097
3153,52.63219,-0.01565804,3.525094,-0.9065523
3154,52.64864,-0.01565804,3.525094,-0.9065523
3155,52.66553,-0.008156362,1.83005,-0.4722284
3156,52.68207,-0.004408979,0.9875811,-0.2552664
3157,52.69876,-0.004227351,0.9453059,-0.2447507
3158,52.71495,-1.851425e-05,0.004140093,-0.001071918
3159,52.73209,-0.04663685,0.3552845,-2.700131
3160,52.74855,-0.04663685,0.3552845,-2.700131
3161,52.76558,-0.001885996,0.01851212,-0.1091934
3162,52.78198,-0.1380042,1.064557,-7.990023
3163,52.79863,-0.002680294,0.02067537,-0.1551808
3164,52.81502,-1.17387e-05,9.054959e-05,-0.0006796347
3165,52.83208,-0.0006352326,0.1415572,-0.03677802
3166,52.84863,-0.0006352326,0.1415572,-0.03677802
3167,52.8653,-4.372357e-08,9.744541e-06,-2.531461e-06
3168,52.8821,-3.627699e-10,8.084943e-08,-2.100326e-08
3169,52.89864,0.0,0.0,0.0
3170,52.91541,-0.01508459,3.356229,-0.8733513
3171,52.93188,-0.0001722614,0.03832712,-0.009973407
3172,52.94917,-0.0001722614,0.03832712,-0.009973407
3173,52.96541,-0.001091081,0.3884204,-0.06317025
3174,52.98192,-0.0418472,9.249434,-2.422825
3175,52.99863,0.08166931,-0.5722337,4.728403
3176,53.01512,-0.0001761627,0.238117,-0.01019928
3177,53.03212,-0.02160318,4.759949,-1.250758
3178,53.04906,-0.02160318,4.759949,-1.250758
3179,53.06523,-7.850023e-07,0.0001729639,-4.544923e-05
3180,53.08203,0.857978,2.718649e-06,-0.01517268
3181,53.09891,0.003757628,1.190668e-08,-6.645076e-05
3182,53.11513,1.645703e-05,0.0,-2.910162e-07
3183,53.13176,9.920377e-08,0.0,-1.75426e-09
3184,53.14861,9.920377e-08,0.0,-1.75426e-09
3185,53.16527,2.866832,0.0,-0.05187453
3186,53.18213,0.8713338,4.766096,-1.271294
3187,53.19865,1.662677,16.16906,-4.311562
3188,53.21507,0.9370406,14.35596,5.131404
3189,53.23192,0.7249206,20.27763,4.63246
3190,53.24869,0.7249206,20.27763,4.63246
3191,53.2652,10.79759,22.80355,-5.15708
3192,53.28194,0.08928095,19.03798,-1.6814
3193,53.29852,0.836983,9.204051,-0.8318738
3194,53.31526,-0.03617225,6.446249,-1.818545
3195,53.33186,1.128781,3.833105,-1.113102
3196,53.34908,1.128781,3.833105,-1.113102
3197,53.36523,-0.002291114,0.3784382,-0.1077565
3198,53.38181,0.05312492,0.1683935,2.437217
3199,53.39859,0.03839185,0.2678834,1.761337
3200,53.41541,2.394085,3.157937,2.822034
3201,53.43207,1.585338,14.59738,-1.645146
3202,53.44858,1.585338,14.59738,-1.645146
3203,53.46532,4.369894,11.48762,15.46477
3204,53.48195,8.764827,27.31232,15.72414
3205,53.4989,13.20774,45.91084,7.692116
3206,53.51508,27.01939,48.85985,12.43319
3207,53.53198,26.30807,66.00516,4.58284
3208,53.54837,26.30807,66.00516,4.58284
3209,53.56517,14.57845,52.68876,5.879607
3210,53.58211,19.34992,51.64868,8.366969
3211,53.5984,13.70683,60.96519,1.240579
3212,53.61523,6.685184,47.02035,-3.756961
3213,53.63187,3.512948,31.17655,-6.009922
3214,53.64861,3.512948,31.17655,-6.009922
3215,53.66536,8.459685,19.89007,-7.688028
3216,53.68176,11.61642,16.48976,-6.798927
3217,53.6987,4.196402,1.840197,-1.007807
3218,53.71507,1.861916,0.6649045,-7.053125
3219,53.73204,-0.5306785,0.99737,-10.50454
3220,53.74838,-0.5306785,0.99737,-10.50454
3221,53.7652,-0.2029596,0.3823386,-3.941471
3222,53.78181,0.284896,0.09604216,-1.003443
3223,53.79872,5.704291,0.04097738,-0.7205231
3224,53.81522,10.70258,0.07397395,-1.323301
3225,53.83194,-0.4326879,0.9280934,-9.371303
3226,53.84845,-0.4326879,0.9280934,-9.371303
3227,53.86522,-0.1194176,-2.952247,-2.249312
3228,53.88225,-0.209931,-1.290537,-3.953917
3229,53.89842,0.08663609,-4.494331,1.631735
3230,53.91508,0.0005222465,-0.02709204,0.009836175
3231,53.93159,0.02172049,-1.735003,0.4090915
3232,53.94896,0.02172049,-1.735003,0.4090915
3233,53.96512,-0.0106623,-1.252103,-0.19927
3234,53.98157,-0.4813118,0.4474485,-8.995334
3235,53.99876,0.01309019,-0.9286571,0.2446453
3236,54.01518,7.890831e-05,-0.005597989,0.001474733
3237,54.0318,6.54694e-07,-4.644593e-05,1.223571e-05
3238,54.04836,6.54694e-07,-4.644593e-05,1.223571e-05
3239,54.06505,0.009503338,0.0,-0.0005124125
3240,54.08174,0.0001085252,0.0,-5.851596e-06
3241,54.09837,0.1273656,-6.357733,2.362147
3242,54.11507,0.001056739,-0.05274945,0.01959849
3243,54.13181,-0.01035518,0.0192399,-0.1920498
3244,54.14841,-0.01035518,0.0192399,-0.1920498
3245,54.16498,-3.762797e-07,6.991272e-07,-6.978583e-06
3246,54.18204,-5.919321e-09,1.123875e-08,-1.097813e-07
3247,54.1985,0.0,0.0,0.0
3248,54.21521,0.0,0.0,0.0
3249,54.23192,0.0,0.0,0.0
3250,54.24834,0.0,0.0,0.0
3251,54.2655,-2.935378,0.0,0.1558523
3252,54.28168,-0.01285588,0.0,0.000682576
3253,54.2984,-6.151457,0.7759517,-7.246546
3254,54.31506,-0.1052922,0.02898307,-0.277228
3255,54.3317,-0.001653177,0.000455552,-0.004358112
3256,54.34836,-0.001653177,0.000455552,-0.004358112
3257,54.36501,-6.610542,0.8051615,-7.396058
3258,54.38164,-8.190375,0.6019801,-5.326468
3259,54.39842,-3.747476,0.1428845,-1.16692
3260,54.4149,-1.366376,0.2098997,-1.902638
3261,54.43166,-2.413091,0.001265285,0.1023298
3262,54.4483,-2.413091,0.001265285,0.1023298
3263,54.46497,-1.143502,3.340434e-08,0.05317131
3264,54.48177,-3.149233,3.814674e-10,0.1438406
3265,54.49863,-3.897175,1.366068,-12.58488
3266,54.51509,-8.605634,0.008234723,0.2984205
3267,54.53189,-8.588411,3.606506e-05,0.3600922
3268,54.54811,-8.588411,3.606506e-05,0.3600922
3269,54.56483,-20.52939,0.006076067,0.7035789
3270,54.58183,-20.2897,2.661094e-05,0.6841463
3271,54.59839,-26.937,3.038889e-07,0.7977358
3272,54.61507,-37.21909,0.0822565,0.1412346
3273,54.63173,-35.84952,0.964028,-8.245552
3274,54.64874,-35.84952,0.964028,-8.245552
3275,54.66515,-54.04896,4.821497e-05,0.2218052
3276,54.6817,-44.3969,2.906421e-07,-0.1460509
3277,54.69839,-45.35215,1.752005e-09,-0.4475846
3278,54.71515,-34.16466,0.0,-0.5479373
3279,54.73158,-41.85427,0.0,-0.929516
3280,54.74835,-41.85427,0.0,-0.929516
3281,54.76503,-38.63638,0.0,-1.271438
3282,54.78154,-34.30167,0.0,-1.312387
3283,54.79858,-33.9649,0.0,-1.467377
3284,54.81488,-28.79949,0.0,-1.362882
3285,54.83159,-23.85465,0.0,-1.227207
3286,54.84828,-23.85465,0.0,-1.227207
3287,54.86516,-33.89717,0.0,-2.037467
3288,54.88141,-49.1075,0.0,-3.255823
3289,54.89848,-57.95718,0.0,-4.297598
3290,54.91502,-59.47758,-0.07604861,-4.269701
3291,54.93175,-75.62401,-0.0006285866,-7.199106
3292,54.94839,-75.62401,-0.0006285866,-7.199106
3293,54.96497,-73.13728,-1.084557,1.638359
3294,54.98157,-71.17319,-0.3281991,-6.092354
3295,54.99852,-71.84212,-1.312159,2.697586
3296,55.01517,-69.96458,-1.346504,2.795149
3297,55.0314,-66.39342,-1.129274,0.6613756
3298,55.04836,-66.39342,-1.129274,0.6613756
3299,55.06491,-47.21122,-0.7543669,-0.6444438
3300,55.0817,-62.02289,-1.423484,3.28913
3301,55.0984,-56.09298,-0.8845188,-1.600448
3302,55.11493,-59.83625,-1.155176,0.1681449
3303,55.13145,-54.30626,-1.506362,4.904838
3304,55.14825,-54.30626,-1.506362,4.904838
3305,55.16489,-52.81732,-1.032979,-0.4580793
3306,55.18109,-54.89777,-0.9535168,-2.146988
3307,55.19801,-58.45973,-0.4793548,-8.971567
3308,55.21475,-58.91348,-0.7535449,-6.329592
3309,55.23149,-47.84266,-0.27348,-9.49989
3310,55.24846,-47.84266,-0.27348,-9.49989
3311,55.26483,-18.25892,-0.06188164,-4.308634
3312,55.28148,-2.43695,-0.0009726472,-0.6662142
3313,55.29877,-0.02021912,-8.069952e-06,-0.005527509
3314,55.31509,0.2727065,-0.8208795,-0.9805256
3315,55.33192,2.180246,-1.665543,-7.835382
3316,55.34827,2.180246,-1.665543,-7.835382
3317,55.36496,-12.78428,-6.855507,-6.627194
3318,55.38158,-17.37488,-11.04152,-13.00872
3319,55.39842,-28.79541,-17.54563,-18.27063
3320,55.41443,-39.53557,-16.30533,-12.17284
3321,55.43132,-41.08028,-12.90098,-9.091289
3322,55.44791,-41.08028,-12.90098,-9.091289
3323,55.46458,-22.86921,-0.003431441,-7.108329
3324,55.48155,-6.347032,-3.918602e-05,-1.984608
3325,55.49829,-0.344798,-2.362152e-07,-0.1079688
3326,55.51425,-0.1038519,-0.9536344,0.3263541
3327,55.53085,-0.000454833,-0.004176569,0.001429311
3328,55.54764,-0.000454833,-0.004176569,0.001429311
3329,55.56433,-1.147234,-11.17517,-1.918563
3330,55.58092,-12.34937,-22.76638,-10.03865
3331,55.59764,-20.81077,-31.41211,-11.09813
3332,55.61427,-28.84113,-27.93731,-19.16484
3333,55.63089,-35.47974,-29.81555,-16.38999
3334,55.64757,-35.47974,-29.81555,-16.38999
3335,55.66425,-28.4371,-8.569008,-7.801241
3336,55.68085,-22.42467,-0.4085463,-7.620004
3337,55.69771,-11.8617,-0.001789283,-4.135863
3338,55.71425,-12.42473,-0.3638586,-4.226795
3339,55.73108,-8.438984,-6.121185,-8.620302
3340,55.7477,-8.438984,-6.121185,-8.620302
3341,55.76447,-14.38261,-11.24921,-13.19592
3342,55.78093,-12.36608,-16.93287,-13.90114
3343,55.79755,-19.83991,-15.88553,-12.44981
3344,55.81445,-22.27398,-16.65571,-9.745963
3345,55.8311,-19.30142,-9.972142,-12.30643
3346,55.84781,-19.30142,-9.972142,-12.30643
3347,55.86432,-9.29037,-2.500115,-2.808681
3348,55.88155,-3.159648,0.04381302,-1.738444
3349,55.89769,-0.03608222,0.0005003314,-0.0198525
3350,55.91441,2.2863,0.7491955,-6.02579
3351,55.931,0.01001315,0.003281201,-0.02639075
3352,55.94759,0.01001315,0.003281201,-0.02639075
3353,55.96429,0.0002950041,9.700347e-05,-0.0007774258
3354,55.98097,2.447618e-06,8.048276e-07,-6.45022e-06
3355,55.99763,2.795105e-08,9.190887e-09,-7.365956e-08
3356,56.01442,0.0,0.0,0.0
3357,56.03105,0.0,0.0,0.0
3358,56.04758,0.0,0.0,0.0
3359,56.06419,0.2123205,0.0,0.08046785
3360,56.08093,2.753241,0.0,1.042163
3361,56.09769,2.052318,0.0,0.7758831
3362,56.11459,7.82022,-1.248709,3.374943
3363,56.13106,7.07924,-13.32195,7.191928
3364,56.14789,7.07924,-13.32195,7.191928
3365,56.16422,1.131933,-8.185257,3.185941
3366,56.18094,-1.105198,-13.65322,4.159566
3367,56.19754,1.26792,-24.04883,2.87271
3368,56.21428,8.094388,-25.89566,9.481426
3369,56.23106,-3.012689,-30.23482,8.257152
3370,56.24745,-3.012689,-30.23482,8.257152
3371,56.26416,-2.581145,-30.44234,8.604763
3372,56.28078,-2.385321,-32.69337,7.339673
3373,56.29759,0.3249578,-40.03827,-0.8641464
3374,56.31425,-4.765275,-52.951,12.82762
3375,56.33095,-5.089591,-57.10441,13.7006
3376,56.3475,-5.089591,-57.10441,13.7006
3377,56.36433,-0.1728518,-30.69746,1.393582
3378,56.381,-2.778563,-31.87545,7.494607
3379,56.39755,-2.677321,-31.13348,7.216165
3380,56.4142,-1.727772,-20.4123,4.65683
3381,56.43095,1.309342,-21.96334,-3.529043
3382,56.4476,1.309342,-21.96334,-3.529043
3383,56.46426,0.3516383,-7.146462,-0.9477637
3384,56.48096,-0.1947717,-5.413733,0.5249643
3385,56.48248,-0.05998391,-0.7533683,0.1616734
3386,56.4982,0.2396945,0.08259388,-0.646044
3387,56.51427,0.00144489,0.0004978798,-0.003894384
3388,56.53101,0.00144489,0.0004978798,-0.003894384
3389,56.54747,-6.773081e-05,-0.0008379045,0.0001825535
3390,56.56419,-7.740655e-07,-9.56883e-06,2.086324e-06
3391,56.58083,-4.666104e-09,-5.768136e-08,1.257646e-08
3392,56.5976,0.0,0.0,0.0
3393,56.61441,0.0,0.0,0.0
3394,56.63091,0.0,0.0,0.0
3395,56.64752,0.0,0.0,0.0
3396,56.66428,0.0,0.0,0.0
3397,56.68088,0.0,0.0,0.0
3398,56.6976,0.0,0.0,0.0
3399,56.71426,0.2340369,0.0,0.08672265
3400,56.73119,0.2340369,0.0,0.08672265
3401,56.74754,1.058722,0.0,0.3918156
3402,56.76433,2.230628,0.9557608,0.587073
3403,56.78082,0.01344633,0.005761371,0.003538904
3404,56.79759,0.5239567,4.633604,-0.9594821
3405,56.81432,0.00434394,0.03844453,-0.00796251
3406,56.83092,0.00434394,0.03844453,-0.00796251
3407,56.84763,0.5593306,5.022382,-1.052515
3408,56.86417,8.919128,9.171827,0.9656924
3409,56.88177,7.26218,14.62767,-1.056291
3410,56.89752,9.498898,23.2192,-2.505205
3411,56.91428,12.33105,38.74691,-5.656205
3412,56.93097,12.33105,38.74691,-5.656205
3413,56.94749,13.69706,59.35301,-11.39374
3414,56.96422,10.90617,56.86301,-12.1964
3415,56.98079,16.32808,55.06961,-8.84925
3416,56.9977,8.222962,48.63062,1.27184
3417,57.01428,10.3189,41.715,-0.9381841
3418,57.03127,10.3189,41.715,-0.9381841
3419,57.04749,10.42064,45.79085,-5.572338
3420,57.06444,10.26771,49.06677,-11.23339
3421,57.08092,5.351689,40.50051,1.930828
3422,57.09743,14.05663,43.53902,-4.619266
3423,57.1142,5.622136,31.44232,-0.5940492
3424,57.13084,5.622136,31.44232,-0.5940492
3425,57.14749,5.7874,24.15499,7.108226
3426,57.16417,7.734621,20.56845,-3.904024
3427,57.18083,3.17842,21.96206,-1.9482
3428,57.19739,7.333838,13.94732,7.674737
3429,57.21414,0.5199824,15.57401,3.334098
3430,57.23093,0.5199824,15.57401,3.334098
3431,57.24757,1.807393,13.09945,-4.283026
3432,57.26424,1.07805,9.33179,-3.136869
3433,57.28081,2.271292,16.83706,-5.580697
3434,57.2977,12.28681,18.34454,-2.757709
3435,57.31427,1.710217,14.23204,-4.851515
3436,57.33092,1.710217,14.23204,-4.851515
3437,57.34744,3.392694,28.23962,-9.819971
3438,57.36406,2.296876,15.33023,-4.269533
3439,57.38084,6.197838,28.90151,-9.32788
3440,57.39754,4.040358,25.85731,-7.127741
3441,57.41507,5.505447,24.63309,-6.167146
3442,57.43089,5.505447,24.63309,-6.167146
3443,57.44751,12.66274,25.17722,-4.147728
3444,57.46413,16.36139,17.06063,5.415213
3445,57.48085,19.98774,22.72828,-2.854909
3446,57.49754,23.06354,14.75686,1.344846
3447,57.5141,30.44316,11.35928,5.020946
3448,57.5309,30.44316,11.35928,5.020946
3449,57.54744,29.69012,11.13019,4.54846
3450,57.56442,39.79729,10.04569,6.095727
3451,57.58073,61.13307,12.77624,2.228629
3452,57.59744,63.23648,5.469591,11.82498
3453,57.61407,70.11267,3.933655,7.176799
3454,57.63091,70.11267,3.933655,7.176799
3455,57.64738,71.86819,1.833988,9.559092
3456,57.66425,78.91206,10.70209,-1.553328
3457,57.681,86.77778,5.856873,-1.259127
3458,57.6973,87.06026,5.289949,9.467194
3459,57.71407,80.18063,0.8184203,9.096428
3460,57.73076,80.18063,0.8184203,9.096428
3461,57.74754,86.3824,1.352919,3.288884
3462,57.76425,95.56847,1.522374,2.289073
3463,57.78072,89.30374,1.047737,3.815324
3464,57.79767,92.89827,2.913594,-11.2881
3465,57.8141,117.6542,2.480283,-6.95495
3466,57.8307,117.6542,2.480283,-6.95495
3467,57.84737,126.5571,1.229538,-1.464221
3468,57.86418,114.307,1.616709,-7.21726
3469,57.88083,143.2466,1.175072,-5.75263
3470,57.89726,140.5526,1.856288,-13.36802
3471,57.91408,134.8879,0.9610719,-9.64191
3472,57.93079,134.8879,0.9610719,-9.64191
3473,57.94827,128.3026,0.002228783,-7.67475
3474,57.96413,142.474,3.503172e-05,-11.50786
3475,57.98071,116.853,2.111728e-07,-11.71512
3476,57.99734,97.20777,1.752079e-09,-11.68761
3477,58.01414,113.4228,-1.217158,-15.2162
3478,58.03075,113.4228,-1.217158,-15.2162
3479,58.04732,120.7841,-4.42283e-05,-21.42815
3480,58.06396,105.6051,-4.556023,-18.79716
3481,58.08073,107.9126,-0.01995371,-23.28466
3482,58.09724,119.7449,-0.1729673,-28.15439
3483,58.11414,118.7358,-5.60966,-20.82856
3484,58.13081,118.7358,-5.60966,-20.82856
3485,58.14731,110.1208,-2.425353,-23.03332
3486,58.16411,97.06853,-10.17269,-14.83806
3487,58.18089,100.5498,-1.117973,-24.93416
3488,58.19734,100.8579,-6.018227,-5.034751
3489,58.21405,83.99268,-16.41571,-9.25813
3490,58.23077,83.99268,-16.41571,-9.25813
3491,58.24728,70.74702,-0.2957311,-24.91272
3492,58.26414,70.69847,-11.5842,-7.121815
3493,58.28082,49.93291,-8.272431,-8.681045
3494,58.29736,45.8642,-12.54635,-6.49819
3495,58.31404,42.00057,-8.557385,-2.886621
3496,58.3315,42.00057,-8.557385,-2.886621
3497,58.34732,11.32818,-12.5414,5.488726
3498,58.36398,4.141454,-1.406593,-1.172151
3499,58.38066,-0.1077544,-0.1468307,0.1113309
3500,58.39732,-0.1653389,-0.001218437,0.07287156
3501,58.41409,-1.014169,-1.010924e-05,0.443233
3502,58.43089,-1.014169,-1.010924e-05,0.443233
3503,58.44734,-13.16133,-0.006690261,5.774147
3504,58.46417,-13.25229,-2.930089e-05,5.727216
3505,58.48116,-9.947356,-1.766271e-07,4.279326
3506,58.49736,-10.73684,-0.1775066,6.207741
3507,58.51404,-10.14381,-0.001472754,4.327884
3508,58.53061,-10.14381,-0.001472754,4.327884
3509,58.54727,-11.44859,-1.013821e-07,4.825048
3510,58.56401,-0.579799,-4.440165e-10,0.2440776
3511,58.5808,-6.00149,0.0,2.520635
3512,58.59729,-5.239835,0.0,2.198205
3513,58.61421,-1.065912,0.0,0.4466536
3514,58.63075,-1.065912,0.0,0.4466536
3515,58.64732,-1.868319,-0.04447433,1.184725
3516,58.66418,-0.5463583,-0.0001947812,0.2296587
3517,58.68066,-3.589158,-1.616079e-06,1.493596
3518,58.6972,-4.112314,-9.741803e-09,1.70732
3519,58.71429,-5.351672,0.0,2.216709
3520,58.73059,-5.351672,0.0,2.216709
3521,58.74727,-0.0005070604,0.0,0.0002100288
3522,58.76398,1.191265,-8.411117,2.876019
3523,58.78058,1.810206,-12.86747,4.370275
3524,58.79732,-0.9827722,-4.522428,-2.37265
3525,58.81409,0.04904474,-10.30927,0.1184059
3526,58.83052,0.04904474,-10.30927,0.1184059
3527,58.84734,-4.721386,-20.62629,-11.39857
3528,58.86389,-0.7312629,-22.78198,-1.765445
3529,58.88069,0.187214,-30.93267,0.45198
3530,58.89728,1.871509,-31.42408,4.518275
3531,58.91406,-0.503144,-33.18,-1.214711
3532,58.93063,-0.503144,-33.18,-1.214711
3533,58.9472,-0.4609219,-56.19343,-1.112777
3534,58.96385,0.9578897,-62.85843,2.312577
3535,58.98058,0.1438826,-60.63332,0.3473673
3536,58.9973,13.82029,-56.98255,6.724062
3537,59.01387,10.62531,-42.90284,4.25993
3538,59.03059,10.62531,-42.90284,4.25993
3539,59.0473,5.869008,-40.48647,-5.909752
3540,59.06392,3.679779,-44.37095,4.795293
3541,59.08078,3.38707,-44.499,5.885318
3542,59.09743,2.203202,-29.22366,5.242156
3543,59.11403,0.4724789,-35.84191,1.124795
3544,59.13065,0.4724789,-35.84191,1.124795
3545,59.14729,2.55163,-26.24193,6.075287
3546,59.16415,2.219315,-27.48079,5.284064
3547,59.18056,2.381605,-24.63793,5.670467
3548,59.19724,-1.84047,-34.44346,-7.330261
3549,59.21387,-8.751886,-35.15293,6.358804
3550,59.23051,-8.751886,-35.15293,6.358804
3551,59.24718,1.553924,-15.83198,3.705062
3552,59.26389,1.254804,-12.8723,2.991072
3553,59.28053,1.690543,-17.52238,4.029727
3554,59.29727,1.937229,-14.96247,4.61775
3555,59.31389,1.573637,-9.395962,3.75106
3556,59.33076,1.573637,-9.395962,3.75106
3557,59.3472,1.034747,-2.225003,2.466514
3558,59.36407,1.881997,-14.47096,4.486094
3559,59.38058,1.324079,-14.12718,3.156192
3560,59.39732,2.637836,-5.904253,7.116009
3561,59.41402,-9.134272,-6.669135,5.630624
3562,59.43069,-9.134272,-6.669135,5.630624
3563,59.44714,0.02475177,-0.2790068,0.06180953
3564,59.46454,1.207371,-13.16752,2.888006
3565,59.48068,4.405109,-8.471865,10.53683
3566,59.49725,0.9538862,-10.18505,2.281653
3567,59.51401,1.328913,-14.78481,3.178702
3568,59.53052,1.328913,-14.78481,3.178702
3569,59.54723,1.706897,-9.229897,4.082822
3570,59.56378,3.955533,-13.42106,9.46146
3571,59.58058,5.225049,-18.05797,12.49809
3572,59.59721,2.972411,-8.498815,7.109874
3573,59.61378,8.077822,-16.73826,19.32179
3574,59.6306,8.077822,-16.73826,19.32179
3575,59.64719,3.602153,-9.755854,8.61619
3576,59.66385,1.71867,-7.15255,4.110983
3577,59.68045,6.3131,-17.2359,15.10065
3578,59.69719,3.47437,-5.404209,8.31054
3579,59.71404,1.385924,-1.644052,3.315068
3580,59.73064,1.385924,-1.644052,3.315068
3581,59.74724,4.249827,-4.173763,10.1654
3582,59.76387,4.623214,-15.60027,11.05852
3583,59.7805,3.207133,-2.25028,7.67132
3584,59.79718,3.502914,-5.956869,6.10736
3585,59.8139,2.704414,-2.303942,6.425784
3586,59.83051,2.704414,-2.303942,6.425784
3587,59.84715,0.04498314,-0.378919,0.1074717
3588,59.86423,0.07198289,-0.2196211,0.1719811
3589,59.88066,0.0005972345,-0.001822173,0.001426909
3590,59.89719,4.955192e-06,-1.511838e-05,1.183892e-05
3591,59.91379,-7.17575,-0.09642068,3.772439
3592,59.93048,-7.17575,-0.09642068,3.772439
3593,59.94717,-0.0001894443,-2.545563e-06,9.959478e-05
3594,59.964,0.5071464,-6.368198,1.213074
3595,59.98044,0.2782065,-3.500625,0.6654577
3596,59.99713,0.5859583,-7.403574,1.401586
