sample,t,x,y,z, HasCollision
0,0.0,0.0,-65.51071,-88.1142,False
1,0.01687622,0.0,-65.51071,-88.1142,False
2,0.03359985,0.0,-65.51071,-88.1142,False
3,0.05007935,0.0,-65.51071,-88.1142,False
4,0.06671143,0.0,-65.51071,-88.1142,False
5,0.08337402,0.0,-65.51071,-88.1142,False
6,0.1001282,0.0,-65.51071,-88.1142,False
7,0.1168518,0.0,-65.51071,-88.1142,False
8,0.1334534,0.0,-65.51071,-88.1142,False
9,0.1500549,0.0,-65.51071,-88.1142,False
10,0.166687,0.0,-65.51071,-88.1142,False
11,0.1834106,0.0,-65.51071,-88.1142,False
12,0.1999817,0.0,-65.51071,-88.1142,False
13,0.2167053,0.0,-65.51071,-88.1142,False
14,0.2333374,0.0,-65.51071,-88.1142,False
15,0.25,0.0,-65.51071,-88.1142,False
16,0.2666016,0.0,-65.51071,-88.1142,False
17,0.2833252,0.0,-65.51071,-88.1142,False
18,0.3000183,0.0,-65.51071,-88.1142,False
19,0.3166504,0.0,-65.51071,-88.1142,False
20,0.3334045,0.0,-65.51071,-88.1142,False
21,0.3500061,0.0,-65.51071,-88.1142,False
22,0.3666687,0.0,-65.51071,-88.1142,False
23,0.3833923,0.0,-65.51071,-88.1142,False
24,0.3999634,0.0,-65.51071,-88.1142,False
25,0.4166565,0.0,-65.51071,-88.1142,False
26,0.4333496,0.0,-65.51071,-88.1142,False
27,0.4500732,0.0,-65.51071,-88.1142,False
28,0.4666138,0.0,-65.51071,-88.1142,False
29,0.4833679,0.0,-65.51071,-88.1142,False
30,0.5002441,0.0,-65.51071,-88.1142,False
31,0.5166321,0.0,-65.51071,-88.1142,False
32,0.5332947,0.0,-65.51071,-88.1142,False
33,0.5501404,0.0,-65.51071,-88.1142,False
34,0.5666504,0.0,-65.51071,-88.1142,False
35,0.583374,0.0,-65.51071,-88.1142,False
36,0.6000061,0.0,-65.51071,-88.1142,False
37,0.6166382,0.0,-65.51071,-88.1142,False
38,0.6333313,0.0,-65.51071,-88.1142,False
39,0.6499939,0.0,-65.51071,-88.1142,False
40,0.666626,0.0,-65.51071,-88.1142,False
41,0.6835022,0.0,-65.51071,-88.1142,False
42,0.7001648,0.0,-65.51071,-88.1142,False
43,0.7165527,0.0,-65.51071,-88.1142,False
44,0.7333679,0.0,-65.51071,-88.1142,False
45,0.75,0.0,-65.51071,-88.1142,False
46,0.7666626,0.0,-65.51071,-88.1142,False
47,0.7833557,0.0,-65.51071,-88.1142,False
48,0.8001099,0.0,-65.51071,-88.1142,False
49,0.8166199,0.0,-65.51071,-88.1142,False
50,0.833313,0.0,-65.51071,-88.1142,False
51,0.8500366,0.0,-65.51071,-88.1142,False
52,0.8666077,0.0,-65.51071,-88.1142,False
53,0.8835754,0.0,-65.51071,-88.1142,False
54,0.8999329,0.0,-65.51071,-88.1142,False
55,0.9167175,0.0,-65.51071,-88.1142,False
56,0.9338989,0.0,-65.51071,-88.1142,False
57,0.9499207,0.0,-65.51071,-88.1142,False
58,0.9665833,0.0,-65.51071,-88.1142,False
59,0.9832153,0.0,-65.51071,-88.1142,False
60,0.9998779,0.0,-65.51071,-88.1142,False
61,1.016663,0.0,-65.51071,-88.1142,False
62,1.033295,0.0,-65.51071,-88.1142,False
63,1.049866,0.0,-65.51071,-88.1142,False
64,1.066589,0.0,-65.51071,-88.1142,False
65,1.083344,0.0,-65.51071,-88.1142,False
66,1.099915,0.0,-65.51071,-88.1142,False
67,1.116699,0.0,-65.51071,-88.1142,False
68,1.133301,0.0,-65.51071,-88.1142,False
69,1.150116,0.0,-65.51071,-88.1142,False
70,1.166534,0.0,-65.51071,-88.1142,False
71,1.183258,0.0,-65.51071,-88.1142,False
72,1.19986,0.0,-65.51071,-88.1142,False
73,1.216644,0.0,-65.51071,-88.1142,False
74,1.233337,0.0,-65.51071,-88.1142,False
75,1.249908,0.0,-65.51071,-88.1142,False
76,1.266632,0.0,-65.51071,-88.1142,False
77,1.283295,0.0,-65.51071,-88.1142,False
78,1.299835,0.0,-65.51071,-88.1142,False
79,1.31662,0.0,-65.51071,-88.1142,False
80,1.333221,0.0,-65.51071,-88.1142,False
81,1.350037,0.0,-65.51071,-88.1142,False
82,1.366608,0.0,-65.51071,-88.1142,False
83,1.383118,0.0,-65.51071,-88.1142,False
84,1.399933,0.0,-65.51071,-88.1142,False
85,1.417023,0.0,-65.51071,-88.1142,False
86,1.433258,0.0,-65.51071,-88.1142,False
87,1.449829,0.0,-65.51071,-88.1142,False
88,1.466522,0.0,-65.51071,-88.1142,False
89,1.483063,0.0,-65.51071,-88.1142,False
90,1.499908,0.0,-65.51071,-88.1142,False
91,1.51651,0.0,-65.51071,-88.1142,False
92,1.533112,0.0,-65.51071,-88.1142,False
93,1.549774,0.0,-65.51071,-88.1142,False
94,1.566559,0.0,-65.51071,-88.1142,False
95,1.583099,0.0,-65.51071,-88.1142,False
96,1.599823,0.0,-65.51071,-88.1142,False
97,1.616577,0.0,-65.51071,-88.1142,False
98,1.633209,0.0,-65.51071,-88.1142,False
99,1.64978,0.0,-65.51071,-88.1142,False
100,1.666534,0.0,-65.51071,-88.1142,False
101,1.683136,0.0,-65.51071,-88.1142,False
102,1.69986,0.0,-65.51071,-88.1142,False
103,1.716583,0.0,-65.51071,-88.1142,False
104,1.733154,0.0,-65.51071,-88.1142,False
105,1.75,0.0,-65.51071,-88.1142,False
106,1.76651,0.0,-65.51071,-88.1142,False
107,1.783203,0.0,-65.51071,-88.1142,False
108,1.799805,0.0,-65.51071,-88.1142,False
109,1.816467,0.0,-65.51071,-88.1142,False
110,1.833099,0.0,-65.51071,-88.1142,False
111,1.849823,0.0,-65.51071,-88.1142,False
112,1.866486,0.0,-65.51071,-88.1142,False
113,1.88327,0.0,-65.51071,-88.1142,False
114,1.899811,0.0,-65.51071,-88.1142,False
115,1.916443,0.0,-65.51071,-88.1142,False
116,1.933167,0.0,-65.51071,-88.1142,False
117,1.950073,0.0,-65.51071,-88.1142,False
118,1.966522,0.0,-65.51071,-88.1142,False
119,1.983154,0.0,-65.51071,-88.1142,False
120,1.999817,0.0,-65.51071,-88.1142,False
121,2.016479,0.0,-65.51071,-88.1142,False
122,2.033081,0.0,-65.51071,-88.1142,False
123,2.049835,0.0,-65.51071,-88.1142,False
124,2.066437,0.0,-65.51071,-88.1142,False
125,2.083099,0.0,-65.51071,-88.1142,False
126,2.099792,0.0,-65.51071,-88.1142,False
127,2.116394,0.0,-64.95159,-87.50089,False
128,2.133087,0.0,-64.95159,-87.50089,False
129,2.149811,0.7589076,-58.64522,-80.46659,False
130,2.166595,1.050685,-54.56599,-77.09779,False
131,2.183197,1.28274,-49.83354,-73.82516,False
132,2.200012,1.559749,-45.14107,-71.09747,False
133,2.216522,2.124966,-41.74799,-68.98568,False
134,2.233124,2.124966,-41.74799,-68.98568,False
135,2.249786,4.136183,-36.74611,-66.8017,False
136,2.266388,5.672571,-36.62436,-65.50496,False
137,2.283112,7.231614,-37.26343,-64.45451,False
138,2.299744,8.598265,-38.16079,-63.50809,False
139,2.316376,9.476232,-39.04076,-62.92059,False
140,2.33313,9.476232,-39.04076,-62.92059,False
141,2.349823,9.85105,-40.29018,-62.17887,False
142,2.366364,9.871959,-40.662,-61.95353,False
143,2.383179,10.14512,-40.84819,-61.86601,False
144,2.399689,10.51188,-41.12782,-61.73229,False
145,2.416473,10.87179,-41.74376,-61.2402,False
146,2.433136,10.87179,-41.74376,-61.2402,False
147,2.44986,11.82748,-43.34948,-60.23882,False
148,2.4664,12.40679,-44.05824,-59.89644,False
149,2.483398,12.93183,-44.67169,-59.66277,False
150,2.499756,13.49064,-45.09657,-59.54511,False
151,2.516418,14.27144,-45.3822,-59.48531,False
152,2.533203,14.27144,-45.3822,-59.48531,False
153,2.549713,16.8473,-46.11724,-59.07284,False
154,2.566437,18.42436,-46.81063,-58.46511,False
155,2.58313,20.07931,-47.55465,-57.81359,False
156,2.599731,21.61253,-48.25055,-57.18909,False
157,2.616394,22.89994,-49.0356,-56.70613,False
158,2.633209,22.89994,-49.0356,-56.70613,False
159,2.649719,24.40413,-50.88613,-55.96253,False
160,2.666382,24.84399,-52.10701,-55.50425,False
161,2.683044,25.15187,-53.52123,-55.21406,False
162,2.699768,25.25897,-54.94039,-54.95243,False
163,2.71637,25.30407,-56.36383,-54.74999,False
164,2.733063,25.30407,-56.36383,-54.74999,False
165,2.749695,25.38698,-58.88456,-54.37775,False
166,2.766418,25.38641,-60.31593,-54.38029,False
167,2.783051,25.36703,-61.84679,-54.46731,False
168,2.799652,25.5027,-63.18784,-54.52012,False
169,2.816437,25.7443,-64.43713,-54.5391,False
170,2.833099,25.7443,-64.43713,-54.5391,False
171,2.849792,27.18234,-66.63022,-54.3001,False
172,2.866394,28.09168,-67.60623,-54.23653,False
173,2.883057,29.01349,-68.47382,-54.33712,False
174,2.899719,29.82649,-69.33936,-54.4789,False
175,2.916412,30.65737,-70.04668,-54.744,False
176,2.933075,30.65737,-70.04668,-54.744,False
177,2.949707,31.68748,-70.60478,-55.72757,False
178,2.966339,32.21811,-70.77346,-56.31934,False
179,2.983154,33.19098,-71.0157,-56.74743,False
180,2.999786,34.39856,-71.37592,-57.05579,False
181,3.016327,35.84774,-71.74103,-57.40012,False
182,3.033112,35.84774,-71.74103,-57.40012,False
183,3.035156,35.84774,-71.74103,-57.40012,True
184,3.049652,38.56638,-72.31078,-58.19466,False
185,3.066284,39.68861,-72.41067,-58.61933,False
186,3.083038,40.70571,-72.40601,-59.05032,False
187,3.09964,41.45577,-72.39191,-59.50637,False
188,3.116394,42.13725,-72.43467,-59.86828,False
189,3.133057,42.13725,-72.43467,-59.86828,False
190,3.149719,42.95135,-72.68166,-60.2817,False
191,3.166504,42.94683,-72.77164,-60.42237,False
192,3.183105,42.89235,-72.80913,-60.55931,False
193,3.199707,42.89235,-72.80913,-60.55931,False
194,3.216278,42.78372,-72.80414,-60.57436,False
195,3.233154,42.78372,-72.80414,-60.57436,False
196,3.249634,42.67515,-72.79913,-60.58952,False
197,3.266327,42.63083,-72.79913,-60.57198,False
198,3.28302,42.64181,-72.90378,-60.54422,False
199,3.299622,42.67456,-73.21786,-60.46143,False
200,3.316559,42.57917,-73.58457,-60.31313,False
201,3.332947,42.57917,-73.58457,-60.31313,False
202,3.349609,42.02853,-74.11395,-59.88397,False
203,3.366302,41.59245,-74.2189,-59.68518,False
204,3.382996,41.06588,-74.32387,-59.45443,False
205,3.399628,40.316,-74.36633,-59.27468,False
206,3.416321,39.63121,-74.44069,-59.33893,False
207,3.432983,39.63121,-74.44069,-59.33893,False
208,3.449615,38.74128,-74.49287,-59.56319,False
209,3.46637,38.78601,-74.49287,-59.57912,False
210,3.482971,38.96486,-74.49287,-59.64307,False
211,3.499695,39.2776,-74.49287,-59.75568,False
212,3.516357,39.59002,-74.49287,-59.86918,False
213,3.53299,39.59002,-74.49287,-59.86918,False
214,3.54953,39.91417,-74.53457,-60.08813,False
215,3.566467,39.90252,-74.51816,-60.2567,False
216,3.582886,39.95387,-74.5071,-60.39095,False
217,3.59964,40.0682,-74.50154,-60.49099,False
218,3.616241,40.25202,-74.49036,-60.67485,False
219,3.632935,40.25202,-74.49036,-60.67485,False
220,3.649689,40.51646,-74.45052,-61.17839,False
221,3.666321,40.4897,-74.41552,-61.51485,False
222,3.682953,40.48705,-74.37367,-61.91824,False
223,3.699707,40.40143,-74.3183,-62.40558,False
224,3.716309,40.29585,-74.25467,-62.94291,False
225,3.73291,40.29585,-74.25467,-62.94291,False
226,3.749573,40.30704,-74.22589,-64.07227,False
227,3.766266,40.19614,-74.22483,-64.86565,False
228,3.782898,39.89772,-74.19605,-65.75893,False
229,3.79953,39.45972,-74.11976,-66.88519,False
230,3.816376,38.97174,-74.12844,-68.01785,False
231,3.832825,38.97174,-74.12844,-68.01785,False
232,3.84967,39.06044,-74.18961,-68.64081,False
233,3.866272,39.14236,-74.08318,-69.03341,False
234,3.882904,39.34378,-73.99426,-69.35856,False
235,3.899597,39.53848,-73.8524,-69.69695,False
236,3.916168,39.645,-73.67619,-69.90041,False
237,3.9328,39.645,-73.67619,-69.90041,False
238,3.949677,39.86676,-73.4474,-70.16629,False
239,3.966278,39.74561,-73.4474,-70.11718,False
240,3.982849,39.50313,-73.4474,-70.01942,False
241,3.999664,39.17945,-73.4474,-69.89001,False
242,4.016174,38.83442,-73.45669,-69.69587,False
243,4.032867,38.83442,-73.45669,-69.69587,False
244,4.049591,37.79934,-73.11672,-69.22902,False
245,4.066254,37.28143,-72.87263,-68.99511,False
246,4.082916,36.85383,-72.73351,-68.76755,False
247,4.099609,36.39375,-72.69926,-68.49982,False
248,4.11618,35.9961,-72.7264,-68.18495,False
249,4.132904,35.9961,-72.7264,-68.18495,False
250,4.149597,34.81471,-72.79782,-67.31458,False
251,4.166168,34.24233,-72.82423,-66.94936,False
252,4.182831,33.92557,-72.833,-66.78641,False
253,4.199463,33.60811,-72.84174,-66.62444,False
254,4.216187,33.34402,-72.80671,-66.43991,False
255,4.232819,33.34402,-72.80671,-66.43991,False
256,4.249451,32.67165,-71.94936,-65.93626,False
257,4.266357,32.14317,-71.45995,-65.701,False
258,4.282837,31.53926,-71.2485,-65.25598,False
259,4.299561,31.16194,-71.39017,-64.50827,False
260,4.316101,30.86363,-71.5292,-63.78666,False
261,4.332886,30.86363,-71.5292,-63.78666,False
262,4.34964,29.33561,-70.96394,-63.09113,False
263,4.36618,28.52337,-70.54665,-62.99642,False
264,4.382935,27.98715,-70.33815,-62.91729,False
265,4.399536,27.78227,-70.27081,-62.99059,False
266,4.416199,27.71155,-70.2555,-63.08323,False
267,4.432861,27.71155,-70.2555,-63.08323,False
268,4.449493,27.35607,-70.14963,-64.08534,False
269,4.46637,27.09548,-70.01694,-64.90529,False
270,4.482727,26.79359,-69.87865,-65.71355,False
271,4.499481,26.61863,-69.86852,-66.03957,False
272,4.516052,26.46162,-69.79842,-66.1257,False
273,4.532898,26.46162,-69.79842,-66.1257,False
274,4.549469,25.6238,-69.54468,-66.25335,False
275,4.566162,25.01387,-69.49879,-66.37791,False
276,4.582794,24.36415,-69.45235,-66.49596,False
277,4.599487,23.54928,-69.40537,-66.57912,False
278,4.61615,22.71366,-69.33868,-66.77306,False
279,4.632751,22.71366,-69.33868,-66.77306,False
280,4.649384,20.72236,-69.0821,-66.68544,False
281,4.666016,20.18901,-69.0918,-66.52367,False
282,4.682861,19.78032,-69.10148,-66.38903,False
283,4.699463,19.49975,-69.1632,-66.26447,False
284,4.716125,19.41579,-69.1632,-66.24847,False
285,4.732758,19.41579,-69.1632,-66.24847,False
286,4.749512,19.34763,-69.27699,-66.14899,False
287,4.766083,19.1502,-69.33868,-66.04137,False
288,4.782745,18.57211,-69.54707,-65.87107,False
289,4.799469,17.66921,-69.86945,-65.56238,False
290,4.816162,16.83825,-70.18246,-65.32901,False
291,4.832764,16.83825,-70.18246,-65.32901,False
292,4.849457,15.21069,-70.80916,-64.89099,False
293,4.86615,14.70637,-70.96597,-64.77233,False
294,4.882813,14.6722,-71.17514,-64.70676,False
295,4.899536,14.8106,-71.43674,-64.65101,False
296,4.916229,15.02886,-71.74127,-64.64662,False
297,4.93277,15.02886,-71.74127,-64.64662,False
298,4.949463,15.27112,-72.27488,-64.4799,False
299,4.966125,15.24814,-72.39887,-64.33906,False
300,4.982727,15.14499,-72.47984,-64.14716,False
301,4.999359,14.90299,-72.49874,-64.00416,False
302,5.016144,14.69588,-72.50816,-63.92075,False
303,5.032806,14.69588,-72.50816,-63.92075,False
304,5.049316,14.72027,-72.58873,-63.74742,False
305,5.066223,14.82736,-72.76476,-63.61071,False
306,5.075165,14.82736,-72.76476,-63.61071,True
307,5.082764,14.97779,-72.94076,-63.48043,False
308,5.099457,15.1321,-73.02092,-63.32581,False
309,5.116119,15.19826,-73.04839,-63.17301,False
310,5.132813,15.19826,-73.04839,-63.17301,False
311,5.149353,15.12928,-73.12067,-62.73002,False
312,5.165985,15.03666,-73.16515,-62.44607,False
313,5.182739,14.94735,-73.31408,-62.13381,False
314,5.199402,14.90503,-73.56754,-61.79961,False
315,5.215973,14.87303,-73.73241,-61.38729,False
316,5.232758,14.87303,-73.73241,-61.38729,False
317,5.249329,15.01357,-73.88936,-60.37659,False
318,5.265961,15.11736,-73.95307,-59.95688,False
319,5.282715,15.22153,-74.01539,-59.53704,False
320,5.299408,15.26625,-74.0612,-59.21735,False
321,5.316071,15.28862,-74.08382,-59.05747,False
322,5.332672,15.28862,-74.08382,-59.05747,False
323,5.349304,15.10062,-74.12106,-58.75966,False
324,5.36618,14.87527,-74.12106,-58.72885,False
325,5.38266,14.82829,-74.06852,-58.73676,False
326,5.399445,14.79761,-74.08327,-58.62396,False
327,5.415985,14.81011,-74.04539,-58.53128,False
328,5.432739,14.81011,-74.04539,-58.53128,False
329,5.449463,14.56738,-74.07445,-58.28154,False
330,5.466095,14.30271,-74.08165,-58.19252,False
331,5.482666,14.03089,-74.08165,-58.15757,False
332,5.49939,13.95378,-74.096,-58.03919,False
333,5.516052,13.97406,-74.11736,-57.87886,False
334,5.532684,13.97406,-74.11736,-57.87886,False
335,5.549316,14.00073,-73.94244,-57.66801,False
336,5.56604,14.01247,-73.90385,-57.57524,False
337,5.582977,14.01247,-73.90385,-57.57524,False
338,5.599396,14.05802,-73.90385,-57.58101,False
339,5.616211,14.15594,-73.91077,-57.53915,False
340,5.632721,14.15594,-73.91077,-57.53915,False
341,5.649353,15.12877,-74.07038,-57.20372,False
342,5.665985,15.92832,-74.13012,-56.82516,False
343,5.682678,16.51338,-74.24692,-56.35047,False
344,5.699341,16.83768,-74.28443,-56.07127,False
345,5.716034,16.98637,-74.32719,-55.71143,False
346,5.732697,16.98637,-74.32719,-55.71143,False
347,5.749329,17.08303,-74.398,-55.07047,False
348,5.765991,17.13138,-74.43221,-54.74986,False
349,5.782715,17.17974,-74.46563,-54.42918,False
350,5.799286,17.23618,-74.50362,-54.05494,False
351,5.81601,17.28456,-74.53532,-53.73409,False
352,5.832855,17.28456,-74.53532,-53.73409,False
353,5.849365,17.67604,-74.65381,-53.06785,False
354,5.865997,17.97773,-74.84539,-52.68809,False
355,5.882599,18.27262,-75.0313,-52.36266,False
356,5.899261,18.58378,-75.17288,-51.94497,False
357,5.915894,18.99924,-75.26477,-51.50397,False
358,5.932556,18.99924,-75.26477,-51.50397,False
359,5.949341,19.67748,-75.48801,-50.69469,False
360,5.965881,19.98502,-75.56747,-50.34757,False
361,5.982697,20.32202,-75.58601,-50.1301,False
362,5.999298,20.66021,-75.60398,-49.91353,False
363,6.01593,21.08768,-75.61797,-49.76858,False
364,6.032654,21.08768,-75.61797,-49.76858,False
365,6.049286,21.90711,-75.64814,-49.42087,False
366,6.065918,22.34823,-75.66412,-49.22701,False
367,6.075165,22.34823,-75.66412,-49.22701,True
368,6.08255,22.73165,-75.67652,-49.07866,False
369,6.099213,23.03079,-75.74412,-48.84562,False
370,6.115906,23.20919,-75.75285,-48.71432,False
371,6.132507,23.20919,-75.75285,-48.71432,False
372,6.149292,23.39836,-75.76418,-48.53001,False
373,6.165985,23.40876,-75.76695,-48.47675,False
374,6.182617,23.41916,-75.76971,-48.42348,False
375,6.199341,23.53867,-75.77515,-48.33627,False
376,6.216003,23.65834,-75.78051,-48.24917,False
377,6.232605,23.65834,-75.78051,-48.24917,False
378,6.249359,24.24041,-75.85366,-47.90817,False
379,6.265961,24.42129,-75.861,-47.77856,False
380,6.282593,24.50602,-75.92075,-47.61542,False
381,6.299225,24.51958,-75.97571,-47.54865,False
382,6.315887,24.54392,-76.03294,-47.42869,False
383,6.33252,24.54392,-76.03294,-47.42869,False
384,6.349274,24.59792,-76.04406,-47.16265,False
385,6.366058,24.60872,-76.04622,-47.10944,False
386,6.382507,24.73011,-76.05047,-47.02332,False
387,6.399323,24.7654,-76.10931,-46.85018,False
388,6.415833,24.80069,-76.16795,-46.67706,False
389,6.432526,24.80069,-76.16795,-46.67706,False
390,6.449249,24.91738,-76.34449,-46.10455,False
391,6.465942,25.02747,-76.45828,-45.82193,False
392,6.482544,25.19919,-76.57306,-45.49659,False
393,6.499207,25.43308,-76.68842,-45.12875,False
394,6.516174,25.59229,-76.7476,-44.87046,False
395,6.532532,25.59229,-76.7476,-44.87046,False
396,6.549194,25.67221,-76.80843,-44.48483,False
397,6.565826,25.70529,-76.81158,-44.32524,False
398,6.58252,25.82942,-76.81358,-44.24004,False
399,6.599243,26.10689,-76.81548,-44.18707,False
400,6.615875,26.5379,-76.8173,-44.16736,False
401,6.632507,26.5379,-76.8173,-44.16736,False
402,6.649231,27.91467,-76.87337,-44.23296,False
403,6.665802,28.44908,-76.87492,-44.24287,False
404,6.682556,28.83078,-76.87637,-44.21942,False
405,6.699188,29.08593,-76.87637,-44.27896,False
406,6.715881,29.28996,-76.87637,-44.32697,False
407,6.732483,29.28996,-76.87637,-44.32697,False
408,6.749207,29.54489,-76.87637,-44.38745,False
409,6.765869,29.64683,-76.87637,-44.41179,False
410,6.782471,29.85064,-76.87637,-44.46072,False
411,6.799286,30.05437,-76.87637,-44.50999,False
412,6.815887,30.25802,-76.87637,-44.55959,False
413,6.83255,30.25802,-76.87637,-44.55959,False
414,6.849304,30.49079,-76.93046,-44.4909,False
415,6.865784,30.51677,-76.93174,-44.38538,False
416,6.882477,30.54275,-76.93294,-44.27986,False
417,6.899384,30.63279,-76.93456,-44.13416,False
418,6.915863,30.73599,-76.93642,-43.93577,False
419,6.932465,30.73599,-76.93642,-43.93577,False
420,6.949188,31.03338,-77.15041,-43.39423,False
421,6.96582,31.27619,-77.30944,-43.07737,False
422,6.982452,31.62306,-77.46771,-42.78706,False
423,6.999176,31.9712,-77.62524,-42.49785,False
424,7.015869,32.30387,-77.72955,-42.27512,False
425,7.03244,32.30387,-77.72955,-42.27512,False
426,7.04953,33.26711,-77.82924,-41.76816,False
427,7.065796,33.78459,-77.87732,-41.49809,False
428,7.082489,34.37064,-77.9234,-41.19175,False
429,7.099182,34.95941,-77.96807,-40.88806,False
430,7.115845,35.53632,-78.0126,-40.63938,False
431,7.132385,35.53632,-78.0126,-40.63938,False
432,7.1492,36.81386,-78.04401,-40.14028,False
433,7.165863,37.48475,-78.03405,-39.9953,False
434,7.182434,38.10485,-78.02328,-39.83811,False
435,7.199066,38.74844,-78.01567,-39.8038,False
436,7.21579,39.27149,-78.00973,-39.79228,False
437,7.232483,39.27149,-78.00973,-39.79228,False
438,7.249176,40.18126,-78.0015,-39.84614,False
439,7.265747,40.51451,-77.99938,-39.89388,False
440,7.282379,40.75857,-77.99509,-39.85718,False
441,7.299164,40.88069,-77.9929,-39.83901,False
442,7.315826,41.00286,-77.9907,-39.82095,False
443,7.332397,41.00286,-77.9907,-39.82095,False
444,7.34906,41.13767,-77.9334,-39.76369,False
445,7.365662,41.13767,-77.9334,-39.76369,False
446,7.382416,41.03191,-77.9334,-39.72991,False
447,7.399078,40.97902,-77.9334,-39.71305,False
448,7.415802,41.01197,-77.92884,-39.60959,False
449,7.432831,41.01197,-77.92884,-39.60959,False
450,7.449066,41.0084,-77.92184,-39.43753,False
451,7.465698,41.0047,-77.91463,-39.26547,False
452,7.482361,40.8618,-77.91219,-39.16323,False
453,7.499207,40.54294,-77.91219,-39.06281,False
454,7.515717,40.33024,-77.91219,-38.9963,False
455,7.532379,40.33024,-77.91219,-38.9963,False
456,7.549194,40.16582,-77.87838,-38.20654,False
457,7.565765,40.30022,-77.79103,-37.58023,False
458,7.582825,40.53986,-77.74339,-36.80264,False
459,7.595154,40.53986,-77.74339,-36.80264,True
460,7.59906,40.6931,-77.69809,-36.11222,False
461,7.615692,40.90803,-77.7547,-35.41378,False
462,7.632385,40.90803,-77.7547,-35.41378,False
463,7.648987,40.98905,-78.10776,-34.36695,False
464,7.66568,40.91842,-78.08161,-34.0056,False
465,7.682434,40.86266,-78.05011,-33.59248,False
466,7.699249,40.88197,-77.97408,-33.3289,False
467,7.715729,40.86972,-77.90704,-33.16898,False
468,7.732391,40.86972,-77.90704,-33.16898,False
469,7.749115,40.83349,-77.95514,-33.08804,False
470,7.765747,40.83349,-77.95514,-33.08804,False
471,7.782379,40.88911,-77.95514,-33.10484,False
472,7.799011,41.05217,-77.90228,-33.16771,False
473,7.815704,41.2707,-77.84942,-33.24775,False
474,7.832306,41.2707,-77.84942,-33.24775,False
475,7.848999,41.3628,-77.5852,-33.3437,False
476,7.865692,41.24033,-77.42673,-33.34716,False
477,7.882355,41.1097,-77.37868,-33.37759,False
478,7.899078,41.03463,-77.33062,-33.42503,False
479,7.915802,40.91623,-77.34937,-33.61537,False
480,7.932343,40.91623,-77.34937,-33.61537,False
481,7.949097,40.86945,-77.27125,-33.96817,False
482,7.965912,40.90905,-77.18354,-34.23425,False
483,7.982513,40.8893,-77.04273,-34.49627,False
484,7.999084,40.83406,-76.95012,-34.67712,False
485,8.015656,40.78268,-76.91007,-34.84529,False
486,8.032318,40.78268,-76.91007,-34.84529,False
487,8.04892,40.71156,-76.82122,-35.07811,False
488,8.065613,40.69573,-76.82533,-35.12992,False
489,8.082336,40.64095,-76.82533,-35.1132,False
490,8.098969,40.38263,-76.82122,-34.97807,False
491,8.115875,39.76747,-76.66302,-34.83534,False
492,8.132324,39.76747,-76.66302,-34.83534,False
493,8.149048,38.03649,-76.2941,-34.43033,False
494,8.165649,37.09942,-76.2941,-34.16771,False
495,8.182465,36.38161,-76.2941,-33.97131,False
496,8.199005,35.82874,-76.2941,-33.82285,False
497,8.215668,35.37189,-76.28165,-33.53396,False
498,8.232452,35.37189,-76.28165,-33.53396,False
499,8.248932,34.74646,-76.28702,-32.74221,False
500,8.265656,34.42244,-76.26463,-32.38027,False
501,8.282318,34.07034,-76.25093,-32.12416,False
502,8.29895,33.77316,-76.23703,-31.88286,False
503,8.315643,33.50864,-76.28504,-31.74796,False
504,8.332397,33.50864,-76.28504,-31.74796,False
505,8.348907,33.09726,-76.27088,-31.48062,False
506,8.365662,33.07908,-76.25652,-31.30917,False
507,8.382355,33.10448,-76.24683,-31.20395,False
508,8.398987,33.20539,-76.33754,-31.03346,False
509,8.415619,33.24989,-76.42807,-30.84946,False
510,8.432251,33.24989,-76.42807,-30.84946,False
511,8.449066,33.34195,-76.66135,-30.46875,False
512,8.465698,33.37365,-76.75655,-30.33766,False
513,8.48233,33.27592,-76.80412,-30.24474,False
514,8.498901,33.23178,-76.79891,-30.17848,False
515,8.515656,33.11814,-76.79891,-30.1512,False
516,8.532471,33.11814,-76.79891,-30.1512,False
517,8.548981,33.02959,-76.78843,-30.0188,False
518,8.565521,32.93141,-76.83592,-29.92614,False
519,8.582306,32.82062,-76.88869,-29.8862,False
520,8.598938,32.72525,-76.98895,-29.78087,False
521,8.615631,32.68673,-77.08921,-29.68912,False
522,8.632721,32.68673,-77.08921,-29.68912,False
523,8.649231,32.55867,-77.17873,-29.46537,False
524,8.665558,32.28529,-77.17332,-29.34605,False
525,8.682281,31.88505,-77.17332,-29.2537,False
526,8.698914,31.48454,-77.17332,-29.1625,False
527,8.715637,31.19831,-77.17332,-29.09806,False
528,8.732269,31.19831,-77.17332,-29.09806,False
529,8.735168,31.19831,-77.17332,-29.09806,True
530,8.749054,31.00727,-77.20978,-28.8758,False
531,8.765594,31.12623,-77.23491,-28.61198,False
532,8.782227,31.25716,-77.25378,-28.29556,False
533,8.798889,31.25831,-77.22488,-28.01903,False
534,8.815704,31.2014,-77.19543,-27.72969,False
535,8.832245,31.2014,-77.19543,-27.72969,False
536,8.849121,30.85981,-77.27109,-27.35121,False
537,8.865662,30.59823,-77.36461,-27.15712,False
538,8.882172,30.33053,-77.35236,-26.98892,False
539,8.898895,30.00406,-77.34003,-26.80889,False
540,8.915894,29.73517,-77.32762,-26.64184,False
541,8.932251,29.73517,-77.32762,-26.64184,False
542,8.948883,29.3343,-77.28984,-26.22764,False
543,8.965637,29.07444,-77.27066,-26.00903,False
544,8.982239,28.87498,-77.30412,-25.79005,False
545,8.998932,28.80295,-77.33081,-25.54216,False
546,9.015533,28.72797,-77.30431,-25.30701,False
547,9.032562,28.72797,-77.30431,-25.30701,False
548,9.048889,28.39983,-77.25024,-24.80178,False
549,9.065643,28.12534,-77.23651,-24.6379,False
550,9.082275,27.8503,-77.22269,-24.47455,False
551,9.098877,27.74216,-77.21574,-24.39877,False
552,9.115448,27.7135,-77.19478,-24.22862,False
553,9.132202,27.7135,-77.19478,-24.22862,False
554,9.135162,27.7135,-77.19478,-24.22862,True
555,9.148865,27.77167,-77.31797,-23.9261,False
556,9.165588,27.74757,-77.40223,-23.73077,False
557,9.18219,27.71317,-77.49355,-23.58843,False
558,9.198853,27.62618,-77.74354,-23.3974,False
559,9.215485,27.57836,-78.00817,-23.32408,False
560,9.232208,27.57836,-78.00817,-23.32408,False
561,9.248871,27.75907,-78.45553,-23.02507,False
562,9.265503,27.73417,-78.53929,-22.83078,False
563,9.282227,27.64459,-78.51688,-22.64938,False
564,9.298889,27.30483,-78.50183,-22.47583,False
565,9.315521,26.82482,-78.50183,-22.3868,False
566,9.332153,26.82482,-78.50183,-22.3868,False
567,9.34903,26.09912,-78.61536,-22.28496,False
568,9.365509,26.04121,-78.66837,-22.26216,False
569,9.382202,26.10128,-78.66837,-22.27288,False
570,9.398895,26.24993,-78.6457,-22.13551,False
571,9.415558,26.33864,-78.62283,-21.98746,False
572,9.432465,26.33864,-78.62283,-21.98746,False
573,9.448853,26.1073,-78.61516,-21.89138,False
574,9.465546,25.86637,-78.61516,-21.84864,False
575,9.482178,25.73869,-78.67583,-21.86833,False
576,9.498779,25.67846,-78.67583,-21.85776,False
577,9.515533,25.73869,-78.67583,-21.86833,False
578,9.532196,25.73869,-78.67583,-21.86833,False
579,9.548828,25.804,-78.56215,-21.8501,False
580,9.565826,25.80187,-78.50914,-21.8622,False
581,9.582153,25.73232,-78.51682,-21.90459,False
582,9.598816,25.7137,-78.53208,-22.01056,False
583,9.61554,25.82469,-78.53969,-22.08474,False
584,9.632141,25.82469,-78.53969,-22.08474,False
585,9.648834,26.48601,-78.53969,-22.20305,False
586,9.665497,26.90656,-78.53969,-22.27989,False
587,9.682159,27.14678,-78.53969,-22.32434,False
588,9.698792,27.25473,-78.49427,-22.41172,False
589,9.715546,27.28503,-78.51688,-22.58162,False
590,9.732086,27.28503,-78.51688,-22.58162,False
591,9.748779,27.50457,-78.57621,-23.06115,False
592,9.765564,27.7931,-78.58353,-23.17089,False
593,9.782043,28.21322,-78.63653,-23.2394,False
594,9.798798,28.76291,-78.68221,-23.27993,False
595,9.815613,29.33401,-78.71313,-23.21703,False
596,9.832153,29.33401,-78.71313,-23.21703,False
597,9.848724,30.36677,-78.93349,-23.03732,False
598,9.865417,30.81477,-79.07753,-22.98447,False
599,9.88205,31.12989,-79.17606,-22.97193,False
600,9.898743,31.39675,-79.26696,-22.89464,False
601,9.915527,31.65882,-79.25165,-22.84135,False
602,9.932312,31.65882,-79.25165,-22.84135,False
603,9.948853,32.1702,-79.18951,-22.51294,False
604,9.965515,32.46189,-79.26406,-22.33274,False
605,9.982086,32.82873,-79.38334,-22.10268,False
606,9.99881,33.19659,-79.50211,-21.87378,False
607,10.01559,33.49318,-79.62864,-21.68462,False
608,10.0321,33.49318,-79.62864,-21.68462,False
609,10.04874,33.95951,-79.72134,-21.31487,False
610,10.06549,34.13155,-79.74061,-21.12231,False
611,10.08212,34.24329,-79.75954,-20.91592,False
612,10.09888,34.2797,-79.73363,-20.75915,False
613,10.11545,34.32824,-79.69881,-20.55017,False
614,10.13211,34.32824,-79.69881,-20.55017,False
615,10.14877,34.51065,-79.65477,-20.31735,False
616,10.16553,34.7177,-79.637,-20.25565,False
617,10.18201,34.92496,-79.61915,-20.19425,False
618,10.1987,35.10849,-79.57413,-19.96229,False
619,10.21555,35.23127,-79.52857,-19.71611,False
620,10.23206,35.23127,-79.52857,-19.71611,False
621,10.24875,35.25506,-79.63905,-19.06883,False
622,10.26535,35.263,-79.75126,-18.76027,False
623,10.28201,35.32522,-79.97898,-18.4963,False
624,10.29877,35.55492,-80.1097,-18.35072,False
625,10.31543,35.84409,-80.18705,-18.2314,False
626,10.33203,35.84409,-80.18705,-18.2314,False
627,10.34879,36.78396,-80.12825,-18.12875,False
628,10.35516,36.78396,-80.12825,-18.12875,True
629,10.36536,37.24192,-80.10847,-18.13153,False
630,10.38205,37.55069,-80.10847,-18.20842,False
631,10.39877,37.81339,-80.15179,-18.20765,False
632,10.41541,38.07343,-80.14185,-18.21826,False
633,10.43207,38.07343,-80.14185,-18.21826,False
634,10.44873,38.62029,-80.10187,-18.13741,False
635,10.46548,38.62029,-80.10187,-18.13741,False
636,10.48224,38.62029,-80.10187,-18.13741,False
637,10.49878,38.68206,-80.10187,-18.1533,False
638,10.51535,38.69537,-80.09182,-18.10159,False
639,10.53207,38.69537,-80.09182,-18.10159,False
640,10.54868,39.1466,-80.03106,-17.88751,False
641,10.56537,39.37268,-80.00039,-17.78102,False
642,10.58203,39.64745,-79.97984,-17.74279,False
643,10.59863,39.93612,-79.94884,-17.6535,False
644,10.6153,40.17689,-79.9072,-17.49674,False
645,10.63199,40.17689,-79.9072,-17.49674,False
646,10.64868,40.6874,-79.8016,-17.08159,False
647,10.66544,40.89505,-79.73719,-16.80654,False
648,10.68198,40.93667,-79.7047,-16.65231,False
649,10.69864,40.90199,-79.68292,-16.53268,False
650,10.7153,40.788,-79.61877,-16.45858,False
651,10.73196,40.788,-79.61877,-16.45858,False
652,10.74869,40.6006,-79.61877,-16.40838,False
653,10.76526,40.53812,-79.61877,-16.3917,False
654,10.78198,40.55184,-79.60783,-16.34027,False
655,10.79877,40.51672,-79.58589,-16.22075,False
656,10.81525,40.40235,-79.52166,-16.14697,False
657,10.832,40.40235,-79.52166,-16.14697,False
658,10.84863,40.05376,-79.49958,-15.94484,False
659,10.86548,39.99109,-79.49958,-15.92838,False
660,10.88196,39.92841,-79.49958,-15.91195,False
661,10.89862,39.94189,-79.48851,-15.86049,False
662,10.91531,39.95537,-79.47742,-15.80903,False
663,10.93198,39.95537,-79.47742,-15.80903,False
664,10.94867,39.99777,-79.21998,-15.64716,False
665,10.96548,39.95899,-79.14436,-15.53887,False
666,10.98196,40.05933,-79.05736,-15.4121,False
667,10.99863,40.23913,-79.01199,-15.23951,False
668,11.01526,40.43275,-78.9548,-15.01583,False
669,11.03192,40.43275,-78.9548,-15.01583,False
670,11.04865,40.74889,-78.79178,-14.33079,False
671,11.06537,40.77742,-78.65549,-13.96624,False
672,11.08197,40.7179,-78.59548,-13.67651,False
673,11.09879,40.6947,-78.55922,-13.50607,False
674,11.11533,40.75145,-78.56377,-13.29011,False
675,11.13193,40.75145,-78.56377,-13.29011,False
676,11.14859,41.15826,-78.48139,-12.78353,False
677,11.16528,41.53654,-78.36853,-12.39162,False
678,11.18192,41.689,-78.28142,-11.81915,False
679,11.19864,41.68609,-78.37832,-11.05008,False
680,11.21533,41.4677,-78.6583,-10.30042,False
681,11.2319,41.4677,-78.6583,-10.30042,False
682,11.24905,40.66013,-79.69344,-8.844401,False
683,11.25516,40.66013,-79.69344,-8.844401,True
684,11.26535,40.40928,-80.17208,-8.45574,False
685,11.28195,40.268,-80.50439,-8.183288,False
686,11.29865,40.24792,-80.62286,-7.9843,False
687,11.31537,40.30397,-80.67365,-7.760983,False
688,11.33197,40.30397,-80.67365,-7.760983,False
689,11.34854,40.33697,-80.78849,-7.349134,False
690,11.36526,40.28834,-80.88122,-7.262286,False
691,11.38193,40.22451,-80.93471,-7.236063,False
692,11.39923,40.21422,-81.00244,-7.277293,False
693,11.41528,40.27013,-81.07015,-7.335094,False
694,11.43195,40.27013,-81.07015,-7.335094,False
695,11.44879,40.54974,-80.86217,-7.899964,False
696,11.46524,40.7159,-80.5183,-8.350762,False
697,11.48196,40.78347,-80.09464,-8.908462,False
698,11.49857,40.72078,-79.5107,-9.697114,False
699,11.5152,40.54157,-78.96459,-10.39533,False
700,11.53204,40.54157,-78.96459,-10.39533,False
701,11.54865,40.39461,-78.17502,-11.50371,False
702,11.56531,40.59835,-77.94763,-11.7793,False
703,11.582,40.89803,-77.80093,-11.94779,False
704,11.59872,41.02074,-77.69463,-12.00398,False
705,11.61523,41.06863,-77.65426,-12.08322,False
706,11.63193,41.06863,-77.65426,-12.08322,False
707,11.64859,40.84022,-77.52035,-12.16887,False
708,11.66531,40.77303,-77.46722,-12.16346,False
709,11.68195,40.64457,-77.46722,-12.12998,False
710,11.69858,40.64753,-77.52035,-12.11861,False
711,11.71524,40.68003,-77.60112,-11.99368,False
712,11.7319,40.68003,-77.60112,-11.99368,False
713,11.74857,40.64265,-77.73672,-11.60849,False
714,11.76523,40.48142,-77.81721,-11.43382,False
715,11.78207,40.16158,-77.87038,-11.33973,False
716,11.79855,39.96786,-77.87038,-11.2903,False
717,11.81528,39.74817,-77.89622,-11.34345,False
718,11.83194,39.74817,-77.89622,-11.34345,False
719,11.84857,39.60032,-77.86687,-11.6567,False
720,11.86517,39.5198,-77.88992,-11.97528,False
721,11.88187,39.49328,-77.97785,-12.35029,False
722,11.89853,39.36058,-78.04848,-12.87447,False
723,11.91516,39.15256,-78.24206,-13.69614,False
724,11.93259,39.15256,-78.24206,-13.69614,False
725,11.94858,38.24041,-78.43606,-15.71734,False
726,11.96524,37.85122,-78.54667,-16.74196,False
727,11.98178,37.60725,-78.52197,-17.71917,False
728,11.99847,37.42729,-78.5434,-18.70182,False
729,12.01511,37.42729,-78.5434,-18.70182,False
730,12.03183,37.02787,-78.76839,-20.55704,False
731,12.04858,36.7673,-78.94562,-21.59711,False
732,12.06534,36.23838,-79.2038,-22.43633,False
733,12.08212,35.64029,-79.46277,-23.31579,False
734,12.09857,35.07901,-79.58529,-24.06467,False
735,12.1152,34.47502,-79.69506,-24.74964,False
736,12.13193,34.47502,-79.69506,-24.74964,False
737,12.14853,33.6185,-79.82053,-25.99856,False
738,12.16507,33.29483,-79.89793,-26.58749,False
739,12.18182,32.9753,-80.02526,-27.16578,False
740,12.19849,32.65715,-80.14942,-27.74501,False
741,12.21518,32.33356,-80.38216,-28.35478,False
742,12.23187,32.33356,-80.38216,-28.35478,False
743,12.24841,31.93612,-80.58899,-29.29347,False
744,12.26523,31.72521,-80.62897,-29.68921,False
745,12.2818,31.51232,-80.61441,-30.09681,False
746,12.29849,31.30271,-80.65157,-30.49331,False
747,12.31522,31.03722,-80.68731,-30.8774,False
748,12.33185,31.03722,-80.68731,-30.8774,False
749,12.34848,30.30527,-80.76653,-31.76842,False
750,12.36508,29.93386,-80.85062,-32.1184,False
751,12.38174,29.61737,-80.88019,-32.4931,False
752,12.39847,29.26934,-80.90143,-32.7505,False
753,12.41513,29.26934,-80.90143,-32.7505,False
754,12.43179,28.46329,-80.8884,-33.25609,False
755,12.44839,27.9971,-80.91032,-33.54652,False
756,12.46542,27.41133,-80.93404,-33.86915,False
757,12.48184,26.71799,-80.95635,-34.17231,False
758,12.4985,25.90752,-80.97976,-34.51099,False
759,12.51511,25.90752,-80.97976,-34.51099,False
760,12.5318,24.20963,-81.01694,-35.07621,False
761,12.54846,23.43093,-81.03144,-35.32303,False
762,12.56519,22.81732,-80.99172,-35.61407,False
763,12.58176,22.26096,-80.95094,-35.9171,False
764,12.59842,21.8158,-80.90906,-36.24037,False
765,12.6152,21.41815,-80.86747,-36.62758,False
766,12.63181,21.41815,-80.86747,-36.62758,False
767,12.64844,20.91901,-80.88421,-37.31751,False
768,12.66516,20.69786,-80.89095,-37.66743,False
769,12.68179,20.37225,-80.94971,-37.9892,False
770,12.69846,19.86939,-80.95539,-38.40629,False
771,12.71509,19.86939,-80.95539,-38.40629,False
772,12.73175,18.66796,-80.96123,-39.16151,False
773,12.74844,18.13508,-80.90867,-39.48171,False
774,12.76514,17.70473,-80.90796,-39.86068,False
775,12.78168,17.44207,-80.90617,-40.20863,False
776,12.79843,17.29298,-80.90379,-40.5174,False
777,12.81519,17.2041,-80.90118,-40.77954,False
778,12.83167,17.2041,-80.90118,-40.77954,False
779,12.84845,16.92095,-80.84122,-41.30178,False
780,12.86508,16.73578,-80.83785,-41.49646,False
781,12.88177,16.49203,-80.83315,-41.73848,False
782,12.89841,16.19715,-80.82789,-41.97428,False
783,12.91513,16.19715,-80.82789,-41.97428,False
784,12.93173,15.84466,-80.82085,-42.25811,False
785,12.94846,15.66899,-80.81703,-42.40039,False
786,12.96512,15.53875,-80.81163,-42.60319,False
787,12.98175,15.35579,-80.75278,-42.8116,False
788,12.99832,15.22635,-80.74667,-43.0147,False
789,13.01511,15.22635,-80.74667,-43.0147,False
790,13.03171,15.14869,-80.7402,-43.22413,False
791,13.04846,15.14726,-80.68712,-43.23597,False
792,13.06497,15.14439,-80.58096,-43.25971,False
793,13.07516,15.14439,-80.58096,-43.25971,True
794,13.0817,15.09151,-80.52789,-43.26539,False
795,13.09839,14.93577,-80.47482,-43.2588,False
796,13.11502,14.93577,-80.47482,-43.2588,False
797,13.13165,14.51793,-80.47314,-43.26429,False
798,13.14859,14.31217,-80.47314,-43.24058,False
799,13.16507,14.09894,-80.41839,-43.28314,False
800,13.1817,13.89055,-80.31228,-43.2841,False
801,13.19836,13.73494,-80.25922,-43.27908,False
802,13.21509,13.73494,-80.25922,-43.27908,False
803,13.23181,13.6881,-80.20788,-43.23151,False
804,13.24838,13.69727,-80.10513,-43.14768,False
805,13.26508,13.72282,-79.95397,-42.91412,False
806,13.28171,13.75749,-79.6991,-42.59724,False
807,13.29837,13.78619,-79.44205,-42.33487,False
808,13.31497,13.78619,-79.44205,-42.33487,False
809,13.33173,13.68691,-79.13664,-41.7985,False
810,13.34836,13.50349,-78.98257,-41.54367,False
811,13.36505,13.36449,-78.77429,-41.36147,False
812,13.38168,13.2194,-78.56503,-41.2338,False
813,13.39844,13.17995,-78.40852,-41.10459,False
814,13.4151,13.17995,-78.40852,-41.10459,False
815,13.43161,13.18982,-78.35693,-41.00933,False
816,13.44894,13.18982,-78.35693,-41.00933,False
817,13.46518,13.08509,-78.35693,-40.99852,False
818,13.48169,12.98035,-78.35693,-40.9878,False
819,13.49835,12.87977,-78.3047,-40.93597,False
820,13.51495,12.87977,-78.3047,-40.93597,False
821,13.53168,12.89225,-78.14785,-40.81248,False
822,13.54837,12.89772,-78.14838,-40.75842,False
823,13.56512,12.90318,-78.14887,-40.70435,False
824,13.5816,12.96664,-78.1498,-40.60155,False
825,13.5993,12.9831,-78.15103,-40.43938,False
826,13.61502,12.9831,-78.15103,-40.43938,False
827,13.63162,12.95783,-78.15263,-40.16374,False
828,13.64825,12.97422,-78.15334,-40.00155,False
829,13.66492,12.99062,-78.15383,-39.83936,False
830,13.68164,13.12385,-78.15422,-39.5798,False
831,13.69839,13.26174,-78.10112,-39.27925,False
832,13.71506,13.26174,-78.10112,-39.27925,False
833,13.73157,13.53473,-78.04574,-38.71971,False
834,13.74823,13.5573,-78.04414,-38.50354,False
835,13.76489,13.58552,-78.04165,-38.23333,False
836,13.78162,13.61373,-78.0386,-37.96312,False
837,13.79843,13.64758,-78.03422,-37.63888,False
838,13.81488,13.64758,-78.03422,-37.63888,False
839,13.83185,13.69836,-78.02615,-37.15255,False
840,13.83514,13.69836,-78.02615,-37.15255,True
841,13.8483,13.71529,-78.02306,-36.99044,False
842,13.86496,13.67813,-78.01978,-36.82271,False
843,13.88165,13.63524,-78.01747,-36.70902,False
844,13.89832,13.63949,-77.96346,-36.66796,False
845,13.91504,13.63949,-77.96346,-36.66796,False
846,13.9317,13.66188,-77.9585,-36.45182,False
847,13.94827,13.67173,-77.90308,-36.35675,False
848,13.96494,13.69006,-77.73917,-36.17976,False
849,13.98178,13.70701,-77.52217,-36.01611,False
850,13.99832,13.60521,-77.3608,-35.93639,False
851,14.01498,13.60521,-77.3608,-35.93639,False
852,14.03162,13.61495,-77.3049,-35.84157,False
853,14.04825,13.61359,-77.25215,-35.85483,False
854,14.06494,13.50327,-77.1994,-35.85696,False
855,14.08157,13.39026,-77.04119,-35.88587,False
856,14.09842,13.33175,-76.88303,-35.92054,False
857,14.1149,13.33175,-76.88303,-35.92054,False
858,14.13168,13.20936,-76.78076,-36.04461,False
859,14.14828,13.15495,-76.78076,-36.03918,False
860,14.16495,13.09386,-76.72961,-36.10131,False
861,14.18161,12.92146,-76.57306,-36.17989,False
862,14.19873,12.70144,-76.46771,-36.18597,False
863,14.21487,12.70144,-76.46771,-36.18597,False
864,14.23151,12.37405,-76.41505,-36.16865,False
865,14.24823,12.09236,-76.41801,-36.25167,False
866,14.26492,11.80622,-76.4223,-36.3894,False
867,14.28149,11.29922,-76.4277,-36.5631,False
868,14.29825,10.84778,-76.43275,-36.7432,False
869,14.31491,10.84778,-76.43275,-36.7432,False
870,14.3316,9.841921,-76.49445,-37.08628,False
871,14.34827,9.448428,-76.49844,-37.27525,False
872,14.36487,9.059854,-76.50119,-37.4112,False
873,14.38159,8.729542,-76.50292,-37.49767,False
874,14.39825,8.453482,-76.50455,-37.58844,False
875,14.41489,8.453482,-76.50455,-37.58844,False
876,14.43158,7.79844,-76.50685,-37.71102,False
877,14.44824,7.466794,-76.50894,-37.85492,False
878,14.46487,7.130711,-76.56466,-38.09453,False
879,14.48166,6.793728,-76.67294,-38.37571,False
880,14.49826,6.514225,-76.78014,-38.60624,False
881,14.51483,6.514225,-76.78014,-38.60624,False
882,14.53159,6.067017,-76.78191,-39.01974,False
883,14.54825,5.950647,-76.78226,-39.23191,False
884,14.56485,5.834018,-76.72958,-39.45775,False
885,14.58151,5.718366,-76.72922,-39.67013,False
886,14.59818,5.651112,-76.72803,-39.9935,False
887,14.61487,5.651112,-76.72803,-39.9935,False
888,14.63162,5.579982,-76.77789,-40.41192,False
889,14.64819,5.572879,-76.77646,-40.57478,False
890,14.66489,5.510371,-76.72155,-40.80319,False
891,14.68158,5.446309,-76.71828,-41.07236,False
892,14.69818,5.434695,-76.71446,-41.34377,False
893,14.71487,5.434695,-76.71446,-41.34377,False
894,14.73157,5.416693,-76.7599,-41.76447,False
895,14.74835,5.409725,-76.75681,-41.92731,False
896,14.76483,5.400434,-76.75238,-42.14442,False
897,14.78162,5.391145,-76.7476,-42.36152,False
898,14.79816,5.381855,-76.74245,-42.57861,False
899,14.81494,5.381855,-76.74245,-42.57861,False
900,14.83154,5.418919,-76.6814,-42.92001,False
901,14.84821,5.418332,-76.62871,-42.93358,False
902,14.86484,5.365596,-76.52335,-42.95857,False
903,14.88147,5.208654,-76.52188,-43.00632,False
904,14.89517,5.208654,-76.52188,-43.00632,True
905,14.89819,5.000317,-76.52039,-43.0522,False
906,14.91483,5.000317,-76.52039,-43.0522,False
907,14.93149,4.473884,-76.56363,-43.34476,False
908,14.94821,4.160938,-76.66399,-43.46977,False
909,14.96494,3.848217,-76.71146,-43.60918,False
910,14.98151,3.330899,-76.70605,-43.75728,False
911,14.99817,2.813636,-76.69852,-43.96181,False
912,15.0148,2.813636,-76.69852,-43.96181,False
913,15.03149,1.629972,-76.67815,-44.48371,False
914,15.04816,1.168991,-76.66714,-44.74998,False
915,15.06485,0.6595801,-76.65794,-44.96338,False
916,15.08151,0.3547299,-76.7035,-45.11144,False
917,15.09818,0.2025244,-76.69862,-45.21967,False
918,15.11484,0.2025244,-76.69862,-45.21967,False
919,15.1315,-0.05049164,-76.63079,-45.55873,False
920,15.14813,-0.151274,-76.62292,-45.72164,False
921,15.16476,-0.3021461,-76.61485,-45.88473,False
922,15.18146,-0.4528169,-76.60937,-45.99374,False
923,15.19806,-0.6032193,-76.60378,-46.10292,False
924,15.21481,-0.6032193,-76.60378,-46.10292,False
925,15.23141,-0.8525658,-76.53677,-46.38929,False
926,15.24814,-0.9511701,-76.5249,-46.60706,False
927,15.2648,-1.050471,-76.57153,-46.70282,False
928,15.28137,-1.248881,-76.56227,-46.86745,False
929,15.29813,-1.446753,-76.55281,-47.0324,False
930,15.3147,-1.446753,-76.55281,-47.0324,False
931,15.33139,-1.840258,-76.37523,-47.40398,False
932,15.34802,-1.985887,-76.36178,-47.62325,False
933,15.36469,-2.081426,-76.34797,-47.8418,False
934,15.38144,-2.127144,-76.33381,-48.05952,False
935,15.3981,-2.222057,-76.31929,-48.27815,False
936,15.41476,-2.222057,-76.31929,-48.27815,False
937,15.43143,-2.557806,-76.18386,-48.74588,False
938,15.44806,-2.798625,-76.16828,-48.96812,False
939,15.46475,-3.03716,-76.14832,-49.245,False
940,15.48135,-3.277555,-76.13607,-49.41399,False
941,15.49835,-3.515665,-76.11944,-49.6376,False
942,15.51489,-3.515665,-76.11944,-49.6376,False
943,15.5314,-4.236184,-76.09383,-49.98636,False
944,15.5481,-4.66778,-76.08072,-50.16521,False
945,15.56464,-5.146635,-76.06741,-50.34771,False
946,15.58148,-5.573061,-76.04937,-50.58393,False
947,15.59808,-5.952221,-76.0356,-50.76513,False
948,15.61475,-5.952221,-76.0356,-50.76513,False
949,15.63147,-6.608462,-76.05537,-51.16605,False
950,15.6481,-7.032346,-76.04095,-51.35339,False
951,15.66467,-7.502967,-76.02632,-51.54532,False
952,15.6817,-8.016366,-76.00651,-51.79639,False
953,15.69803,-8.432002,-75.98634,-52.04271,False
954,15.71475,-8.432002,-75.98634,-52.04271,False
955,15.73129,-9.106781,-75.93439,-52.63615,False
956,15.74792,-9.417824,-75.90759,-52.93232,False
957,15.76471,-9.684434,-75.88575,-53.1714,False
958,15.78137,-9.992503,-75.85795,-53.469,False
959,15.79797,-10.30378,-75.83532,-53.71354,False
960,15.81473,-10.30378,-75.83532,-53.71354,False
961,15.83136,-10.73461,-75.78899,-54.18721,False
962,15.83514,-10.73461,-75.78899,-54.18721,True
963,15.84802,-10.86007,-75.77126,-54.36186,False
964,15.86475,-10.8915,-75.75333,-54.52763,False
965,15.88132,-10.87607,-75.7352,-54.68889,False
966,15.89792,-10.90731,-75.71687,-54.85461,False
967,15.91495,-10.90731,-75.71687,-54.85461,False
968,15.93155,-11.09844,-75.66703,-55.30705,False
969,15.94803,-11.26291,-75.64158,-55.54025,False
970,15.96463,-11.37494,-75.60928,-55.82262,False
971,15.98129,-11.53244,-75.57642,-56.10977,False
972,15.99805,-11.63742,-75.53627,-56.4459,False
973,16.01474,-11.63742,-75.53627,-56.4459,False
974,16.03149,-11.66344,-75.50626,-57.08522,False
975,16.048,-11.67536,-75.46374,-57.4115,False
976,16.06467,-11.6359,-75.41313,-57.78641,False
977,16.0813,-11.60773,-75.37632,-58.05412,False
978,16.09818,-11.57393,-75.33143,-58.37527,False
979,16.11469,-11.57393,-75.33143,-58.37527,False
980,16.13129,-11.51762,-75.25485,-58.91028,False
981,16.14804,-11.54002,-75.22361,-59.12893,False
982,16.16467,-11.53158,-75.31322,-59.20882,False
983,16.1813,-11.52878,-75.4107,-59.23532,False
984,16.19797,-11.57507,-75.4634,-59.22663,False
985,16.21466,-11.57507,-75.4634,-59.22663,False
986,16.23132,-12.0922,-75.69794,-59.06625,False
987,16.24844,-12.51638,-75.97731,-58.93848,False
988,16.26468,-12.88872,-76.19617,-58.8741,False
989,16.28128,-13.26159,-76.41511,-58.81134,False
990,16.29794,-13.59329,-76.53621,-58.71717,False
991,16.31458,-13.59329,-76.53621,-58.71717,False
992,16.3313,-13.97241,-76.71006,-58.61686,False
993,16.34799,-14.02434,-76.71773,-58.56926,False
994,16.36465,-14.07798,-76.77821,-58.50875,False
995,16.38129,-14.13001,-76.78583,-58.46119,False
996,16.39789,-14.17519,-76.78583,-58.46701,False
997,16.41513,-14.17519,-76.78583,-58.46701,False
998,16.43137,-14.55776,-76.80857,-58.35421,False
999,16.44794,-14.88874,-76.82362,-58.28991,False
1000,16.4646,-15.16758,-76.83112,-58.27366,False
1001,16.48123,-15.44659,-76.83859,-58.25812,False
1002,16.49796,-15.63887,-76.95171,-58.20465,False
1003,16.51453,-15.63887,-76.95171,-58.20465,False
1004,16.53122,-16.01259,-77.06483,-58.1778,False
1005,16.54788,-16.2016,-77.07224,-58.15102,False
1006,16.5654,-16.42814,-77.07224,-58.18457,False
1007,16.58121,-16.60932,-77.07224,-58.21173,False
1008,16.59781,-16.6546,-77.07224,-58.21857,False
1009,16.61447,-16.6546,-77.07224,-58.21857,False
1010,16.63126,-16.74517,-77.07224,-58.23231,False
1011,16.64801,-16.79045,-77.07224,-58.2392,False
1012,16.66455,-16.881,-77.07224,-58.25305,False
1013,16.68121,-16.91809,-77.06483,-58.31321,False
1014,16.69791,-16.92005,-77.11769,-58.30044,False
1015,16.71457,-16.92005,-77.11769,-58.30044,False
1016,16.73117,-16.92201,-77.17055,-58.28769,False
1017,16.74789,-16.94033,-77.2382,-58.16855,False
1018,16.76468,-17.0122,-77.3131,-58.00319,False
1019,16.78116,-17.17706,-77.44067,-57.83929,False
1020,16.79794,-17.33598,-77.61378,-57.7163,False
1021,16.81461,-17.33598,-77.61378,-57.7163,False
1022,16.8313,-17.79802,-77.91405,-57.45268,False
1023,16.8479,-18.19091,-77.98814,-57.33987,False
1024,16.86459,-18.48243,-78.00214,-57.27878,False
1025,16.88116,-18.72866,-78.01605,-57.21073,False
1026,16.89795,-18.89281,-78.03676,-57.0745,False
1027,16.91455,-18.89281,-78.03676,-57.0745,False
1028,16.93137,-19.02271,-78.11698,-56.8651,False
1029,16.94803,-19.04084,-78.1305,-56.75881,False
1030,16.96457,-19.07017,-78.20354,-56.58695,False
1031,16.98126,-19.11553,-78.23663,-56.32112,False
1032,16.99792,-19.24412,-78.26269,-56.1242,False
1033,17.01453,-19.24412,-78.26269,-56.1242,False
1034,17.03119,-19.78948,-78.32005,-55.72594,False
1035,17.04779,-20.11465,-78.35114,-55.50939,False
1036,17.06448,-20.38495,-78.37563,-55.33844,False
1037,17.0813,-20.6095,-78.39976,-55.15961,False
1038,17.09824,-20.73173,-78.41762,-55.01721,False
1039,17.11447,-20.73173,-78.41762,-55.01721,False
1040,17.1312,-20.88352,-78.45276,-54.7155,False
1041,17.14789,-20.90305,-78.46429,-54.60922,False
1042,17.16443,-20.93235,-78.48144,-54.44978,False
1043,17.18118,-21.06526,-78.50397,-54.25444,False
1044,17.19791,-21.23563,-78.52065,-54.12109,False
1045,17.21451,-21.23563,-78.52065,-54.12109,False
1046,17.23117,-21.88017,-78.56416,-53.80242,False
1047,17.24796,-22.19355,-78.58011,-53.69748,False
1048,17.2644,-22.4156,-78.6488,-53.56257,False
1049,17.28125,-22.59892,-78.66949,-53.37801,False
1050,17.29825,-22.7249,-78.68478,-53.23741,False
1051,17.31448,-22.7249,-78.68478,-53.23741,False
1052,17.33127,-22.86165,-78.70486,-53.04384,False
1053,17.34799,-22.88269,-78.71477,-52.93769,False
1054,17.36447,-22.89322,-78.71969,-52.8846,False
1055,17.38123,-22.95124,-78.72459,-52.84095,False
1056,17.39786,-22.96179,-78.72946,-52.78786,False
1057,17.41449,-22.96179,-78.72946,-52.78786,False
1058,17.43115,-23.17311,-78.73914,-52.71965,False
1059,17.44785,-23.27887,-78.74396,-52.68569,False
1060,17.46451,-23.42154,-78.74396,-52.7145,False
1061,17.48145,-23.51663,-78.74396,-52.7338,False
1062,17.4978,-23.56417,-78.74396,-52.74348,False
1063,17.5145,-23.56417,-78.74396,-52.74348,False
1064,17.53113,-23.60919,-78.69101,-52.76547,False
1065,17.54782,-23.66757,-78.6958,-52.72216,False
1066,17.56445,-23.71511,-78.6958,-52.73191,False
1067,17.58115,-23.76265,-78.6958,-52.74167,False
1068,17.59778,-23.85772,-78.6958,-52.76125,False
1069,17.61447,-23.85772,-78.6958,-52.76125,False
1070,17.6312,-24.31642,-78.52158,-52.46585,False
1071,17.64786,-24.64199,-78.43398,-52.33912,False
1072,17.66443,-24.97366,-78.45185,-52.18849,False
1073,17.68109,-25.18763,-78.46066,-52.12386,False
1074,17.69775,-25.35406,-78.46937,-52.04918,False
1075,17.71442,-25.35406,-78.46937,-52.04918,False
1076,17.73117,-25.44541,-78.43362,-51.86034,False
1077,17.74783,-25.41853,-78.18182,-51.75347,False
1078,17.76447,-25.45098,-77.93404,-51.60462,False
1079,17.78122,-25.38718,-77.68604,-51.43535,False
1080,17.79779,-25.41336,-77.5395,-51.31479,False
1081,17.81442,-25.41336,-77.5395,-51.31479,False
1082,17.83121,-25.44786,-77.55121,-51.1559,False
1083,17.84778,-25.50757,-77.55507,-51.11341,False
1084,17.86441,-25.62711,-77.56272,-51.02852,False
1085,17.88123,-25.65025,-77.57029,-50.9226,False
1086,17.8978,-25.66182,-77.57404,-50.86964,False
1087,17.9144,-25.66182,-77.57404,-50.86964,False
1088,17.93112,-25.59977,-77.58516,-50.68966,False
1089,17.93515,-25.59977,-77.58516,-50.68966,True
1090,17.94772,-25.61129,-77.58882,-50.63668,False
1091,17.96432,-25.5859,-77.59608,-50.5202,False
1092,17.98123,-25.60891,-77.60325,-50.41423,False
1093,17.99777,-25.64343,-77.61383,-50.25526,False
1094,18.01468,-25.64343,-77.61383,-50.25526,False
1095,18.0311,-25.71504,-77.62078,-50.15984,False
1096,18.04776,-25.72657,-77.62422,-50.10685,False
1097,18.06439,-25.65229,-77.63103,-49.97973,False
1098,18.08124,-25.58927,-77.6411,-49.79964,False
1099,18.09772,-25.6236,-77.65096,-49.64058,False
1100,18.11441,-25.6236,-77.65096,-49.64058,False
1101,18.1312,-25.73805,-77.68238,-49.11032,False
1102,18.14774,-25.83573,-77.74714,-48.896,False
1103,18.16489,-25.89308,-77.76158,-48.63082,False
1104,18.18109,-25.93897,-77.77274,-48.41866,False
1105,18.19772,-25.98486,-77.78354,-48.20648,False
1106,18.21442,-25.98486,-77.78354,-48.20648,False
1107,18.23099,-25.9785,-77.74117,-47.99639,False
1108,18.24771,-25.98995,-77.74373,-47.94333,False
1109,18.26434,-25.98995,-77.74373,-47.94333,False
1110,18.2811,-26.03946,-77.74373,-47.95403,False
1111,18.2977,-26.08896,-77.74373,-47.96475,False
1112,18.31445,-26.08896,-77.74373,-47.96475,False
1113,18.33102,-26.11543,-77.73859,-48.08157,False
1114,18.34775,-26.10391,-77.73599,-48.13461,False
1115,18.36441,-26.1418,-77.73337,-48.19839,False
1116,18.38107,-26.22902,-77.73073,-48.27295,False
1117,18.39764,-26.40315,-77.72537,-48.42226,False
1118,18.41434,-26.40315,-77.72537,-48.42226,False
1119,18.43109,-26.97074,-77.71992,-48.65989,False
1120,18.44791,-27.20473,-77.71717,-48.76851,False
1121,18.46439,-27.4875,-77.71439,-48.88888,False
1122,18.4809,-27.8066,-77.70877,-49.07419,False
1123,18.49765,-28.21028,-77.70017,-49.33631,False
1124,18.5144,-28.21028,-77.70017,-49.33631,False
1125,18.53094,-28.83136,-77.726,-49.97429,False
1126,18.5477,-28.99037,-77.76942,-50.16723,False
1127,18.56436,-29.16495,-77.8687,-50.29509,False
1128,18.58102,-29.38452,-77.91507,-50.44794,False
1129,18.59769,-29.66207,-77.9118,-50.5734,False
1130,18.61426,-29.66207,-77.9118,-50.5734,False
1131,18.63101,-30.02251,-77.90521,-50.77671,False
1132,18.64761,-30.12384,-77.84232,-50.98403,False
1133,18.66431,-30.16625,-77.8286,-51.21891,False
1134,18.68124,-30.17377,-77.81808,-51.38884,False
1135,18.69775,-30.1676,-77.80374,-51.61124,False
1136,18.71436,-30.1676,-77.80374,-51.61124,False
1137,18.73096,-30.14767,-77.78532,-51.88607,False
1138,18.74771,-30.15147,-77.72118,-52.06851,False
1139,18.76437,-30.1925,-77.70578,-52.30317,False
1140,18.78101,-30.28079,-77.69003,-52.55023,False
1141,18.79761,-30.40224,-77.66984,-52.86221,False
1142,18.81433,-30.40224,-77.66984,-52.86221,False
1143,18.83102,-31.08138,-77.63212,-53.54819,False
1144,18.84769,-31.48133,-77.61038,-53.93808,False
1145,18.86432,-31.81716,-77.58358,-54.36834,False
1146,18.88092,-32.02746,-77.5466,-54.87724,False
1147,18.89761,-32.22028,-77.50331,-55.43832,False
1148,18.91431,-32.22028,-77.50331,-55.43832,False
1149,18.93091,-32.8576,-77.40607,-56.69314,False
1150,18.9476,-33.40542,-77.35722,-57.36388,False
1151,18.96432,-34.13021,-77.32367,-57.92401,False
1152,18.98096,-34.92645,-77.30087,-58.40004,False
1153,18.99515,-34.92645,-77.30087,-58.40004,True
1154,18.99762,-35.83691,-77.2365,-58.82084,False
1155,19.01431,-35.83691,-77.2365,-58.82084,False
1156,19.03091,-37.41919,-77.22488,-59.4655,False
1157,19.04773,-38.17941,-77.22488,-59.72974,False
1158,19.06433,-38.87496,-77.21903,-60.03412,False
1159,19.08084,-39.34602,-77.21317,-60.26183,False
1160,19.09753,-39.7271,-77.20728,-60.45887,False
1161,19.11441,-39.7271,-77.20728,-60.45887,False
1162,19.13095,-40.06297,-77.20137,-60.64077,False
1163,19.14764,-40.1958,-77.20137,-60.69027,False
1164,19.16431,-40.37283,-77.20137,-60.75653,False
1165,19.181,-40.63816,-77.20137,-60.85646,False
1166,19.19769,-40.86372,-77.25419,-60.92805,False
1167,19.21423,-40.86372,-77.25419,-60.92805,False
1168,19.23087,-41.15876,-77.23632,-61.21431,False
1169,19.24765,-41.25204,-77.2243,-61.36594,False
1170,19.26425,-41.2816,-77.20611,-61.55101,False
1171,19.28098,-41.3304,-77.19386,-61.68568,False
1172,19.29764,-41.27188,-77.17534,-61.8367,False
1173,19.3143,-41.27188,-77.17534,-61.8367,False
1174,19.33096,-41.19387,-77.15033,-62.03802,False
1175,19.3475,-41.08697,-77.14402,-62.05452,False
1176,19.36426,-41.04326,-77.14402,-62.03764,False
1177,19.38101,-40.95581,-77.14402,-62.00392,False
1178,19.39764,-40.8246,-77.14402,-61.95348,False
1179,19.41422,-40.8246,-77.14402,-61.95348,False
1180,19.43094,-40.29448,-77.0912,-61.76553,False
1181,19.44763,-39.93907,-77.03838,-61.6458,False
1182,19.46417,-39.71503,-76.98557,-61.57618,False
1183,19.48083,-39.62721,-76.98557,-61.54356,False
1184,19.49753,-39.59748,-76.93907,-61.48896,False
1185,19.51419,-39.59748,-76.93907,-61.48896,False
1186,19.53113,-39.34556,-76.95786,-61.22342,False
1187,19.54758,-39.20636,-76.97028,-61.05745,False
1188,19.56418,-39.15509,-76.9826,-60.92379,False
1189,19.58081,-39.14785,-76.99485,-60.80623,False
1190,19.59766,-39.12207,-77.00094,-60.73939,False
1191,19.61417,-39.12207,-77.00094,-60.73939,False
1192,19.63089,-39.08879,-77.01907,-60.55495,False
1193,19.64755,-38.99248,-77.03104,-60.40523,False
1194,19.66418,-38.85141,-77.04293,-60.23958,False
1195,19.68091,-38.75443,-77.05473,-60.09002,False
1196,19.69748,-38.61256,-77.06644,-59.92464,False
1197,19.71414,-38.61256,-77.06644,-59.92464,False
1198,19.73087,-38.38583,-77.04254,-59.57158,False
1199,19.74765,-38.1352,-77.04826,-59.4262,False
1200,19.76413,-37.77668,-77.04826,-59.30135,False
1201,19.78079,-37.32795,-77.04826,-59.14693,False
1202,19.79749,-36.78865,-77.04826,-58.96407,False
1203,19.81418,-36.78865,-77.04826,-58.96407,False
1204,19.83084,-35.52682,-77.04826,-58.54776,False
1205,19.84744,-34.89412,-77.04826,-58.34506,False
1206,19.86417,-34.34698,-76.99545,-58.18678,False
1207,19.8808,-33.71223,-76.99545,-57.99088,False
1208,19.89758,-33.21271,-76.99545,-57.83952,False
1209,19.91418,-33.21271,-76.99545,-57.83952,False
1210,19.93079,-32.40902,-77.00114,-57.54486,False
1211,19.94754,-32.08569,-76.9653,-57.29574,False
1212,19.95517,-32.08569,-76.9653,-57.29574,True
1213,19.96408,-31.85259,-76.92925,-57.07372,False
1214,19.98077,-31.65328,-76.94031,-56.90446,False
1215,19.99747,-31.43875,-76.9458,-56.78759,False
1216,20.01413,-31.43875,-76.9458,-56.78759,False
1217,20.03082,-31.02309,-76.96215,-56.50296,False
1218,20.04755,-30.80741,-76.96755,-56.38728,False
1219,20.06403,-30.53108,-76.96755,-56.31161,False
1220,20.08081,-30.31478,-76.97294,-56.19688,False
1221,20.09753,-30.20449,-76.98363,-56.05513,False
1222,20.11414,-30.20449,-76.98363,-56.05513,False
1223,20.13074,-30.29859,-77.03581,-55.52036,False
1224,20.14752,-30.36875,-77.06107,-55.2591,False
1225,20.16425,-30.43892,-77.08578,-54.99779,False
1226,20.18079,-30.31164,-77.15794,-54.72595,False
1227,20.19751,-30.08651,-77.17696,-54.44217,False
1228,20.21451,-30.08651,-77.17696,-54.44217,False
1229,20.23074,-29.39036,-77.19562,-54.03696,False
1230,20.24747,-28.9804,-77.20023,-53.8765,False
1231,20.26413,-28.55656,-77.20023,-53.77003,False
1232,20.28085,-28.17417,-77.26672,-53.49457,False
1233,20.29739,-28.0524,-77.34191,-53.17253,False
1234,20.31415,-28.0524,-77.34191,-53.17253,False
1235,20.33081,-27.9458,-77.40168,-52.36638,False
1236,20.3475,-27.91672,-77.47478,-52.06722,False
1237,20.36411,-27.76615,-77.5395,-51.85056,False
1238,20.38074,-27.58999,-77.59624,-51.73957,False
1239,20.39749,-27.31753,-77.65295,-51.60635,False
1240,20.41418,-27.31753,-77.65295,-51.60635,False
1241,20.43079,-26.59984,-77.70578,-51.42736,False
1242,20.44742,-26.07071,-77.70578,-51.30824,False
1243,20.46423,-25.63738,-77.70578,-51.21256,False
1244,20.48077,-25.2037,-77.70578,-51.11848,False
1245,20.4975,-24.88864,-77.71352,-50.94038,False
1246,20.5141,-24.88864,-77.71352,-50.94038,False
1247,20.53073,-24.27162,-77.71736,-50.75593,False
1248,20.54736,-24.04065,-77.72118,-50.65317,False
1249,20.56403,-23.71247,-77.72497,-50.53131,False
1250,20.58072,-23.38378,-77.72874,-50.41038,False
1251,20.59738,-22.96784,-77.73622,-50.21822,False
1252,20.61395,-22.96784,-77.73622,-50.21822,False
1253,20.63077,-21.87912,-77.74728,-49.84635,False
1254,20.64758,-21.31328,-77.75453,-49.63311,False
1255,20.664,-20.79476,-77.7617,-49.4311,False
1256,20.68066,-20.28395,-77.77229,-49.17789,False
1257,20.69745,-19.78014,-77.78609,-48.87336,False
1258,20.71408,-19.78014,-77.78609,-48.87336,False
1259,20.73068,-19.00386,-77.8094,-48.36303,False
1260,20.74741,-18.69174,-77.82224,-48.09443,False
1261,20.76398,-18.5269,-77.83472,-47.84937,False
1262,20.7807,-18.46879,-77.84982,-47.56602,False
1263,20.79733,-18.5016,-77.86151,-47.35148,False
1264,20.81393,-18.5016,-77.86151,-47.35148,False
1265,20.83066,-18.57542,-77.88651,-46.86868,False
1266,20.84747,-18.60003,-77.89445,-46.70773,False
1267,20.86395,-18.63285,-77.90472,-46.49311,False
1268,20.88092,-18.66764,-77.96746,-46.26561,False
1269,20.8974,-18.70866,-77.97935,-45.9973,False
1270,20.91397,-18.70866,-77.97935,-45.9973,False
1271,20.93073,-18.93502,-78.06457,-45.1949,False
1272,20.94739,-19.19794,-78.13081,-44.83776,False
1273,20.96393,-19.39433,-78.19257,-44.58046,False
1274,20.98068,-19.48496,-78.35786,-44.33554,False
1275,20.99768,-19.49738,-78.46522,-44.25647,False
1276,21.01404,-19.49738,-78.46522,-44.25647,False
1277,21.03067,-19.11966,-78.62861,-43.99396,False
1278,21.04739,-18.88838,-78.63316,-43.7938,False
1279,21.06396,-18.64832,-78.63608,-43.64779,False
1280,21.08072,-18.3564,-78.63892,-43.49467,False
1281,21.09732,-17.96875,-78.643,-43.27366,False
1282,21.11398,-17.96875,-78.643,-43.27366,False
1283,21.13071,-16.76952,-78.64937,-42.8332,False
1284,21.13516,-16.76952,-78.64937,-42.8332,True
1285,21.14737,-15.96388,-78.65292,-42.56391,False
1286,21.16403,-15.05176,-78.65627,-42.28736,False
1287,21.18091,-14.24031,-78.65943,-42.02911,False
1288,21.19727,-13.52443,-78.66142,-41.84118,False
1289,21.21405,-13.52443,-78.66142,-41.84118,False
1290,21.23071,-12.34719,-78.61225,-41.51536,False
1291,21.24728,-11.92989,-78.61225,-41.47543,False
1292,21.26401,-11.61683,-78.61225,-41.44638,False
1293,21.28064,-11.51246,-78.61225,-41.43687,False
1294,21.29733,-11.46516,-78.61313,-41.37804,False
1295,21.31403,-11.46516,-78.61313,-41.37804,False
1296,21.3306,-11.48959,-78.61717,-41.10748,False
1297,21.34729,-11.55173,-78.61863,-41.00399,False
1298,21.36392,-11.61395,-78.62,-40.90053,False
1299,21.38065,-11.67131,-78.62066,-40.85121,False
1300,21.39734,-11.67626,-78.62129,-40.7971,False
1301,21.414,-11.67626,-78.62129,-40.7971,False
1302,21.43112,-11.79615,-78.62305,-40.64443,False
1303,21.44727,-11.80115,-78.62359,-40.59032,False
1304,21.46399,-11.86874,-78.62508,-40.43288,False
1305,21.48071,-11.93143,-78.62597,-40.32956,False
1306,21.49722,-12.05197,-78.62714,-40.17712,False
1307,21.51398,-12.05197,-78.62714,-40.17712,False
1308,21.53067,-12.44182,-78.62837,-39.99601,False
1309,21.54733,-12.54737,-78.62837,-40.00629,False
1310,21.564,-12.5567,-78.57598,-39.91088,False
1311,21.58102,-12.56074,-78.52332,-39.86957,False
1312,21.59729,-12.56352,-78.41777,-39.84109,False
1313,21.61398,-12.56352,-78.41777,-39.84109,False
1314,21.6308,-12.54227,-78.41843,-39.51144,False
1315,21.64731,-12.55806,-78.41846,-39.34919,False
1316,21.66397,-12.63226,-78.4182,-39.13805,False
1317,21.6806,-12.6534,-78.41758,-38.92173,False
1318,21.69724,-12.66926,-78.41689,-38.75949,False
1319,21.71396,-12.66926,-78.41689,-38.75949,False
1320,21.73062,-12.64632,-78.36203,-38.44263,False
1321,21.74728,-12.65033,-78.30877,-38.40141,False
1322,21.76395,-12.60214,-78.30833,-38.34214,False
1323,21.78058,-12.61137,-78.25455,-38.24685,False
1324,21.79727,-12.56185,-78.20121,-38.20049,False
1325,21.81393,-12.56185,-78.20121,-38.20049,False
1326,21.83063,-12.57751,-78.19958,-38.03824,False
1327,21.84726,-12.53432,-78.19839,-37.92491,False
1328,21.86398,-12.56031,-78.19501,-37.65448,False
1329,21.88058,-12.53244,-78.19109,-37.3789,False
1330,21.89716,-12.55832,-78.1866,-37.10848,False
1331,21.91394,-12.55832,-78.1866,-37.10848,False
1332,21.91516,-12.55832,-78.1866,-37.10848,True
1333,21.93066,-12.66425,-78.17597,-36.57287,False
1334,21.9473,-12.79758,-78.11699,-36.3259,False
1335,21.9639,-12.86765,-78.11304,-36.16897,False
1336,21.98065,-12.92603,-78.05885,-36.13315,False
1337,21.99734,-12.93131,-78.05746,-36.07909,False
1338,22.01392,-12.93131,-78.05746,-36.07909,False
1339,22.03061,-12.87692,-78.05746,-36.07378,False
1340,22.04721,-12.87566,-78.00463,-36.08675,False
1341,22.06393,-12.88092,-78.00323,-36.03268,False
1342,22.08063,-12.90724,-77.99586,-35.76237,False
1343,22.09723,-12.93355,-77.98795,-35.49207,False
1344,22.11386,-12.93355,-77.98795,-35.49207,False
1345,22.13058,-13.00448,-78.07044,-34.76347,False
1346,22.14725,-13.04131,-78.05642,-34.38514,False
1347,22.16397,-13.06635,-77.9929,-34.12788,False
1348,22.18057,-13.07435,-77.88283,-34.04576,False
1349,22.1972,-13.07181,-77.7772,-34.0718,False
1350,22.21387,-13.07181,-77.7772,-34.0718,False
1351,22.23059,-12.98787,-77.68249,-34.36276,False
1352,22.24728,-12.90669,-77.69284,-34.62767,False
1353,22.26398,-12.82573,-77.70264,-34.89265,False
1354,22.28076,-12.73856,-77.66087,-35.22484,False
1355,22.29712,-12.65166,-77.6183,-35.55713,False
1356,22.3139,-12.65166,-77.6183,-35.55713,False
1357,22.33057,-12.57062,-77.48205,-36.40771,False
1358,22.34714,-12.52815,-77.43902,-36.85356,False
1359,22.36383,-12.49082,-77.39362,-37.24537,False
1360,22.38052,-12.45222,-77.29438,-37.65048,False
1361,22.39719,-12.3703,-77.19271,-37.94242,False
1362,22.41388,-12.3703,-77.19271,-37.94242,False
1363,22.43045,-11.86173,-77.14324,-38.18143,False
1364,22.44717,-11.42872,-77.14383,-38.19724,False
1365,22.46384,-10.89796,-77.14324,-38.09719,False
1366,22.48059,-10.26043,-77.19537,-37.97749,False
1367,22.49716,-9.526515,-77.24545,-37.69049,False
1368,22.51382,-9.526515,-77.24545,-37.69049,False
1369,22.53049,-8.279291,-77.34086,-36.92552,False
1370,22.54715,-7.872019,-77.2796,-36.47845,False
1371,22.56384,-7.629005,-77.26835,-35.97443,False
1372,22.58047,-7.489418,-77.20409,-35.54459,False
1373,22.59711,-7.399018,-77.24727,-35.19976,False
1374,22.61386,-7.399018,-77.24727,-35.19976,False
1375,22.63046,-7.432903,-77.28042,-34.58997,False
1376,22.64713,-7.447968,-77.27062,-34.31887,False
1377,22.66385,-7.239198,-77.26239,-34.08992,False
1378,22.68069,-6.973702,-77.20104,-33.87174,False
1379,22.69717,-6.708002,-77.1921,-33.64079,False
1380,22.71384,-6.708002,-77.1921,-33.64079,False
1381,22.73053,-6.515141,-77.16569,-33.03349,False
1382,22.74722,-6.534694,-77.25299,-32.62739,False
1383,22.76379,-6.609571,-77.28647,-32.23739,False
1384,22.78052,-6.627289,-77.42739,-31.87253,False
1385,22.79745,-6.643001,-77.62347,-31.54897,False
1386,22.81384,-6.643001,-77.62347,-31.54897,False
1387,22.83041,-6.662689,-77.70701,-31.14352,False
1388,22.84708,-6.727067,-77.69721,-30.98375,False
1389,22.86371,-6.72972,-77.69391,-30.92957,False
1390,22.88058,-6.616704,-77.69391,-30.92409,False
1391,22.89722,-6.33664,-77.69057,-30.85659,False
1392,22.91379,-6.33664,-77.69057,-30.85659,False
1393,22.93045,-5.43774,-77.84232,-30.67038,False
1394,22.94733,-5.044358,-77.9446,-30.57514,False
1395,22.95517,-5.044358,-77.9446,-30.57514,True
1396,22.96375,-4.817739,-77.9446,-30.56703,False
1397,22.98041,-4.706276,-77.94118,-30.50891,False
1398,22.9971,-4.600138,-77.92728,-30.2883,False
1399,23.01373,-4.600138,-77.92728,-30.2883,False
1400,23.0304,-4.446374,-77.78532,-29.76681,False
1401,23.04712,-4.283371,-77.71352,-29.50355,False
1402,23.06378,-4.062901,-77.694,-29.22582,False
1403,23.08041,-3.782737,-77.67798,-29.00108,False
1404,23.09732,-3.444272,-77.66161,-28.7755,False
1405,23.11368,-3.444272,-77.66161,-28.7755,False
1406,23.13034,-2.70126,-77.6491,-28.59658,False
1407,23.14716,-2.357366,-77.64489,-28.53617,False
1408,23.16373,-2.185737,-77.64066,-28.47921,False
1409,23.18042,-2.128024,-77.58783,-28.49137,False
1410,23.1972,-2.129672,-77.57929,-28.38304,False
1411,23.21378,-2.129672,-77.57929,-28.38304,False
1412,23.23041,-2.131915,-77.72915,-28.23564,False
1413,23.2471,-2.134584,-77.76888,-28.06019,False
1414,23.26376,-2.13788,-77.7511,-27.84359,False
1415,23.2804,-2.141175,-77.73296,-27.62702,False
1416,23.29709,-2.203067,-77.65696,-27.37023,False
1417,23.31369,-2.203067,-77.65696,-27.37023,False
1418,23.33035,-2.379715,-77.6428,-27.21067,False
1419,23.34708,-2.437751,-77.6428,-27.21167,False
1420,23.36374,-2.495787,-77.6428,-27.21268,False
1421,23.38034,-2.495787,-77.6428,-27.21268,False
1422,23.39703,-2.553822,-77.6428,-27.21372,False
1423,23.41364,-2.553822,-77.6428,-27.21372,False
1424,23.43036,-2.854896,-77.59415,-26.67817,False
1425,23.44702,-2.980754,-77.60648,-26.23487,False
1426,23.46365,-2.989827,-77.56457,-25.80228,False
1427,23.48038,-3.000031,-77.51572,-25.31579,False
1428,23.4971,-2.891371,-77.52366,-24.86812,False
1429,23.51367,-2.891371,-77.52366,-24.86812,False
1430,23.53049,-2.490227,-77.61221,-24.17345,False
1431,23.54703,-2.434584,-77.58817,-23.95645,False
1432,23.56372,-2.376985,-77.57601,-23.84748,False
1433,23.58032,-2.259833,-77.56377,-23.7376,False
1434,23.59705,-2.022727,-77.55762,-23.6801,False
1435,23.61368,-2.022727,-77.55762,-23.6801,False
1436,23.61514,-2.022727,-77.55762,-23.6801,True
1437,23.63062,-1.371257,-77.68513,-23.36398,False
1438,23.64709,-0.955514,-77.76563,-23.11916,False
1439,23.66373,-0.5979694,-77.85223,-22.92985,False
1440,23.68039,-0.4789921,-77.93865,-22.74212,False
1441,23.69705,-0.4790338,-77.99157,-22.72944,False
1442,23.71362,-0.4790338,-77.99157,-22.72944,False
1443,23.73035,-0.5391593,-78.03798,-22.66304,False
1444,23.74707,-0.5391593,-78.03798,-22.66304,False
1445,23.76367,-0.4790755,-78.04449,-22.71678,False
1446,23.78049,-0.2395381,-78.04449,-22.71619,False
1447,23.79706,-0.05988454,-78.04449,-22.716,False
1448,23.8136,-0.05988454,-78.04449,-22.716,False
1449,23.83035,0.0,-77.99157,-22.72865,False
1450,23.84711,-0.179638,-77.99157,-22.72876,False
1451,23.86368,-0.2395172,-77.99157,-22.72885,False
1452,23.88031,-0.2993965,-77.99157,-22.72896,False
1453,23.897,-0.2993965,-77.99157,-22.72896,False
1454,23.91364,-0.2993965,-77.99157,-22.72896,False
1455,23.93036,-0.2395172,-77.99157,-22.72885,False
1456,23.94699,-0.239606,-77.98506,-22.6749,False
1457,23.96356,-0.239606,-77.98506,-22.6749,False
1458,23.98038,-0.1797045,-77.98506,-22.67481,False
1459,23.99704,-0.05990152,-77.98506,-22.67472,False
1460,24.01361,-0.05990152,-77.98506,-22.67472,False
1461,24.0304,0.8985952,-78.03798,-22.66481,False
1462,24.047,1.498456,-78.1373,-22.59055,False
1463,24.06363,2.222154,-78.21021,-22.3049,False
1464,24.08032,2.950877,-78.26902,-21.9152,False
1465,24.09692,3.561138,-78.28077,-21.59274,False
1466,24.11362,3.561138,-78.28077,-21.59274,False
1467,24.13046,4.726475,-78.4222,-21.03673,False
1468,24.14703,5.339819,-78.61258,-20.84649,False
1469,24.16357,5.951636,-78.7041,-20.73749,False
1470,24.1803,6.691338,-78.83392,-20.51679,False
1471,24.19699,7.372472,-78.96342,-20.297,False
1472,24.21359,7.372472,-78.96342,-20.297,False
1473,24.23026,8.642152,-79.27383,-19.46058,False
1474,24.24704,8.910174,-79.272,-19.08733,False
1475,24.25516,8.910174,-79.272,-19.08733,True
1476,24.26361,9.052406,-79.22408,-18.77281,False
1477,24.28049,9.06539,-79.1917,-18.55827,False
1478,24.29688,9.136785,-79.16718,-18.40115,False
1479,24.31381,9.136785,-79.16718,-18.40115,False
1480,24.33032,9.160376,-79.16228,-18.014,False
1481,24.34692,8.98842,-79.18176,-17.77655,False
1482,24.36365,8.508827,-79.19235,-17.46799,False
1483,24.38034,7.965749,-79.2555,-17.14594,False
1484,24.39682,7.541163,-79.22066,-16.90936,False
1485,24.4136,7.541163,-79.22066,-16.90936,False
1486,24.43024,7.311251,-79.26508,-16.49866,False
1487,24.44696,7.316974,-79.30035,-16.3798,False
1488,24.46371,7.505018,-79.35347,-16.37719,False
1489,24.48026,7.885492,-79.33553,-16.28912,False
1490,24.49692,8.269353,-79.30846,-16.14853,False
1491,24.51364,8.269353,-79.30846,-16.14853,False
1492,24.53024,8.923948,-79.27917,-15.69086,False
1493,24.54697,9.254675,-79.28576,-15.43063,False
1494,24.56366,9.650955,-79.39809,-15.15189,False
1495,24.58044,9.978593,-79.52905,-14.97711,False
1496,24.59708,10.36651,-79.66943,-14.86086,False
1497,24.61353,10.36651,-79.66943,-14.86086,False
1498,24.63028,11.39221,-79.90652,-14.7152,False
1499,24.64685,11.97669,-80.09032,-14.55314,False
1500,24.66354,12.56249,-80.274,-14.39369,False
1501,24.68045,12.96656,-80.33132,-14.13652,False
1502,24.69684,13.17326,-80.46132,-13.95957,False
1503,24.71359,13.17326,-80.46132,-13.95957,False
1504,24.73026,13.31225,-80.60117,-13.83084,False
1505,24.74692,13.31684,-80.59116,-13.77763,False
1506,24.76355,13.38596,-80.63441,-13.7189,False
1507,24.78015,13.39517,-80.6143,-13.6125,False
1508,24.79681,13.41358,-80.57379,-13.39974,False
1509,24.81357,13.41358,-80.57379,-13.39974,False
1510,24.8302,13.38935,-80.65159,-12.93601,False
1511,24.84686,13.40402,-80.67376,-12.76566,False
1512,24.86346,13.41318,-80.65289,-12.65939,False
1513,24.88022,13.41869,-80.69573,-12.59536,False
1514,24.89694,13.41775,-80.64243,-12.60627,False
1515,24.91357,13.41775,-80.64243,-12.60627,False
1516,24.93021,13.41587,-80.53585,-12.62815,False
1517,24.94684,13.41303,-80.37601,-12.66113,False
1518,24.96368,13.34256,-80.27994,-12.73085,False
1519,24.98016,13.13878,-80.14103,-12.8541,False
1520,24.99689,12.86262,-80.02276,-13.07884,False
1521,25.01346,12.86262,-80.02276,-13.07884,False
1522,25.03015,12.37801,-79.89172,-13.51302,False
1523,25.04684,12.30408,-79.80555,-13.63701,False
1524,25.06357,12.30137,-79.64594,-13.67111,False
1525,25.08017,12.29864,-79.48638,-13.70541,False
1526,25.09683,12.30344,-79.25344,-13.64501,False
1527,25.11343,12.30344,-79.25344,-13.64501,False
1528,25.13013,12.31533,-78.67105,-13.49559,False
1529,25.14679,12.25539,-78.38499,-13.44326,False
1530,25.16348,12.26098,-78.20509,-13.37263,False
1531,25.18015,12.33126,-78.07822,-13.29526,False
1532,25.19684,12.41763,-77.85633,-13.01747,False
1533,25.21356,12.41763,-77.85633,-13.01747,False
1534,25.23004,12.54656,-77.02725,-12.2129,False
1535,25.24686,12.57996,-76.66331,-11.79733,False
1536,25.26346,12.66801,-76.49038,-11.50935,False
1537,25.28015,12.74971,-76.44527,-11.30265,False
1538,25.29688,12.88422,-76.48691,-11.24778,False
1539,25.31351,12.88422,-76.48691,-11.24778,False
1540,25.33008,13.29625,-76.53586,-10.99052,False
1541,25.33514,13.29625,-76.53586,-10.99052,True
1542,25.34689,13.57785,-76.47834,-10.74805,False
1543,25.36346,13.66554,-76.42028,-10.48922,False
1544,25.38022,13.74777,-76.32047,-10.2958,False
1545,25.39685,13.76155,-76.28512,-10.13726,False
1546,25.41345,13.76155,-76.28512,-10.13726,False
1547,25.43015,13.93203,-76.34882,-9.688989,False
1548,25.44684,13.95983,-76.27648,-9.372301,False
1549,25.46338,13.92673,-76.19112,-8.997317,False
1550,25.48029,13.82762,-76.10469,-8.616878,False
1551,25.49689,13.72336,-76.02978,-8.289414,False
1552,25.51343,13.72336,-76.02978,-8.289414,False
1553,25.5303,13.63406,-76.02192,-7.779628,False
1554,25.54675,13.64746,-75.98359,-7.621751,False
1555,25.56335,13.72253,-75.95792,-7.522156,False
1556,25.58014,13.73045,-75.87919,-7.429268,False
1557,25.59686,13.67321,-75.85336,-7.318452,False
1558,25.6134,13.67321,-75.85336,-7.318452,False
1559,25.63013,13.48335,-75.82743,-7.196535,False
1560,25.64676,13.35184,-75.88042,-7.173186,False
1561,25.66342,13.35286,-75.93342,-7.160892,False
1562,25.68015,13.3485,-75.94639,-7.21348,False
1563,25.69687,13.41373,-75.89339,-7.231275,False
1564,25.71341,13.41373,-75.89339,-7.231275,False
1565,25.73007,13.52439,-75.73314,-7.502125,False
1566,25.74677,13.57954,-75.65291,-7.637738,False
1567,25.7634,13.5641,-75.5854,-7.820511,False
1568,25.78006,13.54186,-75.64896,-8.083725,False
1569,25.79675,13.58987,-75.69942,-8.299963,False
1570,25.81339,13.58987,-75.69942,-8.299963,False
1571,25.83011,13.75553,-75.7869,-8.685656,False
1572,25.84674,13.88683,-75.7869,-8.697021,False
1573,25.86343,14.08377,-75.7869,-8.714274,False
1574,25.88007,14.28068,-75.7869,-8.731769,False
1575,25.89688,14.47393,-75.85226,-8.789736,False
1576,25.91336,14.47393,-75.85226,-8.789736,False
1577,25.93005,14.79822,-75.91761,-8.860079,False
1578,25.9469,14.99,-75.92998,-8.931135,False
1579,25.96341,15.1211,-75.92998,-8.943517,False
1580,25.98004,15.18664,-75.92998,-8.949748,False
1581,25.99661,15.18664,-75.92998,-8.949748,False
1582,26.01334,15.18664,-75.92998,-8.949748,False
1583,26.03003,15.19403,-76.02354,-8.872278,False
1584,26.04672,15.19638,-76.12949,-8.847568,False
1585,26.06357,15.20641,-76.10469,-8.742235,False
1586,26.07999,15.22765,-76.10782,-8.519309,False
1587,26.09662,15.31855,-76.04501,-8.262454,False
1588,26.11334,15.31855,-76.04501,-8.262454,False
1589,26.13,15.30901,-75.95792,-7.66541,False
1590,26.1467,15.26404,-75.95934,-7.436647,False
1591,26.16339,15.21507,-76.02643,-7.248286,False
1592,26.18008,15.2334,-76.14636,-7.054148,False
1593,26.19675,15.24561,-76.22623,-6.924857,False
1594,26.21341,15.24561,-76.22623,-6.924857,False
1595,26.22998,15.34758,-76.41241,-6.555927,False
1596,26.24667,15.36748,-76.35928,-6.346109,False
1597,26.26346,15.45522,-76.35886,-6.130718,False
1598,26.28003,15.55201,-76.27801,-5.822678,False
1599,26.29666,15.71094,-76.21004,-5.573686,False
1600,26.31332,15.71094,-76.21004,-5.573686,False
1601,26.33002,16.02606,-76.13942,-5.116892,False
1602,26.34668,16.31018,-76.0978,-4.986639,False
1603,26.36331,16.67386,-76.08109,-4.747346,False
1604,26.37994,17.10719,-76.11691,-4.50414,False
1605,26.3967,17.46877,-76.16644,-4.307259,False
1606,26.41327,17.46877,-76.16644,-4.307259,False
1607,26.43011,18.11855,-76.17268,-3.984598,False
1608,26.44659,18.34003,-76.18263,-3.839056,False
1609,26.46338,18.4987,-76.12479,-3.645988,False
1610,26.48001,18.58402,-76.08119,-3.497521,False
1611,26.49664,18.60748,-76.02275,-3.289488,False
1612,26.51334,18.60748,-76.02275,-3.289488,False
1613,26.53006,18.92324,-76.02589,-2.933056,False
1614,26.54669,19.22482,-76.17901,-2.709979,False
1615,26.56329,19.61303,-76.51453,-2.346162,False
1616,26.58002,20.07865,-76.88765,-1.929994,False
1617,26.59708,20.39993,-77.1689,-1.574261,False
1618,26.61331,20.39993,-77.1689,-1.574261,False
1619,26.63,20.68954,-77.5321,-0.9206375,False
1620,26.64664,20.66021,-77.49187,-0.5912711,False
1621,26.66336,20.50492,-77.41928,-0.142023,False
1622,26.68005,20.28045,-77.39865,0.3258444,False
1623,26.69662,20.19224,-77.32336,0.7655931,False
1624,26.71332,20.19224,-77.32336,0.7655931,False
1625,26.72995,20.29824,-77.38207,1.653356,False
1626,26.74673,20.49257,-77.46281,2.090101,False
1627,26.76334,20.75157,-77.5591,2.466051,False
1628,26.77997,21.06793,-77.63492,2.719389,False
1629,26.79663,21.30444,-77.56707,2.898185,False
1630,26.81326,21.30444,-77.56707,2.898185,False
1631,26.8299,21.90034,-77.4818,3.083058,False
1632,26.84665,22.26604,-77.44754,3.139946,False
1633,26.86328,22.69584,-77.43038,3.135602,False
1634,26.87997,23.19626,-77.4132,3.120649,False
1635,26.89661,23.6221,-77.51998,3.08366,False
1636,26.91324,23.6221,-77.51998,3.08366,False
1637,26.9299,24.64821,-77.54056,3.220522,False
1638,26.93515,24.64821,-77.54056,3.220522,True
1639,26.94659,25.01577,-77.50593,3.271415,False
1640,26.96326,25.23495,-77.48858,3.291372,False
1641,26.97992,25.44667,-77.48858,3.260112,False
1642,26.99649,25.58779,-77.48858,3.239127,False
1643,27.01331,25.58779,-77.48858,3.239127,False
1644,27.03,25.8653,-77.50926,3.64535,False
1645,27.0466,26.01115,-77.56437,4.132902,False
1646,27.06329,26.08917,-77.72475,4.650259,False
1647,27.0799,26.08039,-77.91974,5.07565,False
1648,27.09665,25.9798,-78.27537,5.378165,False
1649,27.11328,25.9798,-78.27537,5.378165,False
1650,27.1301,25.59037,-78.86335,5.708828,False
1651,27.14667,25.44997,-78.97048,5.748696,False
1652,27.16321,25.31688,-79.05943,5.83903,False
1653,27.17996,25.19558,-79.00468,6.01176,False
1654,27.19659,25.20886,-78.91451,6.103647,False
1655,27.21323,25.20886,-78.91451,6.103647,False
1656,27.22983,25.14442,-78.89617,6.164628,False
1657,27.24661,25.21618,-78.89617,6.154274,False
1658,27.26318,25.21618,-78.89617,6.154274,False
1659,27.28052,25.2075,-78.86093,6.094236,False
1660,27.29651,25.20614,-78.80736,6.084804,False
1661,27.31317,25.20614,-78.80736,6.084804,False
1662,27.3298,25.05995,-78.70023,6.086543,False
1663,27.34644,25.06723,-78.6819,6.137176,False
1664,27.36316,25.13898,-78.6819,6.126853,False
1665,27.37991,25.21072,-78.6819,6.116501,False
1666,27.39655,25.28246,-78.6819,6.10612,False
1667,27.41327,25.28246,-78.6819,6.10612,False
1668,27.43015,25.49764,-78.6819,6.074799,False
1669,27.44653,25.7128,-78.6819,6.043212,False
1670,27.46326,25.92791,-78.6819,6.011361,False
1671,27.47986,26.07129,-78.6819,5.989978,False
1672,27.49652,26.28777,-78.73547,5.967151,False
1673,27.51321,26.28777,-78.73547,5.967151,False
1674,27.52991,26.61662,-78.86223,5.719874,False
1675,27.54654,26.88725,-78.89871,5.574689,False
1676,27.5632,27.07813,-78.95327,5.389607,False
1677,27.57986,27.27653,-78.98953,5.254867,False
1678,27.59644,27.61729,-79.02572,5.097219,False
1679,27.6131,27.61729,-79.02572,5.097219,False
1680,27.62979,28.38496,-79.06182,4.86937,False
1681,27.64655,29.00886,-79.09784,4.662014,False
1682,27.66324,29.65055,-79.15141,4.562868,False
1683,27.67984,30.2241,-79.31214,4.492428,False
1684,27.69641,30.82775,-79.52604,4.589739,False
1685,27.71313,30.82775,-79.52604,4.589739,False
1686,27.7298,31.58235,-80.09529,5.104937,False
1687,27.7464,31.7823,-80.3794,5.392236,False
1688,27.76315,31.87857,-80.55739,5.514528,False
1689,27.77994,31.89253,-80.70007,5.590674,False
1690,27.79642,31.8941,-80.75378,5.599251,False
1691,27.81311,31.8941,-80.75378,5.599251,False
1692,27.82974,32.19877,-80.71688,5.647073,False
1693,27.84647,32.36987,-80.66138,5.77123,False
1694,27.86322,32.42745,-80.60355,6.080972,False
1695,27.87976,32.56775,-80.57988,6.435684,False
1696,27.89645,32.57667,-80.64371,6.883628,False
1697,27.91315,32.57667,-80.64371,6.883628,False
1698,27.92972,32.70216,-80.89837,7.55867,False
1699,27.94653,32.74387,-80.98265,7.78305,False
1700,27.96368,32.77172,-80.92467,7.932836,False
1701,27.97977,32.84268,-80.87089,7.911182,False
1702,27.99646,32.83963,-80.76335,7.894791,False
1703,28.01328,32.83963,-80.76335,7.894791,False
1704,28.02972,33.26498,-80.44083,7.763564,False
1705,28.04642,33.77016,-80.38708,7.658736,False
1706,28.06314,34.4213,-80.38708,7.532555,False
1707,28.07977,35.1459,-80.44083,7.397864,False
1708,28.09659,35.97102,-80.38266,7.386284,False
1709,28.1131,35.97102,-80.38266,7.386284,False
1710,28.12976,37.41681,-80.24619,7.447158,False
1711,28.13516,37.41681,-80.24619,7.447158,True
1712,28.14642,37.79768,-80.15327,7.460652,False
1713,28.1633,38.08319,-80.04581,7.381564,False
1714,28.17981,38.29812,-79.99207,7.32608,False
1715,28.19647,38.58702,-79.99207,7.26285,False
1716,28.21362,38.58702,-79.99207,7.26285,False
1717,28.22983,39.5975,-79.73542,7.712396,False
1718,28.24652,40.13644,-79.66317,8.074344,False
1719,28.26315,40.59517,-79.66324,8.409796,False
1720,28.27985,40.81036,-79.59526,8.679315,False
1721,28.29642,40.84431,-79.53413,8.826568,False
1722,28.3132,40.84431,-79.53413,8.826568,False
1723,28.32977,40.79403,-79.49326,8.941485,False
1724,28.34668,40.72112,-79.49326,8.958244,False
1725,28.36307,40.72112,-79.49326,8.958244,False
1726,28.3797,40.51357,-79.47279,9.057418,False
1727,28.39642,40.37883,-79.45232,9.139752,False
1728,28.41306,40.37883,-79.45232,9.139752,False
1729,28.42972,40.047,-79.39074,9.369644,False
1730,28.44641,39.97392,-79.39074,9.386096,False
1731,28.46313,39.99599,-79.34959,9.484229,False
1732,28.47974,40.06216,-79.22565,9.778433,False
1733,28.49658,39.97966,-79.04723,10.09703,False
1734,28.51303,39.97966,-79.04723,10.09703,False
1735,28.52972,39.38552,-78.97556,10.54593,False
1736,28.54645,39.09482,-79.08306,10.62693,False
1737,28.56302,38.8882,-79.16961,10.74038,False
1738,28.57974,38.81455,-79.16961,10.75636,False
1739,28.59637,38.72853,-79.13683,10.71513,False
1740,28.61307,38.72853,-79.13683,10.71513,False
1741,28.6297,39.09302,-79.02931,10.61871,False
1742,28.64658,39.38733,-79.02931,10.55416,False
1743,28.66299,39.69422,-79.06209,10.54629,False
1744,28.67972,40.00119,-79.09486,10.53786,False
1745,28.69638,40.23649,-79.18137,10.55358,False
1746,28.71301,40.23649,-79.18137,10.55358,False
1747,28.72964,40.44978,-79.05485,10.81353,False
1748,28.74643,40.50488,-78.94886,11.05755,False
1749,28.763,40.57459,-78.92854,11.36632,False
1750,28.77966,40.64783,-79.01507,11.69075,False
1751,28.79642,40.72627,-79.26234,12.03818,False
1752,28.81305,40.72627,-79.26234,12.03818,False
1753,28.82962,41.15103,-79.58344,12.53408,False
1754,28.84641,41.43656,-79.68949,12.75599,False
1755,28.86301,41.73542,-79.82693,13.03278,False
1756,28.8797,42.13193,-79.91935,13.38759,False
1757,28.89639,42.45794,-80.11836,13.77237,False
1758,28.91302,42.45794,-80.11836,13.77237,False
1759,28.92966,42.80613,-80.75146,14.58538,False
1760,28.94638,42.98712,-81.10924,15.01896,False
1761,28.96304,42.97549,-81.26482,15.30919,False
1762,28.97974,42.93508,-81.24995,15.47718,False
1763,28.99634,42.8062,-81.20394,15.60832,False
1764,29.01303,42.8062,-81.20394,15.60832,False
1765,29.02997,42.59033,-81.1809,15.70893,False
1766,29.04639,42.46105,-81.13477,15.83977,False
1767,29.06299,42.35358,-81.04224,16.06632,False
1768,29.07962,42.24574,-80.94941,16.29267,False
1769,29.09637,42.14989,-80.88692,16.5731,False
1770,29.11292,42.14989,-80.88692,16.5731,False
1771,29.12976,41.93075,-80.64548,17.01829,False
1772,29.14639,41.78467,-80.45995,17.08103,False
1773,29.16302,41.55,-80.24399,17.10615,False
1774,29.17978,41.39003,-79.97409,17.10693,False
1775,29.19635,41.384,-79.75822,17.07987,False
1776,29.21298,41.384,-79.75822,17.07987,False
1777,29.22955,41.62646,-79.44135,17.08995,False
1778,29.24634,41.78971,-79.41777,17.10341,False
1779,29.26297,41.86284,-79.30988,17.07235,False
1780,29.27966,41.87489,-78.93907,17.12573,False
1781,29.29517,41.87489,-78.93907,17.12573,True
1782,29.2963,41.87598,-78.59194,17.13057,False
1783,29.31299,41.87598,-78.59194,17.13057,False
1784,29.32977,41.71361,-78.26856,17.12129,False
1785,29.34625,41.70123,-78.23831,17.06621,False
1786,29.36295,41.6855,-78.10029,16.99628,False
1787,29.37964,41.60088,-77.83096,16.976,False
1788,29.39633,41.52858,-77.59192,17.01053,False
1789,29.41299,41.52858,-77.59192,17.01053,False
1790,29.4296,41.55732,-77.3008,17.49701,False
1791,29.44632,41.7404,-77.06152,17.95598,False
1792,29.46295,41.87873,-76.7475,18.57343,False
1793,29.47964,41.80127,-76.21948,19.31253,False
1794,29.49634,41.38397,-75.5215,19.99203,False
1795,29.51294,41.38397,-75.5215,19.99203,False
1796,29.52963,40.27639,-74.29954,21.26535,False
1797,29.54626,39.88568,-74.04283,21.73223,False
1798,29.56293,39.72143,-73.918,22.11819,False
1799,29.57968,39.68722,-73.97684,22.34649,False
1800,29.59641,39.72484,-74.16872,22.52723,False
1801,29.61295,39.72484,-74.16872,22.52723,False
1802,29.62961,39.89779,-74.15167,22.96389,False
1803,29.64624,39.87584,-73.94214,23.25281,False
1804,29.66293,39.86327,-73.70577,23.588,False
1805,29.67966,39.8423,-73.54854,23.88404,False
1806,29.69626,39.80177,-73.44333,24.08666,False
1807,29.71313,39.80177,-73.44333,24.08666,False
1808,29.72952,39.77554,-73.47281,24.35929,False
1809,29.74646,39.79958,-73.58135,24.47575,False
1810,29.76282,39.82356,-73.68985,24.59198,False
1811,29.77966,39.84433,-73.69061,24.69258,False
1812,29.79617,39.86349,-73.63747,24.78542,False
1813,29.81287,39.86349,-73.63747,24.78542,False
1814,29.8295,39.9241,-73.58524,25.07906,False
1815,29.84622,39.9702,-73.74751,25.30243,False
1816,29.86298,40.0238,-74.17897,25.5621,False
1817,29.87958,40.07838,-74.66434,25.82657,False
1818,29.89627,40.15428,-75.20361,26.19428,False
1819,29.91284,40.15428,-75.20361,26.19428,False
1820,29.9296,40.39096,-76.54901,27.34097,False
1821,29.94617,40.41264,-77.05832,27.8535,False
1822,29.96283,40.26768,-77.40419,28.37761,False
1823,29.97961,39.86495,-77.61433,28.88582,False
1824,29.99622,39.44835,-77.74318,29.33507,False
1825,30.01285,39.44835,-77.74318,29.33507,False
1826,30.02957,38.3908,-77.96741,30.41599,False
1827,30.04617,37.90375,-78.14462,30.97389,False
1828,30.06284,37.51256,-78.26294,31.60356,False
1829,30.07971,36.95219,-78.32489,32.25573,False
1830,30.09619,36.28767,-78.38874,32.82425,False
1831,30.11285,36.28767,-78.38874,32.82425,False
1832,30.12961,34.60121,-78.78805,33.93291,False
1833,30.14621,33.72793,-79.02048,34.33997,False
1834,30.1629,32.77639,-79.33145,34.8077,False
1835,30.17957,31.98216,-79.78022,35.20449,False
1836,30.19623,31.26864,-80.2287,35.58239,False
1837,30.21286,31.26864,-80.2287,35.58239,False
1838,30.22958,29.82017,-81.18472,36.23214,False
1839,30.24622,29.33867,-81.69254,36.46803,False
1840,30.26288,28.84919,-82.17603,36.65297,False
1841,30.27948,28.35751,-82.44205,36.82622,False
1842,30.29633,28.02697,-82.57504,36.92364,False
1843,30.31284,28.02697,-82.57504,36.92364,False
1844,30.32968,27.85896,-82.73816,36.95265,False
1845,30.3461,27.94444,-82.95566,36.94892,False
1846,30.36285,28.0961,-83.31784,36.80058,False
1847,30.37949,28.23532,-83.79425,36.56335,False
1848,30.39612,28.20525,-84.16144,36.34513,False
1849,30.41278,28.20525,-84.16144,36.34513,False
1850,30.42941,27.95671,-84.54836,35.78271,False
1851,30.44623,27.65582,-84.7849,35.45565,False
1852,30.46283,27.1829,-85.21275,35.10906,False
1853,30.47955,26.6347,-85.8819,34.82354,False
1854,30.49615,26.16564,-86.6877,34.48033,False
1855,30.51279,26.16564,-86.6877,34.48033,False
1856,30.52951,25.15918,-88.2375,33.8832,False
1857,30.54617,24.87034,-88.54681,33.59455,False
1858,30.56287,24.4991,-88.74638,33.31374,False
1859,30.57944,24.22265,-88.88837,33.11382,False
1860,30.59613,24.03497,-89.00162,32.94947,False
1861,30.61285,24.03497,-89.00162,32.94947,False
1862,30.62955,23.91927,-89.17092,32.68266,False
1863,30.64615,23.9028,-89.25533,32.54417,False
1864,30.66275,23.90272,-89.20091,32.54354,False
1865,30.67957,23.90256,-89.0921,32.54222,False
1866,30.69617,23.65456,-88.98329,32.57014,False
1867,30.71271,23.65456,-88.98329,32.57014,False
1868,30.72943,22.64201,-89.09556,32.49947,False
1869,30.74615,22.1311,-89.17956,32.41586,False
1870,30.76279,21.62572,-89.23546,32.37719,False
1871,30.77942,21.28554,-89.18248,32.31827,False
1872,30.79617,20.94076,-89.15727,32.21223,False
1873,30.81281,20.94076,-89.15727,32.21223,False
1874,30.82938,20.10639,-89.1041,32.20208,False
1875,30.84607,19.52452,-89.1319,32.21264,False
1876,30.86279,19.02081,-89.18742,32.1672,False
1877,30.87939,18.50884,-89.29824,32.02733,False
1878,30.89603,17.81628,-89.46457,31.71324,False
1879,30.91275,17.81628,-89.46457,31.71324,False
1880,30.92947,16.41065,-89.92914,30.74636,False
1881,30.94638,15.87773,-90.00819,30.265,False
1882,30.96307,15.50611,-89.94836,29.71716,False
1883,30.9798,15.46459,-89.80498,29.18681,False
1884,30.9964,15.58487,-89.65929,28.641,False
1885,31.013,15.58487,-89.65929,28.641,False
1886,31.0296,15.73435,-89.57565,27.45781,False
1887,31.04645,15.5996,-89.66219,26.78594,False
1888,31.06314,15.47682,-89.72363,26.25739,False
1889,31.07968,15.44213,-89.84135,25.82118,False
1890,31.09634,15.41102,-89.8782,25.43007,False
1891,31.11316,15.41102,-89.8782,25.43007,False
1892,31.12949,15.58905,-89.48867,24.65559,False
1893,31.14648,15.70602,-89.13605,24.13106,False
1894,31.1633,15.7352,-88.88434,23.51525,False
1895,31.17947,15.60704,-88.79284,22.91804,False
1896,31.19653,15.56632,-88.81404,22.41893,False
1897,31.21271,15.56632,-88.81404,22.41893,False
1898,31.23001,15.57888,-88.81126,21.60924,False
1899,31.24625,15.39432,-88.86617,21.27301,False
1900,31.26309,15.28812,-88.92009,20.92978,False
1901,31.27994,15.10081,-89.05034,20.54653,False
1902,31.29611,14.91048,-89.25642,20.11677,False
1903,31.31314,14.91048,-89.25642,20.11677,False
1904,31.32947,14.44705,-89.70856,19.1617,False
1905,31.34644,14.25465,-89.82301,18.67255,False
1906,31.36295,14.14666,-89.7828,18.26841,False
1907,31.37949,13.88923,-89.66515,17.92071,False
1908,31.39676,13.55976,-89.52477,17.62691,False
1909,31.41321,13.55976,-89.52477,17.62691,False
1910,31.42975,12.92954,-89.41631,17.40678,False
1911,31.44672,12.53417,-89.50285,17.23404,False
1912,31.46277,11.98384,-89.61058,17.02044,False
1913,31.47955,11.36152,-89.64212,16.85566,False
1914,31.49637,10.73415,-89.60742,16.58093,False
1915,31.51291,10.73415,-89.60742,16.58093,False
1916,31.52957,10.08544,-89.41517,15.87896,False
1917,31.54636,10.06713,-89.10688,15.54455,False
1918,31.56299,10.12371,-88.68953,15.1952,False
1919,31.57932,10.24903,-88.20447,14.72912,False
1920,31.59634,10.29858,-87.77255,14.26857,False
1921,31.6127,10.29858,-87.77255,14.26857,False
1922,31.62952,10.24212,-87.16222,13.26754,False
1923,31.64642,10.21654,-86.83494,12.81385,False
1924,31.6629,10.19804,-86.23089,12.48583,False
1925,31.67929,10.18111,-85.44489,12.18564,False
1926,31.69608,10.16063,-84.62484,11.82242,False
1927,31.71265,10.16063,-84.62484,11.82242,False
1928,31.72928,10.26532,-83.27453,11.05411,False
1929,31.74597,10.46197,-82.92458,10.61966,False
1930,31.76263,10.65533,-82.70066,10.14742,False
1931,31.7793,10.77163,-82.54832,9.634806,False
1932,31.79596,11.04196,-82.28439,9.256489,False
1933,31.81268,11.04196,-82.28439,9.256489,False
1934,31.82932,11.44538,-81.57303,8.691374,False
1935,31.84628,11.50387,-81.19865,8.466687,False
1936,31.86261,11.56598,-80.85955,8.300142,False
1937,31.87515,11.56598,-80.85955,8.300142,True
1938,31.87927,11.62846,-80.57423,8.14124,False
1939,31.89597,11.69135,-80.34264,7.990376,False
1940,31.91263,11.69135,-80.34264,7.990376,False
1941,31.92926,11.88458,-80.13068,7.616044,False
1942,31.94601,12.094,-80.11354,7.490127,False
1943,31.96265,12.30733,-80.13177,7.424009,False
1944,31.97931,12.66804,-80.07812,7.389308,False
1945,31.99622,13.03623,-79.98799,7.455937,False
1946,32.01257,13.03623,-79.98799,7.455937,False
1947,32.02927,13.47888,-79.71856,7.539897,False
1948,32.04599,13.55765,-79.57462,7.618008,False
1949,32.06253,13.56087,-79.50262,7.659797,False
1950,32.07925,13.56801,-79.41219,7.752529,False
1951,32.09601,13.57979,-79.35682,7.905399,False
1952,32.11261,13.57979,-79.35682,7.905399,False
1953,32.12927,13.76977,-79.25943,8.472492,False
1954,32.14597,13.81078,-79.17847,8.999027,False
1955,32.16254,13.78572,-79.00352,9.622676,False
1956,32.17926,13.82103,-78.83012,10.07858,False
1957,32.19592,13.84847,-78.69408,10.43273,False
1958,32.21259,13.84847,-78.69408,10.43273,False
1959,32.22919,13.95417,-78.59103,10.84039,False
1960,32.24597,14.11345,-78.53192,10.98031,False
1961,32.2626,14.19518,-78.49242,11.07542,False
1962,32.27924,14.20316,-78.45283,11.17631,False
1963,32.29593,14.05946,-78.433,11.23837,False
1964,32.31256,14.05946,-78.433,11.23837,False
1965,32.32925,13.16573,-78.47263,11.20463,False
1966,32.34579,12.48006,-78.59103,10.94909,False
1967,32.36258,11.63872,-78.71358,10.53935,False
1968,32.37921,11.02202,-78.8881,10.12069,False
1969,32.39597,10.63277,-78.91541,9.769534,False
1970,32.41251,10.63277,-78.91541,9.769534,False
1971,32.4292,10.61016,-78.60105,9.390732,False
1972,32.44592,10.90192,-78.54745,9.363681,False
1973,32.46262,11.19421,-78.54745,9.345509,False
1974,32.47916,11.42053,-78.56296,9.442492,False
1975,32.49588,11.50737,-78.54011,9.65016,False
1976,32.51257,11.50737,-78.54011,9.65016,False
1977,32.5293,11.55147,-78.73772,10.33244,False
1978,32.54581,11.58655,-78.75723,10.87498,False
1979,32.56253,11.62213,-78.82839,11.42533,False
1980,32.57916,11.65876,-79.00497,11.99198,False
1981,32.59592,11.76638,-79.19987,12.50159,False
1982,32.61246,11.76638,-79.19987,12.50159,False
1983,32.62921,12.41749,-79.66734,13.28454,False
1984,32.64587,13.03587,-79.83349,13.535,False
1985,32.66254,13.81017,-80.0323,13.82951,False
1986,32.67938,14.44551,-80.24258,14.23954,False
1987,32.69592,14.78594,-80.37682,14.71245,False
1988,32.71252,14.78594,-80.37682,14.71245,False
1989,32.72925,14.81476,-80.56561,16.01394,False
1990,32.74594,14.69772,-80.66198,16.4609,False
1991,32.76245,14.56482,-80.8984,16.71556,False
1992,32.77924,14.49487,-81.09229,16.80011,False
1993,32.79584,14.49211,-81.22196,16.76483,False
1994,32.81244,14.49211,-81.22196,16.76483,False
1995,32.82919,14.47763,-81.01762,16.5799,False
1996,32.84579,14.47245,-80.53246,16.51367,False
1997,32.86258,14.46471,-79.8321,16.41488,False
1998,32.87933,14.53262,-79.13228,16.30642,False
1999,32.8959,14.52622,-78.59433,16.22506,False
2000,32.91251,14.52622,-78.59433,16.22506,False
2001,32.92929,14.82501,-77.87376,16.14153,False
2002,32.93515,14.82501,-77.87376,16.14153,True
2003,32.9458,14.97937,-77.74453,16.1618,False
2004,32.96255,15.06387,-77.41051,16.2613,False
2005,32.97919,14.84315,-76.96903,16.36719,False
2006,32.99579,14.54149,-76.49584,16.41911,False
2007,33.01248,14.54149,-76.49584,16.41911,False
2008,33.02917,13.93957,-75.71072,16.54515,False
2009,33.0459,14.03366,-75.54676,16.77765,False
2010,33.06262,14.2963,-75.34684,17.2052,False
2011,33.0791,14.80973,-75.0862,17.86929,False
2012,33.09576,15.17741,-74.85236,18.60107,False
2013,33.11246,15.17741,-74.85236,18.60107,False
2014,33.12912,15.61849,-74.37778,20.18868,False
2015,33.14572,15.74066,-74.11776,20.71858,False
2016,33.16245,15.78117,-73.87928,21.20515,False
2017,33.17917,15.89974,-73.63882,21.68423,False
2018,33.1958,15.93142,-73.39139,22.06285,False
2019,33.21307,15.93142,-73.39139,22.06285,False
2020,33.22913,15.92057,-73.21453,22.87949,False
2021,33.24582,15.95169,-73.2563,23.25328,False
2022,33.26242,16.05362,-73.34692,23.52335,False
2023,33.27917,16.14945,-73.30101,23.71813,False
2024,33.29572,16.31224,-73.32974,23.76175,False
2025,33.31253,16.31224,-73.32974,23.76175,False
2026,33.32904,16.40354,-73.25479,23.89927,False
2027,33.34583,16.41174,-73.20472,23.99537,False
2028,33.36246,16.3423,-73.26194,24.11584,False
2029,33.37903,16.11584,-73.42649,24.26695,False
2030,33.39569,15.88432,-73.56247,24.36077,False
2031,33.41248,15.88432,-73.56247,24.36077,False
2032,33.42917,15.25098,-73.61619,24.42063,False
2033,33.44574,15.09244,-73.61619,24.43311,False
2034,33.46234,14.93694,-73.53731,24.48482,False
2035,33.47916,14.71368,-73.43647,24.69509,False
2036,33.49579,14.57791,-73.39204,25.01209,False
2037,33.51245,14.57791,-73.39204,25.01209,False
2038,33.52911,14.00185,-73.41352,25.89281,False
2039,33.54572,13.62035,-73.39238,26.17676,False
2040,33.56235,13.23125,-73.42247,26.36425,False
2041,33.57901,12.99104,-73.42247,26.38042,False
2042,33.59576,12.82774,-73.4483,26.34333,False
2043,33.61234,12.82774,-73.4483,26.34333,False
2044,33.62903,12.86756,-73.54168,25.73116,False
2045,33.64566,12.91166,-73.76817,25.1906,False
2046,33.66238,12.87643,-74.04603,24.66256,False
2047,33.67914,12.76309,-74.42901,24.15545,False
2048,33.69577,12.49533,-74.78489,23.70559,False
2049,33.71234,12.49533,-74.78489,23.70559,False
2050,33.72906,11.97658,-75.20751,23.0188,False
2051,33.746,11.80371,-75.27572,22.77789,False
2052,33.76239,11.54878,-75.26017,22.47592,False
2053,33.77911,11.369,-75.16057,22.1027,False
2054,33.79575,11.18557,-75.26909,21.6568,False
2055,33.81238,11.18557,-75.26909,21.6568,False
2056,33.82898,11.21691,-75.59534,20.86296,False
2057,33.84573,11.27187,-75.83714,20.47572,False
2058,33.86234,11.25726,-75.95403,20.2309,False
2059,33.87903,11.16519,-76.07043,19.99045,False
2060,33.89575,10.99308,-76.20943,19.70516,False
2061,33.91232,10.99308,-76.20943,19.70516,False
2062,33.92896,10.40849,-76.63034,18.95776,False
2063,33.94568,10.07647,-76.83462,18.53094,False
2064,33.96234,9.74843,-77.01482,18.1522,False
2065,33.979,9.499809,-77.064,17.80069,False
2066,33.99561,9.328007,-77.05849,17.43581,False
2067,34.01236,9.328007,-77.05849,17.43581,False
2068,34.02899,9.221823,-76.97887,16.84143,False
2069,34.04565,9.355621,-77.0246,16.46832,False
2070,34.06235,9.337094,-77.06934,16.10234,False
2071,34.0791,9.321065,-77.09157,15.78567,False
2072,34.09564,9.31213,-76.9951,15.60917,False
2073,34.11243,9.31213,-76.9951,15.60917,False
2074,34.129,9.148644,-76.81261,15.37188,False
2075,34.14563,8.994208,-76.72672,15.31113,False
2076,34.16226,8.835954,-76.79075,15.16872,False
2077,34.17892,8.677935,-76.85458,15.0261,False
2078,34.19568,8.517829,-76.93942,14.83327,False
2079,34.21243,8.517829,-76.93942,14.83327,False
2080,34.22919,8.573948,-77.05449,14.42036,False
2081,34.2457,8.640682,-76.95655,14.2389,False
2082,34.26236,8.637433,-76.87026,14.17023,False
2083,34.27914,8.559592,-76.83758,14.11435,False
2084,34.29565,8.481798,-76.80486,14.0584,False
2085,34.31238,8.481798,-76.80486,14.0584,False
2086,34.32895,7.954126,-76.77214,14.02257,False
2087,34.34567,7.572901,-76.83463,13.88811,False
2088,34.36227,7.038614,-76.93838,13.65823,False
2089,34.37894,6.655197,-77.04162,13.42117,False
2090,34.39563,6.199526,-77.07024,13.22656,False
2091,34.41223,6.199526,-77.07024,13.22656,False
2092,34.42911,5.59363,-76.72353,12.96879,False
2093,34.44559,5.290476,-76.38953,12.80946,False
2094,34.46228,4.98617,-76.02248,12.58827,False
2095,34.47891,4.755816,-75.72924,12.32282,False
2096,34.49567,4.448929,-75.65661,11.9369,False
2097,34.51233,4.448929,-75.65661,11.9369,False
2098,34.52896,3.839177,-75.56195,11.17157,False
2099,34.53516,3.839177,-75.56195,11.17157,True
2100,34.54562,3.536673,-75.35999,10.81177,False
2101,34.56229,3.384863,-74.99191,10.5785,False
2102,34.57932,3.234329,-74.60433,10.39432,False
2103,34.59564,3.010653,-74.21696,10.20985,False
2104,34.61227,3.010653,-74.21696,10.20985,False
2105,34.62891,2.418386,-73.54929,9.860401,False
2106,34.64563,2.122908,-73.39469,9.666694,False
2107,34.6622,1.974564,-73.34639,9.493342,False
2108,34.67896,1.972745,-73.35111,9.329572,False
2109,34.69559,1.971053,-73.40885,9.177135,False
2110,34.71219,1.971053,-73.40885,9.177135,False
2111,34.7294,1.970107,-73.26848,9.091967,False
2112,34.74561,1.823538,-73.23448,9.0312,False
2113,34.76218,1.67766,-73.23448,9.03264,False
2114,34.7789,1.385105,-73.27278,8.933461,False
2115,34.79559,1.165814,-73.36419,8.844794,False
2116,34.81219,1.165814,-73.36419,8.844794,False
2117,34.82889,1.019569,-73.45552,8.755399,False
2118,34.84567,1.019569,-73.45552,8.755399,False
2119,34.86218,0.946954,-73.38327,8.79522,False
2120,34.87885,0.801448,-73.311,8.835326,False
2121,34.8956,0.5828722,-73.311,8.83618,False
2122,34.91223,0.5828722,-73.311,8.83618,False
2123,34.92889,0.2186057,-73.41738,8.859963,False
2124,34.94556,0.072878,-73.52377,8.882956,False
2125,34.96219,-0.07292452,-73.53875,8.996093,False
2126,34.97888,-0.2190871,-73.44283,9.250168,False
2127,34.99554,-0.4386752,-73.36572,9.452978,False
2128,35.01221,-0.4386752,-73.36572,9.452978,False
2129,35.02881,-0.9522092,-73.35585,9.778303,False
2130,35.04562,-1.17217,-73.51551,9.810944,False
2131,35.06213,-1.31848,-73.64141,9.7817,False
2132,35.07883,-1.464557,-73.66082,9.729805,False
2133,35.09555,-1.46414,-73.68021,9.679046,False
2134,35.11221,-1.46414,-73.68021,9.679046,False
2135,35.12885,-1.464557,-73.66082,9.729805,False
2136,35.14554,-1.537784,-73.66082,9.729188,False
2137,35.16223,-1.611468,-73.64141,9.779291,False
2138,35.17883,-1.758072,-73.69465,9.789135,False
2139,35.19556,-1.830279,-73.73345,9.686889,False
2140,35.21219,-1.830279,-73.73345,9.686889,False
2141,35.22891,-1.900772,-73.83009,9.432215,False
2142,35.24551,-1.826624,-73.86861,9.331363,False
2143,35.26239,-1.825348,-73.80057,9.207232,False
2144,35.27887,-1.824593,-73.71329,9.133829,False
2145,35.29553,-1.896909,-73.67924,9.070903,False
2146,35.31216,-1.896909,-73.67924,9.070903,False
2147,35.32889,-2.112606,-73.72153,8.802756,False
2148,35.34579,-2.183567,-73.77859,8.64918,False
2149,35.36218,-2.25505,-73.81651,8.546433,False
2150,35.37888,-2.326449,-73.85437,8.443628,False
2151,35.39557,-2.326449,-73.85437,8.443628,False
2152,35.41248,-2.326449,-73.85437,8.443628,False
2153,35.42877,-2.617067,-73.80116,8.428204,False
2154,35.4455,-2.835138,-73.80116,8.42484,False
2155,35.46216,-3.125893,-73.80116,8.419938,False
2156,35.47879,-3.342026,-73.83892,8.314062,False
2157,35.49554,-3.558928,-73.85777,8.258852,False
2158,35.51215,-3.558928,-73.85777,8.258852,False
2159,35.52893,-3.77243,-73.93298,8.050445,False
2160,35.54544,-3.771339,-73.95172,7.999455,False
2161,35.5621,-3.770249,-73.97045,7.948458,False
2162,35.5788,-3.770005,-73.91724,7.937078,False
2163,35.59552,-3.768914,-73.93595,7.886073,False
2164,35.61215,-3.768914,-73.93595,7.886073,False
2165,35.62875,-4.056694,-74.02651,7.788985,False
2166,35.64539,-4.126729,-74.06378,7.685244,False
2167,35.66214,-4.126729,-74.06378,7.685244,False
2168,35.67886,-4.125533,-74.08238,7.634203,False
2169,35.69547,-4.125266,-74.02917,7.622824,False
2170,35.7121,-4.125266,-74.02917,7.622824,False
2171,35.72873,-4.269707,-73.97598,7.607971,False
2172,35.74536,-4.340801,-73.99455,7.555154,False
2173,35.76208,-4.484162,-74.01311,7.500471,False
2174,35.77875,-4.555148,-74.03165,7.447552,False
2175,35.79544,-4.553824,-74.05018,7.396484,False
2176,35.8121,-4.553824,-74.05018,7.396484,False
2177,35.8287,-4.408008,-74.06867,7.349093,False
2178,35.84561,-4.408008,-74.06867,7.349093,False
2179,35.86209,-4.406726,-74.08715,7.298009,False
2180,35.87875,-4.476346,-74.12405,7.193993,False
2181,35.89539,-4.545881,-74.16086,7.089919,False
2182,35.91214,-4.545881,-74.16086,7.089919,False
2183,35.92883,-4.612638,-74.23423,6.883511,False
2184,35.94577,-4.610991,-74.19932,6.820939,False
2185,35.9621,-4.609644,-74.21759,6.769782,False
2186,35.97879,-4.679979,-74.18265,6.705265,False
2187,35.99542,-4.822532,-74.20087,6.650186,False
2188,36.01202,-4.822532,-74.20087,6.650186,False
2189,36.02881,-5.393447,-74.25543,6.479834,False
2190,36.04538,-5.607471,-74.27357,6.421854,False
2191,36.0621,-5.821358,-74.2917,6.363605,False
2192,36.0788,-6.032945,-74.2747,6.242415,False
2193,36.0954,-6.102142,-74.18639,6.165713,False
2194,36.11206,-6.102142,-74.18639,6.165713,False
2195,36.12878,-6.306289,-74.29433,5.850605,False
2196,36.14536,-6.37041,-74.36586,5.64289,False
2197,36.16211,-6.503895,-74.4548,5.381052,False
2198,36.1788,-6.636947,-74.54323,5.118933,False
2199,36.1954,-6.840787,-74.63113,4.853734,False
2200,36.2121,-6.840787,-74.63113,4.853734,False
2201,36.22876,-7.17455,-74.69901,4.301982,False
2202,36.24539,-7.236903,-74.76811,4.093123,False
2203,36.26205,-7.228258,-74.83688,3.887116,False
2204,36.27881,-7.288161,-74.92236,3.626468,False
2205,36.29547,-7.34735,-74.95416,3.35406,False
2206,36.31207,-7.34735,-74.95416,3.35406,False
2207,36.3288,-7.465539,-75.06934,2.820213,False
2208,36.34534,-7.523526,-75.04642,2.535558,False
2209,36.36206,-7.58127,-75.02299,2.250628,False
2210,36.37872,-7.643936,-75.01931,2.080626,False
2211,36.39539,-7.774106,-75.03183,1.855579,False
2212,36.41202,-7.774106,-75.03183,1.855579,False
2213,36.42874,-8.520498,-75.17831,1.352668,False
2214,36.44528,-8.925511,-75.25895,1.07204,False
2215,36.46204,-9.326323,-75.35501,0.7384207,False
2216,36.47894,-9.5232,-75.41863,0.5192832,False
2217,36.49539,-9.511493,-75.48192,0.3116759,False
2218,36.51205,-9.511493,-75.48192,0.3116759,False
2219,36.52866,-9.49099,-75.59184,-0.05188354,False
2220,36.54532,-9.484468,-75.56994,-0.1675472,False
2221,36.56201,-9.47501,-75.56348,-0.3352459,False
2222,36.57877,-9.673275,-75.60995,-0.5030527,False
2223,36.59534,-9.871138,-75.65624,-0.6711494,False
2224,36.61209,-9.871138,-75.65624,-0.6711494,False
2225,36.62869,-10.54818,-75.77077,-0.9094912,False
2226,36.63516,-10.54818,-75.77077,-0.9094912,True
2227,36.64532,-10.75063,-75.73296,-0.9864115,False
2228,36.66199,-11.02512,-75.67984,-1.016089,False
2229,36.67865,-11.23074,-75.62673,-1.041606,False
2230,36.69534,-11.36126,-75.65726,-1.154957,False
2231,36.71222,-11.36126,-75.65726,-1.154957,False
2232,36.72867,-11.47809,-75.80148,-1.464874,False
2233,36.74527,-11.46815,-75.89986,-1.609343,False
2234,36.76199,-11.46098,-75.92993,-1.713531,False
2235,36.77866,-11.51787,-75.92176,-1.886346,False
2236,36.79538,-11.57462,-75.91341,-2.059257,False
2237,36.81201,-11.57462,-75.91341,-2.059257,False
2238,36.82861,-11.74363,-76.11431,-2.583466,False
2239,36.84528,-11.93014,-76.24052,-2.847311,False
2240,36.8623,-12.11601,-76.36621,-3.111534,False
2241,36.87866,-12.36819,-76.43824,-3.392922,False
2242,36.89536,-12.61947,-76.50974,-3.674837,False
2243,36.91193,-12.61947,-76.50974,-3.674837,False
2244,36.92871,-12.85755,-76.62302,-4.114223,False
2245,36.94528,-12.91273,-76.66515,-4.276515,False
2246,36.96201,-12.97191,-76.69313,-4.386525,False
2247,36.97864,-13.03007,-76.66791,-4.508314,False
2248,36.99533,-13.15219,-76.70959,-4.676175,False
2249,37.01193,-13.15219,-76.70959,-4.676175,False
2250,37.02869,-13.33367,-76.83174,-4.942694,False
2251,37.04535,-13.59806,-76.84549,-5.017237,False
2252,37.06204,-13.85779,-76.87291,-5.144607,False
2253,37.07858,-14.11714,-76.90025,-5.272411,False
2254,37.09528,-14.43847,-76.94109,-5.45898,False
2255,37.11197,-14.43847,-76.94109,-5.45898,False
2256,37.12857,-14.86996,-77.10219,-5.908843,False
2257,37.14523,-15.18154,-77.27525,-6.178632,False
2258,37.16202,-15.49206,-77.44778,-6.449237,False
2259,37.17868,-15.7379,-77.5004,-6.684834,False
2260,37.19531,-15.85023,-77.55267,-6.907797,False
2261,37.21198,-15.85023,-77.55267,-6.907797,False
2262,37.22861,-16.14704,-77.471,-7.290651,False
2263,37.2453,-16.39051,-77.52241,-7.527525,False
2264,37.26202,-16.6926,-77.53306,-7.835913,False
2265,37.27866,-17.12646,-77.5963,-8.147358,False
2266,37.29529,-17.48716,-77.67147,-8.505463,False
2267,37.31198,-17.48716,-77.67147,-8.505463,False
2268,37.32858,-18.25215,-77.90915,-9.378299,False
2269,37.34528,-18.5359,-77.99361,-9.784525,False
2270,37.36197,-18.68172,-78.08884,-10.22873,False
2271,37.37857,-18.83903,-78.15936,-10.56796,False
2272,37.39569,-18.98278,-78.25216,-11.01295,False
2273,37.41193,-18.98278,-78.25216,-11.01295,False
2274,37.42859,-19.27854,-78.35812,-11.81024,False
2275,37.44522,-19.35636,-78.50024,-12.23678,False
2276,37.46201,-19.37601,-78.63011,-12.60283,False
2277,37.47861,-19.46583,-78.74818,-12.92424,False
2278,37.49527,-19.50317,-78.79103,-13.14369,False
2279,37.51193,-19.50317,-78.79103,-13.14369,False
2280,37.5285,-19.63799,-78.76941,-13.61406,False
2281,37.54526,-19.73145,-78.82162,-13.89474,False
2282,37.56195,-19.76105,-78.87328,-14.16744,False
2283,37.57861,-19.77681,-78.94469,-14.54613,False
2284,37.59521,-19.74276,-78.99505,-14.81094,False
2285,37.61188,-19.74276,-78.99505,-14.81094,False
2286,37.62866,-19.53523,-79.11369,-15.43076,False
2287,37.64517,-19.4371,-79.10906,-15.69956,False
2288,37.66202,-19.40184,-79.1039,-15.9765,False
2289,37.67859,-19.49164,-79.09819,-16.26954,False
2290,37.69519,-19.52536,-79.08262,-16.5016,False
2291,37.71191,-19.52536,-79.08262,-16.5016,False
2292,37.72849,-19.6422,-79.12183,-17.06854,False
2293,37.74527,-19.60771,-79.16718,-17.33419,False
2294,37.76187,-19.5801,-79.20306,-17.54678,False
2295,37.77856,-19.62134,-79.22974,-17.71431,False
2296,37.7952,-19.66632,-79.14121,-17.85222,False
2297,37.81174,-19.66632,-79.14121,-17.85222,False
2298,37.8284,-20.23242,-78.87521,-18.32421,False
2299,37.84521,-20.51736,-78.84811,-18.53747,False
2300,37.86188,-20.86302,-78.82081,-18.75989,False
2301,37.87848,-21.21693,-78.83788,-18.91808,False
2302,37.89511,-21.21693,-78.83788,-18.91808,False
2303,37.91177,-22.09098,-78.88855,-19.37037,False
2304,37.91516,-22.09098,-78.88855,-19.37037,True
2305,37.92859,-22.43445,-78.9136,-19.58461,False
2306,37.94519,-22.83808,-78.93844,-19.80904,False
2307,37.96191,-23.1879,-78.9549,-19.97197,False
2308,37.97855,-23.47423,-78.91821,-20.13798,False
2309,37.99515,-23.47423,-78.91821,-20.13798,False
2310,38.01187,-24.07997,-78.8687,-20.64076,False
2311,38.02841,-24.28794,-78.90055,-20.89272,False
2312,38.04517,-24.49515,-78.93206,-21.14501,False
2313,38.06174,-24.64115,-78.96322,-21.38748,False
2314,38.07892,-24.8962,-78.94863,-21.71556,False
2315,38.09512,-24.8962,-78.94863,-21.71556,False
2316,38.11185,-25.39414,-78.70573,-22.42144,False
2317,38.12851,-25.52342,-78.63653,-22.74222,False
2318,38.14529,-25.63104,-78.52816,-23.1815,False
2319,38.16183,-25.55179,-78.47872,-23.63035,False
2320,38.17859,-25.47682,-78.53384,-24.05498,False
2321,38.1951,-25.47682,-78.53384,-24.05498,False
2322,38.21185,-25.3506,-78.51447,-24.76986,False
2323,38.22876,-25.31812,-78.42799,-24.95382,False
2324,38.24515,-25.3022,-78.27559,-25.04397,False
2325,38.26181,-25.34514,-78.12321,-25.14473,False
2326,38.27844,-25.38075,-78.03014,-25.28633,False
2327,38.2952,-25.3619,-78.04282,-25.39261,False
2328,38.31174,-25.3619,-78.04282,-25.39261,False
2329,38.3284,-25.69541,-78.05541,-25.56185,False
2330,38.34506,-25.98892,-78.05541,-25.61499,False
2331,38.36176,-26.22366,-78.05541,-25.65792,False
2332,38.37848,-26.51698,-78.05541,-25.71214,False
2333,38.39511,-26.51698,-78.05541,-25.71214,False
2334,38.41177,-27.12344,-78.04282,-25.71634,False
2335,38.42844,-27.36818,-78.03648,-25.70815,False
2336,38.44516,-27.62327,-78.02377,-25.64739,False
2337,38.46176,-27.93733,-78.01095,-25.59858,False
2338,38.47855,-28.37966,-77.99157,-25.52083,False
2339,38.49515,-28.37966,-77.99157,-25.52083,False
2340,38.51178,-29.58207,-77.93891,-25.32435,False
2341,38.52844,-30.21449,-77.91206,-25.23616,False
2342,38.54517,-30.82542,-77.89849,-25.2562,False
2343,38.56174,-31.3075,-77.89168,-25.30572,False
2344,38.57843,-31.79234,-77.93776,-25.3445,False
2345,38.59512,-31.79234,-77.93776,-25.3445,False
2346,38.61176,-32.42691,-77.9446,-25.54233,False
2347,38.62836,-32.63771,-77.9582,-25.70097,False
2348,38.64508,-32.71881,-77.97844,-25.88551,False
2349,38.66168,-32.71692,-78.01173,-26.16175,False
2350,38.67844,-32.65928,-78.0974,-26.41228,False
2351,38.69513,-32.65928,-78.0974,-26.41228,False
2352,38.71173,-32.5169,-78.22668,-27.03106,False
2353,38.72839,-32.44426,-78.26366,-27.34674,False
2354,38.74509,-32.42945,-78.29986,-27.67583,False
2355,38.76199,-32.35665,-78.33527,-27.99165,False
2356,38.77838,-32.29596,-78.36416,-28.25489,False
2357,38.79507,-32.29596,-78.36416,-28.25489,False
2358,38.81177,-32.4379,-78.35076,-28.68899,False
2359,38.82834,-32.50365,-78.37286,-28.9263,False
2360,38.84515,-32.56903,-78.39462,-29.16365,False
2361,38.86172,-32.5769,-78.41602,-29.38764,False
2362,38.87836,-32.58746,-78.48999,-29.59937,False
2363,38.89499,-32.58746,-78.48999,-29.59937,False
2364,38.9118,-32.53799,-78.51068,-29.81,False
2365,38.92844,-32.69353,-78.46288,-29.91517,False
2366,38.94507,-32.95007,-78.42012,-30.10023,False
2367,38.96179,-33.25007,-78.38229,-30.35205,False
2368,38.97833,-33.55202,-78.39719,-30.59223,False
2369,38.99509,-33.55202,-78.39719,-30.59223,False
2370,39.0119,-34.11261,-78.47448,-30.99573,False
2371,39.02838,-34.41185,-78.48885,-31.23781,False
2372,39.04504,-34.71011,-78.50301,-31.48054,False
2373,39.06171,-34.895,-78.51698,-31.69518,False
2374,39.07843,-35.10837,-78.53981,-32.02939,False
2375,39.09506,-35.10837,-78.53981,-32.02939,False
2376,39.09515,-35.10837,-78.53981,-32.02939,True
2377,39.11176,-35.61466,-78.5752,-32.60867,False
2378,39.12842,-35.84887,-78.53519,-32.85151,False
2379,39.14502,-36.08548,-78.5479,-33.08253,False
2380,39.16171,-36.44645,-78.55626,-33.29157,False
2381,39.17844,-36.75107,-78.56453,-33.48645,False
2382,39.19498,-36.75107,-78.56453,-33.48645,False
2383,39.21167,-37.4832,-78.57677,-33.85684,False
2384,39.2283,-37.85546,-78.58081,-34.01744,False
2385,39.24496,-38.22364,-78.53191,-34.19128,False
2386,39.2616,-38.529,-78.3772,-34.37476,False
2387,39.27835,-38.77065,-78.33223,-34.57062,False
2388,39.29529,-38.88304,-78.23818,-34.79924,False
2389,39.31165,-38.88304,-78.23818,-34.79924,False
2390,39.32831,-38.90607,-78.09865,-35.12843,False
2391,39.34497,-38.86844,-78.00041,-35.25728,False
2392,39.36163,-38.9706,-77.89472,-35.31415,False
2393,39.37836,-39.01799,-77.78905,-35.35513,False
2394,39.39514,-39.01799,-77.78905,-35.35513,False
2395,39.41165,-39.01854,-77.57404,-35.35323,False
2396,39.42831,-38.97909,-77.57029,-35.28517,False
2397,39.44525,-38.99433,-77.56652,-35.23315,False
2398,39.46164,-39.0248,-77.55891,-35.12911,False
2399,39.47839,-39.07051,-77.54733,-34.97307,False
2400,39.495,-39.07051,-77.54733,-34.97307,False
2401,39.51166,-39.16193,-77.52357,-34.66102,False
2402,39.52832,-39.18871,-77.46266,-34.5696,False
2403,39.54495,-39.18871,-77.46266,-34.5696,False
2404,39.56168,-39.13369,-77.46266,-34.55349,False
2405,39.57846,-39.13737,-77.51547,-34.54091,False
2406,39.59488,-39.13737,-77.51547,-34.54091,False
2407,39.61166,-39.19239,-77.51547,-34.55701,False
2408,39.62836,-39.19239,-77.51547,-34.55701,False
2409,39.64493,-39.24371,-77.46266,-34.58572,False
2410,39.66159,-39.24371,-77.46266,-34.58572,False
2411,39.67834,-39.2474,-77.51547,-34.57314,False
2412,39.69498,-39.2474,-77.51547,-34.57314,False
2413,39.71167,-39.33665,-77.5601,-34.47276,False
2414,39.72836,-39.53244,-77.55183,-34.41746,False
2415,39.74493,-39.76811,-77.54765,-34.43073,False
2416,39.76166,-40.11394,-77.54346,-34.47735,False
2417,39.77832,-40.6091,-77.54346,-34.62672,False
2418,39.79492,-40.6091,-77.54346,-34.62672,False
2419,39.81168,-41.81713,-77.54346,-34.99955,False
2420,39.82861,-42.59603,-77.70193,-35.20521,False
2421,39.84494,-43.42452,-77.8076,-35.44577,False
2422,39.86157,-44.38494,-77.97451,-35.83675,False
2423,39.87833,-45.36364,-78.19013,-36.17147,False
2424,39.89496,-45.36364,-78.19013,-36.17147,False
2425,39.91159,-46.8497,-78.45459,-36.6231,False
2426,39.92834,-47.39957,-78.5604,-36.79298,False
2427,39.94492,-47.91332,-78.66209,-36.89463,False
2428,39.96164,-48.63091,-78.80832,-36.94479,False
2429,39.97873,-49.31411,-78.95009,-36.92804,False
2430,39.9949,-49.31411,-78.95009,-36.92804,False
2431,40.01163,-50.32888,-79.28119,-36.69818,False
2432,40.02832,-50.56661,-79.41272,-36.40177,False
2433,40.04492,-50.61787,-79.49524,-36.1053,False
2434,40.06155,-50.6573,-79.62049,-35.67557,False
2435,40.07825,-50.60138,-79.68658,-35.16507,False
2436,40.09491,-50.60138,-79.68658,-35.16507,False
2437,40.11154,-50.69669,-79.62242,-33.91613,False
2438,40.1283,-50.88901,-79.54815,-33.2379,False
2439,40.14484,-51.01007,-79.52934,-32.57808,False
2440,40.16162,-51.14887,-79.50097,-31.86781,False
2441,40.17822,-51.24461,-79.40913,-31.09735,False
2442,40.19492,-51.24461,-79.40913,-31.09735,False
2443,40.21152,-50.99321,-79.22714,-29.51025,False
2444,40.22818,-50.73623,-79.123,-28.61416,False
2445,40.24496,-50.35336,-78.96151,-27.68855,False
2446,40.26163,-50.04757,-78.86515,-26.8952,False
2447,40.27829,-49.85339,-78.76563,-26.1436,False
2448,40.29486,-49.85339,-78.76563,-26.1436,False
2449,40.31149,-49.81745,-78.63696,-24.92511,False
2450,40.32822,-49.86131,-78.60918,-24.41705,False
2451,40.34488,-50.00156,-78.53584,-24.01218,False
2452,40.36169,-50.14568,-78.51418,-23.59617,False
2453,40.37823,-50.26826,-78.44764,-23.2423,False
2454,40.39487,-50.26826,-78.44764,-23.2423,False
2455,40.41156,-50.32351,-78.35074,-22.69565,False
2456,40.42825,-50.33334,-78.31136,-22.4729,False
2457,40.44485,-50.34688,-78.32471,-22.23882,False
2458,40.46158,-50.40688,-78.40085,-22.06469,False
2459,40.47821,-50.47073,-78.52989,-21.87942,False
2460,40.49487,-50.47073,-78.52989,-21.87942,False
2461,40.51147,-50.62757,-78.86108,-21.62014,False
2462,40.52832,-50.66024,-79.06344,-21.52546,False
2463,40.54489,-50.67916,-79.32924,-21.47064,False
2464,40.56155,-50.75831,-79.59515,-21.43719,False
2465,40.57819,-50.7769,-79.86118,-21.38339,False
2466,40.59479,-50.7769,-79.86118,-21.38339,False
2467,40.6116,-50.85942,-80.18057,-21.34043,False
2468,40.6282,-50.86673,-80.28708,-21.3193,False
2469,40.64481,-50.874,-80.39359,-21.29826,False
2470,40.66156,-50.87764,-80.44686,-21.28777,False
2471,40.67816,-50.87764,-80.44686,-21.28777,False
2472,40.69482,-50.87764,-80.44686,-21.28777,False
2473,40.71146,-50.85924,-80.53294,-21.14506,False
2474,40.72818,-50.74535,-80.6395,-21.08244,False
2475,40.7449,-50.62779,-80.69279,-21.03036,False
2476,40.76147,-50.46685,-80.73582,-20.90716,False
2477,40.77817,-50.28846,-80.78912,-20.83465,False
2478,40.79477,-50.28846,-80.78912,-20.83465,False
2479,40.81146,-49.77312,-80.99206,-20.5577,False
2480,40.82816,-49.53685,-81.0987,-20.4555,False
2481,40.84482,-49.23948,-81.20537,-20.3335,False
2482,40.86154,-48.81995,-81.31204,-20.17198,False
2483,40.87823,-48.45755,-81.36539,-20.0418,False
2484,40.89484,-48.45755,-81.36539,-20.0418,False
2485,40.9115,-47.58088,-81.45145,-19.62378,False
2486,40.92804,-47.38793,-81.47369,-19.38309,False
2487,40.94476,-47.33311,-81.48524,-19.13073,False
2488,40.96155,-47.40078,-81.49645,-18.91739,False
2489,40.97815,-47.3908,-81.51798,-18.73541,False
2490,40.99478,-47.3908,-81.51798,-18.73541,False
2491,41.01144,-46.85458,-81.46447,-18.28754,False
2492,41.02808,-46.43818,-81.4537,-18.10241,False
2493,41.04477,-45.99035,-81.42127,-17.79768,False
2494,41.0614,-45.73012,-81.44202,-17.54049,False
2495,41.07819,-45.53114,-81.46259,-17.30251,False
2496,41.09473,-45.53114,-81.46259,-17.30251,False
2497,41.11148,-45.43954,-81.44975,-16.93063,False
2498,41.12817,-45.48541,-81.41634,-16.77781,False
2499,41.14478,-45.60894,-81.37149,-16.59285,False
2500,41.16141,-45.67014,-81.3263,-16.38924,False
2501,41.17834,-45.71601,-81.29218,-16.23658,False
2502,41.19479,-45.71601,-81.29218,-16.23658,False
2503,41.21146,-45.84132,-81.25362,-15.81964,False
2504,41.22812,-46.02802,-81.20713,-15.65411,False
2505,41.24469,-46.27786,-81.16029,-15.50786,False
2506,41.26141,-46.45282,-81.17834,-15.38369,False
2507,41.27826,-46.48365,-81.15466,-15.2822,False
2508,41.2948,-46.48365,-81.15466,-15.2822,False
2509,41.31143,-46.53746,-81.23131,-14.87806,False
2510,41.32806,-46.70196,-81.3191,-14.56331,False
2511,41.34473,-46.94839,-81.4473,-14.20787,False
2512,41.36139,-47.17981,-81.58694,-13.90389,False
2513,41.37802,-47.32291,-81.85789,-13.66312,False
2514,41.39471,-47.32291,-81.85789,-13.66312,False
2515,41.41147,-46.97314,-82.44973,-13.21155,False
2516,41.42816,-46.41258,-82.71741,-12.99228,False
2517,41.44473,-45.71482,-82.82452,-12.76547,False
2518,41.4614,-44.99594,-82.8371,-12.61106,False
2519,41.47809,-44.54748,-82.8371,-12.48219,False
2520,41.49475,-44.54748,-82.8371,-12.48219,False
2521,41.51141,-44.09865,-82.8371,-12.35462,False
2522,41.52805,-43.8563,-82.82452,-12.2314,False
2523,41.54465,-43.67792,-82.81191,-12.12652,False
2524,41.56125,-43.5778,-82.78664,-11.98883,False
2525,41.57806,-43.46334,-82.77397,-11.90213,False
2526,41.59467,-43.46334,-82.77397,-11.90213,False
2527,41.61166,-43.31255,-82.73583,-11.69588,False
2528,41.62811,-43.27624,-82.7103,-11.57625,False
2529,41.64478,-43.29029,-82.6975,-11.52535,False
2530,41.66144,-43.23983,-82.68468,-11.45665,False
2531,41.6781,-43.17531,-82.68468,-11.43889,False
2532,41.69476,-43.17531,-82.68468,-11.43889,False
2533,41.71136,-43.18932,-82.67184,-11.38798,False
2534,41.72806,-43.31839,-82.67184,-11.42355,False
2535,41.74475,-43.54016,-82.6461,-11.37537,False
2536,41.76147,-43.76211,-82.62026,-11.32751,False
2537,41.77795,-43.98424,-82.59434,-11.27998,False
2538,41.79462,-43.98424,-82.59434,-11.27998,False
2539,41.81137,-44.14194,-82.56834,-11.21462,False
2540,41.82791,-44.07732,-82.56834,-11.19648,False
2541,41.84476,-43.96485,-82.60886,-11.10024,False
2542,41.86133,-43.72283,-82.64936,-10.9681,False
2543,41.87802,-43.5427,-82.63628,-10.86345,False
2544,41.89474,-43.5427,-82.63628,-10.86345,False
2545,41.91129,-43.13093,-82.59692,-10.58617,False
2546,41.92801,-43.02889,-82.57057,-10.44903,False
2547,41.94458,-42.85916,-82.49058,-10.30358,False
2548,41.96167,-42.69162,-82.46405,-10.14907,False
2549,41.978,-42.39351,-82.43745,-9.959847,False
2550,41.99469,-42.39351,-82.43745,-9.959847,False
2551,42.01132,-41.88762,-82.35711,-9.498509,False
2552,42.02795,-41.75842,-82.28957,-9.19241,False
2553,42.04468,-41.54964,-82.23515,-8.920312,False
2554,42.06128,-41.35324,-82.16665,-8.597662,False
2555,42.07797,-41.09004,-82.09762,-8.258453,False
2556,42.09473,-41.09004,-82.09762,-8.258453,False
2557,42.11169,-40.81475,-81.74373,-7.685935,False
2558,42.12799,-40.78738,-81.70141,-7.516571,False
2559,42.14468,-40.77036,-81.59113,-7.305797,False
2560,42.16132,-40.82183,-81.53407,-7.102484,False
2561,42.17804,-40.84993,-81.55894,-6.991474,False
2562,42.19464,-40.84993,-81.55894,-6.991474,False
2563,42.2113,-40.99355,-81.47244,-6.703585,False
2564,42.22794,-41.00642,-81.45795,-6.652822,False
2565,42.24466,-40.93993,-81.45795,-6.635974,False
2566,42.26123,-40.81973,-81.44344,-6.551586,False
2567,42.27795,-40.7532,-81.44344,-6.534815,False
2568,42.29474,-40.7532,-81.44344,-6.534815,False
2569,42.31131,-40.83226,-81.40946,-6.220894,False
2570,42.32791,-40.87294,-81.41896,-6.059349,False
2571,42.34485,-40.91361,-81.42827,-5.897877,False
2572,42.36142,-40.87464,-81.45222,-5.77035,False
2573,42.3779,-40.75595,-81.49095,-5.676795,False
2574,42.39465,-40.75595,-81.49095,-5.676795,False
2575,42.41129,-40.51357,-81.46123,-5.508541,False
2576,42.42795,-40.52619,-81.44633,-5.45783,False
2577,42.44461,-40.45921,-81.44633,-5.441179,False
2578,42.46118,-40.32521,-81.44633,-5.407961,False
2579,42.478,-39.98784,-81.39277,-5.334695,False
2580,42.49466,-39.98784,-81.39277,-5.334695,False
2581,42.51135,-39.02443,-81.42254,-5.208848,False
2582,42.52795,-38.75604,-81.42254,-5.144881,False
2583,42.54462,-38.62181,-81.42254,-5.113063,False
2584,42.56131,-38.63384,-81.40766,-5.062205,False
2585,42.57797,-38.78019,-81.39277,-5.04319,False
2586,42.59464,-38.78019,-81.39277,-5.04319,False
2587,42.61127,-39.19518,-81.37785,-5.088558,False
2588,42.62793,-39.19518,-81.37785,-5.088558,False
2589,42.64502,-39.11586,-81.39277,-5.123267,False
2590,42.66125,-38.98161,-81.39277,-5.091153,False
2591,42.67789,-38.94092,-81.41647,-4.964177,False
2592,42.69461,-38.94092,-81.41647,-4.964177,False
2593,42.71124,-39.01765,-81.5186,-4.343236,False
2594,42.72794,-39.08455,-81.60318,-4.06203,False
2595,42.74457,-39.12725,-81.71801,-3.882572,False
2596,42.7612,-39.08799,-81.79448,-3.746984,False
2597,42.77789,-38.95475,-81.8481,-3.705875,False
2598,42.79495,-38.95475,-81.8481,-3.705875,False
2599,42.81125,-38.95475,-81.8481,-3.705875,False
2600,42.82788,-39.01817,-81.74087,-3.739964,False
2601,42.8446,-39.08154,-81.63366,-3.774163,False
2602,42.86124,-39.06734,-81.59544,-3.83397,False
2603,42.87793,-39.06734,-81.59544,-3.83397,False
2604,42.89456,-39.06734,-81.59544,-3.83397,False
2605,42.91122,-38.86436,-81.59544,-3.785902,False
2606,42.92792,-38.59364,-81.59544,-3.7222,False
2607,42.94449,-38.53781,-81.58006,-3.655601,False
2608,42.96112,-38.49379,-81.54922,-3.538288,False
2609,42.97781,-38.52291,-81.34203,-3.413574,False
2610,42.99466,-38.52291,-81.34203,-3.413574,False
2611,43.0112,-38.66612,-81.21935,-3.413017,False
2612,43.02789,-38.66612,-81.21935,-3.413017,False
2613,43.04453,-38.65207,-81.18129,-3.472955,False
2614,43.0611,-38.63583,-81.08965,-3.5422,False
2615,43.07791,-38.76258,-80.8754,-3.61135,False
2616,43.09457,-38.76258,-80.8754,-3.61135,False
2617,43.09515,-38.76258,-80.8754,-3.61135,True
2618,43.11111,-39.01556,-80.44712,-3.750962,False
2619,43.12781,-39.00419,-80.17957,-3.798922,False
2620,43.14453,-38.96867,-79.94304,-3.94879,False
2621,43.16113,-38.93534,-79.75999,-4.089367,False
2622,43.17783,-38.9116,-79.50811,-4.189523,False
2623,43.19461,-38.9116,-79.50811,-4.189523,False
2624,43.21115,-39.16241,-79.08071,-4.333934,False
2625,43.22794,-39.43701,-78.90511,-4.378309,False
2626,43.24463,-39.51418,-78.83632,-4.354058,False
2627,43.26111,-39.52639,-78.82088,-4.303405,False
2628,43.27789,-39.45893,-78.82088,-4.287166,False
2629,43.29449,-39.45893,-78.82088,-4.287166,False
2630,43.31116,-39.42058,-78.61432,-4.149669,False
2631,43.32803,-39.59447,-78.33866,-4.020844,False
2632,43.34445,-39.70338,-78.11607,-3.865884,False
2633,43.36111,-39.88257,-77.94653,-3.71721,False
2634,43.37784,-39.89228,-77.87743,-3.677121,False
2635,43.39447,-39.89228,-77.87743,-3.677121,False
2636,43.4111,-39.50051,-77.91497,-3.518182,False
2637,43.42783,-38.99637,-77.92082,-3.226923,False
2638,43.44449,-38.63857,-77.91055,-2.9184,False
2639,43.46112,-38.37101,-77.86783,-2.525362,False
2640,43.47815,-38.23623,-77.771,-2.174762,False
2641,43.49451,-38.23623,-77.771,-2.174762,False
2642,43.51117,-38.32,-77.71043,-1.810705,False
2643,43.52777,-38.32238,-77.76379,-1.800333,False
2644,43.54446,-38.32238,-77.76379,-1.800333,False
2645,43.56113,-38.32238,-77.76379,-1.800333,False
2646,43.57782,-38.30838,-77.72677,-1.861209,False
2647,43.59445,-38.30838,-77.72677,-1.861209,False
2648,43.61111,-38.30598,-77.67342,-1.871602,False
2649,43.62775,-38.38608,-77.65707,-1.836868,False
2650,43.64444,-38.38608,-77.65707,-1.836868,False
2651,43.6611,-38.40011,-77.69407,-1.775984,False
2652,43.6778,-38.41175,-77.67769,-1.725497,False
2653,43.69443,-38.41175,-77.67769,-1.725497,False
2654,43.71109,-38.29312,-77.53815,-1.613801,False
2655,43.72778,-38.30231,-77.46837,-1.573761,False
2656,43.74448,-38.30231,-77.46837,-1.573761,False
2657,43.76108,-38.30231,-77.46837,-1.573761,False
2658,43.77771,-38.30231,-77.46837,-1.573761,False
2659,43.7944,-38.30231,-77.46837,-1.573761,False
2660,43.81113,-38.30231,-77.46837,-1.573761,False
2661,43.82776,-38.23373,-77.46837,-1.558025,False
2662,43.84442,-38.02795,-77.46837,-1.510987,False
2663,43.8613,-37.89073,-77.46837,-1.47977,False
2664,43.87784,-37.75348,-77.46837,-1.448665,False
2665,43.89441,-37.75348,-77.46837,-1.448665,False
2666,43.91119,-37.69191,-77.62842,-1.401883,False
2667,43.92773,-37.63464,-77.61195,-1.335881,False
2668,43.9444,-37.57966,-77.64883,-1.259521,False
2669,43.96121,-37.3848,-77.63232,-1.162768,False
2670,43.97772,-37.25855,-77.61579,-1.081554,False
2671,43.99432,-37.25855,-77.61579,-1.081554,False
2672,44.0119,-37.201,-77.59924,-1.015724,False
2673,44.0278,-37.201,-77.59924,-1.015724,False
2674,44.04443,-37.201,-77.59924,-1.015724,False
2675,44.061,-37.13219,-77.59924,-1.000441,False
2676,44.07767,-37.06337,-77.59924,-0.9851866,False
2677,44.09433,-37.06337,-77.59924,-0.9851866,False
2678,44.11105,-36.87914,-77.56608,-0.8385201,False
2679,44.12772,-36.90138,-77.53283,-0.7374737,False
2680,44.14426,-36.85693,-77.55286,-0.6109115,False
2681,44.1611,-36.81238,-77.57281,-0.4844055,False
2682,44.17767,-36.69864,-77.59269,-0.3428509,False
2683,44.19437,-36.69864,-77.59269,-0.3428509,False
2684,44.211,-36.41443,-77.66871,0.0156373,False
2685,44.22763,-36.24147,-77.67138,0.2221477,False
2686,44.24426,-36.15044,-77.71024,0.4742375,False
2687,44.26108,-35.92207,-77.8022,0.7658502,False
2688,44.27765,-35.60189,-77.9282,0.9706274,False
2689,44.29434,-35.60189,-77.9282,0.9706274,False
2690,44.31152,-34.88749,-78.12661,1.382099,False
2691,44.32758,-34.70278,-78.19901,1.545911,False
2692,44.34433,-34.50544,-78.23518,1.649016,False
2693,44.36108,-34.2461,-78.20054,1.806525,False
2694,44.37756,-34.06845,-78.20189,2.010027,False
2695,44.39438,-34.06845,-78.20189,2.010027,False
2696,44.41107,-34.00261,-78.1865,2.411,False
2697,44.42767,-33.97443,-78.16961,2.636536,False
2698,44.4444,-34.00447,-78.11662,2.787742,False
2699,44.46109,-33.95602,-78.13467,2.912328,False
2700,44.4776,-33.95797,-78.18815,2.922148,False
2701,44.49438,-33.95797,-78.18815,2.922148,False
2702,44.51108,-33.55091,-78.33087,3.085154,False
2703,44.52762,-33.20402,-78.49137,3.182935,False
2704,44.54434,-32.87199,-78.79472,3.359046,False
2705,44.56094,-32.77047,-79.06255,3.594317,False
2706,44.57773,-32.81606,-79.20528,3.833508,False
2707,44.5943,-32.81606,-79.20528,3.833508,False
2708,44.61099,-32.97621,-79.4363,4.287781,False
2709,44.62766,-32.98758,-79.47179,4.347294,False
2710,44.64423,-32.99718,-79.45367,4.397612,False
2711,44.66101,-32.99718,-79.45367,4.397612,False
2712,44.67767,-32.99718,-79.45367,4.397612,False
2713,44.6944,-32.99718,-79.45367,4.397612,False
2714,44.711,-32.99718,-79.45367,4.397612,False
2715,44.72763,-32.92615,-79.45367,4.411166,False
2716,44.74432,-32.80315,-79.41737,4.538822,False
2717,44.76111,-32.60882,-79.38097,4.679786,False
2718,44.77762,-32.40476,-79.36274,4.770197,False
2719,44.79434,-32.40476,-79.36274,4.770197,False
2720,44.81094,-32.16663,-79.27129,5.074809,False
2721,44.8277,-32.11393,-79.23457,5.188596,False
2722,44.84424,-32.15113,-79.16086,5.389658,False
2723,44.86102,-32.19761,-79.06826,5.640819,False
2724,44.87759,-32.23477,-78.9938,5.841614,False
2725,44.89429,-32.23477,-78.9938,5.841614,False
2726,44.91098,-32.33265,-78.96704,6.370544,False
2727,44.92758,-32.3731,-78.99866,6.589123,False
2728,44.94437,-32.33057,-78.99535,6.761703,False
2729,44.96103,-32.21415,-78.93823,6.938399,False
2730,44.97772,-32.01615,-78.90005,7.0781,False
2731,44.99423,-32.01615,-78.90005,7.0781,False
2732,45.01099,-31.53803,-78.84263,7.319692,False
2733,45.02771,-31.40249,-78.82344,7.395616,False
2734,45.03516,-31.40249,-78.82344,7.395616,True
2735,45.04428,-31.34968,-78.83864,7.51765,False
2736,45.06094,-31.22599,-78.90739,7.66149,False
2737,45.07767,-31.02804,-78.92243,7.808927,False
2738,45.09424,-31.02804,-78.92243,7.808927,False
2739,45.11099,-30.70061,-78.84499,8.072431,False
2740,45.12762,-30.64543,-78.80614,8.185041,False
2741,45.1442,-30.58859,-78.71358,8.288604,False
2742,45.16092,-30.52459,-78.69408,8.351148,False
2743,45.17761,-30.45192,-78.69408,8.363684,False
2744,45.19427,-30.45192,-78.69408,8.363684,False
2745,45.21091,-30.08854,-78.69408,8.42592,False
2746,45.22769,-29.79774,-78.69408,8.47517,False
2747,45.24423,-29.50686,-78.69408,8.523942,False
2748,45.26093,-29.28864,-78.69408,8.560206,False
2749,45.27747,-29.20763,-78.71358,8.522192,False
2750,45.29422,-29.20763,-78.71358,8.522192,False
2751,45.31082,-29.34327,-78.67942,8.439033,False
2752,45.32751,-29.4803,-78.69888,8.364796,False
2753,45.34427,-29.5446,-78.71831,8.302609,False
2754,45.3609,-29.53622,-78.73772,8.252552,False
2755,45.37766,-29.51948,-78.77648,8.152413,False
2756,45.39426,-29.51948,-78.77648,8.152413,False
2757,45.41092,-29.36447,-78.7422,8.117487,False
2758,45.42746,-29.20954,-78.7079,8.082396,False
2759,45.44427,-29.13699,-78.7079,8.094392,False
2760,45.46091,-29.06443,-78.7079,8.106358,False
2761,45.47751,-29.05617,-78.72721,8.056241,False
2762,45.49426,-29.05617,-78.72721,8.056241,False
2763,45.51093,-29.04792,-78.7465,8.006116,False
2764,45.52756,-28.9754,-78.7465,8.018046,False
2765,45.54422,-28.98363,-78.72721,8.068174,False
2766,45.56085,-28.9193,-78.7079,8.1302,False
2767,45.57751,-28.92752,-78.68858,8.180317,False
2768,45.59421,-28.92752,-78.68858,8.180317,False
2769,45.61084,-28.71935,-78.72285,8.275068,False
2770,45.6275,-28.50145,-78.72285,8.310362,False
2771,45.64426,-28.21884,-78.70348,8.407136,False
2772,45.66086,-28.00077,-78.70348,8.441812,False
2773,45.67752,-27.87117,-78.66467,8.565056,False
2774,45.69415,-27.87117,-78.66467,8.565056,False
2775,45.71082,-27.76635,-78.62093,8.847574,False
2776,45.72745,-27.7899,-78.56226,8.997832,False
2777,45.74417,-27.80559,-78.52305,9.097964,False
2778,45.76105,-27.74044,-78.50341,9.159441,False
2779,45.77759,-27.59445,-78.50341,9.182194,False
2780,45.79422,-27.59445,-78.50341,9.182194,False
2781,45.81082,-27.01029,-78.50341,9.272008,False
2782,45.82755,-26.80008,-78.53738,9.36434,False
2783,45.84421,-26.58832,-78.51771,9.447357,False
2784,45.86087,-26.44343,-78.57134,9.4782,False
2785,45.87744,-26.37907,-78.60529,9.548168,False
2786,45.8942,-26.37907,-78.60529,9.548168,False
2787,45.91098,-26.32813,-78.54606,9.709242,False
2788,45.92752,-26.33554,-78.52628,9.759306,False
2789,45.94418,-26.26968,-78.50647,9.82018,False
2790,45.96085,-26.20509,-78.54029,9.890018,False
2791,45.97745,-26.14176,-78.62775,9.968757,False
2792,45.99417,-26.14176,-78.62775,9.968757,False
2793,46.01083,-25.94278,-78.85631,10.14541,False
2794,46.0275,-25.96588,-78.8502,10.30432,False
2795,46.04419,-25.9975,-78.87756,10.5219,False
2796,46.06094,-26.01929,-78.81734,10.67181,False
2797,46.07748,-26.04234,-78.81063,10.8304,False
2798,46.0943,-26.04234,-78.81063,10.8304,False
2799,46.11081,-25.7109,-78.76324,11.14195,False
2800,46.12744,-25.51319,-78.80973,11.34066,False
2801,46.14413,-25.40305,-78.81524,11.62831,False
2802,46.16071,-25.37355,-78.7997,11.95499,False
2803,46.17752,-25.4192,-78.83715,12.27941,False
2804,46.19412,-25.4192,-78.83715,12.27941,False
2805,46.21078,-25.51253,-78.67406,12.94262,False
2806,46.22745,-25.40508,-78.54804,13.26133,False
2807,46.24411,-25.14061,-78.44245,13.55085,False
2808,46.26077,-24.65716,-78.31508,13.91987,False
2809,46.27744,-24.24685,-78.18697,14.27734,False
2810,46.29422,-24.24685,-78.18697,14.27734,False
2811,46.31079,-23.65707,-78.0681,15.03442,False
2812,46.32739,-23.47929,-78.13085,15.44283,False
2813,46.34409,-23.36887,-78.16085,15.78311,False
2814,46.36072,-23.2506,-78.15843,16.06531,False
2815,46.37732,-23.11847,-78.146,16.24041,False
2816,46.39407,-23.11847,-78.146,16.24041,False
2817,46.41074,-22.61216,-78.1112,16.51143,False
2818,46.4274,-22.32589,-78.04456,16.69607,False
2819,46.44437,-22.11033,-78.05381,16.83011,False
2820,46.46078,-21.97747,-78.09444,17.01217,False
2821,46.47745,-21.83756,-78.10349,17.13669,False
2822,46.49402,-21.83756,-78.10349,17.13669,False
2823,46.51071,-21.62489,-78.32768,17.3022,False
2824,46.5274,-21.39769,-78.43531,17.34473,False
2825,46.54401,-21.09872,-78.46669,17.43682,False
2826,46.56076,-20.64117,-78.52051,17.49625,False
2827,46.57742,-20.11233,-78.55187,17.61202,False
2828,46.59418,-20.11233,-78.55187,17.61202,False
2829,46.61066,-19.51162,-78.56073,17.78348,False
2830,46.62747,-19.35936,-78.61456,17.80735,False
2831,46.64398,-19.2879,-78.59204,17.86448,False
2832,46.66068,-19.2879,-78.59204,17.86448,False
2833,46.67743,-19.05898,-78.64587,17.896,False
2834,46.69409,-19.05898,-78.64587,17.896,False
2835,46.71072,-18.52103,-78.88375,17.93214,False
2836,46.72757,-18.29274,-78.99146,17.97035,False
2837,46.74408,-18.06586,-79.20689,18.02352,False
2838,46.76074,-17.7676,-79.45374,18.14015,False
2839,46.77731,-17.54105,-79.72319,18.19933,False
2840,46.79416,-17.54105,-79.72319,18.19933,False
2841,46.8107,-16.93392,-80.26231,18.3292,False
2842,46.82739,-16.70682,-80.53197,18.38573,False
2843,46.84402,-16.55575,-80.74776,18.42763,False
2844,46.86063,-16.56633,-80.86455,18.54706,False
2845,46.87741,-16.58623,-80.98999,18.77155,False
2846,46.89407,-16.58623,-80.98999,18.77155,False
2847,46.91068,-16.69805,-81.20885,19.15636,False
2848,46.92737,-16.70918,-81.37922,19.28125,False
2849,46.94409,-16.6387,-81.57242,19.36352,False
2850,46.96075,-16.3359,-81.71161,19.45924,False
2851,46.97742,-16.02807,-81.81966,19.49874,False
2852,46.99402,-16.02807,-81.81966,19.49874,False
2853,47.01062,-15.733,-81.91306,19.69134,False
2854,47.02744,-15.74585,-81.89822,19.84492,False
2855,47.04401,-15.83149,-81.8522,19.93653,False
2856,47.06064,-15.83973,-81.80611,20.0346,False
2857,47.07739,-15.83973,-81.80611,20.0346,False
2858,47.09402,-15.83973,-81.80611,20.0346,False
2859,47.11069,-15.45238,-81.80611,20.06677,False
2860,47.12732,-15.22492,-81.89111,20.14735,False
2861,47.14395,-15.08365,-82.03794,20.33186,False
2862,47.16071,-15.01922,-82.13058,20.50354,False
2863,47.17731,-15.03625,-82.19977,20.7177,False
2864,47.19391,-15.03625,-82.19977,20.7177,False
2865,47.21063,-15.13452,-82.19122,20.96817,False
2866,47.22739,-15.13452,-82.19122,20.96817,False
2867,47.24405,-15.05667,-82.19122,20.97438,False
2868,47.26065,-14.97882,-82.19122,20.98055,False
2869,47.27731,-14.74525,-82.19122,20.99889,False
2870,47.29398,-14.74525,-82.19122,20.99889,False
2871,47.3107,-14.12319,-82.29937,21.05839,False
2872,47.3273,-13.81563,-82.33005,21.13625,False
2873,47.3439,-13.42991,-82.36071,21.21912,False
2874,47.36053,-12.96551,-82.33727,21.30059,False
2875,47.37732,-12.42277,-82.31381,21.38603,False
2876,47.39392,-12.42277,-82.31381,21.38603,False
2877,47.41068,-11.64137,-82.15157,21.41756,False
2878,47.42731,-11.56521,-81.96588,21.4531,False
2879,47.44391,-11.48605,-81.80369,21.4395,False
2880,47.46066,-11.49123,-81.64855,21.52496,False
2881,47.47733,-11.57824,-81.57787,21.66685,False
2882,47.49396,-11.57824,-81.57787,21.66685,False
2883,47.51117,-11.59684,-81.5441,21.97217,False
2884,47.52722,-11.52523,-81.60477,22.08677,False
2885,47.54395,-11.30222,-81.56368,22.30201,False
2886,47.5607,-11.2292,-81.46192,22.39803,False
2887,47.57733,-11.23458,-81.36008,22.48936,False
2888,47.59399,-11.23458,-81.36008,22.48936,False
2889,47.6106,-11.54771,-81.25196,22.45833,False
2890,47.62729,-11.62283,-81.2218,22.39867,False
2891,47.64395,-11.69528,-81.26954,22.29643,False
2892,47.66071,-11.69229,-81.29337,22.24769,False
2893,47.67725,-11.6893,-81.31719,22.19894,False
2894,47.69391,-11.6893,-81.31719,22.19894,False
2895,47.71063,-11.99963,-81.34099,22.1307,False
2896,47.72726,-12.23147,-81.36477,22.06699,False
2897,47.74396,-12.54465,-81.36477,22.04662,False
2898,47.76056,-12.70164,-81.41882,22.04242,False
2899,47.77722,-12.78361,-81.4491,22.09208,False
2900,47.79398,-12.78361,-81.4491,22.09208,False
2901,47.81058,-12.6383,-81.59392,22.27313,False
2902,47.82724,-12.49428,-81.49837,22.47827,False
2903,47.84387,-12.50384,-81.42649,22.62428,False
2904,47.86057,-12.59558,-81.38446,22.81969,False
2905,47.87723,-12.61277,-81.42611,23.08064,False
2906,47.89392,-12.61277,-81.42611,23.08064,False
2907,47.91046,-12.73793,-81.75942,23.77596,False
2908,47.92722,-12.84502,-81.8881,24.19168,False
2909,47.94388,-13.10119,-82.08972,24.45034,False
2910,47.96054,-13.34719,-82.25689,24.55219,False
2911,47.97723,-13.42726,-82.36518,24.55734,False
2912,47.9939,-13.42726,-82.36518,24.55734,False
2913,48.01053,-13.4239,-82.38989,24.50906,False
2914,48.02722,-13.33346,-82.30147,24.35364,False
2915,48.04407,-13.32268,-82.26701,24.19786,False
2916,48.06052,-13.31226,-82.28653,24.04736,False
2917,48.07721,-13.22574,-82.22727,23.94512,False
2918,48.09387,-13.22574,-82.22727,23.94512,False
2919,48.11053,-12.74473,-81.76465,23.8785,False
2920,48.12723,-12.59351,-81.31245,23.9938,False
2921,48.14386,-12.6094,-80.73228,24.23654,False
2922,48.16049,-12.62639,-80.31373,24.49598,False
2923,48.17722,-12.64881,-79.73665,24.83839,False
2924,48.19394,-12.64881,-79.73665,24.83839,False
2925,48.19516,-12.64881,-79.73665,24.83839,True
2926,48.21051,-12.30119,-78.5826,25.64632,False
2927,48.22726,-11.92423,-78.1638,26.02855,False
2928,48.2438,-11.46037,-77.84889,26.32477,False
2929,48.26056,-10.98737,-77.66419,26.48257,False
2930,48.27716,-10.59161,-77.55896,26.59367,False
2931,48.29382,-10.59161,-77.55896,26.59367,False
2932,48.31049,-10.27599,-77.50764,26.70649,False
2933,48.32712,-10.19828,-77.48195,26.75851,False
2934,48.34378,-10.20078,-77.45624,26.80632,False
2935,48.36057,-10.20113,-77.51022,26.8131,False
2936,48.37723,-10.20184,-77.61821,26.82658,False
2937,48.39377,-10.20184,-77.61821,26.82658,False
2938,48.4104,-10.3663,-77.80846,26.89264,False
2939,48.42719,-10.37138,-77.75695,26.98819,False
2940,48.44388,-10.37645,-77.70535,27.0837,False
2941,48.46051,-10.38152,-77.65368,27.17918,False
2942,48.47714,-10.38912,-77.57603,27.32231,False
2943,48.4938,-10.38912,-77.57603,27.32231,False
2944,48.51044,-10.55739,-77.44419,27.45008,False
2945,48.52716,-10.55996,-77.41821,27.49773,False
2946,48.54373,-10.55996,-77.41821,27.49773,False
2947,48.56061,-10.55739,-77.44419,27.45008,False
2948,48.57724,-10.55482,-77.47015,27.40241,False
2949,48.59393,-10.55482,-77.47015,27.40241,False
2950,48.61047,-10.55482,-77.47015,27.40241,False
2951,48.62714,-10.55482,-77.47015,27.40241,False
2952,48.6438,-10.47687,-77.44419,27.4544,False
2953,48.6604,-10.47978,-77.47221,27.5087,False
2954,48.67715,-10.48488,-77.42019,27.60398,False
2955,48.69385,-10.48488,-77.42019,27.60398,False
2956,48.71039,-10.57679,-77.47794,27.80989,False
2957,48.72751,-10.66556,-77.45353,27.95478,False
2958,48.74387,-10.75408,-77.37495,28.09299,False
2959,48.76044,-10.84308,-77.3502,28.23759,False
2960,48.77713,-10.85129,-77.32528,28.38651,False
2961,48.79376,-10.85129,-77.32528,28.38651,False
2962,48.81042,-10.62602,-77.49104,28.72292,False
2963,48.82709,-10.63384,-77.87045,28.86794,False
2964,48.84378,-10.72885,-78.35908,29.11974,False
2965,48.86041,-11.07311,-78.79434,29.4497,False
2966,48.87726,-11.33953,-79.20238,29.82786,False
2967,48.89377,-11.33953,-79.20238,29.82786,False
2968,48.9104,-11.78518,-79.69137,30.4489,False
2969,48.92703,-11.88748,-79.66402,30.78836,False
2970,48.94366,-11.90459,-79.55472,31.07499,False
2971,48.96036,-12.08845,-79.36311,31.39312,False
2972,48.97711,-12.35506,-79.17058,31.70547,False
2973,48.9938,-12.35506,-79.17058,31.70547,False
2974,49.01038,-12.97941,-78.78117,32.42029,False
2975,49.02713,-13.24918,-78.69392,32.73964,False
2976,49.04373,-13.51626,-78.57971,33.00666,False
2977,49.06046,-13.78049,-78.43886,33.22162,False
2978,49.07712,-14.12857,-78.35172,33.4351,False
2979,49.09375,-14.12857,-78.35172,33.4351,False
2980,49.11044,-15.4216,-78.4156,33.98306,False
2981,49.12711,-16.20932,-78.45432,34.41296,False
2982,49.1438,-16.99223,-78.49484,34.74163,False
2983,49.16043,-17.78167,-78.50515,35.11173,False
2984,49.17719,-18.55692,-78.57653,35.2904,False
2985,49.19379,-18.55692,-78.57653,35.2904,False
2986,49.21039,-19.66367,-78.56823,35.37933,False
2987,49.2272,-19.83079,-78.51399,35.35881,False
2988,49.24371,-19.83037,-78.45975,35.35452,False
2989,49.26056,-19.83037,-78.45975,35.35452,False
2990,49.27707,-19.83079,-78.51399,35.35881,False
2991,49.29376,-19.83079,-78.51399,35.35881,False
2992,49.31033,-20.50335,-78.83946,35.31776,False
2993,49.32712,-20.92415,-79.11073,35.29564,False
2994,49.34366,-21.41819,-79.33195,35.16428,False
2995,49.36041,-21.99489,-79.49883,35.01853,False
2996,49.37717,-22.82159,-79.66565,34.84302,False
2997,49.39377,-22.82159,-79.66565,34.84302,False
2998,49.41043,-25.07654,-79.71992,34.58099,False
2999,49.42706,-26.07757,-79.71992,34.45478,False
3000,49.44379,-26.91128,-79.71992,34.34584,False
3001,49.46036,-27.41128,-79.71992,34.27883,False
3002,49.47711,-27.7326,-79.8324,34.14637,False
3003,49.49368,-27.7326,-79.8324,34.14637,False
3004,49.51035,-28.34324,-80.31049,33.6596,False
3005,49.52704,-28.56818,-80.58884,33.45328,False
3006,49.54379,-28.7162,-80.83814,33.30379,False
3007,49.5603,-28.86947,-80.94996,33.19242,False
3008,49.57706,-28.85639,-81.00742,33.10111,False
3009,49.59363,-28.85639,-81.00742,33.10111,False
3010,49.61032,-29.07186,-81.15072,32.83691,False
3011,49.62701,-29.38937,-81.20791,32.69738,False
3012,49.64371,-29.8649,-81.29356,32.48706,False
3013,49.66034,-30.42205,-81.37903,32.26303,False
3014,49.67712,-31.16427,-81.37903,32.14907,False
3015,49.69373,-31.16427,-81.37903,32.14907,False
3016,49.7103,-33.51698,-81.2622,32.05424,False
3017,49.7269,-34.47968,-81.22459,32.22968,False
3018,49.74362,-35.18948,-81.2692,32.40134,False
3019,49.76031,-35.45488,-81.37443,32.45854,False
3020,49.77692,-35.45605,-81.48304,32.46514,False
3021,49.79361,-35.45605,-81.48304,32.46514,False
3022,49.81033,-35.14464,-81.7133,32.14556,False
3023,49.82703,-35.03039,-81.82799,31.97812,False
3024,49.84366,-35.08883,-81.9138,31.82718,False
3025,49.86035,-35.15514,-81.97092,31.72167,False
3026,49.87704,-35.31162,-81.99945,31.64715,False
3027,49.89365,-35.31162,-81.99945,31.64715,False
3028,49.91034,-35.70763,-82.16507,31.48955,False
3029,49.927,-35.93773,-82.222,31.35423,False
3030,49.94394,-36.25846,-82.30474,31.25252,False
3031,49.96033,-36.66039,-82.33316,31.13199,False
3032,49.97696,-37.15184,-82.27885,31.03772,False
3033,49.99362,-37.15184,-82.27885,31.03772,False
3034,50.01044,-37.69601,-82.03814,30.77362,False
3035,50.02701,-37.9056,-82.04279,30.53797,False
3036,50.04364,-37.94317,-82.12962,30.29092,False
3037,50.0603,-38.23465,-82.2422,30.04567,False
3038,50.07703,-38.51652,-82.38248,29.75412,False
3039,50.09378,-38.51652,-82.38248,29.75412,False
3040,50.11029,-39.10124,-82.3066,29.28897,False
3041,50.12695,-39.30428,-82.09224,29.03598,False
3042,50.14368,-39.50503,-81.76907,28.77421,False
3043,50.16034,-39.69643,-81.52761,28.46881,False
3044,50.17691,-39.72773,-81.44849,28.20694,False
3045,50.19366,-39.72773,-81.44849,28.20694,False
3046,50.21033,-39.62219,-81.53321,27.68475,False
3047,50.22702,-39.49428,-81.61535,27.46651,False
3048,50.24368,-39.37663,-81.72411,27.29825,False
3049,50.26025,-39.33946,-81.83256,27.11359,False
3050,50.27689,-39.48153,-81.88667,26.98879,False
3051,50.29361,-39.48153,-81.88667,26.98879,False
3052,50.31021,-39.74624,-82.04854,26.64628,False
3053,50.32706,-39.9488,-82.15606,26.41206,False
3054,50.34354,-39.9813,-82.29004,26.1641,False
3055,50.36029,-40.02309,-82.39687,25.96225,False
3056,50.37701,-39.97531,-82.52998,25.73027,False
3057,50.39359,-39.97531,-82.52998,25.73027,False
3058,50.41025,-39.90309,-82.3901,25.37963,False
3059,50.42697,-39.86118,-82.27878,25.17619,False
3060,50.44357,-39.82969,-82.19511,25.02326,False
3061,50.46033,-39.80679,-82.03081,24.91212,False
3062,50.47702,-39.85457,-81.94688,24.74221,False
3063,50.49359,-39.85457,-81.94688,24.74221,False
3064,50.51019,-39.88564,-81.50957,24.49215,False
3065,50.52692,-39.93087,-81.31696,24.31136,False
3066,50.54355,-40.05391,-81.07006,24.10843,False
3067,50.56027,-40.08874,-80.90315,23.87949,False
3068,50.5769,-40.11566,-80.87013,23.61357,False
3069,50.59354,-40.11566,-80.87013,23.61357,False
3070,50.61026,-40.05365,-80.86237,23.31685,False
3071,50.61514,-40.05365,-80.86237,23.31685,True
