sample,t,x,y,z, HasCollision
0,0.0,0.0,-65.51071,-88.1142,False
1,0.01663208,0.0,-65.51071,-88.1142,False
2,0.03341675,0.0,-65.51071,-88.1142,False
3,0.05001831,0.0,-65.51071,-88.1142,False
4,0.06661987,0.0,-65.51071,-88.1142,False
5,0.08340454,0.0,-65.51071,-88.1142,False
6,0.1000977,0.0,-65.51071,-88.1142,False
7,0.1166687,0.0,-65.51071,-88.1142,False
8,0.1333008,0.0,-65.51071,-88.1142,False
9,0.1500244,0.0,-65.51071,-88.1142,False
10,0.166626,0.0,-65.51071,-88.1142,False
11,0.1833801,0.0,-65.51071,-88.1142,False
12,0.1999512,0.0,-65.51071,-88.1142,False
13,0.2166443,0.0,-65.51071,-88.1142,False
14,0.2334595,0.0,-65.51071,-88.1142,False
15,0.2500305,0.0,-65.51071,-88.1142,False
16,0.2666626,0.0,-65.51071,-88.1142,False
17,0.2834473,0.0,-65.51071,-88.1142,False
18,0.3000793,0.0,-65.51071,-88.1142,False
19,0.3166199,0.0,-65.51071,-88.1142,False
20,0.3333435,0.0,-65.51071,-88.1142,False
21,0.3500366,0.0,-65.51071,-88.1142,False
22,0.3667297,0.0,-65.51071,-88.1142,False
23,0.3833923,0.0,-65.51071,-88.1142,False
24,0.4000549,0.0,-65.51071,-88.1142,False
25,0.416626,0.0,-65.51071,-88.1142,False
26,0.4334717,0.0,-65.51071,-88.1142,False
27,0.4500427,0.0,-65.51071,-88.1142,False
28,0.4672241,0.0,-65.51071,-88.1142,False
29,0.4832458,0.0,-65.51071,-88.1142,False
30,0.5,0.0,-65.51071,-88.1142,False
31,0.5166321,0.0,-65.51071,-88.1142,False
32,0.5332642,0.0,-65.51071,-88.1142,False
33,0.5499268,0.0,-65.51071,-88.1142,False
34,0.5665894,0.0,-65.51071,-88.1142,False
35,0.583374,0.0,-65.51071,-88.1142,False
36,0.6000061,0.0,-65.51071,-88.1142,False
37,0.6166992,0.0,-65.51071,-88.1142,False
38,0.6334229,0.0,-65.51071,-88.1142,False
39,0.6499939,0.0,-65.51071,-88.1142,False
40,0.6667175,0.0,-65.51071,-88.1142,False
41,0.6834106,0.0,-65.51071,-88.1142,False
42,0.6999817,0.0,-65.51071,-88.1142,False
43,0.7166443,0.0,-65.51071,-88.1142,False
44,0.7332764,0.0,-65.51071,-88.1142,False
45,0.7499695,0.0,-65.51071,-88.1142,False
46,0.7666016,0.0,-65.51071,-88.1142,False
47,0.7833862,0.0,-65.51071,-88.1142,False
48,0.7999268,0.0,-65.51071,-88.1142,False
49,0.8166199,0.0,-65.51071,-88.1142,False
50,0.833252,0.0,-65.51071,-88.1142,False
51,0.8499451,0.0,-65.51071,-88.1142,False
52,0.8666687,0.0,-65.51071,-88.1142,False
53,0.8832703,0.0,-65.51071,-88.1142,False
54,0.8999023,0.0,-65.51071,-88.1142,False
55,0.916626,0.0,-65.51071,-88.1142,False
56,0.9333496,0.0,-65.51071,-88.1142,False
57,0.9499207,0.0,-65.51071,-88.1142,False
58,0.9665527,0.0,-65.51071,-88.1142,False
59,0.9833374,0.0,-65.51071,-88.1142,False
60,1.000305,0.0,-65.51071,-88.1142,False
61,1.016693,0.0,-65.51071,-88.1142,False
62,1.033295,0.0,-65.51071,-88.1142,False
63,1.049927,0.0,-65.51071,-88.1142,False
64,1.06665,0.0,-65.51071,-88.1142,False
65,1.083282,0.0,-65.51071,-88.1142,False
66,1.100433,0.0,-65.51071,-88.1142,False
67,1.116577,0.0,-65.51071,-88.1142,False
68,1.133209,0.0,-65.51071,-88.1142,False
69,1.150055,0.0,-65.51071,-88.1142,False
70,1.166626,0.0,-65.51071,-88.1142,False
71,1.183258,0.0,-65.51071,-88.1142,False
72,1.199951,0.0,-65.51071,-88.1142,False
73,1.216522,0.0,-65.51071,-88.1142,False
74,1.233154,0.0,-65.51071,-88.1142,False
75,1.249908,0.0,-65.51071,-88.1142,False
76,1.26651,0.0,-65.51071,-88.1142,False
77,1.283234,0.0,-65.51071,-88.1142,False
78,1.299866,0.0,-65.51071,-88.1142,False
79,1.316498,0.0,-65.51071,-88.1142,False
80,1.333191,0.0,-65.51071,-88.1142,False
81,1.349823,0.0,-65.51071,-88.1142,False
82,1.366516,0.0,-65.51071,-88.1142,False
83,1.38324,0.0,-65.51071,-88.1142,False
84,1.399811,0.0,-65.51071,-88.1142,False
85,1.416534,0.0,-64.16244,-85.72867,False
86,1.433105,0.34812,-62.59609,-83.6907,False
87,1.449829,0.9970267,-60.63819,-81.75803,False
88,1.466522,0.9970267,-60.63819,-81.75803,False
89,1.483215,1.604323,-57.01503,-77.62517,False
90,1.499878,1.971218,-55.33474,-76.17499,False
91,1.516541,2.609611,-54.19762,-75.04568,False
92,1.533417,3.365293,-53.82047,-74.32001,False
93,1.549744,4.073565,-53.92756,-74.06048,False
94,1.566467,4.073565,-53.92756,-74.06048,False
95,1.58316,4.229292,-54.51992,-74.05292,False
96,1.599823,4.191487,-54.79718,-74.02934,False
97,1.616516,4.193375,-54.89735,-73.98685,False
98,1.633057,4.157372,-55.04767,-73.92156,False
99,1.649841,4.210322,-55.34434,-73.60551,False
100,1.666595,4.210322,-55.34434,-73.60551,False
101,1.683685,4.541559,-55.98114,-73.20948,False
102,1.699768,4.744386,-56.33319,-73.07387,False
103,1.716492,4.82527,-56.57352,-73.0278,False
104,1.733124,4.828388,-56.72465,-72.96622,False
105,1.749878,4.946482,-56.86444,-72.9639,False
106,1.766449,4.946482,-56.86444,-72.9639,False
107,1.783173,5.036536,-57.04992,-72.74761,False
108,1.799744,5.209969,-57.06727,-72.45798,False
109,1.816742,5.474602,-56.84768,-71.97707,False
110,1.83313,5.662654,-56.53548,-71.48079,False
111,1.849823,5.811013,-56.17007,-71.00429,False
112,1.866547,5.811013,-56.17007,-71.00429,False
113,1.883087,6.334058,-56.11288,-70.37246,False
114,1.899811,6.66719,-56.14309,-70.234,False
115,1.916443,6.847106,-56.19301,-69.97868,False
116,1.933136,6.946088,-56.1017,-69.72758,False
117,1.949799,7.126796,-56.00969,-69.48244,False
118,1.966461,7.126796,-56.00969,-69.48244,False
119,1.983032,7.333495,-56.02391,-68.89634,False
120,1.999847,7.692736,-55.9574,-68.50412,False
121,2.016479,8.061522,-55.85713,-68.02751,False
122,2.033081,8.394758,-55.71307,-67.51659,False
123,2.049866,8.768983,-55.69907,-67.05299,False
124,2.066498,8.768983,-55.69907,-67.05299,False
125,2.083069,9.474972,-55.8821,-66.23212,False
126,2.099762,10.03312,-56.0124,-65.72388,False
127,2.116486,10.32706,-56.02507,-65.34229,False
128,2.133118,10.48455,-56.02115,-65.05536,False
129,2.149811,10.63946,-56.05895,-64.80074,False
130,2.166504,10.63946,-56.05895,-64.80074,False
131,2.183136,11.11778,-56.26828,-64.35315,False
132,2.199768,11.49402,-56.4047,-64.08011,False
133,2.216736,11.87951,-56.45469,-63.74382,False
134,2.233124,12.26992,-56.31734,-63.38686,False
135,2.249786,12.58255,-55.94856,-62.96766,False
136,2.266357,12.58255,-55.94856,-62.96766,False
137,2.283112,13.01955,-55.42189,-62.27308,False
138,2.299744,13.12665,-55.44036,-62.12308,False
139,2.316437,13.14132,-55.59591,-62.00433,False
140,2.33313,13.15469,-55.84516,-61.89614,False
141,2.349884,13.16534,-56.04472,-61.80994,False
142,2.366425,13.16534,-56.04472,-61.80994,False
143,2.383087,13.1693,-56.00091,-61.77787,False
144,2.399841,13.18255,-56.01302,-61.67069,False
145,2.416412,13.20242,-56.03101,-61.50989,False
146,2.433075,13.26629,-56.04882,-61.35452,False
147,2.449707,13.37704,-56.11632,-61.18314,False
148,2.466309,13.37704,-56.11632,-61.18314,False
149,2.483063,13.48289,-56.31205,-60.69531,False
150,2.499756,13.53259,-56.40106,-60.29845,False
151,2.516357,13.59441,-56.35513,-59.80483,False
152,2.533325,13.65086,-56.20723,-59.35412,False
153,2.549713,13.59724,-56.04264,-59.05341,False
154,2.566376,13.59724,-56.04264,-59.05341,False
155,2.583313,13.42771,-56.13107,-58.57428,False
156,2.600311,13.35311,-56.19036,-58.43419,False
157,2.616302,13.33004,-56.2542,-58.24588,False
158,2.633087,13.34957,-56.26796,-58.08463,False
159,2.649719,13.36909,-56.28153,-57.92336,False
160,2.666351,13.36909,-56.28153,-57.92336,False
161,2.683044,13.18996,-56.09101,-57.88045,False
162,2.699707,13.00569,-56.04117,-57.88058,False
163,2.716339,12.7331,-56.04117,-57.84883,False
164,2.733063,12.60291,-56.0456,-57.7794,False
165,2.749786,12.62745,-56.06313,-57.56414,False
166,2.766296,12.62745,-56.06313,-57.56414,False
167,2.783142,13.06834,-56.19135,-56.55679,False
168,2.799683,13.17238,-56.12973,-56.06719,False
169,2.816345,13.10126,-55.94868,-55.87412,False
170,2.833008,12.78953,-55.714,-55.73061,False
171,2.849854,12.32153,-55.61452,-55.72282,False
172,2.866333,12.32153,-55.61452,-55.72282,False
173,2.882935,11.47985,-55.56129,-55.71063,False
174,2.899719,11.34089,-55.56129,-55.69655,False
175,2.916412,11.34089,-55.56129,-55.69655,False
176,2.933014,11.34089,-55.56129,-55.69655,False
177,2.949677,11.34089,-55.56129,-55.69655,False
178,2.966309,11.34089,-55.56129,-55.69655,False
179,2.983002,11.07244,-54.95821,-56.04675,False
180,2.999664,10.68594,-54.5616,-56.1895,False
181,3.016388,10.29541,-54.16201,-56.38886,False
182,3.032928,9.958985,-53.81599,-56.51822,False
183,3.049683,9.771795,-53.62204,-56.53901,False
184,3.066254,9.771795,-53.62204,-56.53901,False
185,3.083008,9.06214,-52.98466,-56.72506,False
186,3.099579,8.496528,-52.68584,-56.87462,False
187,3.116364,7.985013,-52.58392,-56.93787,False
188,3.133514,7.613182,-52.53116,-56.98956,False
189,3.149536,7.333312,-52.47839,-57.04851,False
190,3.166351,7.333312,-52.47839,-57.04851,False
191,3.183105,7.002148,-52.22914,-57.19873,False
192,3.199585,6.904905,-52.03283,-57.28679,False
193,3.216309,6.810681,-51.93473,-57.32816,False
194,3.233154,6.760297,-51.88203,-57.40302,False
195,3.249634,6.756999,-51.87835,-57.45713,False
196,3.266235,6.756999,-51.87835,-57.45713,False
197,3.28299,6.436411,-51.82932,-57.4617,False
198,3.299652,5.972005,-51.72386,-57.59163,False
199,3.316223,5.41895,-51.66734,-57.69542,False
200,3.332947,4.727066,-51.65203,-57.88072,False
201,3.34964,4.22113,-51.64032,-58.02294,False
202,3.366241,4.22113,-51.64032,-58.02294,False
203,3.382996,4.311592,-51.73437,-58.03334,False
204,3.399597,5.041592,-51.9305,-57.96984,False
205,3.416321,6.089165,-52.07769,-57.952,False
206,3.433258,6.816804,-52.12677,-57.97102,False
207,3.449615,7.405171,-52.07769,-58.03246,False
208,3.466278,7.405171,-52.07769,-58.03246,False
209,3.482941,8.152633,-51.95948,-58.40402,False
210,3.499664,8.36631,-51.94717,-58.58309,False
211,3.516388,8.525812,-51.9262,-58.86707,False
212,3.533081,8.6887,-51.90904,-59.09723,False
213,3.549591,8.98089,-51.88709,-59.39258,False
214,3.566284,8.98089,-51.88709,-59.39258,False
215,3.582947,9.802649,-51.86002,-59.78966,False
216,3.599609,10.23878,-51.85082,-59.93869,False
217,3.616333,10.67386,-51.84153,-60.08947,False
218,3.633148,11.15232,-51.83215,-60.24656,False
219,3.649567,11.67649,-51.87175,-60.38715,False
220,3.66626,11.67649,-51.87175,-60.38715,False
221,3.682953,12.79084,-51.93609,-60.84771,False
222,3.699524,13.07032,-51.96036,-61.13026,False
223,3.716278,13.05814,-51.9634,-61.59564,False
224,3.733063,12.91359,-52.05749,-62.05207,False
225,3.749573,12.54131,-52.27993,-62.57424,False
226,3.766266,12.54131,-52.27993,-62.57424,False
227,3.782959,11.51694,-53.10124,-63.87219,False
228,3.799622,10.92583,-53.52464,-64.53345,False
229,3.816284,10.39233,-53.90699,-65.11889,False
230,3.832977,9.967271,-54.26514,-65.52428,False
231,3.849548,9.811163,-54.59434,-65.81779,False
232,3.866241,9.811163,-54.59434,-65.81779,False
233,3.882904,9.966844,-55.3211,-65.9671,False
234,3.899506,10.22379,-55.65465,-65.9481,False
235,3.916656,10.44305,-55.8545,-65.88359,False
236,3.932922,10.48956,-55.95447,-65.84514,False
237,3.949463,10.45721,-56.06241,-65.74468,False
238,3.966248,10.45721,-56.06241,-65.74468,False
239,3.982819,10.26219,-56.3205,-65.56356,False
240,3.999542,10.14374,-56.5208,-65.46626,False
241,4.016205,10.10747,-56.90597,-65.40061,False
242,4.032867,10.10491,-57.32582,-65.4266,False
243,4.0495,10.136,-57.78006,-65.54467,False
244,4.066132,10.136,-57.78006,-65.54467,False
245,4.082886,10.38742,-58.34346,-65.59165,False
246,4.099487,10.47344,-58.62956,-65.58542,False
247,4.116272,10.47827,-58.87371,-65.53802,False
248,4.132843,10.4482,-59.17695,-65.41341,False
249,4.149414,10.37558,-59.48048,-65.28527,False
250,4.166168,10.37558,-59.48048,-65.28527,False
251,4.182861,10.2851,-60.29966,-64.90381,False
252,4.199463,10.25797,-60.70586,-64.7439,False
253,4.216248,10.23248,-61.16344,-64.56612,False
254,4.233002,10.34518,-61.49369,-64.29948,False
255,4.249481,10.39491,-61.61797,-63.79929,False
256,4.266205,10.39491,-61.61797,-63.79929,False
257,4.282867,10.50247,-61.53526,-62.71756,False
258,4.2995,10.56065,-61.47187,-62.13235,False
259,4.316223,10.60095,-61.33333,-61.72702,False
260,4.332886,10.58853,-61.23008,-61.40531,False
261,4.349762,10.59723,-61.19313,-61.31741,False
262,4.366241,10.59723,-61.19313,-61.31741,False
263,4.382782,10.86323,-61.24394,-61.32452,False
264,4.399506,11.184,-61.16297,-61.23414,False
265,4.416107,11.60196,-60.75349,-61.0763,False
266,4.43277,11.85336,-60.16054,-60.82028,False
267,4.449402,11.93193,-59.52251,-60.51473,False
268,4.466125,11.93193,-59.52251,-60.51473,False
269,4.48288,12.0458,-58.53357,-59.8936,False
270,4.499969,12.11022,-58.21587,-59.72079,False
271,4.516205,12.35696,-58.09313,-59.53959,False
272,4.532867,12.73752,-58.06491,-59.38682,False
273,4.5495,13.20496,-58.08119,-59.27909,False
274,4.566132,13.20496,-58.08119,-59.27909,False
275,4.582794,13.82853,-58.11316,-59.02934,False
276,4.599518,14.02629,-58.07862,-58.91205,False
277,4.61618,14.32429,-58.09922,-58.73244,False
278,4.632813,14.70358,-58.06423,-58.64005,False
279,4.649567,15.25966,-58.07426,-58.60676,False
280,4.666199,15.25966,-58.07426,-58.60676,False
281,4.682892,16.26767,-58.08422,-58.64224,False
282,4.699463,16.4481,-58.08422,-58.66915,False
283,4.716248,16.4481,-58.08422,-58.66915,False
284,4.73288,16.30174,-58.02905,-58.7232,False
285,4.749451,15.97226,-57.92367,-58.77183,False
286,4.766235,15.97226,-57.92367,-58.77183,False
287,4.782806,15.3832,-57.84311,-59.03662,False
288,4.7995,15.13614,-57.82762,-59.16596,False
289,4.81601,14.87789,-57.85155,-59.38217,False
290,4.832825,14.57308,-57.82475,-59.61377,False
291,4.849426,14.28362,-57.8084,-59.73895,False
292,4.866089,14.28362,-57.8084,-59.73895,False
293,4.88269,13.94336,-57.78629,-59.91275,False
294,4.899475,13.84733,-57.78071,-59.95494,False
295,4.916046,13.83363,-57.76949,-60.06216,False
296,4.932739,13.81993,-57.75817,-60.16937,False
297,4.949463,13.72,-57.79696,-60.24442,False
298,4.966095,13.72,-57.79696,-60.24442,False
299,4.982697,13.30001,-57.77968,-60.35527,False
300,4.99939,13.02706,-57.77388,-60.37642,False
301,5.016052,12.79868,-57.76806,-60.40352,False
302,5.032745,12.65921,-57.76221,-60.44147,False
303,5.049408,12.65921,-57.76221,-60.44147,False
304,5.06604,12.65921,-57.76221,-60.44147,False
305,5.082642,12.70358,-57.76221,-60.44668,False
306,5.099365,12.70358,-57.76221,-60.44668,False
307,5.116028,12.66166,-57.81241,-60.42062,False
308,5.132629,12.56282,-57.85086,-60.49673,False
309,5.149414,12.37408,-57.98374,-60.57483,False
310,5.166138,12.37408,-57.98374,-60.57483,False
311,5.1828,12.25303,-58.28718,-60.84909,False
312,5.199432,12.28445,-58.51403,-60.96584,False
313,5.216034,12.26315,-58.68403,-61.15207,False
314,5.232666,12.2342,-58.9415,-61.40509,False
315,5.249451,12.20137,-59.24202,-61.69213,False
316,5.265991,12.20137,-59.24202,-61.69213,False
317,5.282684,12.13926,-59.79646,-62.23504,False
318,5.299408,12.18862,-59.99281,-62.57398,False
319,5.31604,12.19795,-60.14462,-62.87445,False
320,5.332703,12.19687,-60.33119,-63.26239,False
321,5.349426,12.1524,-60.51618,-63.64558,False
322,5.365967,12.1524,-60.51618,-63.64558,False
323,5.38266,11.96388,-60.95864,-64.52438,False
324,5.399384,11.93852,-61.30778,-64.74442,False
325,5.416016,12.03835,-61.60539,-64.99933,False
326,5.432678,12.14153,-61.85993,-65.2207,False
327,5.449371,12.24188,-62.06292,-65.46149,False
328,5.465942,12.24188,-62.06292,-65.46149,False
329,5.482666,12.44341,-62.38521,-65.56934,False
330,5.499329,12.48793,-62.43631,-65.5559,False
331,5.516113,12.57473,-62.48742,-65.54768,False
332,5.532654,12.70611,-62.58965,-65.52626,False
333,5.5495,12.83985,-62.74306,-65.48668,False
334,5.565948,12.83985,-62.74306,-65.48668,False
335,5.582703,12.89135,-62.94772,-65.41848,False
336,5.599304,12.89594,-63.05009,-65.38186,False
337,5.615936,12.90508,-63.25492,-65.30887,False
338,5.632568,12.95885,-63.51113,-65.22342,False
339,5.649353,13.09751,-63.76752,-65.14925,False
340,5.666016,13.09751,-63.76752,-65.14925,False
341,5.682648,13.42228,-64.09308,-64.97347,False
342,5.699371,13.53742,-64.17944,-64.75399,False
343,5.716522,13.69327,-64.21409,-64.55804,False
344,5.732605,13.73072,-64.30827,-64.27422,False
345,5.749359,13.80168,-64.34215,-64.06703,False
346,5.766052,13.80168,-64.34215,-64.06703,False
347,5.782654,13.84863,-64.78676,-63.71227,False
348,5.799286,13.8626,-65.09538,-63.60675,False
349,5.815918,13.88107,-65.50727,-63.46721,False
350,5.832794,13.89023,-65.71339,-63.39794,False
351,5.849274,13.8948,-65.8165,-63.36343,False
352,5.866455,13.8948,-65.8165,-63.36343,False
353,5.882629,13.89605,-65.91769,-63.02104,False
354,5.899384,13.87375,-65.94221,-62.85555,False
355,5.915985,13.75748,-65.95844,-62.73196,False
356,5.932648,13.58374,-65.95844,-62.70948,False
357,5.949371,13.41892,-66.0181,-62.61676,False
358,5.965942,13.41892,-66.0181,-62.61676,False
359,5.982605,13.32845,-66.21294,-62.28214,False
360,5.999451,13.35742,-66.29622,-62.05165,False
361,6.016205,13.38423,-66.32755,-61.83825,False
362,6.032684,13.42447,-66.37389,-61.51804,False
363,6.049469,13.45801,-66.41191,-61.25112,False
364,6.065887,13.45801,-66.41191,-61.25112,False
365,6.08255,13.52101,-66.52987,-60.3909,False
366,6.099335,13.72179,-66.60075,-59.87318,False
367,6.115967,13.93073,-66.67617,-59.30203,False
368,6.132568,14.10295,-66.75542,-58.67158,False
369,6.149323,14.17178,-66.81904,-58.13634,False
370,6.165894,14.17178,-66.81904,-58.13634,False
371,6.182587,14.2981,-66.96848,-56.79127,False
372,6.19931,14.38743,-67.04074,-56.09428,False
373,6.215912,14.53016,-67.1144,-55.34923,False
374,6.232727,14.62677,-67.18375,-54.59785,False
375,6.249298,14.61554,-67.23974,-53.94144,False
376,6.2659,14.61554,-67.23974,-53.94144,False
377,6.282532,14.1828,-67.326,-52.79545,False
378,6.299225,13.84115,-67.35016,-52.42658,False
379,6.315887,13.59915,-67.37734,-52.01595,False
380,6.332611,13.43881,-67.39609,-51.72448,False
381,6.349304,13.26949,-67.35909,-51.50422,False
382,6.365997,13.26949,-67.35909,-51.50422,False
383,6.382568,12.89908,-67.26664,-51.3339,False
384,6.399384,12.86872,-67.27716,-51.1669,False
385,6.415924,12.78222,-67.23249,-51.06577,False
386,6.432526,12.69742,-67.2393,-50.94747,False
387,6.449219,12.55074,-67.18774,-50.94915,False
388,6.466309,12.55074,-67.18774,-50.94915,False
389,6.482483,12.30934,-67.18774,-50.92359,False
390,6.499146,12.25925,-67.13618,-50.93582,False
391,6.515961,12.27072,-66.99158,-50.82596,False
392,6.532562,12.27853,-66.74385,-50.75114,False
393,6.549622,12.28812,-66.54756,-50.65929,False
394,6.565918,12.28812,-66.54756,-50.65929,False
395,6.582642,12.18963,-66.3449,-50.6656,False
396,6.599213,12.1878,-66.29346,-50.68324,False
397,6.615936,12.23619,-66.29346,-50.68826,False
398,6.632538,12.47807,-66.29346,-50.71367,False
399,6.649231,12.68316,-66.29974,-50.62648,False
400,6.665894,12.68316,-66.29974,-50.62648,False
401,6.682587,13.12642,-66.07564,-50.1641,False
402,6.699158,13.21921,-65.84373,-49.77305,False
403,6.715851,13.21643,-65.66154,-49.35365,False
404,6.732544,13.21129,-65.578,-48.95247,False
405,6.749268,13.26304,-65.54652,-48.48476,False
406,6.76593,13.26304,-65.54652,-48.48476,False
407,6.783783,13.42622,-65.58247,-47.46473,False
408,6.799316,13.52407,-65.44282,-47.03849,False
409,6.815918,13.62224,-65.30144,-46.61244,False
410,6.832581,13.61028,-65.20736,-46.26518,False
411,6.849152,13.57005,-65.15833,-46.16977,False
412,6.865906,13.57005,-65.15833,-46.16977,False
413,6.882538,13.24323,-65.40774,-46.37008,False
414,6.8992,13.00024,-65.49987,-46.74446,False
415,6.915863,12.5715,-65.47817,-47.4639,False
416,6.933655,11.97721,-65.4439,-48.38588,False
417,6.949127,11.18137,-65.44617,-49.43591,False
418,6.965881,11.18137,-65.44617,-49.43591,False
419,6.982483,9.42065,-65.35954,-51.7144,False
420,6.999176,8.414527,-65.26768,-52.94179,False
421,7.015869,7.624419,-65.22363,-54.06303,False
422,7.03244,7.186765,-65.13765,-55.01091,False
423,7.049164,7.090268,-64.96322,-55.79993,False
424,7.065796,7.090268,-64.96322,-55.79993,False
425,7.08252,7.106646,-63.80572,-56.99944,False
426,7.09906,7.216633,-63.22092,-57.42896,False
427,7.115784,7.190522,-62.83487,-57.83029,False
428,7.132507,7.107783,-62.67365,-58.40419,False
429,7.149536,6.971638,-62.68904,-59.11481,False
430,7.165833,6.971638,-62.68904,-59.11481,False
431,7.182526,6.850163,-63.32005,-60.31931,False
432,7.199158,6.901239,-63.5347,-60.9129,False
433,7.216614,7.088939,-63.56356,-61.42769,False
434,7.232361,7.283063,-63.5108,-61.81831,False
435,7.249054,7.465581,-63.48476,-62.35167,False
436,7.265808,7.465581,-63.48476,-62.35167,False
437,7.282898,7.492908,-63.70103,-63.80405,False
438,7.299408,7.528179,-63.68401,-63.9142,False
439,7.315948,7.519068,-63.47045,-64.04059,False
440,7.332397,7.511254,-63.3082,-64.14898,False
441,7.34903,7.552772,-63.25699,-64.17041,False
442,7.365723,7.552772,-63.25699,-64.17041,False
443,7.382721,7.691971,-63.52169,-64.03485,False
444,7.399109,8.14752,-64.35111,-63.72485,False
445,7.415985,8.777807,-65.32834,-63.43738,False
446,7.432373,9.460377,-66.51476,-63.09698,False
447,7.449036,10.06115,-67.75668,-62.74732,False
448,7.466156,10.06115,-67.75668,-62.74732,False
449,7.482422,11.08539,-69.73949,-62.17857,False
450,7.499084,11.42814,-70.39034,-61.86435,False
451,7.515808,11.53144,-70.71181,-61.72833,False
452,7.532471,11.59099,-71.03351,-61.58839,False
453,7.548645,11.59099,-71.03351,-61.58839,True
454,7.549103,11.60245,-71.39928,-61.48282,False
455,7.565826,11.60245,-71.39928,-61.48282,False
456,7.582397,11.60085,-72.24654,-61.49757,False
457,7.59906,11.57923,-72.81538,-61.69674,False
458,7.615997,11.65066,-73.39281,-61.85503,False
459,7.632446,11.85242,-73.76891,-62.03325,False
460,7.649231,12.20102,-74.11915,-62.08215,False
461,7.665924,12.20102,-74.11915,-62.08215,False
462,7.682404,12.90677,-74.53121,-62.10824,False
463,7.699036,13.22096,-74.79454,-62.078,False
464,7.715759,13.4866,-75.10173,-62.08342,False
465,7.73233,13.60579,-75.33828,-62.19296,False
466,7.749115,13.59045,-75.46925,-62.31265,False
467,7.765717,13.59045,-75.46925,-62.31265,False
468,7.782379,13.3908,-75.48534,-62.48978,False
469,7.799042,13.29706,-75.47612,-62.53194,False
470,7.815674,13.29706,-75.47612,-62.53194,False
471,7.832458,13.29706,-75.47612,-62.53194,False
472,7.848999,13.38741,-75.58165,-62.51657,False
473,7.865723,13.38741,-75.58165,-62.51657,False
474,7.882507,13.78581,-75.79278,-62.51444,False
475,7.899017,13.87285,-75.79278,-62.52582,False
476,7.91571,13.87114,-75.73999,-62.53888,False
477,7.932404,13.82591,-75.6872,-62.54628,False
478,7.949097,13.7389,-75.6872,-62.53494,False
479,7.965668,13.7389,-75.6872,-62.53494,False
480,7.9823,13.60835,-75.6872,-62.51807,False
481,7.999176,13.61518,-75.69643,-62.46496,False
482,8.015717,13.61181,-75.59087,-62.4912,False
483,8.032349,13.52648,-75.44178,-62.46646,False
484,8.049072,13.38915,-75.2308,-62.50287,False
485,8.065704,13.38915,-75.2308,-62.50287,False
486,8.082336,12.77315,-75.01991,-62.48094,False
487,8.098999,12.2926,-74.9672,-62.43766,False
488,8.115692,11.67681,-74.958,-62.42188,False
489,8.132385,11.01769,-74.94878,-62.40514,False
490,8.149139,10.36402,-74.94878,-62.3392,False
491,8.166138,10.36402,-74.94878,-62.3392,False
492,8.182404,8.442258,-74.84338,-62.19602,False
493,8.199005,7.349635,-74.79069,-62.12838,False
494,8.215637,6.210478,-74.78144,-62.10933,False
495,8.232239,5.202817,-74.77218,-62.10883,False
496,8.248962,4.197816,-74.77218,-62.06437,False
497,8.265656,4.197816,-74.77218,-62.06437,False
498,8.268646,4.197816,-74.77218,-62.06437,True
499,8.282379,2.411473,-74.81829,-61.74102,False
500,8.29892,1.668694,-74.84569,-61.5661,False
501,8.315918,1.012052,-74.88192,-61.34353,False
502,8.332336,0.528893,-74.96156,-61.16571,False
503,8.348969,0.176651,-74.99718,-60.95014,False
504,8.365723,0.176651,-74.99718,-60.95014,False
505,8.382355,-0.2661671,-75.07605,-60.46768,False
506,8.399017,-0.4886384,-75.04925,-60.32108,False
507,8.415649,-0.7118032,-75.07495,-60.16133,False
508,8.432343,-1.023717,-75.08347,-60.11017,False
509,8.449005,-1.291564,-75.14466,-60.0458,False
510,8.465637,-1.291564,-75.14466,-60.0458,False
511,8.48233,-1.428698,-75.18684,-59.7791,False
512,8.498993,-1.430817,-75.21188,-59.61803,False
513,8.515778,-1.477714,-75.23673,-59.45753,False
514,8.532318,-1.523992,-75.25318,-59.35073,False
515,8.549011,-1.615223,-75.26955,-59.2446,False
516,8.565765,-1.615223,-75.26955,-59.2446,False
517,8.582245,-1.888113,-75.30202,-59.03403,False
518,8.59903,-2.024952,-75.31812,-58.92899,False
519,8.615936,-2.116754,-75.28145,-58.83678,False
520,8.632324,-2.210066,-75.30531,-58.67733,False
521,8.648956,-2.212232,-75.32111,-58.56984,False
522,8.665649,-2.212232,-75.32111,-58.56984,False
523,8.682251,-2.219816,-75.37571,-58.19348,False
524,8.698853,-2.224151,-75.40643,-57.97836,False
525,8.71579,-2.228761,-75.48949,-57.74961,False
526,8.732208,-2.414191,-75.51203,-57.59202,False
527,8.748932,-2.781225,-75.52695,-57.49295,False
528,8.765594,-2.781225,-75.52695,-57.49295,False
529,8.782135,-3.653869,-75.50385,-57.3164,False
530,8.798889,-4.111392,-75.40582,-57.30574,False
531,8.815704,-4.523951,-75.36046,-57.28153,False
532,8.832245,-4.982425,-75.31508,-57.26092,False
533,8.848907,-5.484849,-75.31508,-57.28459,False
534,8.865601,-5.484849,-75.31508,-57.28459,False
535,8.882538,-6.035741,-75.32236,-57.25924,False
536,8.898895,-6.177235,-75.23151,-57.18655,False
537,8.91571,-6.318134,-75.08797,-57.12785,False
538,8.932312,-6.461495,-74.89888,-57.02955,False
539,8.949005,-6.650073,-74.6571,-56.94841,False
540,8.965759,-6.650073,-74.6571,-56.94841,False
541,8.982239,-7.024907,-74.57296,-56.83747,False
542,8.998871,-7.391699,-74.57296,-56.86118,False
543,9.015564,-7.899714,-74.57993,-56.842,False
544,9.032227,-8.365177,-74.54122,-56.78191,False
545,9.048645,-8.365177,-74.54122,-56.78191,True
546,9.048828,-8.880326,-74.45673,-56.68771,False
547,9.065857,-8.880326,-74.45673,-56.68771,False
548,9.082275,-10.00792,-74.18885,-56.48934,False
549,9.098877,-10.57603,-74.05789,-56.36782,False
550,9.115845,-11.18772,-73.9726,-56.29336,False
551,9.132233,-11.7559,-73.93962,-56.20321,False
552,9.148926,-12.42504,-73.96534,-56.05822,False
553,9.165894,-12.42504,-73.96534,-56.05822,False
554,9.182159,-13.41186,-74.02808,-55.62823,False
555,9.198975,-13.6214,-74.00008,-55.45026,False
556,9.216187,-13.7403,-74.02421,-55.24707,False
557,9.232147,-13.90613,-74.04798,-55.04967,False
558,9.24881,-14.1058,-74.05974,-54.96548,False
559,9.265594,-14.1058,-74.05974,-54.96548,False
560,9.282196,-14.83989,-74.08875,-54.78678,False
561,9.298737,-15.13429,-74.10019,-54.71661,False
562,9.31546,-15.28166,-74.10588,-54.68181,False
563,9.332245,-15.28166,-74.10588,-54.68181,False
564,9.348907,-15.34284,-74.1172,-54.58099,False
565,9.365448,-15.34284,-74.1172,-54.58099,False
566,9.382477,-15.72591,-73.971,-54.56773,False
567,9.398773,-16.14486,-73.91853,-54.64099,False
568,9.415558,-16.7136,-73.92412,-54.66856,False
569,9.43219,-17.28247,-73.92968,-54.69897,False
570,9.448792,-18.0085,-73.94622,-54.64756,False
571,9.465454,-18.0085,-73.94622,-54.64756,False
572,9.482422,-19.98328,-73.87914,-54.62301,False
573,9.498779,-20.95707,-73.90028,-54.57845,False
574,9.515442,-21.72543,-73.91071,-54.61254,False
575,9.532166,-22.39308,-73.96835,-54.67223,False
576,9.548828,-22.96445,-73.97351,-54.73109,False
577,9.565613,-22.96445,-73.97351,-54.73109,False
578,9.568634,-22.96445,-73.97351,-54.73109,True
579,9.582245,-23.7803,-73.98377,-54.7885,False
580,9.598969,-24.26665,-73.94149,-54.79558,False
581,9.61557,-24.79157,-73.94654,-54.85365,False
582,9.63266,-25.25805,-73.94654,-54.95655,False
583,9.648773,-25.59626,-73.95158,-54.97694,False
584,9.665436,-25.59626,-73.95158,-54.97694,False
585,9.682251,-25.7827,-73.95158,-55.0192,False
586,9.698883,-25.87589,-73.95158,-55.04044,False
587,9.715515,-26.06223,-73.95158,-55.08316,False
588,9.732849,-26.38815,-73.95158,-55.15864,False
589,9.749268,-26.69216,-73.96156,-55.11876,False
590,9.765411,-26.69216,-73.96156,-55.11876,False
591,9.782166,-27.13961,-74.02393,-55.09901,False
592,9.799011,-27.2793,-74.02393,-55.13257,False
593,9.815552,-27.41894,-74.02393,-55.16631,False
594,9.832153,-27.4062,-74.01898,-55.2189,False
595,9.848846,-27.25395,-74.01402,-55.23779,False
596,9.865509,-27.25395,-74.01402,-55.23779,False
597,9.882233,-26.89068,-73.99899,-55.31772,False
598,9.899414,-26.8442,-73.99899,-55.30667,False
599,9.915497,-26.8442,-73.99899,-55.30667,False
600,9.932587,-26.84754,-74.05145,-55.29262,False
601,9.94873,-26.81353,-74.05648,-55.22894,False
602,9.965454,-26.81353,-74.05648,-55.22894,False
603,9.982178,-26.59301,-74.20087,-54.70264,False
604,9.998779,-26.55094,-74.2389,-54.24815,False
605,10.01544,-26.57938,-74.28446,-53.69887,False
606,10.03214,-26.61917,-74.33202,-53.09651,False
607,10.04926,-26.67018,-74.38087,-52.44099,False
608,10.06567,-26.67018,-74.38087,-52.44099,False
609,10.08206,-26.86556,-74.46902,-51.15086,False
610,10.08865,-26.86556,-74.46902,-51.15086,True
611,10.09875,-26.96254,-74.50832,-50.50534,False
612,10.11548,-27.10775,-74.54443,-49.87068,False
613,10.13211,-27.25299,-74.57737,-49.23586,False
614,10.14886,-27.43538,-74.60476,-48.66508,False
615,10.16547,-27.43538,-74.60476,-48.66508,False
616,10.18219,-27.70335,-74.64381,-47.72385,False
617,10.19907,-27.78844,-74.65706,-47.35336,False
618,10.21548,-27.81149,-74.66755,-47.02433,False
619,10.23215,-27.8843,-74.67725,-46.70668,False
620,10.24881,-28.01621,-74.63509,-46.36161,False
621,10.26538,-28.01621,-74.63509,-46.36161,False
622,10.28214,-28.12241,-74.59428,-45.89917,False
623,10.29922,-28.15889,-74.59776,-45.74032,False
624,10.31537,-28.19537,-74.60105,-45.58147,False
625,10.332,-28.16917,-74.60313,-45.46398,False
626,10.34875,-28.18131,-74.60414,-45.41103,False
627,10.36536,-28.18131,-74.60414,-45.41103,False
628,10.38202,-28.02963,-74.60414,-45.37635,False
629,10.39874,-27.8659,-74.60313,-45.39486,False
630,10.41534,-27.77938,-74.59998,-45.54238,False
631,10.43213,-27.73143,-74.59546,-45.75433,False
632,10.44879,-27.52058,-74.58932,-45.98521,False
633,10.46536,-27.52058,-74.58932,-45.98521,False
634,10.48224,-26.78512,-74.52139,-46.44862,False
635,10.49878,-26.10353,-74.51015,-46.68967,False
636,10.51547,-25.3362,-74.49966,-46.86042,False
637,10.53201,-24.47479,-74.54083,-47.0016,False
638,10.54865,-24.47479,-74.54083,-47.0016,False
639,10.5654,-22.90547,-74.52666,-47.08242,False
640,10.58246,-22.27476,-74.46779,-47.14528,False
641,10.59869,-21.70715,-74.4634,-47.15266,False
642,10.61539,-21.19677,-74.40873,-47.13215,False
643,10.63287,-20.68901,-74.40648,-47.09954,False
644,10.64871,-20.19026,-74.40648,-47.01549,False
645,10.66531,-20.19026,-74.40648,-47.01549,False
646,10.6821,-19.16317,-74.51586,-46.70985,False
647,10.69864,-18.68365,-74.62518,-46.49625,False
648,10.70865,-18.68365,-74.62518,-46.49625,True
649,10.71552,-18.20858,-74.68407,-46.24513,False
650,10.73267,-17.78781,-74.6923,-45.96364,False
651,10.74866,-17.46608,-74.70018,-45.69791,False
652,10.76535,-17.46608,-74.70018,-45.69791,False
653,10.78195,-16.68604,-74.65523,-45.38465,False
654,10.79874,-16.10019,-74.66064,-45.14226,False
655,10.81531,-15.45484,-74.66414,-44.95017,False
656,10.83215,-14.71267,-74.66922,-44.6954,False
657,10.84863,-14.71267,-74.66922,-44.6954,False
658,10.86533,-13.48334,-74.73278,-44.15841,False
659,10.88202,-12.89276,-74.73862,-43.87727,False
660,10.89862,-12.34567,-74.74277,-43.65806,False
661,10.91541,-11.93922,-74.69164,-43.57836,False
662,10.9321,-11.68773,-74.69296,-43.49999,False
663,10.9487,-11.48236,-74.69296,-43.48094,False
664,10.96527,-11.48236,-74.69296,-43.48094,False
665,10.98206,-11.12289,-74.69296,-43.44841,False
666,10.99863,-10.86607,-74.69296,-43.4258,False
667,11.01529,-10.45507,-74.69296,-43.39073,False
668,11.03284,-9.936841,-74.69164,-43.40295,False
669,11.04868,-9.521635,-74.6903,-43.4251,False
670,11.06531,-9.521635,-74.6903,-43.4251,False
671,11.08212,-8.684444,-74.68472,-43.58192,False
672,11.09863,-8.31443,-74.68031,-43.72003,False
673,11.11551,-7.945283,-74.67569,-43.85923,False
674,11.13281,-7.577008,-74.67087,-43.99952,False
675,11.14853,-7.577008,-74.67087,-43.99952,False
676,11.16531,-6.692951,-74.66241,-44.22076,False
677,11.18268,-6.276344,-74.65706,-44.36213,False
678,11.19858,-5.911665,-74.65151,-44.50732,False
679,11.21527,-5.395278,-74.64577,-44.64682,False
680,11.22864,-5.395278,-74.64577,-44.64682,True
681,11.23203,-4.780619,-74.64182,-44.73022,False
682,11.24863,-4.780619,-74.64182,-44.73022,False
683,11.26578,-3.406384,-74.63982,-44.73905,False
684,11.28229,-2.796726,-74.6923,-44.70937,False
685,11.29865,-2.440829,-74.6923,-44.70183,False
686,11.31534,-2.187564,-74.69431,-44.64278,False
687,11.33197,-2.085826,-74.69431,-44.64102,False
688,11.34866,-2.036087,-74.74876,-44.57153,False
689,11.36536,-2.036087,-74.74876,-44.57153,False
690,11.38205,-1.884046,-74.90624,-44.52617,False
691,11.39877,-1.781636,-74.95677,-44.56468,False
692,11.41531,-1.781842,-75.00928,-44.55043,False
693,11.43231,-1.781842,-75.00928,-44.55043,False
694,11.44855,-1.781842,-75.00928,-44.55043,False
695,11.4653,-1.883653,-75.00928,-44.55194,False
696,11.48199,-1.935407,-75.01126,-44.49843,False
697,11.49857,-2.039282,-75.06767,-44.37724,False
698,11.51538,-2.093006,-75.07335,-44.2152,False
699,11.53201,-2.147801,-75.08061,-43.99887,False
700,11.54858,-2.147801,-75.08061,-43.99887,False
701,11.56525,-2.25891,-75.09566,-43.51195,False
702,11.582,-2.263824,-75.10324,-43.24041,False
703,11.5986,-2.26972,-75.11161,-42.91454,False
704,11.61536,-2.225116,-75.17289,-42.5192,False
705,11.63257,-2.23209,-75.23309,-42.12478,False
706,11.64905,-2.188181,-75.3456,-41.66099,False
707,11.66541,-2.188181,-75.3456,-41.66099,False
708,11.68188,-2.203195,-75.35623,-40.79177,False
709,11.69861,-2.210702,-75.35941,-40.35714,False
710,11.71524,-2.165399,-75.36119,-39.9216,False
711,11.73193,-2.119739,-75.36154,-39.48608,False
712,11.74841,-2.119739,-75.36154,-39.48608,False
713,11.76529,-1.866146,-75.46385,-38.69312,False
714,11.78204,-1.765249,-75.61852,-38.26913,False
715,11.79877,-1.608477,-75.72085,-37.96739,False
716,11.81522,-1.450963,-75.82265,-37.66593,False
717,11.82864,-1.450963,-75.82265,-37.66593,True
718,11.83206,-1.185475,-75.92307,-37.30941,False
719,11.84857,-1.185475,-75.92307,-37.30941,False
720,11.86526,-1.134645,-76.02271,-36.95521,False
721,11.88193,-1.135584,-76.02067,-36.84656,False
722,11.89862,-1.135584,-76.02067,-36.84656,False
723,11.91519,-1.136172,-76.07224,-36.77839,False
724,11.93185,-0.8667319,-76.06895,-36.61335,False
725,11.94849,-0.8667319,-76.06895,-36.61335,False
726,11.96521,0.1633845,-76.0524,-35.9044,False
727,11.9819,0.710467,-76.14561,-35.44403,False
728,11.9985,0.986737,-76.23919,-35.03806,False
729,12.01517,1.098831,-76.33547,-34.73993,False
730,12.03189,1.10062,-76.54047,-34.52238,False
731,12.04846,1.10062,-76.54047,-34.52238,False
732,12.06522,0.881392,-76.8547,-34.38513,False
733,12.08182,0.7709843,-76.90935,-34.42527,False
734,12.09848,0.6600408,-76.91502,-34.5876,False
735,12.1152,0.4938256,-76.92579,-34.91273,False
736,12.1319,0.3831489,-76.93575,-35.23825,False
737,12.14862,0.3831489,-76.93575,-35.23825,False
738,12.16519,0.1633025,-76.84917,-35.97092,False
739,12.18182,0.1086562,-76.69613,-36.22879,False
740,12.19849,0.1084886,-76.54164,-36.43259,False
741,12.21518,0.1083655,-76.3859,-36.58226,False
742,12.23245,-0.0541268,-76.28278,-36.71833,False
743,12.24854,-0.0541268,-76.28278,-36.71833,False
744,12.2652,-0.8095512,-76.28967,-37.10112,False
745,12.28183,-1.455362,-76.2923,-37.2697,False
746,12.29843,-2.367439,-76.24284,-37.51413,False
747,12.31522,-3.490951,-76.19304,-37.77048,False
748,12.33221,-4.663302,-76.09026,-38.05221,False
749,12.34857,-4.663302,-76.09026,-38.05221,False
750,12.36523,-6.462831,-76.09415,-38.56429,False
751,12.3819,-7.100947,-76.14717,-38.63821,False
752,12.39859,-7.631877,-76.20016,-38.70897,False
753,12.41513,-8.222499,-76.25244,-38.67684,False
754,12.43182,-8.93047,-76.25076,-38.50581,False
755,12.44849,-8.93047,-76.25076,-38.50581,False
756,12.46515,-10.5121,-76.4049,-38.20134,False
757,12.48203,-11.54301,-76.61429,-38.12477,False
758,12.49844,-12.51434,-76.93046,-38.13282,False
759,12.51511,-13.54387,-77.19341,-38.11371,False
760,12.53183,-14.4108,-77.35095,-38.11182,False
761,12.54846,-14.4108,-77.35095,-38.11182,False
762,12.56516,-15.30055,-77.39989,-37.92642,False
763,12.58179,-15.25322,-77.39906,-37.86618,False
764,12.59842,-15.20585,-77.39821,-37.80595,False
765,12.61514,-15.09849,-77.39821,-37.79349,False
766,12.63177,-15.15844,-77.39734,-37.74574,False
767,12.64841,-15.15844,-77.39734,-37.74574,False
768,12.66525,-15.31954,-77.39734,-37.76454,False
769,12.68188,-15.31954,-77.39734,-37.76454,False
770,12.69836,-15.20585,-77.39821,-37.80595,False
771,12.71545,-14.99111,-77.39821,-37.78112,False
772,12.73184,-14.61213,-77.50459,-37.76612,False
773,12.74838,-14.61213,-77.50459,-37.76612,False
774,12.76505,-13.22451,-77.87413,-37.52559,False
775,12.78189,-12.58776,-78.03173,-37.36882,False
776,12.7984,-12.16806,-78.08279,-37.20695,False
777,12.81528,-11.6971,-78.07996,-37.00047,False
778,12.82864,-11.6971,-78.07996,-37.00047,True
779,12.83182,-11.33297,-78.07694,-36.80496,False
780,12.84836,-11.33297,-78.07694,-36.80496,False
781,12.86505,-10.61032,-78.06791,-36.30868,False
782,12.88248,-10.47416,-78.11304,-35.95781,False
783,12.89853,-10.51048,-78.20721,-35.49874,False
784,12.91513,-10.54577,-78.24712,-35.05268,False
785,12.93179,-10.76343,-78.27793,-34.40332,False
786,12.94839,-10.76343,-78.27793,-34.40332,False
787,12.96558,-11.36824,-78.22427,-33.14564,False
788,12.98175,-11.69744,-78.19543,-32.57448,False
789,12.99841,-11.85141,-78.16983,-32.09761,False
790,13.01508,-12.00143,-78.14558,-31.67504,False
791,13.0318,-12.19889,-78.12646,-31.36576,False
792,13.0484,-12.19889,-78.12646,-31.36576,False
793,13.06522,-12.69197,-77.99058,-30.94633,False
794,13.08224,-12.8742,-77.87444,-30.82595,False
795,13.09839,-12.93461,-77.81808,-30.79022,False
796,13.11499,-12.93724,-77.70888,-30.7622,False
797,13.13171,-12.93234,-77.49763,-30.81437,False
798,13.14847,-12.93234,-77.49763,-30.81437,False
799,13.16504,-12.93651,-76.58276,-30.77005,False
800,13.18173,-12.94148,-75.93581,-30.71712,False
801,13.19858,-12.94485,-75.23676,-30.68126,False
802,13.215,-12.94549,-74.64723,-30.67452,False
803,13.23254,-12.84171,-74.21156,-30.56253,False
804,13.24841,-12.84171,-74.21156,-30.56253,False
805,13.26517,-12.74583,-73.50158,-30.36325,False
806,13.28186,-12.70352,-73.27531,-30.20108,False
807,13.29834,-12.65746,-73.10543,-30.0784,False
808,13.31503,-12.60552,-73.1011,-30.01926,False
809,13.33167,-12.55487,-73.1491,-29.94534,False
810,13.34836,-12.55487,-73.1491,-29.94534,False
811,13.36499,-12.46001,-73.50688,-29.72408,False
812,13.38181,-12.36561,-73.70316,-29.49361,False
813,13.39841,-12.32801,-73.89934,-29.26861,False
814,13.41513,-12.34747,-74.09541,-29.04905,False
815,13.43207,-12.37519,-74.22952,-28.73631,False
816,13.4483,-12.37519,-74.22952,-28.73631,False
817,13.46497,-12.44716,-74.37135,-27.92442,False
818,13.48172,-12.48789,-74.4355,-27.46488,False
819,13.49838,-12.52257,-74.4511,-27.07359,False
820,13.51511,-12.62029,-74.46012,-26.63375,False
821,13.53171,-12.65865,-74.41521,-26.20308,False
822,13.54831,-12.65865,-74.41521,-26.20308,False
823,13.56494,-12.7343,-74.48478,-25.35357,False
824,13.58173,-12.77866,-74.48214,-24.85548,False
825,13.59848,-12.82299,-74.47772,-24.35761,False
826,13.60864,-12.82299,-74.47772,-24.35761,True
827,13.61496,-12.93027,-74.41234,-23.8256,False
828,13.63196,-13.15725,-74.34476,-23.3047,False
829,13.64828,-13.15725,-74.34476,-23.3047,False
830,13.66507,-13.54006,-74.22483,-22.42005,False
831,13.68179,-13.63004,-74.18099,-22.10395,False
832,13.69827,-13.71156,-74.20388,-21.88115,False
833,13.71494,-13.67392,-74.27898,-21.63316,False
834,13.73169,-13.50899,-74.30881,-21.44169,False
835,13.74878,-13.35332,-74.32304,-21.1433,False
836,13.76505,-13.35332,-74.32304,-21.1433,False
837,13.78183,-13.35207,-74.28136,-20.48129,False
838,13.79825,-13.442,-74.23305,-20.16568,False
839,13.81494,-13.52857,-74.24477,-19.88981,False
840,13.8316,-13.55294,-74.20335,-19.6224,False
841,13.84836,-13.55294,-74.20335,-19.6224,False
842,13.8649,-13.65325,-74.13596,-19.20033,False
843,13.88187,-13.66792,-74.11033,-19.04001,False
844,13.89841,-13.73914,-74.09313,-18.93879,False
845,13.91507,-13.73914,-74.09313,-18.93879,False
846,13.93173,-13.74042,-74.14572,-18.92489,False
847,13.9483,-13.74042,-74.14572,-18.92489,False
848,13.96509,-13.48032,-74.39046,-19.06089,False
849,13.98163,-13.28786,-74.4601,-19.1375,False
850,13.99838,-13.15692,-74.52966,-19.21979,False
851,14.01486,-13.09091,-74.53809,-19.26786,False
852,14.03168,-13.02733,-74.65177,-19.28849,False
853,14.0484,-13.02733,-74.65177,-19.28849,False
854,14.06494,-13.13466,-74.84315,-19.47215,False
855,14.08173,-13.17338,-74.93711,-19.7314,False
856,14.09833,-13.14258,-75.09935,-20.07881,False
857,14.11487,-13.09873,-75.33681,-20.57359,False
858,14.13165,-13.03701,-75.65514,-21.26983,False
859,14.14835,-13.03701,-75.65514,-21.26983,False
860,14.1655,-12.92652,-76.61768,-23.19508,False
861,14.18161,-12.83054,-77.18154,-24.27287,False
862,14.19821,-12.71422,-77.48782,-25.57908,False
863,14.2149,-12.66807,-77.65932,-26.75622,False
864,14.23172,-12.54268,-77.78581,-28.15773,False
865,14.24829,-12.54268,-77.78581,-28.15773,False
866,14.26486,-12.24471,-77.98711,-30.85131,False
867,14.28168,-12.1196,-78.06997,-32.25611,False
868,14.2984,-12.06294,-78.29174,-33.51991,False
869,14.3154,-12.17342,-78.65948,-34.76108,False
870,14.33157,-12.35196,-78.90343,-35.81735,False
871,14.34824,-12.35196,-78.90343,-35.81735,False
872,14.36484,-12.8306,-78.9374,-37.66417,False
873,14.38156,-12.96456,-78.94487,-38.49645,False
874,14.39819,-12.93665,-78.94736,-39.3128,False
875,14.41519,-12.86203,-78.99811,-40.05714,False
876,14.43155,-12.73495,-79.04453,-40.79623,False
877,14.44818,-12.73495,-79.04453,-40.79623,False
878,14.46494,-12.56137,-79.13026,-42.0094,False
879,14.48154,-12.51961,-79.17346,-42.42936,False
880,14.4982,-12.47537,-79.10937,-42.8743,False
881,14.51483,-12.54605,-79.10007,-43.20887,False
882,14.53174,-12.66075,-79.03528,-43.61522,False
883,14.54828,-12.66075,-79.03528,-43.61522,False
884,14.56491,-13.18541,-79.05704,-44.53065,False
885,14.58151,-13.59734,-79.09227,-44.99953,False
886,14.5983,-14.11465,-79.1815,-45.4149,False
887,14.6149,-14.73921,-79.16895,-45.76157,False
888,14.63165,-15.50967,-79.10288,-46.14284,False
889,14.64819,-15.50967,-79.10288,-46.14284,False
890,14.66495,-16.95429,-79.02781,-46.78587,False
891,14.68149,-17.53065,-79.01914,-47.03212,False
892,14.69821,-18.14672,-79.00728,-47.34219,False
893,14.71484,-18.75166,-78.99196,-47.70897,False
894,14.73154,-19.46476,-79.08519,-48.01636,False
895,14.74811,-19.46476,-79.08519,-48.01636,False
896,14.76486,-21.07639,-79.21769,-48.69068,False
897,14.78152,-21.98114,-79.20743,-49.019,False
898,14.79825,-22.74541,-79.20049,-49.27272,False
899,14.81488,-23.3607,-79.19344,-49.50243,False
900,14.83151,-23.9147,-79.18272,-49.77859,False
901,14.84833,-23.9147,-79.18272,-49.77859,False
902,14.86481,-25.01616,-79.30064,-50.57755,False
903,14.88153,-25.34526,-79.48911,-50.93006,False
904,14.89822,-25.49118,-79.68097,-51.18874,False
905,14.91537,-25.60094,-79.66859,-51.37906,False
906,14.93198,-25.67125,-79.60721,-51.51793,False
907,14.9487,-25.68171,-79.54149,-51.69917,False
908,14.96521,-25.68171,-79.54149,-51.69917,False
909,14.98148,-25.70109,-79.6171,-52.06665,False
910,14.99823,-25.66223,-79.75831,-52.24247,False
911,15.01477,-25.61165,-79.89461,-52.47132,False
912,15.03152,-25.54936,-80.02565,-52.75317,False
913,15.0481,-25.54936,-80.02565,-52.75317,False
914,15.06482,-25.34822,-80.18931,-53.21395,False
915,15.08148,-25.2329,-80.2324,-53.2872,False
916,15.09808,-25.17402,-80.22737,-53.32969,False
917,15.11475,-25.21227,-80.27541,-53.38127,False
918,15.13153,-25.30681,-80.27541,-53.40204,False
919,15.14822,-25.30681,-80.27541,-53.40204,False
920,15.1651,-25.56026,-80.34563,-53.82176,False
921,15.1817,-25.65264,-80.53172,-54.07115,False
922,15.19815,-25.60113,-80.6642,-54.30061,False
923,15.21484,-25.56817,-80.70093,-54.44745,False
924,15.23154,-25.59128,-80.68988,-54.56345,False
925,15.24817,-25.59128,-80.68988,-54.56345,False
926,15.26498,-25.96025,-80.5836,-54.67106,False
927,15.28171,-26.393,-80.58913,-54.71526,False
928,15.29852,-26.97837,-80.60014,-54.74168,False
929,15.31488,-27.60082,-80.65875,-54.82361,False
930,15.33139,-28.21011,-80.71189,-54.96144,False
931,15.34818,-28.21011,-80.71189,-54.96144,False
932,15.36478,-29.54103,-80.72277,-55.18912,False
933,15.38153,-30.14251,-80.66962,-55.35994,False
934,15.39804,-30.74607,-80.66962,-55.52268,False
935,15.41476,-31.2561,-80.66962,-55.66291,False
936,15.43143,-31.90748,-80.72277,-55.83347,False
937,15.44806,-31.90748,-80.72277,-55.83347,False
938,15.46472,-33.12173,-80.93538,-56.13639,False
939,15.48145,-33.5862,-80.98854,-56.26245,False
940,15.49808,-33.90869,-80.98854,-56.35958,False
941,15.51492,-34.36891,-80.98854,-56.49997,False
942,15.53143,-34.7826,-80.98854,-56.62792,False
943,15.54813,-34.7826,-80.98854,-56.62792,False
944,15.56473,-35.70374,-81.04171,-56.90675,False
945,15.58154,-36.25678,-81.09489,-57.07331,False
946,15.59842,-36.74637,-81.14264,-57.27884,False
947,15.61475,-37.20278,-81.14264,-57.43089,False
948,15.63141,-37.61671,-81.19582,-57.55844,False
949,15.64807,-37.61671,-81.19582,-57.55844,False
950,15.66473,-38.48114,-81.19582,-57.85571,False
951,15.68152,-38.84441,-81.19582,-57.98289,False
952,15.698,-39.12043,-81.24901,-58.06826,False
953,15.71497,-39.39239,-81.24901,-58.16511,False
954,15.72864,-39.39239,-81.24901,-58.16511,True
955,15.73154,-39.61885,-81.24901,-58.24634,False
956,15.74811,-39.61885,-81.24901,-58.24634,False
957,15.76474,-39.89037,-81.24901,-58.34442,False
958,15.78168,-40.02996,-81.3022,-58.38295,False
959,15.798,-40.1243,-81.3554,-58.40518,False
960,15.81473,-40.21863,-81.4086,-58.42751,False
961,15.83151,-40.4033,-81.46181,-58.48312,False
962,15.84802,-40.4033,-81.46181,-58.48312,False
963,15.86472,-40.92665,-81.57366,-58.59507,False
964,15.88144,-41.17122,-81.57906,-58.62882,False
965,15.89801,-41.23535,-81.58445,-58.59515,False
966,15.91467,-41.20921,-81.58981,-58.52757,False
967,15.93143,-41.02852,-81.58981,-58.45994,False
968,15.94806,-41.02852,-81.58981,-58.45994,False
969,15.96466,-40.39523,-81.58981,-58.22557,False
970,15.98151,-40.21404,-81.58981,-58.15928,False
971,15.99805,-40.20189,-81.54725,-58.05179,False
972,16.01465,-40.25356,-81.50986,-57.91003,False
973,16.03131,-40.30132,-81.41907,-57.77898,False
974,16.04813,-40.30132,-81.41907,-57.77898,False
975,16.06464,-40.28431,-81.43958,-57.54251,False
976,16.08136,-40.2572,-81.44466,-57.47511,False
977,16.09802,-40.23005,-81.44971,-57.4077,False
978,16.11459,-40.26694,-81.45975,-57.30597,False
979,16.13144,-40.19401,-81.46474,-57.22201,False
980,16.14853,-40.19401,-81.46474,-57.22201,False
981,16.1647,-39.77589,-81.2668,-56.94795,False
982,16.1813,-39.60686,-81.21852,-56.84253,False
983,16.19797,-39.48733,-81.2234,-56.74274,False
984,16.21472,-39.41354,-81.22825,-56.65926,False
985,16.23141,-39.44956,-81.23789,-56.55718,False
986,16.24805,-39.44956,-81.23789,-56.55718,False
987,16.26465,-39.63176,-81.2616,-56.33451,False
988,16.2814,-39.73205,-81.27557,-56.19772,False
989,16.29788,-39.78629,-81.28934,-56.04461,False
990,16.31473,-39.86482,-81.24523,-55.96979,False
991,16.33127,-39.87906,-81.19656,-55.92964,False
992,16.34808,-39.87906,-81.19656,-55.92964,False
993,16.36508,-39.90364,-81.04602,-55.86036,False
994,16.38135,-39.90364,-81.04602,-55.86036,False
995,16.39832,-39.90364,-81.04602,-55.86036,False
996,16.41464,-39.90364,-81.04602,-55.86036,False
997,16.43127,-39.94599,-80.99287,-55.88775,False
998,16.44788,-39.94599,-80.99287,-55.88775,False
999,16.46469,-40.08323,-80.73163,-55.94124,False
1000,16.48135,-40.18993,-80.68291,-55.93433,False
1001,16.49792,-40.23217,-80.6298,-55.96197,False
1002,16.51486,-40.30695,-80.53234,-55.89882,False
1003,16.53128,-40.4566,-80.33721,-55.77287,False
1004,16.54788,-40.4566,-80.33721,-55.77287,False
1005,16.56461,-40.67312,-79.9379,-55.60756,False
1006,16.58127,-40.69754,-79.78702,-55.53989,False
1007,16.59793,-40.56428,-79.63203,-55.47324,False
1008,16.61456,-40.33797,-79.47706,-55.37371,False
1009,16.63126,-40.11135,-79.32212,-55.27482,False
1010,16.64807,-40.11135,-79.32212,-55.27482,False
1011,16.66464,-39.88079,-78.81236,-55.03829,False
1012,16.68124,-39.91379,-78.5594,-54.94452,False
1013,16.69797,-39.94662,-78.30637,-54.85125,False
1014,16.71457,-39.95054,-78.05698,-54.69089,False
1015,16.73196,-39.81372,-77.80736,-54.4818,False
1016,16.74802,-39.81372,-77.80736,-54.4818,False
1017,16.76459,-39.22157,-77.46582,-53.91472,False
1018,16.78134,-38.88869,-77.37043,-53.65722,False
1019,16.79794,-38.65325,-77.32764,-53.41993,False
1020,16.81454,-38.45124,-77.33419,-53.23782,False
1021,16.83121,-38.34346,-77.34065,-53.08753,False
1022,16.84799,-38.34346,-77.34065,-53.08753,False
1023,16.86453,-38.27724,-77.41535,-52.65155,False
1024,16.88132,-38.26294,-77.37757,-52.37505,False
1025,16.89792,-38.28316,-77.38917,-52.15318,False
1026,16.91452,-38.30322,-77.40041,-51.93126,False
1027,16.93121,-38.34004,-77.41396,-51.65772,False
1028,16.94791,-38.34004,-77.41396,-51.65772,False
1029,16.96457,-38.49252,-77.43697,-51.19363,False
1030,16.98126,-38.57725,-77.44898,-50.93576,False
1031,16.99792,-38.64503,-77.45819,-50.72945,False
1032,17.00864,-38.64503,-77.45819,-50.72945,True
1033,17.01456,-38.72977,-77.4692,-50.47155,False
1034,17.03177,-38.82733,-77.42892,-50.17461,False
1035,17.0484,-38.82733,-77.42892,-50.17461,False
1036,17.06522,-39.04388,-77.19115,-49.51552,False
1037,17.08136,-39.12865,-77.1994,-49.25752,False
1038,17.09805,-39.22854,-77.20409,-49.11884,False
1039,17.11459,-39.34555,-77.21002,-48.92862,False
1040,17.13129,-39.49487,-77.21423,-48.80628,False
1041,17.14789,-39.49487,-77.21423,-48.80628,False
1042,17.16449,-39.57168,-77.11534,-48.57379,False
1043,17.18143,-39.55664,-76.90814,-48.45384,False
1044,17.19824,-39.54564,-76.75352,-48.32132,False
1045,17.21521,-39.5472,-76.54712,-48.1503,False
1046,17.23126,-39.61928,-76.39405,-47.93122,False
1047,17.24783,-39.61928,-76.39405,-47.93122,False
1048,17.2645,-39.7706,-76.18944,-47.63853,False
1049,17.28128,-39.8046,-76.19095,-47.53532,False
1050,17.29782,-39.8386,-76.19236,-47.43211,False
1051,17.31454,-39.81853,-76.14106,-47.32563,False
1052,17.33118,-39.74424,-76.03706,-47.21595,False
1053,17.34818,-39.74424,-76.03706,-47.21595,False
1054,17.36469,-39.7322,-75.88092,-47.08431,False
1055,17.38123,-39.74912,-75.88145,-47.03267,False
1056,17.3981,-39.74912,-75.88145,-47.03267,False
1057,17.41452,-39.7322,-75.88092,-47.08431,False
1058,17.43243,-39.71529,-75.88038,-47.13594,False
1059,17.44781,-39.71529,-75.88038,-47.13594,False
1060,17.46478,-39.50178,-75.92857,-47.45163,False
1061,17.48114,-39.3678,-75.92474,-47.69367,False
1062,17.49805,-39.25085,-75.9213,-47.88412,False
1063,17.51447,-39.1667,-75.91647,-48.14241,False
1064,17.53125,-39.11501,-75.90997,-48.46841,False
1065,17.54803,-39.11501,-75.90997,-48.46841,False
1066,17.56448,-38.88374,-76.15331,-49.17725,False
1067,17.58102,-38.73231,-76.34795,-49.64133,False
1068,17.59778,-38.45415,-76.58925,-50.16433,False
1069,17.61459,-38.11579,-76.87797,-50.71123,False
1070,17.63126,-37.77864,-77.16315,-51.25938,False
1071,17.64822,-37.77864,-77.16315,-51.25938,False
1072,17.66446,-36.88929,-77.35332,-52.38621,False
1073,17.68216,-36.24862,-77.31088,-52.92322,False
1074,17.69785,-35.55392,-77.32484,-53.31767,False
1075,17.71448,-34.70645,-77.33223,-53.72483,False
1076,17.73166,-33.80168,-77.34476,-54.006,False
1077,17.74777,-33.80168,-77.34476,-54.006,False
1078,17.76456,-32.01548,-77.26218,-54.56179,False
1079,17.7811,-31.245,-77.22502,-54.79696,False
1080,17.79794,-30.48895,-77.13857,-54.99757,False
1081,17.81448,-29.84311,-77.05606,-55.17521,False
1082,17.83118,-29.13318,-76.86207,-55.42245,False
1083,17.84848,-29.13318,-76.86207,-55.42245,False
1084,17.86441,-27.14762,-76.68742,-55.67909,False
1085,17.88135,-26.04195,-76.64867,-55.80677,False
1086,17.89771,-25.01052,-76.62032,-55.84986,False
1087,17.91458,-23.9875,-76.49175,-55.87555,False
1088,17.93106,-23.0157,-76.41558,-55.90688,False
1089,17.94772,-23.0157,-76.41558,-55.90688,False
1090,17.96448,-21.42465,-76.32705,-55.93641,False
1091,17.98102,-21.00602,-76.27431,-55.87108,False
1092,17.99777,-20.81854,-76.22159,-55.84989,False
1093,18.01447,-20.82837,-76.22762,-55.79679,False
1094,18.03107,-20.83819,-76.23361,-55.74368,False
1095,18.04773,-20.83819,-76.23361,-55.74368,False
1096,18.06482,-20.7945,-76.26328,-55.46099,False
1097,18.08102,-20.57204,-76.26914,-55.36532,False
1098,18.09775,-20.16796,-76.38045,-55.21035,False
1099,18.11444,-19.52548,-76.38627,-55.04288,False
1100,18.13123,-18.87288,-76.38627,-54.93235,False
1101,18.14771,-18.87288,-76.38627,-54.93235,False
1102,18.16449,-17.0877,-76.51482,-54.40409,False
1103,18.18164,-16.22922,-76.59029,-54.04683,False
1104,18.19772,-15.4587,-76.61266,-53.72192,False
1105,18.2146,-14.7317,-76.63467,-53.40821,False
1106,18.23105,-14.14341,-76.65633,-53.11644,False
1107,18.24768,-14.14341,-76.65633,-53.11644,False
1108,18.26465,-13.06005,-76.70379,-52.49881,False
1109,18.28107,-12.56498,-76.72939,-52.172,False
1110,18.29767,-12.02761,-76.86488,-51.76199,False
1111,18.31445,-11.44366,-77.00439,-51.29589,False
1112,18.33099,-11.01516,-77.1566,-50.68446,False
1113,18.34775,-11.01516,-77.1566,-50.68446,False
1114,18.36435,-10.74599,-77.51953,-49.34254,False
1115,18.38171,-10.70124,-77.56272,-48.73996,False
1116,18.39792,-10.74955,-77.59967,-48.19999,False
1117,18.41464,-10.79904,-77.68723,-47.64684,False
1118,18.43155,-10.84254,-77.7166,-47.16062,False
1119,18.44766,-10.84254,-77.7166,-47.16062,False
1120,18.46481,-10.92473,-77.7672,-46.24192,False
1121,18.48102,-10.96207,-77.94465,-45.82455,False
1122,18.49799,-11.00539,-78.17638,-45.34037,False
1123,18.51447,-11.05352,-78.40904,-44.80239,False
1124,18.53149,-11.15037,-78.53423,-44.2947,False
1125,18.5477,-11.15037,-78.53423,-44.2947,False
1126,18.56476,-11.27205,-78.66666,-43.51666,False
1127,18.58102,-11.30364,-78.78255,-43.16674,False
1128,18.59775,-11.3266,-78.94757,-42.91247,False
1129,18.61432,-11.34955,-79.11229,-42.65838,False
1130,18.6315,-11.32667,-79.33099,-42.33325,False
1131,18.64761,-11.32667,-79.33099,-42.33325,False
1132,18.66504,-11.22946,-79.6091,-41.66216,False
1133,18.68149,-11.16761,-79.82904,-41.1708,False
1134,18.69766,-11.04879,-80.09992,-40.7172,False
1135,18.71448,-11.0352,-80.42289,-40.26122,False
1136,18.73145,-10.97395,-80.79848,-39.73546,False
1137,18.74768,-10.97395,-80.79848,-39.73546,False
1138,18.7652,-10.6147,-81.38622,-38.92088,False
1139,18.78094,-10.27149,-81.59936,-38.51947,False
1140,18.79773,-9.921032,-81.7587,-38.18497,False
1141,18.81436,-9.468419,-81.8639,-37.74683,False
1142,18.83096,-9.064992,-81.86165,-37.33694,False
1143,18.84775,-9.064992,-81.86165,-37.33694,False
1144,18.86438,-8.595448,-82.00966,-36.23632,False
1145,18.88095,-8.628673,-82.1078,-35.72564,False
1146,18.89767,-8.660417,-82.09773,-35.23773,False
1147,18.91486,-8.687892,-82.03408,-34.81542,False
1148,18.93118,-8.705525,-82.02682,-34.5444,False
1149,18.94769,-8.705525,-82.02682,-34.5444,False
1150,18.96564,-8.465981,-82.11708,-33.96202,False
1151,18.98099,-8.151484,-82.16139,-33.65917,False
1152,18.99756,-7.668366,-82.15192,-33.35884,False
1153,19.01434,-7.296709,-82.08662,-33.02332,False
1154,19.03091,-7.256173,-82.12916,-32.73791,False
1155,19.04758,-7.256173,-82.12916,-32.73791,False
1156,19.0643,-7.407212,-82.20525,-32.01664,False
1157,19.08093,-7.540255,-82.18735,-31.6434,False
1158,19.09775,-7.723533,-82.12067,-31.39316,False
1159,19.11432,-7.845463,-82.11234,-31.23702,False
1160,19.1311,-7.848563,-82.10952,-31.18284,False
1161,19.14761,-7.848563,-82.10952,-31.18284,False
1162,19.16437,-7.857337,-82.31674,-31.02952,False
1163,19.18088,-7.864176,-82.36419,-30.90998,False
1164,19.19757,-7.867276,-82.36125,-30.85581,False
1165,19.21423,-7.813815,-82.3583,-30.79842,False
1166,19.23154,-7.760308,-82.35532,-30.74105,False
1167,19.24765,-7.760308,-82.35532,-30.74105,False
1168,19.26431,-7.596524,-82.3493,-30.62323,False
1169,19.28113,-7.483255,-82.3493,-30.61703,False
1170,19.29788,-7.316219,-82.34626,-30.55373,False
1171,19.31427,-7.151848,-82.34011,-30.43645,False
1172,19.33099,-6.873679,-82.33387,-30.31368,False
1173,19.34766,-6.873679,-82.33387,-30.31368,False
1174,19.36441,-6.325819,-82.30802,-29.85309,False
1175,19.38123,-6.107553,-82.29456,-29.62615,False
1176,19.39755,-5.829146,-82.28424,-29.45134,False
1177,19.41449,-5.550045,-82.27372,-29.2771,False
1178,19.43091,-5.212995,-82.263,-29.10129,False
1179,19.44766,-5.212995,-82.263,-29.10129,False
1180,19.46429,-4.59736,-82.23344,-28.64567,False
1181,19.48099,-4.376037,-82.21425,-28.36741,False
1182,19.49756,-4.155414,-82.19049,-28.03538,False
1183,19.51422,-4.050933,-82.16177,-27.65289,False
1184,19.53094,-4.063406,-82.12762,-27.21971,False
1185,19.54761,-4.063406,-82.12762,-27.21971,False
1186,19.56461,-4.208321,-82.04561,-26.24888,False
1187,19.58142,-4.221138,-82.00687,-25.81609,False
1188,19.59756,-4.230748,-81.97688,-25.49158,False
1189,19.61423,-4.238755,-81.95129,-25.22122,False
1190,19.63116,-4.248693,-81.97311,-24.88567,False
1191,19.64755,-4.248693,-81.97311,-24.88567,False
1192,19.66434,-4.269828,-81.95552,-24.17198,False
1193,19.68088,-4.342423,-81.96334,-23.73048,False
1194,19.69757,-4.415715,-82.02302,-23.27809,False
1195,19.71481,-4.429868,-82.13458,-22.81312,False
1196,19.73093,-4.382683,-82.30437,-22.38969,False
1197,19.74756,-4.382683,-82.30437,-22.38969,False
1198,19.76419,-3.981875,-82.54737,-21.66521,False
1199,19.78128,-3.746378,-82.57437,-21.43238,False
1200,19.79752,-3.569063,-82.55439,-21.26613,False
1201,19.81421,-3.449111,-82.49436,-21.22013,False
1202,19.8309,-3.389853,-82.48763,-21.16482,False
1203,19.84753,-3.389853,-82.48763,-21.16482,False
1204,19.86475,-3.089495,-82.47412,-21.05035,False
1205,19.88086,-2.910338,-82.56718,-20.91728,False
1206,19.89752,-2.671539,-82.75998,-20.70814,False
1207,19.91422,-2.371427,-83.00603,-20.4882,False
1208,19.93106,-2.071167,-83.24496,-20.21556,False
1209,19.94751,-2.071167,-83.24496,-20.21556,False
1210,19.96417,-1.587069,-83.36967,-19.90892,False
1211,19.9808,-1.527138,-83.35532,-19.80056,False
1212,19.99753,-1.40548,-83.34811,-19.7455,False
1213,20.0141,-1.283267,-83.34811,-19.7444,False
1214,20.03085,-1.222161,-83.34811,-19.74388,False
1215,20.04749,-1.222161,-83.34811,-19.74388,False
1216,20.06412,-0.9172896,-83.33363,-19.63398,False
1217,20.08084,-0.7955613,-83.31906,-19.52558,False
1218,20.0975,-0.6736552,-83.30441,-19.41729,False
1219,20.1142,-0.6741422,-83.28966,-19.30962,False
1220,20.13089,-0.6743386,-83.22885,-19.2662,False
1221,20.14755,-0.6743386,-83.22885,-19.2662,False
1222,20.16422,-0.736387,-83.1531,-19.11544,False
1223,20.18085,-0.7368149,-83.0313,-19.02872,False
1224,20.19754,-0.7369768,-82.91698,-18.99591,False
1225,20.21417,-0.7371904,-82.85605,-18.95263,False
1226,20.23087,-0.7376171,-82.73412,-18.86616,False
1227,20.24759,-0.7376171,-82.73412,-18.86616,False
1228,20.26416,-0.7384139,-81.88798,-18.70468,False
1229,20.28076,-0.8003294,-81.16424,-18.63361,False
1230,20.28864,-0.8003294,-81.16424,-18.63361,True
1231,20.29755,-1.047725,-80.37186,-18.47146,False
1232,20.31415,-1.171665,-79.75513,-18.38523,False
1233,20.33078,-1.233976,-79.35909,-18.30723,False
1234,20.34756,-1.233976,-79.35909,-18.30723,False
1235,20.36411,-1.112127,-79.05281,-18.0974,False
1236,20.38077,-0.9895402,-78.97496,-17.94743,False
1237,20.3974,-0.8667765,-78.94998,-17.78558,False
1238,20.41415,-0.8057255,-78.92481,-17.62418,False
1239,20.43069,-0.8066504,-78.95251,-17.45115,False
1240,20.44757,-0.8066504,-78.95251,-17.45115,False
1241,20.46457,-0.8086583,-78.89254,-17.07554,False
1242,20.48077,-0.8095185,-78.86652,-16.91462,False
1243,20.49738,-0.6854633,-78.84905,-16.80674,False
1244,20.51419,-0.5614296,-78.8227,-16.64536,False
1245,20.53101,-0.4371653,-78.84922,-16.47212,False
1246,20.54742,-0.4371653,-78.84922,-16.47212,False
1247,20.56412,-0.2503772,-78.90169,-16.1262,False
1248,20.58075,-0.1879446,-78.9898,-15.99512,False
1249,20.59741,-0.06269715,-79.02473,-15.87599,False
1250,20.6142,0.12559,-79.09436,-15.63808,False
1251,20.63083,0.2514635,-79.11981,-15.46577,False
1252,20.6474,0.2514635,-79.11981,-15.46577,False
1253,20.66406,0.4411733,-79.10761,-15.07969,False
1254,20.68076,0.4417894,-79.06981,-14.86565,False
1255,20.69736,0.3789407,-79.05077,-14.75848,False
1256,20.71408,0.316004,-79.03165,-14.65136,False
1257,20.73068,0.3160282,-79.08478,-14.63958,False
1258,20.74765,0.3160282,-79.08478,-14.63958,False
1259,20.76422,0.3160765,-79.19104,-14.6161,False
1260,20.78067,0.4426607,-79.18144,-14.56293,False
1261,20.79739,0.5063266,-79.26847,-14.43277,False
1262,20.81409,0.5702539,-79.29258,-14.26092,False
1263,20.83075,0.5074202,-79.26334,-14.10033,False
1264,20.84738,0.5074202,-79.26334,-14.10033,False
1265,20.86407,0.3813277,-79.15114,-13.791,False
1266,20.88074,0.3818549,-79.11134,-13.57732,False
1267,20.89734,0.3825136,-79.06108,-13.31032,False
1268,20.91425,0.447682,-79.02242,-12.81848,False
1269,20.93076,0.4497777,-79.04614,-12.09038,False
1270,20.94748,0.4497777,-79.04614,-12.09038,False
1271,20.96405,0.1298534,-79.15558,-10.45399,False
1272,20.9808,-0.2611983,-79.23948,-9.547229,False
1273,20.98865,-0.2611983,-79.23948,-9.547229,True
1274,20.99777,-0.6559699,-79.24709,-8.82471,False
1275,21.01401,-0.9876862,-79.22204,-8.2209,False
1276,21.03067,-1.188521,-79.23123,-7.776224,False
1277,21.04742,-1.188521,-79.23123,-7.776224,False
1278,21.06418,-1.125316,-79.30475,-7.371939,False
1279,21.08078,-1.125686,-79.29234,-7.319038,False
1280,21.09732,-1.125901,-79.17338,-7.288363,False
1281,21.11401,-1.125588,-78.96037,-7.333065,False
1282,21.13071,-1.124454,-78.71907,-7.495227,False
1283,21.14731,-1.124454,-78.71907,-7.495227,False
1284,21.16409,-0.9245843,-78.33057,-7.744012,False
1285,21.18073,-0.6601542,-78.28973,-7.807142,False
1286,21.19727,-0.3960932,-78.28973,-7.806273,False
1287,21.21405,-0.198112,-78.2774,-7.752985,False
1288,21.23062,-0.1981915,-78.31823,-7.688556,False
1289,21.24747,-0.1981915,-78.31823,-7.688556,False
1290,21.2644,-0.1984241,-78.16228,-7.499984,False
1291,21.28076,-0.1984241,-78.16228,-7.499984,False
1292,21.29761,-0.0661414,-78.16228,-7.499875,False
1293,21.31406,0.1983731,-78.22788,-7.541347,False
1294,21.33063,0.5289941,-78.22788,-7.542094,False
1295,21.34729,0.5289941,-78.22788,-7.542094,False
1296,21.36401,1.323343,-78.203,-7.440877,False
1297,21.38062,1.722028,-78.1655,-7.285995,False
1298,21.39734,2.055867,-78.11522,-7.078438,False
1299,21.41409,2.389782,-78.07727,-6.924486,False
1300,21.43063,2.591825,-78.1455,-6.746086,False
1301,21.44736,2.591825,-78.1455,-6.746086,False
1302,21.46399,2.604592,-78.23095,-5.950058,False
1303,21.48068,2.479572,-78.25906,-5.386796,False
1304,21.49759,2.217552,-78.25874,-4.939021,False
1305,21.51401,1.954821,-78.2967,-4.428296,False
1306,21.53064,1.959477,-78.3073,-4.037892,False
1307,21.54733,1.959477,-78.3073,-4.037892,False
1308,21.5639,1.968413,-78.44602,-3.288568,False
1309,21.58078,1.974202,-78.65268,-2.80312,False
1310,21.59732,1.981098,-78.77596,-2.224825,False
1311,21.61389,1.920035,-78.88256,-1.594539,False
1312,21.63055,1.721429,-79.02515,-0.9012679,False
1313,21.64728,1.721429,-79.02515,-0.9012679,False
1314,21.66409,1.318321,-79.38585,0.3856282,False
1315,21.68085,1.182822,-79.52922,0.8543696,False
1316,21.69727,0.9062376,-79.4889,1.178475,False
1317,21.71402,0.4888739,-79.39436,1.492215,False
1318,21.73065,0.139841,-79.27745,1.690605,False
1319,21.74728,0.139841,-79.27745,1.690605,False
1320,21.76382,-0.3497742,-79.13869,1.773858,False
1321,21.78058,-0.34986,-79.06929,1.815593,False
1322,21.79721,-0.2798881,-79.06929,1.815722,False
1323,21.81396,-0.1399441,-79.06929,1.815895,False
1324,21.83109,-0.06999341,-79.05331,1.867874,False
1325,21.84729,-0.06999341,-79.05331,1.867874,False
1326,21.86401,-0.2101975,-79.11214,2.043919,False
1327,21.88062,-0.4203946,-79.11214,2.04353,False
1328,21.89731,-0.7706756,-79.05869,2.03212,False
1329,21.91406,-1.050598,-79.07474,1.978707,False
1330,21.93069,-1.189878,-79.05331,1.863729,False
1331,21.94733,-1.189878,-79.05331,1.863729,False
1332,21.96393,-1.116535,-79.2656,1.354774,False
1333,21.98065,-0.8363771,-79.32854,1.148343,False
1334,21.99728,-0.4876178,-79.41334,1.055832,False
1335,22.01416,-0.1392767,-79.42898,1.004438,False
1336,22.03073,0.1392339,-79.4446,0.9523925,False
1337,22.04724,0.1392339,-79.4446,0.9523925,False
1338,22.0639,0.6957397,-79.47577,0.8469099,False
1339,22.08057,0.974033,-79.47577,0.8455367,False
1340,22.09726,1.321896,-79.47577,0.8431765,False
1341,22.11401,1.600182,-79.47577,0.8407734,False
1342,22.13068,1.811567,-79.34422,1.088697,False
1343,22.14722,1.811567,-79.34422,1.088697,False
1344,22.16406,2.308163,-79.03181,1.738121,False
1345,22.1806,2.664188,-78.85012,2.138071,False
1346,22.19724,3.021677,-78.61365,2.526539,False
1347,22.21384,3.238742,-78.33887,2.854328,False
1348,22.23087,3.527142,-78.0631,3.179881,False
1349,22.24725,3.527142,-78.0631,3.179881,False
1350,22.26395,3.896624,-77.65182,3.916105,False
1351,22.28052,3.976483,-77.4092,4.306271,False
1352,22.28864,3.976483,-77.4092,4.306271,True
1353,22.29727,3.985494,-77.16526,4.697522,False
1354,22.31384,3.992816,-76.83067,5.015469,False
1355,22.33044,4.071288,-76.44177,5.32029,False
1356,22.34723,4.071288,-76.44177,5.32029,False
1357,22.36447,4.149648,-75.71452,5.609817,False
1358,22.38058,4.080689,-75.44824,5.721307,False
1359,22.3974,3.940914,-75.11078,5.874103,False
1360,22.41379,3.584708,-74.79102,5.979393,False
1361,22.43079,3.300233,-74.57758,6.10483,False
1362,22.44714,3.300233,-74.57758,6.10483,False
1363,22.4639,2.799349,-74.4352,6.193316,False
1364,22.48059,2.584031,-74.4352,6.196637,False
1365,22.49731,2.439766,-74.45319,6.147437,False
1366,22.51382,2.223851,-74.47118,6.09904,False
1367,22.53052,2.00865,-74.47118,6.10165,False
1368,22.54718,2.00865,-74.47118,6.10165,False
1369,22.56375,1.793328,-74.41798,6.092549,False
1370,22.58051,1.793328,-74.41798,6.092549,False
1371,22.59714,1.794617,-74.4884,6.217964,False
1372,22.61389,1.795905,-74.55875,6.343264,False
1373,22.63058,1.797076,-74.57581,6.457108,False
1374,22.64716,1.797076,-74.57581,6.457108,False
1375,22.66388,1.655736,-74.48509,6.714613,False
1376,22.68073,1.512892,-74.32399,6.846738,False
1377,22.69711,1.441272,-74.30572,6.898519,False
1378,22.7139,1.441693,-74.28743,6.949684,False
1379,22.73087,1.513776,-74.28743,6.949077,False
1380,22.74759,1.513776,-74.28743,6.949077,False
1381,22.76379,1.945826,-74.35892,6.905025,False
1382,22.78043,2.304798,-74.39545,6.798306,False
1383,22.79709,2.66256,-74.45007,6.639623,False
1384,22.81372,3.089756,-74.54069,6.376427,False
1385,22.83044,3.659142,-74.63078,6.109056,False
1386,22.8472,3.659142,-74.63078,6.109056,False
1387,22.86383,5.14724,-74.84488,5.455315,False
1388,22.88065,6.137208,-75.00401,5.126005,False
1389,22.89719,7.056076,-75.0742,4.885183,False
1390,22.91379,8.046062,-75.12663,4.687504,False
1391,22.93048,8.820787,-75.17886,4.495121,False
1392,22.94711,8.820787,-75.17886,4.495121,False
1393,22.94864,8.820787,-75.17886,4.495121,True
1394,22.96371,10.16485,-75.21358,4.318129,False
1395,22.9805,10.58837,-75.28413,4.252437,False
1396,22.99716,10.80128,-75.28413,4.239244,False
1397,23.01376,10.87549,-75.2668,4.286188,False
1398,23.03036,10.80772,-75.24945,4.342039,False
1399,23.04709,10.80772,-75.24945,4.342039,False
1400,23.06369,10.74379,-75.26791,4.460532,False
1401,23.08044,10.75088,-75.28629,4.574546,False
1402,23.09708,10.90239,-75.4643,4.713228,False
1403,23.11374,11.12933,-75.67804,4.909243,False
1404,23.13034,11.36753,-75.89206,5.269155,False
1405,23.1474,11.36753,-75.89206,5.269155,False
1406,23.16431,11.41697,-76.37168,6.024242,False
1407,23.18033,11.29887,-76.69072,6.42511,False
1408,23.19705,11.24482,-76.99216,6.707097,False
1409,23.21381,11.26125,-77.1866,6.962874,False
1410,23.23041,11.27503,-77.167,7.177376,False
1411,23.24713,11.27503,-77.167,7.177376,False
1412,23.26364,11.57717,-77.09363,7.362746,False
1413,23.28046,11.65281,-77.07523,7.408989,False
1414,23.29715,11.72508,-77.07523,7.404182,False
1415,23.31372,11.64942,-77.09363,7.357971,False
1416,23.33035,11.64266,-77.13036,7.255912,False
1417,23.34711,11.64266,-77.13036,7.255912,False
1418,23.36374,11.7521,-77.2593,6.72536,False
1419,23.38037,11.80268,-77.31429,6.403513,False
1420,23.397,11.76949,-77.31524,5.912047,False
1421,23.41373,11.72791,-77.24295,5.296442,False
1422,23.43048,11.68277,-77.18558,4.628049,False
1423,23.44699,11.68277,-77.18558,4.628049,False
1424,23.46371,11.93636,-76.98905,3.137799,False
1425,23.48059,12.30931,-76.81586,2.412822,False
1426,23.49701,12.618,-76.71378,1.815721,False
1427,23.5137,12.84662,-76.64188,1.118668,False
1428,23.53033,12.94062,-76.71094,0.5160231,False
1429,23.54706,12.94062,-76.71094,0.5160231,False
1430,23.56369,12.71434,-77.00108,-0.6263729,False
1431,23.56863,12.71434,-77.00108,-0.6263729,True
1432,23.58035,12.53825,-77.20701,-1.124804,False
1433,23.59705,12.36294,-77.41082,-1.62405,False
1434,23.6138,12.32815,-77.5445,-2.093179,False
1435,23.63028,12.4375,-77.64729,-2.468567,False
1436,23.64697,12.4375,-77.64729,-2.468567,False
1437,23.6637,13.06579,-77.8354,-3.199881,False
1438,23.68027,13.38076,-77.97426,-3.529502,False
1439,23.69711,13.62244,-78.12641,-3.906639,False
1440,23.71365,13.72795,-78.27752,-4.27308,False
1441,23.73032,13.70259,-78.41382,-4.576178,False
1442,23.74698,13.70259,-78.41382,-4.576178,False
1443,23.76364,13.57415,-78.60457,-5.304449,False
1444,23.78046,13.48102,-78.68504,-5.613747,False
1445,23.79694,13.45584,-78.818,-5.917747,False
1446,23.81381,13.43064,-78.95019,-6.221961,False
1447,23.83023,13.4798,-79.00237,-6.437766,False
1448,23.84692,13.4798,-79.00237,-6.437766,False
1449,23.86371,13.64397,-79.10571,-6.875264,False
1450,23.88034,13.68802,-79.16959,-7.144015,False
1451,23.89691,13.66661,-79.28622,-7.396255,False
1452,23.91364,13.65319,-79.32397,-7.55427,False
1453,23.93024,13.64424,-79.34902,-7.659639,False
1454,23.94705,13.64424,-79.34902,-7.659639,False
1455,23.96362,13.62541,-79.3456,-7.881454,False
1456,23.98026,13.75737,-79.3456,-7.892715,False
1457,23.99689,13.9553,-79.3456,-7.909808,False
1458,24.01373,14.0965,-79.32072,-7.815955,False
1459,24.03091,14.11962,-79.25813,-7.552586,False
1460,24.04706,14.11962,-79.25813,-7.552586,False
1461,24.06369,14.11789,-79.08,-6.810013,False
1462,24.08026,14.08709,-78.92305,-6.394684,False
1463,24.09698,14.271,-78.77824,-5.828631,False
1464,24.11356,14.52753,-78.61732,-5.216962,False
1465,24.13028,14.86234,-78.42566,-4.507891,False
1466,24.14697,14.86234,-78.42566,-4.507891,False
1467,24.16394,15.33107,-78.09747,-3.117155,False
1468,24.1803,15.38911,-77.92292,-2.491576,False
1469,24.19702,15.45191,-77.73038,-1.814834,False
1470,24.21359,15.50598,-77.61791,-1.231997,False
1471,24.23032,15.55897,-77.44961,-0.6609148,False
1472,24.24689,15.55897,-77.44961,-0.6609148,False
1473,24.26352,15.52589,-77.10529,0.4917935,False
1474,24.28021,15.5048,-76.99866,1.026314,False
1475,24.29688,15.48422,-76.94322,1.571116,False
1476,24.31354,15.45944,-76.9555,2.074504,False
1477,24.33023,15.50446,-76.9661,2.570801,False
1478,24.34698,15.50446,-76.9661,2.570801,False
1479,24.36356,15.45195,-76.92897,3.56324,False
1480,24.38025,15.28178,-76.82787,4.055064,False
1481,24.39691,15.11578,-76.76097,4.60805,False
1482,24.41357,14.87612,-76.63863,5.15562,False
1483,24.43036,14.56483,-76.62093,5.729278,False
1484,24.44684,14.56483,-76.62093,5.729278,False
1485,24.46347,14.0007,-76.72275,6.785211,False
1486,24.48029,13.82482,-76.82465,7.312874,False
1487,24.49707,13.8577,-77.01564,7.730616,False
1488,24.51352,13.88569,-77.17101,8.086329,False
1489,24.53024,13.9144,-77.37924,8.45114,False
1490,24.54681,13.9144,-77.37924,8.45114,False
1491,24.56345,13.97233,-77.84743,9.187215,False
1492,24.58014,13.92589,-78.2338,9.53215,False
1493,24.59683,13.805,-78.56635,9.87157,False
1494,24.61353,13.68275,-78.84499,10.20023,False
1495,24.63028,13.7056,-79.01597,10.49839,False
1496,24.64688,13.7056,-79.01597,10.49839,False
1497,24.66357,13.75229,-79.12218,11.10771,False
1498,24.68033,13.77684,-79.11079,11.42813,False
1499,24.69687,13.72347,-79.11863,11.70344,False
1500,24.71353,13.5957,-79.12598,11.98405,False
1501,24.73016,13.61533,-79.07911,12.24445,False
1502,24.74686,13.61533,-79.07911,12.24445,False
1503,24.76358,13.66146,-78.88937,12.85634,False
1504,24.78015,13.76012,-78.87395,13.16917,False
1505,24.79681,13.78803,-78.83715,13.53736,False
1506,24.81351,13.73783,-78.8739,13.8692,False
1507,24.83035,13.45842,-78.93086,14.16727,False
1508,24.84683,13.45842,-78.93086,14.16727,False
1509,24.86349,12.58691,-78.92423,14.65681,False
1510,24.88016,12.22062,-78.86095,14.83219,False
1511,24.89685,12.00445,-78.79747,14.99696,False
1512,24.91354,11.86334,-78.73382,15.15653,False
1513,24.93024,11.87624,-78.64865,15.35608,False
1514,24.94678,11.87624,-78.64865,15.35608,False
1515,24.96362,11.76544,-78.95049,15.99687,False
1516,24.98016,11.7085,-79.16525,16.29922,False
1517,24.99677,11.50124,-79.25021,16.64386,False
1518,25.01355,11.43843,-79.27058,16.86316,False
1519,25.03024,11.37444,-79.18298,17.06639,False
1520,25.04688,11.37444,-79.18298,17.06639,False
1521,25.06351,11.38564,-78.98741,17.2489,False
1522,25.06863,11.38564,-78.98741,17.2489,True
1523,25.08011,11.46097,-78.87978,17.22821,False
1524,25.09686,11.53728,-78.87978,17.22348,False
1525,25.11343,11.61359,-78.87978,17.21873,False
1526,25.1301,11.69301,-78.85774,17.26351,False
1527,25.14691,11.69301,-78.85774,17.26351,False
1528,25.16348,12.02763,-78.71237,17.69773,False
1529,25.18042,12.19358,-78.62331,17.88563,False
1530,25.19678,12.35984,-78.53394,18.07323,False
1531,25.21356,12.60315,-78.44423,18.25537,False
1532,25.23007,12.76618,-78.32293,18.38498,False
1533,25.24677,12.76618,-78.32293,18.38498,False
1534,25.26349,12.85148,-78.09383,18.50355,False
1535,25.28015,12.86109,-77.97218,18.64333,False
1536,25.29691,12.88142,-77.83593,18.93883,False
1537,25.31348,12.90848,-77.65314,19.33231,False
1538,25.33014,13.01284,-77.46908,19.71986,False
1539,25.34674,13.01284,-77.46908,19.71986,False
1540,25.36346,13.06764,-77.15089,20.51189,False
1541,25.3801,13.08117,-77.0571,20.70749,False
1542,25.39673,13.01688,-76.96298,20.90832,False
1543,25.41336,12.94573,-76.9158,21.01133,False
1544,25.43002,12.95574,-76.84489,21.15777,False
1545,25.44678,12.95574,-76.84489,21.15777,False
1546,25.46338,12.97575,-76.70251,21.45039,False
1547,25.48004,12.98296,-76.70871,21.55591,False
1548,25.4967,12.98684,-76.73868,21.61267,False
1549,25.5134,12.98684,-76.73868,21.61267,False
1550,25.53009,12.98684,-76.73868,21.61267,False
1551,25.54669,12.98684,-76.73868,21.61267,False
1552,25.56354,12.96018,-76.92883,21.22267,False
1553,25.58008,12.93736,-77.14797,20.88893,False
1554,25.59683,13.06648,-77.38953,20.49509,False
1555,25.61349,13.27585,-77.60659,20.14409,False
1556,25.63007,13.72715,-77.75325,19.92271,False
1557,25.64673,13.72715,-77.75325,19.92271,False
1558,25.66339,15.09981,-78.16106,19.56124,False
1559,25.68002,16.0218,-78.47636,19.42522,False
1560,25.69672,16.86696,-78.89941,19.30621,False
1561,25.71362,17.71197,-79.37644,19.18967,False
1562,25.73016,18.47835,-79.79965,19.0683,False
1563,25.7468,18.47835,-79.79965,19.0683,False
1564,25.76331,20.0124,-80.51552,18.848,False
1565,25.78018,20.86277,-80.78535,18.79005,False
1566,25.79666,21.86838,-81.16323,18.7232,False
1567,25.81357,23.18896,-81.62643,18.67393,False
1568,25.83005,24.58738,-82.14387,18.60973,False
1569,25.84677,24.58738,-82.14387,18.60973,False
1570,25.86331,27.29138,-83.11705,18.34542,False
1571,25.88016,28.37183,-83.49573,18.22563,False
1572,25.89679,29.219,-83.71216,18.11798,False
1573,25.91333,29.7556,-83.71216,18.03311,False
1574,25.93002,29.9855,-83.71216,17.99626,False
1575,25.94672,29.9855,-83.71216,17.99626,False
1576,25.96332,29.90106,-83.73502,17.9599,False
1577,25.98004,29.74693,-83.68091,17.97881,False
1578,25.9967,29.43184,-83.64964,17.97315,False
1579,26.01337,29.11595,-83.56424,17.96124,False
1580,26.02994,28.64428,-83.31654,17.95501,False
1581,26.04672,28.64428,-83.31654,17.95501,False
1582,26.06335,27.46519,-82.89808,17.92854,False
1583,26.07999,26.91921,-82.7586,17.93984,False
1584,26.09665,26.2124,-82.58774,17.91592,False
1585,26.11334,25.49852,-82.38541,17.83372,False
1586,26.1301,24.6178,-82.11998,17.65761,False
1587,26.14667,24.6178,-82.11998,17.65761,False
1588,26.16333,23.18427,-81.41302,17.38513,False
1589,26.18002,22.78438,-81.07993,17.286,False
1590,26.19666,22.76284,-80.931,17.1105,False
1591,26.21329,22.81399,-80.96595,16.89722,False
1592,26.23007,22.9358,-81.07661,16.63215,False
1593,26.24704,22.9358,-81.07661,16.63215,False
1594,26.26334,23.10222,-81.29642,16.11063,False
1595,26.28018,23.06511,-81.42734,15.81435,False
1596,26.2966,23.03328,-81.48193,15.56015,False
1597,26.31329,23.07071,-81.55756,15.24674,False
1598,26.32993,23.26575,-81.66498,14.97057,False
1599,26.34668,23.26575,-81.66498,14.97057,False
1600,26.36331,24.19292,-81.83579,14.44729,False
1601,26.38007,24.84901,-81.89951,14.20783,False
1602,26.39676,25.50365,-81.96304,13.96595,False
1603,26.4133,26.08196,-82.02639,13.73238,False
1604,26.42993,26.57697,-82.11057,13.45827,False
1605,26.44656,26.57697,-82.11057,13.45827,False
1606,26.46338,27.28706,-82.21534,13.09956,False
1607,26.47995,27.41377,-82.27796,12.92824,False
1608,26.49667,27.39876,-82.3196,12.82898,False
1609,26.51337,27.37623,-82.3819,12.68004,False
1610,26.53003,27.13693,-82.36941,12.60723,False
1611,26.54697,27.13693,-82.36941,12.60723,False
1612,26.56326,26.56577,-82.16967,12.34323,False
1613,26.57999,26.33967,-82.00793,12.35409,False
1614,26.59671,26.33647,-81.84621,12.33211,False
1615,26.61322,26.33539,-81.79231,12.32474,False
1616,26.62991,26.49126,-81.77173,12.35278,False
1617,26.64658,26.49126,-81.77173,12.35278,False
1618,26.66324,26.29725,-81.68919,12.5843,False
1619,26.68005,25.78026,-81.50682,12.68674,False
1620,26.69656,25.11284,-81.27058,12.80068,False
1621,26.71335,24.36366,-81.05511,12.87206,False
1622,26.73004,23.83688,-80.78584,12.90299,False
1623,26.74658,23.83688,-80.78584,12.90299,False
1624,26.76334,23.68848,-80.09843,12.92764,False
1625,26.77994,23.9923,-79.68029,12.93143,False
1626,26.7966,24.52863,-79.34892,12.96978,False
1627,26.81326,24.99872,-79.05026,13.07425,False
1628,26.82993,25.33277,-78.65551,13.2887,False
1629,26.84653,25.33277,-78.65551,13.2887,False
1630,26.86325,25.84148,-78.01405,13.65285,False
1631,26.87991,26.01695,-77.82139,13.81218,False
1632,26.89655,26.18557,-77.64985,13.92169,False
1633,26.9133,26.42808,-77.42445,14.01127,False
1634,26.93015,26.59836,-77.30626,14.12883,False
1635,26.94656,26.59836,-77.30626,14.12883,False
1636,26.9632,26.79776,-77.10134,14.44341,False
1637,26.97989,26.88741,-77.05795,14.53096,False
1638,26.99652,26.9019,-77.01447,14.6295,False
1639,27.01318,27.08279,-76.98096,14.81307,False
1640,27.02997,27.25537,-76.91535,14.93834,False
1641,27.04651,27.25537,-76.91535,14.93834,False
1642,27.06323,27.37472,-76.78358,15.22208,False
1643,27.0799,27.38937,-76.7395,15.32032,False
1644,27.0965,27.39538,-76.66375,15.36064,False
1645,27.11322,27.4027,-76.64166,15.40974,False
1646,27.12985,27.41002,-76.61954,15.45883,False
1647,27.14651,27.41002,-76.61954,15.45883,False
1648,27.16321,27.29654,-76.56236,15.73547,False
1649,27.16864,27.29654,-76.56236,15.73547,True
1650,27.17987,27.24984,-76.4733,15.94282,False
1651,27.19659,27.11989,-76.4063,16.11219,False
1652,27.21329,27.06558,-76.33912,16.27028,False
1653,27.22983,27.01241,-76.32543,16.43706,False
1654,27.24661,27.01241,-76.32543,16.43706,False
1655,27.26315,27.1542,-76.17593,16.87483,False
1656,27.27994,27.18285,-76.0851,17.0702,False
1657,27.29654,27.05169,-76.01676,17.23895,False
1658,27.31314,26.9132,-75.97111,17.35874,False
1659,27.32983,26.76047,-75.97111,17.38081,False
1660,27.34647,26.76047,-75.97111,17.38081,False
1661,27.36313,26.71338,-75.93324,17.59566,False
1662,27.37973,26.81919,-75.89507,17.78835,False
1663,27.39655,26.84726,-75.80286,17.98317,False
1664,27.41324,26.87531,-75.71035,18.17784,False
1665,27.42981,26.83353,-75.59425,18.43202,False
1666,27.44653,26.83353,-75.59425,18.43202,False
1667,27.46362,26.91026,-75.33708,18.9661,False
1668,27.47977,27.01522,-75.24297,19.14894,False
1669,27.49652,27.27466,-75.14854,19.3092,False
1670,27.51312,27.45854,-75.10748,19.48895,False
1671,27.52985,27.56667,-75.1198,19.68836,False
1672,27.54651,27.56667,-75.1198,19.68836,False
1673,27.56311,27.61168,-75.08401,19.99539,False
1674,27.57974,27.55665,-75.06586,20.16009,False
1675,27.59647,27.57075,-75.01785,20.25656,False
1676,27.61337,27.5778,-74.99381,20.30478,False
1677,27.62979,27.58485,-74.96976,20.35299,False
1678,27.64658,27.58485,-74.96976,20.35299,False
1679,27.66312,27.97276,-74.96976,20.29588,False
1680,27.67978,28.28429,-75.02347,20.25817,False
1681,27.6965,28.51952,-75.13092,20.24019,False
1682,27.71326,28.83963,-75.2143,20.25814,False
1683,27.7298,29.15112,-75.26804,20.21889,False
1684,27.74655,29.15112,-75.26804,20.21889,False
1685,27.76309,30.03734,-75.62569,20.2961,False
1686,27.77979,30.29594,-76.00758,20.42035,False
1687,27.79657,30.42375,-76.37067,20.71979,False
1688,27.81314,30.43544,-76.66521,21.28951,False
1689,27.8298,30.35911,-76.92887,21.81335,False
1690,27.84641,30.35911,-76.92887,21.81335,False
1691,27.86313,30.05072,-77.31927,22.91156,False
1692,27.87979,30.03948,-77.49594,23.35412,False
1693,27.89645,29.97927,-77.62392,24.00401,False
1694,27.91309,30.08364,-77.7236,24.67372,False
1695,27.92978,30.21794,-77.77028,25.53538,False
1696,27.94662,30.21794,-77.77028,25.53538,False
1697,27.96304,30.67537,-77.79468,27.41217,False
1698,27.97968,30.98429,-77.76972,28.32594,False
1699,27.99667,31.4324,-77.71215,29.05761,False
1700,28.01306,31.78519,-77.6511,29.69969,False
1701,28.02982,32.19757,-77.61603,30.18155,False
1702,28.04645,32.19757,-77.61603,30.18155,False
1703,28.06314,33.0549,-77.22141,30.80104,False
1704,28.07983,33.60012,-77.02354,31.03922,False
1705,28.09647,34.32048,-76.90456,31.30358,False
1706,28.11316,35.20719,-76.78439,31.53564,False
1707,28.12985,36.26997,-76.68836,31.7838,False
1708,28.14651,36.26997,-76.68836,31.7838,False
1709,28.16309,38.171,-76.72434,31.93051,False
1710,28.17975,39.03232,-76.77073,31.96738,False
1711,28.19647,39.9769,-76.81683,31.98376,False
1712,28.21317,40.83996,-76.86266,32.01211,False
1713,28.22974,41.69352,-76.8833,31.98672,False
1714,28.24643,41.69352,-76.8833,31.98672,False
1715,28.26309,43.7184,-76.79091,31.79381,False
1716,28.27979,44.99538,-76.83588,31.713,False
1717,28.29642,46.2031,-76.95944,31.6964,False
1718,28.31308,47.16832,-77.24524,31.74347,False
1719,28.32971,48.05322,-77.58493,31.80825,False
1720,28.3465,48.05322,-77.58493,31.80825,False
1721,28.3631,49.38411,-77.88904,31.90238,False
1722,28.38016,50.04314,-78.00508,32.09117,False
1723,28.39642,50.79596,-78.03587,32.29567,False
1724,28.41306,51.33756,-78.0237,32.35238,False
1725,28.42972,51.96125,-77.95696,32.38229,False
1726,28.44644,51.96125,-77.95696,32.38229,False
1727,28.46307,53.52834,-77.69395,32.63433,False
1728,28.47968,54.62825,-77.58115,32.76841,False
1729,28.49646,55.609,-77.39655,32.77829,False
1730,28.51303,56.18769,-77.39655,32.61739,False
1731,28.52991,56.49291,-77.40388,32.43494,False
1732,28.54639,56.49291,-77.40388,32.43494,False
1733,28.56293,57.13103,-77.755,31.54657,False
1734,28.57968,57.3332,-77.95062,31.01231,False
1735,28.59644,57.60257,-78.17455,30.40955,False
1736,28.61301,57.86816,-78.34196,29.80125,False
1737,28.62967,58.03469,-78.42835,29.16363,False
1738,28.64636,58.03469,-78.42835,29.16363,False
1739,28.66299,58.12592,-77.90872,27.38929,False
1740,28.67969,58.01231,-77.48209,26.41958,False
1741,28.69635,58.00786,-77.26331,25.53012,False
1742,28.71326,57.95148,-77.14565,24.76322,False
1743,28.72971,57.80163,-77.10585,23.97656,False
1744,28.74637,57.80163,-77.10585,23.97656,False
1745,28.763,56.99562,-77.03973,21.86205,False
1746,28.77972,56.31683,-77.30137,20.72721,False
1747,28.79626,55.70485,-77.77028,19.80322,False
1748,28.81299,55.20237,-78.28662,18.95453,False
1749,28.82968,54.87768,-78.63661,18.13561,False
1750,28.84625,54.87768,-78.63661,18.13561,False
1751,28.86301,54.27271,-78.85619,16.36022,False
1752,28.87961,53.98909,-79.07321,15.39494,False
1753,28.89627,53.71996,-79.31256,14.47901,False
1754,28.91296,53.4241,-79.64545,13.47208,False
1755,28.92963,52.88604,-79.88461,12.46524,False
1756,28.94629,52.88604,-79.88461,12.46524,False
1757,28.96301,52.06158,-80.28709,10.73916,False
1758,28.97961,51.78369,-80.3259,10.05689,False
1759,28.99631,51.63226,-80.2204,9.535187,False
1760,29.01303,51.47166,-79.89758,8.981869,False
1761,29.0296,51.32638,-79.60558,8.481361,False
1762,29.0463,51.32638,-79.60558,8.481361,False
1763,29.06369,50.19303,-79.02293,7.271102,False
1764,29.07965,49.56517,-78.91498,6.707746,False
1765,29.09625,49.10401,-78.94459,6.173584,False
1766,29.11295,48.81944,-79.03863,5.711094,False
1767,29.12961,48.6661,-79.15851,5.439193,False
1768,29.14627,48.6661,-79.15851,5.439193,False
1769,29.16296,48.48394,-79.30831,4.788665,False
1770,29.17972,48.40193,-79.42583,4.495819,False
1771,29.19638,48.33353,-79.5232,4.25157,False
1772,29.21292,48.27639,-79.54704,4.04751,False
1773,29.22958,48.22569,-79.39026,3.866471,False
1774,29.24625,48.22569,-79.39026,3.866471,False
1775,29.26309,48.08696,-78.85786,3.643375,False
1776,29.27972,47.97396,-78.57455,3.511711,False
1777,29.29626,47.76803,-78.43668,3.319024,False
1778,29.31302,47.49686,-78.40571,3.163464,False
1779,29.32968,47.12608,-78.35866,2.919294,False
1780,29.34625,47.12608,-78.35866,2.919294,False
1781,29.36285,46.06927,-78.08547,2.367373,False
1782,29.37961,45.63136,-78.03607,2.137349,False
1783,29.39621,45.36333,-78.00275,1.976934,False
1784,29.41293,45.21563,-77.84223,1.985536,False
1785,29.42953,45.06535,-77.62826,1.984163,False
1786,29.44635,45.06535,-77.62826,1.984163,False
1787,29.46301,44.60631,-77.39762,1.947254,False
1788,29.47958,44.2875,-77.45255,1.871856,False
1789,29.49631,43.98185,-77.48907,1.845368,False
1790,29.51291,43.68913,-77.5073,1.867896,False
1791,29.52957,43.42174,-77.48907,1.989129,False
1792,29.54623,43.42174,-77.48907,1.989129,False
1793,29.56296,42.68069,-77.2739,2.303212,False
1794,29.57953,42.1893,-77.2739,2.425357,False
1795,29.59644,41.6273,-77.2739,2.563218,False
1796,29.61295,41.06484,-77.2739,2.69923,False
1797,29.62863,41.06484,-77.2739,2.69923,True
1798,29.62955,40.6427,-77.2739,2.800024,False
1799,29.64621,40.6427,-77.2739,2.800024,False
1800,29.6629,40.45037,-77.13036,2.929758,False
1801,29.6795,40.49738,-77.05682,3.128818,False
1802,29.69626,40.60554,-77.05489,3.271287,False
1803,29.71292,40.66434,-76.96219,3.519813,False
1804,29.72958,40.59324,-76.85027,3.851243,False
1805,29.74683,40.59324,-76.85027,3.851243,False
1806,29.76282,40.20139,-76.68097,4.41424,False
1807,29.77954,39.95156,-76.62416,4.629007,False
1808,29.79617,39.78373,-76.54813,4.876615,False
1809,29.81284,39.82927,-76.47176,5.074948,False
1810,29.82956,39.94619,-76.39507,5.256749,False
1811,29.84622,39.94619,-76.39507,5.256749,False
1812,29.86292,40.72723,-76.16299,5.701064,False
1813,29.87952,41.08326,-76.04585,5.929978,False
1814,29.89627,41.24991,-76.00662,5.994764,False
1815,29.91293,41.26392,-76.04044,6.053979,False
1816,29.92966,41.20385,-76.02077,6.120234,False
1817,29.94623,41.20385,-76.02077,6.120234,False
1818,29.96286,41.116,-75.86872,6.390581,False
1819,29.97958,41.15768,-75.68258,6.567696,False
1820,29.99619,41.20401,-75.60299,6.764577,False
1821,30.01282,41.23873,-75.54308,6.912155,False
1822,30.02957,41.18976,-75.50304,7.027452,False
1823,30.0462,41.18976,-75.50304,7.027452,False
1824,30.06284,40.76837,-75.48299,7.177735,False
1825,30.07953,40.55181,-75.48299,7.227894,False
1826,30.09625,40.46826,-75.50304,7.195341,False
1827,30.11288,40.45692,-75.52307,7.146121,False
1828,30.12955,40.51771,-75.54308,7.080245,False
1829,30.14615,40.51771,-75.54308,7.080245,False
1830,30.16293,40.53287,-75.64282,6.817355,False
1831,30.17953,40.40392,-75.74205,6.587571,False
1832,30.19614,40.09741,-75.89974,6.242462,False
1833,30.21277,39.65066,-76.10955,5.939004,False
1834,30.22943,39.2052,-76.31804,5.633932,False
1835,30.24615,39.2052,-76.31804,5.633932,False
1836,30.26288,38.64318,-76.54813,5.134608,False
1837,30.27942,38.5387,-76.60519,5.001418,False
1838,30.29611,38.50555,-76.66205,4.852285,False
1839,30.31284,38.54353,-76.71873,4.68725,False
1840,30.32944,38.6302,-76.81279,4.406744,False
1841,30.34616,38.6302,-76.81279,4.406744,False
1842,30.36282,38.51883,-76.99934,3.908686,False
1843,30.37952,38.49654,-77.03639,3.808986,False
1844,30.39612,38.47424,-77.07337,3.709256,False
1845,30.41284,38.45193,-77.11027,3.609497,False
1846,30.42957,38.35895,-77.14708,3.525496,False
1847,30.44611,38.35895,-77.14708,3.525496,False
1848,30.46295,38.06932,-77.27525,3.223068,False
1849,30.4794,37.96776,-77.38332,3.098693,False
1850,30.49628,37.92346,-77.45586,2.898647,False
1851,30.5127,37.88801,-77.4566,2.738592,False
1852,30.52948,37.94505,-77.42117,2.662987,False
1853,30.5462,37.94505,-77.42117,2.662987,False
1854,30.56287,37.9095,-77.42166,2.502818,False
1855,30.5795,37.88728,-77.45751,2.402661,False
1856,30.5961,37.84724,-77.63585,2.222212,False
1857,30.61282,37.65374,-77.77814,2.012519,False
1858,30.62939,37.37738,-77.88406,1.757678,False
1859,30.64603,37.37738,-77.88406,1.757678,False
1860,30.66278,36.42534,-77.95202,1.41707,False
1861,30.67938,35.88327,-77.75421,1.269432,False
1862,30.69604,35.34847,-77.43216,1.149414,False
1863,30.71286,34.958,-77.21687,1.018711,False
1864,30.72943,34.79152,-77.09107,0.9151818,False
1865,30.74622,34.79152,-77.09107,0.9151818,False
1866,30.76279,34.95635,-77.10606,0.6596393,False
1867,30.77942,35.14378,-77.14011,0.515348,False
1868,30.79614,35.33091,-77.17407,0.3708245,False
1869,30.81274,35.28858,-77.24175,0.1686598,False
1870,30.82941,35.15586,-77.34263,-0.1203187,False
1871,30.84616,35.15586,-77.34263,-0.1203187,False
1872,30.86295,34.67368,-77.5586,-0.7070272,False
1873,30.87936,34.4731,-77.65707,-0.9829804,False
1874,30.89612,34.38942,-77.78719,-1.389228,False
1875,30.91281,34.39514,-77.8839,-1.708315,False
1876,30.9295,34.53514,-77.92648,-2.066418,False
1877,30.94611,34.53514,-77.92648,-2.066418,False
1878,30.96274,34.623,-78.08749,-3.009774,False
1879,30.97931,34.6032,-78.158,-3.442357,False
1880,30.99609,34.51755,-78.28049,-3.850559,False
1881,31.01266,34.49928,-78.40162,-4.273322,False
1882,31.02939,34.4133,-78.52139,-4.682261,False
1883,31.04599,34.4133,-78.52139,-4.682261,False
1884,31.06265,34.17412,-78.75684,-5.48721,False
1885,31.07935,33.95446,-78.87251,-5.869333,False
1886,31.09622,33.73537,-78.98682,-6.252073,False
1887,31.11295,33.51686,-79.09977,-6.635427,False
1888,31.12939,33.38654,-79.18358,-6.930202,False
1889,31.14612,33.38654,-79.18358,-6.930202,False
1890,31.16263,33.23748,-79.37613,-7.650911,False
1891,31.17932,33.30323,-79.40404,-7.997997,False
1892,31.19598,33.32625,-79.45776,-8.217895,False
1893,31.21262,33.32315,-79.43106,-8.562187,False
1894,31.22937,33.25824,-79.23055,-8.873446,False
1895,31.246,33.25824,-79.23055,-8.873446,False
1896,31.26294,33.04509,-78.68141,-9.568872,False
1897,31.27939,33.11861,-78.41354,-9.869077,False
1898,31.29608,33.18676,-78.03914,-10.19265,False
1899,31.31262,33.39725,-77.70515,-10.48195,False
1900,31.32932,33.59067,-77.27761,-10.84746,False
1901,31.34604,33.59067,-77.27761,-10.84746,False
1902,31.36267,33.97301,-76.42267,-11.58449,False
1903,31.3793,34.08898,-76.06058,-11.98151,False
1904,31.39609,34.10829,-75.78773,-12.50889,False
1905,31.4126,34.05396,-75.57861,-13.06287,False
1906,31.42935,34.00756,-75.30329,-13.57867,False
1907,31.44595,34.00756,-75.30329,-13.57867,False
1908,31.46259,33.87506,-74.77917,-14.48352,False
1909,31.47934,33.78091,-74.59502,-14.91118,False
1910,31.49597,33.76958,-74.55701,-15.26248,False
1911,31.5127,33.69797,-74.571,-15.58711,False
1912,31.5293,33.61485,-74.59514,-15.9639,False
1913,31.54605,33.61485,-74.59514,-15.9639,False
1914,31.56268,33.34093,-74.73511,-16.61256,False
1915,31.57932,33.14775,-74.79847,-16.89761,False
1916,31.59601,33.10215,-74.84028,-17.10597,False
1917,31.61258,33.06794,-74.87141,-17.26229,False
1918,31.62933,33.15783,-74.90234,-17.44586,False
1919,31.64597,33.15783,-74.90234,-17.44586,False
1920,31.66263,33.20144,-74.97375,-17.83801,False
1921,31.67938,33.16694,-75.00403,-17.99443,False
1922,31.69592,33.08215,-75.02411,-18.08511,False
1923,31.71255,32.95856,-75.02411,-18.05796,False
1924,31.72931,32.90817,-75.01408,-17.99225,False
1925,31.74591,32.90817,-75.01408,-17.99225,False
1926,31.76263,32.72266,-75.01408,-17.95177,False
1927,31.7793,32.53993,-75.06683,-17.89849,False
1928,31.79608,32.2868,-75.18238,-17.87139,False
1929,31.80865,32.2868,-75.18238,-17.87139,True
1930,31.81262,32.09,-75.19239,-17.88391,False
1931,31.82928,31.82867,-75.14961,-17.89658,False
1932,31.84604,31.82867,-75.14961,-17.89658,False
1933,31.86258,31.64305,-75.14961,-17.85743,False
1934,31.87933,31.64305,-75.14961,-17.85743,False
1935,31.89597,31.64305,-75.14961,-17.85743,False
1936,31.91257,31.64305,-75.14961,-17.85743,False
1937,31.92932,31.49737,-75.16951,-17.93603,False
1938,31.94644,31.49737,-75.16951,-17.93603,False
1939,31.96255,30.86519,-75.23849,-18.1869,False
1940,31.97934,30.63447,-75.22467,-18.37149,False
1941,31.99594,30.40689,-75.26325,-18.54344,False
1942,32.01254,30.31343,-75.29197,-18.68822,False
1943,32.0293,30.35633,-75.36375,-18.79251,False
1944,32.04596,30.35633,-75.36375,-18.79251,False
1945,32.06265,30.53009,-75.37324,-18.8825,False
1946,32.07932,30.65301,-75.37324,-18.90766,False
1947,32.09589,30.64225,-75.3827,-18.96007,False
1948,32.11261,30.58082,-75.3827,-18.94748,False
1949,32.12933,30.45794,-75.3827,-18.92239,False
1950,32.14587,30.45794,-75.3827,-18.92239,False
1951,32.16251,29.90474,-75.3827,-18.81069,False
1952,32.17926,29.47418,-75.3827,-18.72523,False
1953,32.19589,29.04338,-75.3827,-18.64102,False
1954,32.21259,28.60479,-75.44491,-18.59755,False
1955,32.22937,28.23023,-75.55987,-18.55398,False
1956,32.24591,28.23023,-75.55987,-18.55398,False
1957,32.2626,27.91239,-75.56926,-18.54887,False
1958,32.27924,27.91239,-75.56926,-18.54887,False
1959,32.29578,28.03558,-75.56926,-18.57187,False
1960,32.3125,28.28189,-75.56926,-18.61819,False
1961,32.32925,28.59216,-75.62204,-18.66367,False
1962,32.34595,28.59216,-75.62204,-18.66367,False
1963,32.36255,29.20743,-75.62204,-18.7825,False
1964,32.37927,29.39191,-75.62204,-18.81865,False
1965,32.39587,29.50451,-75.63142,-18.89538,False
1966,32.4126,29.68628,-75.57864,-18.94485,False
1967,32.42932,29.93198,-75.57864,-18.99389,False
1968,32.44586,29.93198,-75.57864,-18.99389,False
1969,32.46249,30.54587,-75.57864,-19.11823,False
1970,32.47925,30.91397,-75.57864,-19.19404,False
1971,32.49579,31.22056,-75.57864,-19.25792,False
1972,32.51254,31.58831,-75.57864,-19.3354,False
1973,32.52924,32.02835,-75.56926,-19.37461,False
1974,32.54587,32.02835,-75.56926,-19.37461,False
1975,32.56259,32.87388,-75.57864,-19.61372,False
1976,32.57925,33.0952,-75.59732,-19.77249,False
1977,32.59583,33.17064,-75.63442,-20.00876,False
1978,32.61261,33.16138,-75.68943,-20.336,False
1979,32.62988,33.11453,-75.72566,-20.54512,False
1980,32.64587,33.11453,-75.72566,-20.54512,False
1981,32.66251,32.99445,-75.76193,-21.08112,False
1982,32.67914,32.94755,-75.79694,-21.29044,False
1983,32.69589,32.90063,-75.8316,-21.49982,False
1984,32.71246,32.78459,-75.92721,-21.73521,False
1985,32.72919,32.68923,-75.95264,-21.87889,False
1986,32.74579,32.68923,-75.95264,-21.87889,False
1987,32.76251,32.49598,-75.95016,-22.17944,False
1988,32.77917,32.46979,-75.91397,-22.29723,False
1989,32.79584,32.42316,-75.94688,-22.50696,False
1990,32.8125,32.31664,-75.97944,-22.70344,False
1991,32.82913,32.28172,-76.00362,-22.86082,False
1992,32.84586,32.28172,-76.00362,-22.86082,False
1993,32.86249,32.27155,-76.05141,-23.18893,False
1994,32.8793,32.23655,-76.07501,-23.34638,False
1995,32.89584,32.2494,-76.10617,-23.56961,False
1996,32.91254,32.20262,-76.13698,-23.77962,False
1997,32.92914,32.28629,-76.15985,-23.96367,False
1998,32.94574,32.28629,-76.15985,-23.96367,False
1999,32.9624,32.5593,-76.21246,-24.4112,False
2000,32.97916,32.68907,-76.24203,-24.66144,False
2001,32.99591,32.7353,-76.28574,-25.00335,False
2002,33.01248,32.78096,-76.32867,-25.34534,False
2003,33.02899,32.7674,-76.3708,-25.67392,False
2004,33.0459,32.7674,-76.3708,-25.67392,False
2005,33.06244,32.85619,-76.45268,-26.35826,False
2006,33.07913,32.83549,-76.38692,-26.71292,False
2007,33.09576,32.85414,-76.43869,-27.16035,False
2008,33.1124,32.88432,-76.48284,-27.55532,False
2009,33.12912,32.98391,-76.51983,-27.91133,False
2010,33.14581,32.98391,-76.51983,-27.91133,False
2011,33.16321,33.81518,-76.50922,-28.51177,False
2012,33.17911,34.24609,-76.46832,-28.74165,False
2013,33.19586,34.66937,-76.32187,-28.99889,False
2014,33.21243,34.95383,-76.23968,-29.32051,False
2015,33.22864,34.95383,-76.23968,-29.32051,True
2016,33.22906,35.03925,-76.16846,-29.70424,False
2017,33.24579,35.03925,-76.16846,-29.70424,False
2018,33.26245,35.1206,-76.22913,-30.33833,False
2019,33.27914,35.25063,-76.24521,-30.53892,False
2020,33.29575,35.62005,-76.25582,-30.74566,False
2021,33.31244,36.01255,-76.20312,-30.86184,False
2022,33.32907,36.52112,-76.20312,-30.99606,False
2023,33.34586,36.52112,-76.20312,-30.99606,False
2024,33.36246,37.27928,-76.16094,-31.32602,False
2025,33.37906,37.518,-76.17656,-31.55944,False
2026,33.39572,37.77033,-76.18687,-31.74114,False
2027,33.41241,37.98047,-76.19199,-31.85556,False
2028,33.42905,38.14151,-76.0866,-31.92867,False
2029,33.44571,38.14151,-76.0866,-31.92867,False
2030,33.46234,38.12822,-75.94883,-32.19213,False
2031,33.47913,38.09904,-75.95882,-32.29633,False
2032,33.49582,38.05526,-75.97365,-32.45266,False
2033,33.51242,38.05526,-75.97365,-32.45266,False
2034,33.52908,38.11114,-75.97365,-32.46832,False
2035,33.54568,38.11114,-75.97365,-32.46832,False
2036,33.56241,38.28971,-75.91607,-32.47651,False
2037,33.57901,38.35655,-75.85847,-32.45337,False
2038,33.59579,38.30067,-75.85847,-32.4376,False
2039,33.61246,38.25572,-75.80085,-32.38298,False
2040,33.62903,38.19981,-75.80085,-32.36726,False
2041,33.64569,38.19981,-75.80085,-32.36726,False
2042,33.66238,38.22908,-75.79086,-32.26308,False
2043,33.67908,38.29969,-75.78582,-32.22673,False
2044,33.69601,38.38848,-75.61267,-32.126,False
2045,33.71234,38.40658,-75.44454,-32.06177,False
2046,33.72906,38.48069,-75.27637,-32.01355,False
2047,33.74576,38.48069,-75.27637,-32.01355,False
2048,33.76236,38.71832,-74.98187,-31.81615,False
2049,33.77896,38.99447,-74.85525,-31.69905,False
2050,33.79568,39.39135,-74.83341,-31.58787,False
2051,33.81235,39.8041,-74.80562,-31.42595,False
2052,33.82901,40.36109,-74.76578,-31.19474,False
2053,33.84567,40.36109,-74.76578,-31.19474,False
2054,33.8623,41.77526,-74.62422,-30.7866,False
2055,33.87906,42.69436,-74.57473,-30.61686,False
2056,33.89572,43.54379,-74.53027,-30.48683,False
2057,33.91232,44.26581,-74.4913,-30.37698,False
2058,33.92905,45.06318,-74.44485,-30.23818,False
2059,33.94571,45.06318,-74.44485,-30.23818,False
2060,33.96234,46.90994,-74.34167,-30.00046,False
2061,33.97906,47.9561,-74.26286,-29.73249,False
2062,33.99564,49.08225,-74.17386,-29.44195,False
2063,34.01227,50.28964,-74.07388,-29.13075,False
2064,34.02902,51.50846,-74.02276,-28.81697,False
2065,34.04565,51.50846,-74.02276,-28.81697,False
2066,34.06235,53.85061,-73.88327,-28.00526,False
2067,34.07907,55.09548,-73.8456,-27.53786,False
2068,34.09583,56.42772,-73.76437,-26.88299,False
2069,34.1123,57.71189,-73.67446,-26.21737,False
2070,34.12909,59.15129,-73.58668,-25.37822,False
2071,34.14566,59.15129,-73.58668,-25.37822,False
2072,34.16235,61.6159,-73.77205,-23.3193,False
2073,34.17899,62.52399,-73.92606,-22.01855,False
2074,34.19559,63.22744,-74.0247,-20.70836,False
2075,34.21228,63.7326,-74.13538,-19.18993,False
2076,34.22906,64.07255,-74.26862,-17.53688,False
2077,34.2457,64.07255,-74.26862,-17.53688,False
2078,34.26233,64.47995,-74.35405,-14.29486,False
2079,34.27899,64.67322,-74.31426,-12.57568,False
2080,34.29559,65.028,-74.27592,-10.80727,False
2081,34.31235,65.50128,-74.21799,-8.917615,False
2082,34.32901,65.89372,-74.08166,-7.019562,False
2083,34.3457,65.89372,-74.08166,-7.019562,False
2084,34.36234,66.14241,-73.49603,-3.513436,False
2085,34.379,66.10985,-73.12252,-1.813965,False
2086,34.39557,65.89761,-72.7794,-0.3372737,False
2087,34.41223,65.76022,-72.4026,1.155195,False
2088,34.42892,65.63507,-72.18277,2.49717,False
2089,34.44559,65.63507,-72.18277,2.49717,False
2090,34.46222,65.8095,-72.08455,5.078117,False
2091,34.47906,66.16662,-72.13837,6.452493,False
2092,34.49561,66.5595,-72.27933,7.709064,False
2093,34.51233,67.04872,-72.54623,9.003111,False
2094,34.52908,67.44984,-72.93318,10.28615,False
2095,34.54562,67.44984,-72.93318,10.28615,False
2096,34.56232,68.01302,-73.66293,12.45231,False
2097,34.57889,68.22742,-73.9353,13.47587,False
2098,34.59558,68.38706,-74.27865,14.35799,False
2099,34.6124,68.56494,-74.69928,15.29311,False
2100,34.62894,68.75486,-75.08868,16.26499,False
2101,34.6456,68.75486,-75.08868,16.26499,False
2102,34.66223,69.13874,-75.71631,17.99828,False
2103,34.67911,69.25789,-75.95611,18.79119,False
2104,34.69556,69.33707,-76.13914,19.47959,False
2105,34.71234,69.5095,-76.34541,20.18526,False
2106,34.72903,69.69771,-76.57421,20.93554,False
2107,34.74561,69.69771,-76.57421,20.93554,False
2108,34.76266,70.27641,-77.09626,22.50716,False
2109,34.77896,70.58997,-77.44202,23.35876,False
2110,34.79559,70.68843,-77.65361,24.11415,False
2111,34.81223,70.47838,-77.81713,24.7682,False
2112,34.82895,70.11896,-77.93489,25.26526,False
2113,34.84561,70.11896,-77.93489,25.26526,False
2114,34.8624,69.07378,-78.22214,26.37122,False
2115,34.87891,68.41724,-78.38564,27.067,False
2116,34.89554,67.69173,-78.62601,27.83555,False
2117,34.9126,66.84607,-79.04459,28.79632,False
2118,34.92892,65.99072,-79.51469,29.74961,False
2119,34.94559,65.99072,-79.51469,29.74961,False
2120,34.96228,63.9177,-80.3378,31.72456,False
2121,34.97882,62.83535,-80.64496,32.60404,False
2122,34.99557,61.75513,-80.80957,33.51223,False
2123,35.01227,60.73524,-80.9492,34.34232,False
2124,35.02905,59.75235,-81.01973,35.00948,False
2125,35.04553,59.75235,-81.01973,35.00948,False
2126,35.06219,57.44439,-81.13353,36.13911,False
2127,35.07886,56.38588,-81.14556,36.57198,False
2128,35.09561,55.14381,-81.13537,37.00136,False
2129,35.11221,53.98291,-81.0707,37.39989,False
2130,35.12891,52.98846,-80.95156,37.74721,False
2131,35.1456,52.98846,-80.95156,37.74721,False
2132,35.16223,50.6968,-80.89716,38.32169,False
2133,35.17896,49.85676,-80.86477,38.57081,False
2134,35.19556,49.10071,-80.83236,38.79634,False
2135,35.21219,48.42894,-80.79993,38.9992,False
2136,35.22885,47.74684,-80.85432,39.1585,False
2137,35.24561,47.74684,-80.85432,39.1585,False
2138,35.26236,46.13362,-80.82188,39.56775,False
2139,35.27884,45.1927,-80.82188,39.7743,False
2140,35.29578,44.07951,-80.82188,40.0129,False
2141,35.31223,42.96507,-80.82188,40.24556,False
2142,35.32886,42.02111,-80.82188,40.43776,False
2143,35.34549,42.02111,-80.82188,40.43776,False
2144,35.36221,40.18008,-80.68121,41.06701,False
2145,35.37881,39.35069,-80.55081,41.40137,False
2146,35.39554,38.44061,-80.38741,41.79074,False
2147,35.41223,37.51254,-80.28917,42.09052,False
2148,35.42892,36.41676,-80.21232,42.45985,False
2149,35.44601,36.41676,-80.21232,42.45985,False
2150,35.46219,34.31745,-80.04617,43.25281,False
2151,35.47876,33.13233,-79.98963,43.66185,False
2152,35.49554,32.11826,-79.93266,44.03748,False
2153,35.51218,31.09474,-79.79973,44.36353,False
2154,35.52881,30.08075,-79.5998,44.76937,False
2155,35.5455,30.08075,-79.5998,44.76937,False
2156,35.56219,27.76806,-79.3196,45.51569,False
2157,35.5788,26.56292,-79.26044,45.8857,False
2158,35.59561,25.35939,-79.16712,46.29079,False
2159,35.61206,24.33363,-79.03934,46.71083,False
2160,35.62878,23.13157,-78.8767,47.18645,False
2161,35.64557,23.13157,-78.8767,47.18645,False
2162,35.66217,20.79834,-78.74562,48.06589,False
2163,35.67874,19.58638,-78.59983,48.56117,False
2164,35.69556,18.37274,-78.30927,49.08916,False
2165,35.71222,17.23985,-77.99732,49.55974,False
2166,35.72888,16.10849,-77.61419,50.10632,False
2167,35.74545,16.10849,-77.61419,50.10632,False
2168,35.76215,13.54334,-77.10766,50.94633,False
2169,35.77884,12.02821,-76.98878,51.3672,False
2170,35.79541,10.59831,-76.86884,51.77211,False
2171,35.81216,9.252517,-76.78342,52.12178,False
2172,35.8287,7.902771,-76.64276,52.46209,False
2173,35.84549,7.902771,-76.64276,52.46209,False
2174,35.86206,5.64704,-76.19577,53.1038,False
2175,35.87872,4.467268,-76.01591,53.33442,False
2176,35.89542,3.192179,-75.88944,53.43759,False
2177,35.91211,1.824479,-75.85339,53.49371,False
2178,35.9288,0.1824499,-75.85339,53.50114,False
2179,35.94559,0.1824499,-75.85339,53.50114,False
2180,35.96213,-3.375205,-76.07102,53.47625,False
2181,35.97928,-5.381766,-76.12543,53.43676,False
2182,35.99542,-7.115658,-76.08936,53.42856,False
2183,36.01205,-9.035424,-75.98105,53.48058,False
2184,36.02878,-10.679,-75.8905,53.44804,False
2185,36.04547,-10.679,-75.8905,53.44804,False
2186,36.0621,-13.96867,-75.78199,53.38707,False
2187,36.0788,-15.60949,-75.8364,53.27773,False
2188,36.09543,-17.15836,-75.8364,53.16319,False
2189,36.11212,-18.62214,-75.76398,53.12626,False
2190,36.12872,-19.91131,-75.61893,53.17661,False
2191,36.14542,-19.91131,-75.61893,53.17661,False
2192,36.16208,-22.21569,-75.31005,53.2414,False
2193,36.17877,-23.41261,-75.20074,53.23975,False
2194,36.1955,-24.60125,-75.16428,53.15147,False
2195,36.21213,-25.79893,-75.10918,53.13687,False
2196,36.22876,-26.81982,-74.96296,53.17755,False
2197,36.24548,-26.81982,-74.96296,53.17755,False
2198,36.26208,-28.24132,-74.39624,53.44494,False
2199,36.27872,-28.62133,-74.06822,53.51628,False
2200,36.29541,-29.08245,-73.81375,53.49535,False
2201,36.31204,-29.5384,-73.70493,53.43434,False
2202,36.32874,-30.26782,-73.70493,53.33597,False
2203,36.3454,-30.26782,-73.70493,53.33597,False
2204,36.36197,-31.81674,-73.70493,53.11897,False
2205,36.37866,-32.45988,-73.66809,53.06599,False
2206,36.39532,-32.91504,-73.66809,52.99878,False
2207,36.41202,-33.09706,-73.66809,52.97164,False
2208,36.42868,-33.27906,-73.66809,52.94435,False
2209,36.44531,-33.27906,-73.66809,52.94435,False
2210,36.46198,-34.55245,-73.66809,52.7491,False
2211,36.47867,-35.64308,-73.7225,52.5763,False
2212,36.49533,-36.55122,-73.7225,52.42786,False
2213,36.51263,-37.38135,-73.64877,52.3698,False
2214,36.52872,-37.93924,-73.52055,52.35514,False
2215,36.54541,-37.93924,-73.52055,52.35514,False
2216,36.5621,-38.76934,-73.28346,52.29046,False
2217,36.57883,-39.13211,-73.22906,52.22592,False
2218,36.59534,-39.404,-73.12024,52.17648,False
2219,36.612,-39.76637,-72.95702,52.1097,False
2220,36.62881,-40.11393,-72.70444,51.96163,False
2221,36.64566,-40.11393,-72.70444,51.96163,False
2222,36.66245,-40.97391,-72.32722,51.55013,False
2223,36.67862,-41.40297,-72.21999,51.34352,False
2224,36.69547,-41.72624,-72.24044,51.07519,False
2225,36.71194,-41.95852,-72.26049,50.82309,False
2226,36.72882,-42.002,-72.20786,50.56277,False
2227,36.74533,-42.002,-72.20786,50.56277,False
2228,36.76193,-42.34628,-71.59331,49.93102,False
2229,36.77869,-42.56424,-71.10387,49.616,False
2230,36.79538,-42.76498,-70.68615,49.21684,False
2231,36.81204,-42.87609,-70.43057,48.83818,False
2232,36.82861,-42.87609,-70.43057,48.83818,False
2233,36.84531,-42.72783,-70.47684,48.08716,False
2234,36.86203,-42.56572,-70.63383,47.73354,False
2235,36.87881,-42.49974,-70.69981,47.39864,False
2236,36.89529,-42.43353,-70.76472,47.06248,False
2237,36.91211,-42.36646,-70.77425,46.722,False
2238,36.92862,-42.36646,-70.77425,46.722,False
2239,36.9454,-42.25499,-70.63139,46.15615,False
2240,36.96198,-42.2019,-70.46011,45.88666,False
2241,36.97855,-42.15802,-70.36222,45.66388,False
2242,36.99533,-42.11541,-70.37249,45.44757,False
2243,37.01202,-42.15311,-70.47112,45.17591,False
2244,37.02863,-42.15311,-70.47112,45.17591,False
2245,37.0455,-41.98327,-70.76079,44.77678,False
2246,37.06201,-41.93288,-70.85778,44.52099,False
2247,37.07867,-41.89056,-70.92005,44.30612,False
2248,37.09537,-42.03928,-70.9138,44.13942,False
2249,37.11197,-42.36232,-70.90739,43.93764,False
2250,37.1286,-42.36232,-70.90739,43.93764,False
2251,37.14526,-43.09693,-71.11118,43.53003,False
2252,37.16202,-43.3242,-71.24669,43.31021,False
2253,37.17874,-43.47256,-71.34814,43.14953,False
2254,37.19562,-43.62927,-71.41569,43.03033,False
2255,37.21188,-43.61205,-71.48317,42.9469,False
2256,37.22858,-43.61205,-71.48317,42.9469,False
2257,37.24533,-43.74173,-71.5973,42.69828,False
2258,37.26196,-43.80246,-71.69812,42.55486,False
2259,37.27863,-43.77639,-71.79879,42.42933,False
2260,37.29526,-43.82737,-71.87852,42.23983,False
2261,37.31201,-43.86857,-71.93708,42.00416,False
2262,37.32864,-43.98793,-72.08275,41.71196,False
2263,37.34521,-43.98793,-72.08275,41.71196,False
2264,37.36197,-44.23559,-72.44765,41.17612,False
2265,37.37857,-44.27625,-72.55855,40.94286,False
2266,37.39529,-44.23877,-72.58186,40.7657,False
2267,37.4119,-44.18068,-72.5078,40.49112,False
2268,37.42877,-44.03662,-72.43316,40.23366,False
2269,37.44522,-44.03662,-72.43316,40.23366,False
2270,37.46191,-43.82789,-72.47724,39.6682,False
2271,37.4787,-43.75408,-72.62804,39.31785,False
2272,37.49521,-43.67104,-72.80988,38.92374,False
2273,37.51184,-43.57679,-72.91387,38.47638,False
2274,37.52856,-43.57679,-72.91387,38.47638,False
2275,37.54523,-43.49828,-72.9674,37.68379,False
2276,37.56192,-43.41203,-73.03513,37.27523,False
2277,37.57904,-43.31631,-73.13279,36.82188,False
2278,37.59521,-43.15336,-73.11214,36.46671,False
2279,37.61191,-42.97099,-73.09831,36.01762,False
2280,37.62854,-42.97099,-73.09831,36.01762,False
2281,37.64526,-42.72544,-72.88854,35.26557,False
2282,37.66193,-42.65396,-72.77851,34.92494,False
2283,37.67856,-42.75955,-72.69128,34.59759,False
2284,37.69522,-42.95955,-72.68123,34.30727,False
2285,37.71191,-42.98298,-72.70104,34.00758,False
2286,37.72867,-42.92294,-72.72021,33.72493,False
2287,37.74524,-42.92294,-72.72021,33.72493,False
2288,37.76202,-42.63416,-72.64852,33.18076,False
2289,37.77859,-42.47919,-72.58753,32.85676,False
2290,37.79523,-42.4189,-72.60406,32.57121,False
2291,37.81189,-42.35849,-72.61993,32.28505,False
2292,37.82849,-42.35849,-72.61993,32.28505,False
2293,37.84521,-42.59075,-72.80701,31.75615,False
2294,37.86182,-42.54181,-72.89986,31.5262,False
2295,37.87845,-42.42022,-72.963,31.35819,False
2296,37.89517,-42.21667,-73.02584,31.20729,False
2297,37.91193,-42.10619,-73.11329,31.09002,False
2298,37.92868,-41.99579,-73.20057,30.9726,False
2299,37.94519,-41.99579,-73.20057,30.9726,False
2300,37.96188,-41.96739,-73.28767,30.83777,False
2301,37.97855,-41.95927,-73.37069,30.79923,False
2302,37.99527,-41.95927,-73.37069,30.79923,False
2303,38.01187,-41.94979,-73.39967,30.75425,False
2304,38.02853,-41.94979,-73.39967,30.75425,False
2305,38.0452,-42.03166,-73.39967,30.73698,False
2306,38.06186,-42.11352,-73.39967,30.71968,False
2307,38.07849,-42.26767,-73.42863,30.64001,False
2308,38.09521,-42.33034,-73.4865,30.53264,False
2309,38.11206,-42.39428,-73.5983,30.4316,False
2310,38.12845,-42.39428,-73.5983,30.4316,False
2311,38.14514,-42.255,-73.77123,30.17868,False
2312,38.1618,-42.2358,-73.82873,30.08848,False
2313,38.1785,-42.20562,-73.8608,29.94669,False
2314,38.19522,-42.25826,-73.94673,29.79383,False
2315,38.21198,-42.39217,-74.03249,29.62345,False
2316,38.22845,-42.39217,-74.03249,29.62345,False
2317,38.24521,-42.4869,-74.23193,29.27187,False
2318,38.26199,-42.43682,-74.31982,29.03893,False
2319,38.27847,-42.28749,-74.51767,28.73873,False
2320,38.2952,-42.14668,-74.63251,28.47695,False
2321,38.31186,-41.99625,-74.77464,28.16909,False
2322,38.32855,-41.99625,-74.77464,28.16909,False
2323,38.34503,-41.86945,-75.13641,27.57576,False
2324,38.36185,-41.73034,-75.30231,27.31846,False
2325,38.37833,-41.51937,-75.38602,27.11714,False
2326,38.39517,-41.28927,-75.52402,26.82346,False
2327,38.40863,-41.28927,-75.52402,26.82346,True
2328,38.41171,-41.15773,-75.55259,26.59753,False
2329,38.4285,-41.15773,-75.55259,26.59753,False
2330,38.44516,-41.12515,-75.6354,26.04767,False
2331,38.46176,-41.08471,-75.68948,25.85651,False
2332,38.47855,-41.03304,-75.71617,25.61226,False
2333,38.49518,-40.9002,-75.68843,25.37771,False
2334,38.51184,-40.6879,-75.66023,25.15938,False
2335,38.52838,-40.6879,-75.66023,25.15938,False
2336,38.54523,-40.34739,-75.36021,24.72245,False
2337,38.56174,-40.31083,-75.17006,24.54753,False
2338,38.5784,-40.35339,-74.9798,24.35541,False
2339,38.59512,-40.46814,-74.92356,24.11423,False
2340,38.61169,-40.50183,-74.81316,23.88189,False
2341,38.62842,-40.50183,-74.81316,23.88189,False
2342,38.64511,-40.38453,-74.42832,23.32512,False
2343,38.66187,-40.32224,-74.12771,23.02951,False
2344,38.67847,-40.19592,-73.96233,22.81956,False
2345,38.69513,-40.02219,-73.77303,22.77374,False
2346,38.71182,-39.94022,-73.66547,22.77403,False
2347,38.72839,-39.94022,-73.66547,22.77403,False
2348,38.74512,-39.38825,-73.61169,22.88009,False
2349,38.76175,-39.09279,-73.55994,23.03825,False
2350,38.77841,-38.71814,-73.50812,23.21185,False
2351,38.79517,-38.26408,-73.45621,23.40043,False
2352,38.8118,-37.80611,-73.29668,23.57157,False
2353,38.8284,-37.80611,-73.29668,23.57157,False
2354,38.84515,-37.02192,-72.81459,23.7529,False
2355,38.86163,-36.7043,-72.76085,23.80516,False
2356,38.87836,-36.30756,-72.70712,23.87182,False
2357,38.89508,-35.99135,-72.70712,23.93128,False
2358,38.91171,-35.74541,-72.73315,23.92864,False
2359,38.92844,-35.74541,-72.73315,23.92864,False
2360,38.94525,-35.42046,-72.75918,23.94026,False
2361,38.96176,-35.42046,-72.75918,23.94026,False
2362,38.97855,-35.41891,-72.70544,23.93184,False
2363,38.99509,-35.41735,-72.65172,23.92339,False
2364,39.01166,-35.49485,-72.59799,23.90034,False
2365,39.02832,-35.49485,-72.59799,23.90034,False
2366,39.04517,-35.48618,-72.62399,23.85342,False
2367,39.06168,-35.47752,-72.64998,23.80649,False
2368,39.07834,-35.47752,-72.64998,23.80649,False
2369,39.095,-35.54784,-72.67594,23.74495,False
2370,39.11179,-35.84622,-72.72781,23.59234,False
2371,39.12833,-35.84622,-72.72781,23.59234,False
2372,39.14496,-36.12648,-72.83131,23.3453,False
2373,39.16162,-36.10717,-72.82922,23.24285,False
2374,39.17859,-36.07173,-72.93226,23.05478,False
2375,39.1951,-35.87899,-73.03498,22.89611,False
2376,39.2117,-35.76507,-73.13739,22.72241,False
2377,39.22836,-35.76507,-73.13739,22.72241,False
2378,39.24496,-35.35444,-73.4174,22.26176,False
2379,39.26163,-35.30902,-73.49018,22.01683,False
2380,39.27832,-35.17817,-73.64133,21.74728,False
2381,39.29498,-35.12238,-73.68435,21.44578,False
2382,39.31161,-34.99734,-73.70176,21.20572,False
2383,39.32837,-34.99734,-73.70176,21.20572,False
2384,39.34503,-34.49865,-73.83825,20.68058,False
2385,39.36176,-34.29989,-73.9614,20.47061,False
2386,39.37827,-33.93461,-74.00116,20.22302,False
2387,39.39499,-33.48421,-74.06455,19.94026,False
2388,39.41171,-32.96766,-74.15647,19.72618,False
2389,39.42831,-32.96766,-74.15647,19.72618,False
2390,39.44501,-32.08574,-74.41579,19.22713,False
2391,39.46167,-31.88902,-74.48161,19.00408,False
2392,39.46863,-31.88902,-74.48161,19.00408,True
2393,39.47858,-31.77777,-74.52318,18.81569,False
2394,39.49542,-31.75171,-74.54073,18.66225,False
2395,39.51166,-31.80096,-74.50446,18.48671,False
2396,39.52835,-31.80096,-74.50446,18.48671,False
2397,39.54489,-31.73581,-74.40131,18.10395,False
2398,39.56165,-31.63145,-74.36449,17.95393,False
2399,39.57828,-31.52564,-74.27389,17.79454,False
2400,39.59509,-31.42654,-74.1062,17.67397,False
2401,39.61163,-31.40392,-73.9385,17.54008,False
2402,39.6283,-31.40392,-73.9385,17.54008,False
2403,39.64502,-31.36828,-73.63335,17.32906,False
2404,39.66162,-31.34052,-73.59591,17.16475,False
2405,39.67825,-31.32253,-73.5887,17.05829,False
2406,39.69489,-31.29635,-73.60452,16.90328,False
2407,39.7117,-31.27176,-73.67369,16.75773,False
2408,39.72818,-31.27176,-73.67369,16.75773,False
2409,39.74506,-31.2193,-73.70443,16.44723,False
2410,39.76169,-31.26734,-73.66601,16.26934,False
2411,39.77823,-31.23936,-73.62743,16.10415,False
2412,39.79492,-31.13392,-73.53516,15.94185,False
2413,39.81168,-31.03023,-73.49626,15.78904,False
2414,39.8284,-31.03023,-73.49626,15.78904,False
2415,39.84497,-30.75087,-73.52492,15.51512,False
2416,39.86176,-30.72475,-73.53898,15.35894,False
2417,39.87845,-30.68393,-73.65115,15.11488,False
2418,39.89502,-30.65125,-73.74054,14.91947,False
2419,39.91156,-30.61523,-73.72263,14.70414,False
2420,39.92825,-30.61523,-73.72263,14.70414,False
2421,39.94492,-30.45983,-73.70795,14.23637,False
2422,39.96158,-30.34879,-73.68905,14.0328,False
2423,39.97842,-30.2216,-73.71355,13.7308,False
2424,39.99515,-30.17101,-73.79079,13.42604,False
2425,40.01157,-30.11221,-73.88887,13.07175,False
2426,40.02826,-30.11221,-73.88887,13.07175,False
2427,40.04498,-29.89892,-74.25271,12.24644,False
2428,40.04865,-29.89892,-74.25271,12.24644,True
