sample,t,vx,vy,vz
0,0.0,0.0004765559,0.0,7.970248e-05
1,0.01708984,-0.03333921,-0.002306374,0.1993656
2,0.03349304,-0.03333921,-0.002306374,0.1993656
3,0.05026245,-0.01309523,-0.0008734546,0.07829879
4,0.06698608,0.1712136,9.528749,-1.023718
5,0.08337402,0.001032084,0.05743975,-0.006171019
6,0.1003113,0.1117747,7.534979,-0.6683215
7,0.1169128,0.002480134,0.148579,-0.01482918
8,0.1334686,0.002480134,0.148579,-0.01482918
9,0.1502533,0.0001812385,0.02066839,-0.001083659
10,0.167038,0.09127485,5.021132,-0.5457492
11,0.1837463,0.3760538,0.0416598,0.05808052
12,0.2001953,0.00226687,0.0002511273,0.0003501117
13,0.2169342,1.880799e-05,2.083577e-06,2.90484e-06
14,0.23349,1.880799e-05,2.083577e-06,2.90484e-06
15,0.25,1.77844e-09,0.0,2.966868e-10
16,0.2668304,0.0,0.0,0.0
17,0.2837372,0.0,0.0,0.0
18,0.3001404,0.1209453,6.644713,-0.7249863
19,0.316864,0.0005296958,0.0291014,-0.003175173
20,0.3335571,0.0005296958,0.0291014,-0.003175173
21,0.3504028,0.1692618,9.293671,-1.014611
22,0.3669128,-0.08653373,0.05103578,0.5187121
23,0.3835297,-0.0007179613,0.0004234385,0.0043037
24,0.4001312,-4.327905e-06,2.552508e-06,2.594291e-05
25,0.4170227,0.5575892,1.117905e-08,0.09278385
26,0.4335175,0.5575892,1.117905e-08,0.09278385
27,0.4504242,0.1041417,0.0,0.01728534
28,0.4668274,0.427613,2.524967,-0.2144214
29,0.4836273,7.943434,13.66185,1.660129
30,0.5002747,13.12859,5.19075,13.16722
31,0.5169373,16.39787,14.23042,13.0953
32,0.5332184,16.39787,14.23042,13.0953
33,0.5502777,15.48606,19.3614,26.57636
34,0.5667877,17.96033,26.0317,28.34803
35,0.5834503,14.49916,26.41803,25.99644
36,0.600235,12.24986,16.27378,29.35674
37,0.6168213,12.24986,16.27378,29.35674
38,0.6335602,-7.935561,-26.36166,28.45262
39,0.6501923,-32.03531,-57.11353,38.9325
40,0.6669922,-41.96079,-89.97613,51.95527
41,0.6836395,-47.40829,-119.3475,60.08505
42,0.7000885,-52.95148,-139.8732,66.48118
43,0.7169342,-60.65263,-141.4775,43.32618
44,0.7335358,-60.65263,-141.4775,43.32618
45,0.7503052,-41.99435,-80.04881,53.28676
46,0.7667236,-28.47105,-21.7067,50.46844
47,0.7836609,-24.87253,1.943774,35.34554
48,0.8001404,-7.70167,1.91213,23.02443
49,0.816803,-7.70167,1.91213,23.02443
50,0.8335876,-1.409501,0.5875432,7.441275
51,0.8500824,-0.3463159,-21.63214,1.829344
52,0.8669434,-15.16645,-28.4246,-2.269439
53,0.8833771,-15.98605,-30.30012,-2.721453
54,0.9003448,-17.51363,-27.79432,-3.200494
55,0.9169312,-16.75301,-26.41127,6.545255
56,0.9335785,-16.75301,-26.41127,6.545255
57,0.9501953,14.66565,-33.61699,5.625124
58,0.9667969,18.96552,-35.36153,16.30539
59,0.9835815,33.32988,-27.1405,15.08749
60,1.000046,46.33344,-0.794779,29.4593
61,1.016846,46.33344,-0.794779,29.4593
62,1.033478,55.26457,13.71383,27.59429
63,1.050156,43.55796,2.629454,26.13453
64,1.066772,46.65319,2.517871,33.64756
65,1.083435,28.10347,-12.25358,31.18176
66,1.100159,15.80387,-16.18146,31.20862
67,1.116837,15.80387,-16.18146,31.20862
68,1.133453,-3.978331,3.680846,33.9635
69,1.150146,-5.179029,23.32784,37.14618
70,1.166748,-4.192103,19.67729,28.76715
71,1.183365,5.0165,4.173986,25.49162
72,1.200073,4.971729,5.828815,44.8876
73,1.21698,18.36612,15.69893,41.73597
74,1.233307,18.36612,15.69893,41.73597
75,1.250031,31.28965,45.49843,77.9521
76,1.266708,32.68133,44.52266,81.53506
77,1.283508,28.27919,60.45806,80.78616
78,1.300308,23.57227,75.25381,77.74184
79,1.316666,23.57227,75.25381,77.74184
80,1.333603,-5.169253,86.50735,49.07246
81,1.350128,-4.746655,84.29372,40.2198
82,1.366867,-3.756164,81.36216,31.68057
83,1.383621,-10.97247,96.97981,23.90106
84,1.400162,-3.865612,97.34383,12.78699
85,1.416641,-3.865612,97.34383,12.78699
86,1.433472,-26.15519,139.6774,-4.192765
87,1.45047,-38.98796,135.0296,-20.28079
88,1.466705,-33.22739,121.896,-21.04966
89,1.483582,-8.011815,96.30384,-41.28261
90,1.500046,6.414998,98.80666,-48.69867
91,1.516632,6.414998,98.80666,-48.69867
92,1.533401,10.50359,113.6876,-76.89534
93,1.550064,12.66035,102.3111,-94.75297
94,1.566742,18.47738,84.62685,-115.5344
95,1.583481,16.09426,56.12508,-151.5141
96,1.600235,26.63939,10.51469,-199.6433
97,1.617218,30.84876,-23.44218,-234.3776
98,1.633194,30.84876,-23.44218,-234.3776
99,1.650177,16.45287,-27.8857,-213.1019
100,1.666733,-0.7774855,-19.49271,-199.7941
101,1.683487,-10.85899,2.812181,-173.3278
102,1.700272,6.661198,32.7328,-158.8147
103,1.716568,6.661198,32.7328,-158.8147
104,1.733475,28.76938,42.19499,-149.1747
105,1.749863,23.52919,23.33711,-159.836
106,1.766556,20.69054,4.893103,-140.6364
107,1.783539,20.97369,-13.67789,-122.1231
108,1.800354,15.21178,-2.422296,-96.30096
109,1.816772,15.21178,-2.422296,-96.30096
110,1.833359,7.114209,11.00416,-81.67741
111,1.850159,8.468789,-0.8331892,-72.59805
112,1.866577,0.7100544,-9.241966,-70.79208
113,1.883347,4.443787,-32.33394,-69.18815
114,1.899872,10.04613,-35.61271,-67.53896
115,1.916397,10.04613,-35.61271,-67.53896
116,1.933441,2.158677,-33.89294,-14.48439
117,1.94989,1.465582,-35.46571,-28.78912
118,1.966415,5.443266,-40.84192,-36.71733
119,1.983078,2.379085,-48.18314,-15.95484
120,1.999756,5.311327,-59.56211,4.891249
121,2.016373,5.311327,-59.56211,4.891249
122,2.033371,29.30383,1.217455,38.35463
123,2.049957,26.71645,-10.33378,56.9977
124,2.066452,20.5879,-26.17335,65.21468
125,2.08313,26.80445,-30.95776,56.28865
126,2.100021,18.76633,-54.53935,48.81044
127,2.116501,18.76633,-54.53935,48.81044
128,2.133179,28.58768,-90.05085,34.39249
129,2.150146,33.61,-98.86,47.65809
130,2.166611,28.14041,-88.02519,57.58354
131,2.183365,25.40955,-82.3821,60.62455
132,2.199966,25.25061,-80.12114,62.99927
133,2.216583,25.25061,-80.12114,62.99927
134,2.233032,21.16239,-84.20557,54.42241
135,2.249939,35.99718,-77.98556,49.05507
136,2.266312,34.17283,-78.38826,39.86697
137,2.283447,44.13745,-75.78613,38.99355
138,2.299698,65.88524,-75.59858,51.32659
139,2.316422,65.88524,-75.59858,51.32659
140,2.333115,100.9885,-22.46495,59.02762
141,2.350159,99.94435,-5.587156,56.23456
142,2.366547,97.38925,-22.2193,53.50637
143,2.383133,107.2832,-35.014,52.25711
144,2.400162,113.3337,-34.63587,49.99882
145,2.416519,113.3337,-34.63587,49.99882
146,2.43335,127.0811,-31.10576,36.32779
147,2.450089,119.536,-36.33931,28.12909
148,2.466614,126.5683,-25.32781,24.60877
149,2.483124,133.3742,-29.05815,23.50886
150,2.499786,121.4356,-30.71336,26.35364
151,2.516464,121.4356,-30.71336,26.35364
152,2.533157,62.94893,-22.4657,27.70625
153,2.549652,42.03989,-13.60748,32.17527
154,2.566299,12.64985,-12.89133,35.99633
155,2.583069,-0.6508997,-16.11502,42.96217
156,2.599869,-16.60555,-20.34961,56.80458
157,2.616516,-16.60555,-20.34961,56.80458
158,2.633331,-41.23773,-32.02535,90.92871
159,2.649811,-32.16399,-47.50367,96.81875
160,2.666611,-39.07446,-40.79484,93.89951
161,2.683395,-26.94924,-35.06338,84.62035
162,2.699921,-27.8083,-27.58863,72.27171
163,2.716339,-27.8083,-27.58863,72.27171
164,2.733017,1.742489,-8.928067,55.89482
165,2.750061,5.796394,3.210345,48.72831
166,2.766647,16.82689,6.539556,39.13311
167,2.783295,13.82927,10.91504,33.00197
168,2.79982,19.59107,15.82379,27.09048
169,2.816635,19.59107,15.82379,27.09048
170,2.833237,18.11223,-12.10532,32.34933
171,2.84996,5.019682,-19.1408,39.85061
172,2.866562,5.329517,-16.86954,42.83642
173,2.883224,4.766393,-11.1595,38.31295
174,2.899734,4.679669,1.334819,37.61587
175,2.916367,4.679669,1.334819,37.61587
176,2.933334,19.66896,-1.996463,36.7884
177,2.949982,14.74183,-19.09227,37.58873
178,2.966537,17.89076,-4.583824,43.11333
179,2.983109,21.28165,1.432429,44.26651
180,2.999588,6.755953,7.353964,51.31417
181,3.016449,6.755953,7.353964,51.31417
182,3.033264,5.011694,6.120773,39.10294
183,3.049683,5.274055,-6.053006,41.14999
184,3.066345,5.573888,7.246574,43.4894
185,3.083008,6.617244,9.018078,51.63002
186,3.099686,3.536819,9.350097,52.04441
187,3.116547,3.536819,9.350097,52.04441
188,3.132904,-7.66408,15.22969,54.8765
189,3.149948,-18.06488,8.032424,42.50568
190,3.166595,-19.95108,5.364369,28.93058
191,3.183075,-17.47987,9.51071,31.00885
192,3.199951,0.6042712,41.59162,30.41917
193,3.216629,0.6042712,41.59162,30.41917
194,3.23317,1.16161,44.46968,9.867302
195,3.249664,0.2432232,50.39258,0.6068716
196,3.266495,-1.622155,50.94954,-13.7362
197,3.283066,-3.286737,65.83551,-27.81883
198,3.299698,-18.34606,69.64014,-31.23891
199,3.316483,-18.34606,69.64014,-31.23891
200,3.333267,-19.71777,67.41774,-41.42524
201,3.349747,-23.89091,58.86441,-45.95721
202,3.366745,-23.44157,58.39473,-49.36209
203,3.382843,-9.942544,57.02654,-52.95881
204,3.399887,-16.18629,60.31053,-29.84707
205,3.416321,-16.18629,60.31053,-29.84707
206,3.432922,-4.46316,66.71453,-28.13271
207,3.449707,-2.771753,88.21731,-26.58829
208,3.4664,-25.88215,77.08816,-51.05994
209,3.48291,-4.486599,92.40891,-38.99025
210,3.499878,24.28382,87.14422,-33.46699
211,3.516495,24.28382,87.14422,-33.46699
212,3.532928,59.19192,51.79623,-28.33706
213,3.549591,49.22927,66.59116,-43.779
214,3.566406,43.8114,78.30296,-38.75088
215,3.58287,49.84379,78.08308,-38.20047
216,3.599701,56.55043,86.42384,-24.04573
217,3.616241,56.55043,86.42384,-24.04573
218,3.63298,28.38058,73.53883,-19.43929
219,3.649628,19.98549,44.83537,-12.6497
220,3.666245,25.3235,3.611088,-19.48157
221,3.682861,28.907,-2.993196,-27.75482
222,3.699936,22.32053,1.61959,8.648456
223,3.71637,22.32053,1.61959,8.648456
224,3.732971,-5.736944,-21.59489,26.15909
225,3.749771,-19.04435,-46.04296,26.87687
226,3.766235,-9.887113,-52.96571,53.2196
227,3.783005,-1.664122,-72.39672,37.69232
228,3.799667,6.0864,-100.8732,41.02636
229,3.816254,6.0864,-100.8732,41.02636
230,3.832962,3.095517,-142.6932,20.07864
231,3.849686,14.74645,-162.9985,17.66482
232,3.86618,39.86975,-169.6546,11.00041
233,3.882919,37.42025,-120.1262,34.12853
234,3.899643,21.60157,-82.74229,47.89398
235,3.916199,21.60157,-82.74229,47.89398
236,3.932892,-17.64135,-9.797382,43.78423
237,3.949509,-27.73486,-7.913799,32.27698
238,3.966583,-31.241,-6.278452,23.52236
239,3.982925,-29.06381,-21.66872,20.72487
240,3.99971,-27.34731,-55.80143,16.00391
241,4.016144,-27.34731,-55.80143,16.00391
242,4.03302,-31.29218,-106.3306,17.72082
243,4.049927,-34.55756,-94.83409,25.91218
244,4.066254,-45.80407,-52.7639,29.46276
245,4.083099,-30.93538,-12.73995,24.47042
246,4.09964,-12.58793,18.01408,28.04559
247,4.116257,-12.58793,18.01408,28.04559
248,4.133087,-5.138575,1.88187,52.35083
249,4.149582,-22.65214,-23.07117,84.16872
250,4.166153,-25.06905,-36.28364,107.7721
251,4.18306,-36.1765,-56.35447,105.1216
252,4.199753,-47.64146,-57.71287,80.47434
253,4.216324,-47.64146,-57.71287,80.47434
254,4.216843,-67.75138,-4.876954,6.380356
255,4.232971,-59.52978,5.45526,22.24461
256,4.249634,-56.42674,7.169336,29.96883
257,4.266296,-57.14102,15.89431,59.37866
258,4.283371,-41.05919,17.40756,86.83258
259,4.29982,-41.05919,17.40756,86.83258
260,4.316223,3.934045,28.34885,87.23843
261,4.333023,22.57765,18.65758,54.53979
262,4.349594,48.94535,12.68492,34.07171
263,4.36618,69.79923,8.03754,11.13775
264,4.382889,52.85396,4.062943,7.528954
265,4.399628,52.85396,4.062943,7.528954
266,4.416138,19.02391,4.846042,11.85613
267,4.432785,0.6549281,2.593085,6.986217
268,4.449509,-9.910054,0.3449775,1.798141
269,4.466324,-15.17871,7.664199,1.482949
270,4.482651,-2.55444,30.11173,1.393585
271,4.499466,-2.55444,30.11173,1.393585
272,4.516388,-1.354388,65.86781,-18.69113
273,4.532913,-10.74816,55.22104,-22.95118
274,4.549774,-10.50305,50.12337,-19.01508
275,4.56633,-7.485756,47.92226,-21.08327
276,4.58287,-19.24832,11.48154,-14.28094
277,4.59938,-19.24832,11.48154,-14.28094
278,4.616135,11.02004,-3.103164,-10.33324
279,4.632919,0.5099634,-1.584377,5.883587
280,4.649704,-6.238292,0.8274047,20.09239
281,4.666245,-13.0738,6.896657,21.7692
282,4.683044,-20.04649,14.88873,34.70215
283,4.699585,-20.04649,14.88873,34.70215
284,4.716156,-6.880817,2.415897,7.346772
285,4.732773,-0.02789456,0.08055224,0.2350915
286,4.749451,6.614995,-1.863511,-0.4456316
287,4.766174,15.80758,-0.06817714,-1.333676
288,4.782791,6.063398,13.31443,-0.6602047
289,4.799545,6.063398,13.31443,-0.6602047
290,4.816055,-3.508744,36.69134,-0.5477574
291,4.832733,-7.776108,27.04959,-12.41069
292,4.84935,-7.056998,12.70963,-27.05974
293,4.866119,-3.708103,-13.33627,-50.26954
294,4.88298,-6.196419,-20.06543,-84.50513
295,4.899597,-6.196419,-20.06543,-84.50513
296,4.916153,-6.522947,-13.00426,-88.96013
297,4.933121,-21.21368,17.09247,-72.4754
298,4.949524,-27.0398,25.06273,-56.74718
299,4.966599,-60.20698,18.28308,-42.93938
300,4.982895,-94.73882,-7.655477,-29.191
301,4.999588,-94.73882,-7.655477,-29.191
302,5.016312,-94.1242,-31.1633,2.705162
303,5.033112,-86.92906,-14.11035,18.5504
304,5.049728,-79.93443,7.429645,61.36427
305,5.066376,-106.9276,-1.713548,71.54195
306,5.083023,-119.5788,0.3695199,75.2773
307,5.099594,-119.5788,0.3695199,75.2773
308,5.116135,-139.135,13.51858,69.64269
309,5.13295,-145.0052,22.30323,65.7341
310,5.149612,-131.0412,38.52924,68.98186
311,5.166306,-118.5016,31.76036,72.30421
312,5.182816,-69.82832,33.8871,66.57787
313,5.199783,-69.82832,33.8871,66.57787
314,5.216095,-15.5568,48.61142,68.3125
315,5.233002,-4.842031,50.48697,61.59893
316,5.249664,35.5363,54.20048,51.31639
317,5.266235,66.9171,65.37906,36.44273
318,5.282913,96.27343,87.07913,29.21712
319,5.299469,96.27343,87.07913,29.21712
320,5.316406,81.37698,99.74306,0.2003241
321,5.332748,75.30597,130.2735,3.301175
322,5.349594,72.54925,152.0325,9.773526
323,5.366394,37.21308,141.0308,-9.846146
324,5.383011,32.36226,151.3156,-34.60588
325,5.399475,32.36226,151.3156,-34.60588
326,5.416306,7.110994,89.64671,-71.2587
327,5.432922,2.251434,53.74319,-114.7276
328,5.449524,1.87907,12.58594,-111.3342
329,5.466293,-17.88659,-1.694214,-116.4564
330,5.48288,-43.2047,-2.605005,-115.475
331,5.49971,-43.2047,-2.605005,-115.475
332,5.516296,-37.95288,61.46468,-96.99152
333,5.532928,-22.89692,67.83704,-95.52611
334,5.549728,-8.285108,80.78101,-110.6488
335,5.566345,3.119576,86.69591,-133.5736
336,5.582809,4.040843,89.45737,-112.1558
337,5.599564,4.040843,89.45737,-112.1558
338,5.616318,33.44922,178.2665,-112.9112
339,5.632782,47.08387,184.4885,-100.5401
340,5.649628,64.02316,203.2449,-120.697
341,5.666046,62.6324,203.9188,-136.1814
342,5.682663,65.25089,192.284,-146.5693
343,5.699402,65.25089,192.284,-146.5693
344,5.715973,33.20399,208.8752,-184.3158
345,5.732971,9.64179,178.0535,-194.0871
346,5.749512,1.830343,172.5331,-175.1879
347,5.766083,-1.019364,155.1203,-156.8803
348,5.782761,-5.90897,123.1343,-168.4491
349,5.799347,-5.90897,123.1343,-168.4491
350,5.816071,-1.001791,-5.311447,-186.9443
351,5.83284,-1.196515,-66.28175,-223.8264
352,5.849487,-4.669665,-140.5392,-237.9802
353,5.865891,-0.9423996,-164.7866,-193.041
354,5.882584,0.4610462,-124.5397,-157.8689
355,5.899368,0.4610462,-124.5397,-157.8689
356,5.915985,10.68754,-71.85316,-96.87651
357,5.932724,7.804381,-25.47416,-57.82509
358,5.94931,-0.02983053,0.07751614,-7.648963
359,5.966019,0.01404808,18.38134,1.601556
360,5.982635,-1.496889,11.95338,24.67726
361,5.999146,-1.496889,11.95338,24.67726
362,6.016037,18.29562,-8.540057,45.87345
363,6.032745,27.2193,-17.209,54.05864
364,6.049576,40.264,-24.36855,55.37368
365,6.066055,30.30361,-28.83999,33.5332
366,6.082626,24.12938,-64.04091,35.94623
367,6.099319,24.12938,-64.04091,35.94623
368,6.116074,0.3965585,-115.6135,6.091364
369,6.132706,-0.2698611,-139.4191,-9.046416
370,6.149384,-1.050037,-165.7423,-14.96586
371,6.166,7.929286,-187.845,0.811236
372,6.182693,17.29944,-144.3865,21.10917
373,6.199356,17.29944,-144.3865,21.10917
374,6.216049,17.89244,-167.5138,50.79251
375,6.232651,2.363856,-178.6203,47.92639
376,6.249344,1.788941,-226.4193,48.75974
377,6.266083,1.926416,-191.341,52.6151
378,6.282776,1.457371,-135.6766,39.80468
379,6.299423,1.457371,-135.6766,39.80468
380,6.315933,-17.85783,-152.0547,42.83546
381,6.332855,-42.57191,-170.2575,33.30596
382,6.349472,-37.78589,-168.757,28.72345
383,6.365982,-18.08032,-125.9588,18.94381
384,6.382675,-5.204928,-86.49283,14.4371
385,6.399536,-5.204928,-86.49283,14.4371
386,6.415817,0.002309547,-1.26498,0.1609777
387,6.432663,0.03573519,21.55201,2.228242
388,6.449509,0.04250175,19.98235,2.650044
389,6.466095,0.2067538,8.705709,12.89139
390,6.482758,-12.7455,-2.276656,31.45622
391,6.499573,-12.7455,-2.276656,31.45622
392,6.515976,-27.11809,-45.75875,59.59412
393,6.532654,-45.58901,-43.98578,71.59304
394,6.549683,-68.17132,-8.220017,98.56174
395,6.565948,-87.31207,1.55156,106.8066
396,6.582428,-87.33397,0.2937301,122.2969
397,6.599243,-87.33397,0.2937301,122.2969
398,6.616226,-77.69413,-63.97562,134.4752
399,6.632675,-51.15073,-119.613,142.7392
400,6.649445,-11.42093,-147.6505,154.961
401,6.665878,7.481433,-142.0003,160.2642
402,6.682922,20.77365,-70.29616,149.2889
403,6.699524,20.77365,-70.29616,149.2889
404,6.716019,41.10296,44.12227,112.6443
405,6.732605,36.79293,-0.615369,81.25938
406,6.749146,44.18866,-24.76567,34.93554
407,6.7659,17.20525,-30.0818,12.2958
408,6.7827,-0.5007343,-20.34536,22.14595
409,6.799164,-0.5007343,-20.34536,22.14595
410,6.816055,-52.43458,22.70805,35.14864
411,6.832764,-62.49545,26.26715,24.00401
412,6.849396,-19.02012,39.17483,-0.08369771
413,6.866089,-0.1443892,48.86252,-13.94077
414,6.882553,15.65783,55.25222,-60.04514
415,6.899704,15.65783,55.25222,-60.04514
416,6.915924,-5.523876,109.3095,-107.7145
417,6.93277,-10.13182,167.4875,-112.1839
418,6.949326,0.9178411,204.3632,-124.0399
419,6.966034,14.01636,205.2658,-126.6629
420,6.982544,8.101871,191.6887,-130.2849
421,6.999435,8.101871,191.6887,-130.2849
422,7.016022,2.20876,120.4781,-119.9318
423,7.032562,-12.93155,72.24039,-104.311
424,7.049271,-42.70442,10.0457,-87.75989
425,7.065933,-62.64797,-25.25535,-75.69324
426,7.082718,-68.97108,-56.38046,-51.18885
427,7.099106,-68.97108,-56.38046,-51.18885
428,7.115997,-64.79152,-98.71084,-3.292675
429,7.132431,-56.90316,-100.584,27.42548
430,7.14917,-70.35202,-110.8774,77.50055
431,7.165924,-61.17665,-155.9569,111.1859
432,7.182526,-54.7646,-206.9609,117.023
433,7.19902,-54.7646,-206.9609,117.023
434,7.216003,-51.2677,-327.1024,95.51306
435,7.233093,-15.7131,54.3823,53.85121
436,7.249222,-11.18391,126.9398,82.51929
437,7.266098,-23.24578,27.19082,39.17859
438,7.282791,-4.061301,-11.68904,25.55048
439,7.299103,-4.061301,-11.68904,25.55048
440,7.315903,-9.633457,-1.746428,22.22457
441,7.332397,-4.552591,11.07127,25.53962
442,7.349289,-3.67589,54.70222,15.51776
443,7.365784,12.96889,105.5063,9.739813
444,7.382401,25.14828,149.1954,4.033494
445,7.399109,25.14828,149.1954,4.033494
446,7.415665,42.36905,174.2388,-20.10073
447,7.432587,34.69146,155.199,-21.9234
448,7.44928,30.7573,113.7879,-18.31658
449,7.465881,3.961028,45.95065,-14.29046
450,7.482529,-9.199584,-11.72585,-8.682626
451,7.499054,-9.199584,-11.72585,-8.682626
452,7.515854,-18.81297,-200.8991,33.13893
453,7.532486,-11.05439,-227.189,30.17681
454,7.54921,-17.80528,-309.6542,45.96247
455,7.566086,-44.46334,-245.3589,50.85002
456,7.582703,-20.45083,137.9396,66.25666
457,7.599182,-20.45083,137.9396,66.25666
458,7.615921,-11.87198,-7.323328,44.00651
459,7.632599,-2.565577,-54.4042,17.10551
460,7.649033,-2.81878,-11.75486,21.9803
461,7.665878,-3.793396,-6.693237,29.59733
462,7.682648,-1.088989,-7.783437,8.496662
463,7.699387,-1.088989,-7.783437,8.496662
464,7.715836,-11.77887,-10.712,-0.7956007
465,7.732529,-13.74532,-3.072374,-9.143763
466,7.7491,2.887036,-17.10388,-22.66516
467,7.76593,2.638602,-20.10874,-20.26261
468,7.782486,10.61998,-0.7104911,0.6389192
469,7.799164,10.61998,-0.7104911,0.6389192
470,7.816071,-4.323043,4.807568,33.69584
471,7.832565,-5.501872,6.338382,42.78829
472,7.849365,-9.16002,6.026307,38.70444
473,7.866028,-16.34281,0.3916801,23.95713
474,7.882553,-13.67956,-10.92513,42.14358
475,7.899307,-13.67956,-10.92513,42.14358
476,7.915985,-20.65648,-1.840866,157.5675
477,7.932556,6.25294,-7.957909,169.0433
478,7.948975,28.27278,-4.732422,127.7815
479,7.965881,36.5036,-19.96596,44.76677
480,7.982697,21.90475,-14.41339,-14.12779
481,7.999115,21.90475,-14.41339,-14.12779
482,8.015869,-34.83739,-0.1617759,-56.35761
483,8.032486,-48.28059,49.12547,-44.51991
484,8.049271,-32.05544,65.89862,-39.80247
485,8.065994,-24.94649,77.94511,-36.24357
486,8.082626,-25.5968,96.52853,-56.37716
487,8.099258,-25.5968,96.52853,-56.37716
488,8.115738,-23.95898,118.2825,-123.7553
489,8.132385,-38.54626,128.0467,-159.3157
490,8.149323,-58.66288,140.0092,-186.5208
491,8.165848,-57.73158,159.5239,-204.0819
492,8.182373,-67.68846,175.1559,-195.3422
493,8.199142,-67.68846,175.1559,-195.3422
494,8.215714,-47.18087,176.6704,-166.0862
495,8.232376,-41.12519,122.8262,-144.2732
496,8.249084,-37.19847,78.4601,-135.7134
497,8.265701,-37.28173,27.7727,-125.1258
498,8.282608,-46.28051,-19.06914,-118.3596
499,8.299011,-46.28051,-19.06914,-118.3596
500,8.315872,-20.06594,-156.7508,-72.54208
501,8.332382,-1.283397,-220.2583,-16.98284
502,8.349091,-4.065566,-250.064,29.54939
503,8.366028,-12.61894,-309.7511,62.71003
504,8.382355,-20.71524,-311.1756,81.35883
505,8.399033,-20.71524,-311.1756,81.35883
506,8.41571,-89.72073,66.98372,78.15313
507,8.432739,-65.82343,-39.46059,82.21259
508,8.449219,12.43022,-92.31637,96.61684
509,8.465714,74.15816,1.247541,127.2201
510,8.482559,93.67083,-55.61959,140.1658
511,8.499252,93.67083,-55.61959,140.1658
512,8.515625,75.92728,-28.36463,114.6246
513,8.532349,42.18706,-17.15011,86.01955
514,8.549255,36.48791,-10.41278,79.52338
515,8.565903,19.23665,-8.8318,58.05161
516,8.582382,10.41927,-8.980537,48.04583
517,8.599564,10.41927,-8.980537,48.04583
518,8.615662,24.93282,-7.610134,42.84207
519,8.632324,8.842708,4.782908,41.41302
520,8.649231,4.725842,-7.309461,46.29802
521,8.665985,0.4917853,2.297911,42.68878
522,8.682373,-8.78101,5.073717,52.06511
523,8.699265,-8.78101,5.073717,52.06511
524,8.715927,10.82592,-2.018704,71.23789
525,8.732513,13.43642,-1.975991,65.96803
526,8.749069,9.801752,0.5823344,63.94737
527,8.765854,8.879796,-2.355288,65.98637
528,8.78241,-0.04425957,4.636281,77.96231
529,8.799133,-0.04425957,4.636281,77.96231
530,8.815628,3.458224,-1.097517,68.17657
531,8.832428,0.5344134,-8.626723,53.1683
532,8.848877,17.19775,-10.96489,36.73956
533,8.865845,8.425673,-9.639352,23.22923
534,8.88237,8.573829,4.90216,39.56535
535,8.899017,8.573829,4.90216,39.56535
536,8.915771,15.63275,-3.334383,89.99138
537,8.932205,32.45444,-0.7634544,104.2256
538,8.948959,28.2296,-4.429935,82.83057
539,8.965546,13.32958,-3.494211,53.56623
540,8.98233,-3.595048,5.299128,28.16878
541,8.998978,-3.595048,5.299128,28.16878
542,9.015594,-15.03721,0.7559493,0.3593433
543,9.032242,-5.581731,-1.934269,18.59145
544,9.048889,-4.558946,-1.78689,29.48726
545,9.065857,19.39921,-11.99484,30.23183
546,9.082367,24.54244,-2.432788,16.85839
547,9.098816,24.54244,-2.432788,16.85839
548,9.11554,-9.524509,-0.0004083639,-1.34308
549,9.132339,-37.44575,11.61366,-20.50326
550,9.149033,-41.69955,24.9058,-24.62334
551,9.165649,-26.63944,15.23533,-19.94585
552,9.182465,1.432573,7.920539,-11.09816
553,9.198639,1.432573,7.920539,-11.09816
554,9.215805,45.78017,0.141857,6.589674
555,9.23233,52.49228,3.648202,19.35937
556,9.249161,23.46964,22.84111,15.54152
557,9.265884,0.5797611,32.37138,7.810448
558,9.282349,-13.26164,57.72351,-1.467016
559,9.298965,-13.26164,57.72351,-1.467016
560,9.315796,-4.643864,117.2296,-36.28744
561,9.332092,4.158436,158.8757,-43.35115
562,9.348907,25.35581,189.6436,-39.66624
563,9.36557,22.47879,205.6366,-26.85771
564,9.382172,28.97258,178.271,-24.98149
565,9.398941,28.97258,178.271,-24.98149
566,9.415588,18.67637,129.6122,-16.15797
567,9.432159,45.69968,117.4555,-24.68488
568,9.449036,74.40059,73.5329,-59.08541
569,9.465775,79.71567,55.63349,-92.06098
570,9.482361,65.77663,34.40792,-132.1416
571,9.498978,65.77663,34.40792,-132.1416
572,9.515503,-8.369973,-28.22514,-161.0195
573,9.532516,-32.95811,-50.13954,-168.8149
574,9.548782,-19.01822,-51.45979,-164.3013
575,9.565781,15.378,-38.58147,-147.2252
576,9.582062,52.80092,-13.39225,-153.0909
577,9.598999,52.80092,-13.39225,-153.0909
578,9.615494,57.4795,21.43319,-158.5088
579,9.632187,52.92203,7.586167,-150.9626
580,9.649033,23.70259,-28.23185,-134.8525
581,9.665543,-3.11287,-94.92392,-109.2261
582,9.682373,-4.272911,-138.0182,-71.9221
583,9.698868,-4.272911,-138.0182,-71.9221
584,9.715271,1.575413,-233.1054,-20.56109
585,9.73201,-1.081633,-270.2477,7.03261
586,9.748779,-2.838951,-266.6687,29.02115
587,9.765488,-6.252585,-208.9024,63.95594
588,9.782272,-8.530551,-113.0926,87.25671
589,9.798904,-8.530551,-113.0926,87.25671
590,9.815521,3.012933,59.90759,125.2152
591,9.832077,8.806357,20.34719,130.1764
592,9.848846,21.44074,-2.968817,138.9091
593,9.86557,21.86351,-58.40091,156.1809
594,9.882111,21.3117,-86.50874,137.5035
595,9.898895,21.3117,-86.50874,137.5035
596,9.91568,-5.866234,-18.03477,123.1255
597,9.932327,-1.059489,-5.368015,135.2675
598,9.949005,-6.203218,3.711503,148.1475
599,9.965347,11.1974,9.709597,126.0746
600,9.982147,21.07267,21.11914,108.9015
601,9.998901,21.07267,21.11914,108.9015
602,10.01558,23.96564,-1.51439,46.74295
603,10.03209,31.58875,-3.595793,37.30298
604,10.04916,14.02603,0.6861745,38.20817
605,10.06567,-2.153741,12.34317,54.96309
606,10.08234,-4.502488,20.10559,74.51431
607,10.09889,-4.502488,20.10559,74.51431
608,10.1156,13.97453,23.53483,81.34959
609,10.13226,2.766683,20.45576,72.0487
610,10.14922,-19.61538,15.09099,51.65072
611,10.16577,-31.90468,12.72174,38.08183
612,10.18208,-37.99891,12.90624,36.88829
613,10.19894,-37.99891,12.90624,36.88829
614,10.21571,-25.28272,17.39647,49.86433
615,10.23253,-10.04386,19.71111,57.10278
616,10.24893,-6.553626,18.05533,50.86275
617,10.26544,-15.70518,14.80518,40.4415
618,10.28218,-7.480832,12.74435,34.4544
619,10.29887,-7.480832,12.74435,34.4544
620,10.31554,-30.33443,10.89729,26.7408
621,10.33206,-28.17665,-9.070453,31.02684
622,10.34874,-39.09134,-14.76719,28.46972
623,10.36569,-38.44964,-7.909369,34.91611
624,10.38231,-41.58641,-7.451244,46.17126
625,10.3989,-41.58641,-7.451244,46.17126
626,10.41551,-42.52007,3.209485,73.16442
627,10.43227,-36.3195,5.114432,77.98063
628,10.44897,-20.23987,-4.808092,59.957
629,10.46562,-5.107382,-9.978524,49.35343
630,10.48232,16.90505,-12.36141,27.62955
631,10.49898,16.90505,-12.36141,27.62955
632,10.51584,4.157795,-10.9805,35.73459
633,10.53229,-3.08867,-11.45595,31.93172
634,10.54898,-2.556487,-12.11415,26.04112
635,10.56555,-1.597998,-10.51528,16.27639
636,10.58223,-1.581179,-2.145303,10.36962
637,10.59889,-1.581179,-2.145303,10.36962
638,10.61568,-7.415817,4.825354,20.14352
639,10.63226,-12.84437,-1.842418,21.35544
640,10.64885,-17.22453,-2.470463,14.83601
641,10.66556,-8.137014,0.1465431,0.194519
642,10.68225,-4.143435,-6.102812,-11.67159
643,10.69885,-4.143435,-6.102812,-11.67159
644,10.71553,-22.3281,-6.487552,-15.67608
645,10.73219,-32.66079,3.028116,2.743436
646,10.74937,-38.99445,19.29486,37.76733
647,10.76564,-23.89015,22.90073,44.26897
648,10.78236,-9.101136,20.46276,41.14369
649,10.79895,-9.101136,20.46276,41.14369
650,10.81537,-15.83009,-4.352339,-10.32796
651,10.83208,-24.91604,-16.11463,-34.78944
652,10.84885,-50.03319,-1.22461,-8.449751
653,10.8656,-59.83839,8.716696,9.782874
654,10.88225,-57.51905,20.92452,33.4605
655,10.89877,-57.51905,20.92452,33.4605
656,10.91554,-12.50962,7.706014,13.04212
657,10.93231,14.0832,0.1386981,2.200114
658,10.94876,32.43592,-6.829028,-11.32287
659,10.96559,46.23097,-7.413476,-13.24232
660,10.98206,54.16698,0.2463306,5.456534
661,10.99875,54.16698,0.2463306,5.456534
662,11.01541,-3.613051,30.04614,56.36385
663,11.03206,-7.094892,20.78232,60.14418
664,11.04877,3.601382,16.74433,31.25613
665,11.06544,6.124238,9.389865,17.7847
666,11.08217,1.976545,9.749314,1.229017
667,11.09882,1.976545,9.749314,1.229017
668,11.11525,0.501084,44.1919,-4.155581
669,11.1321,1.425175,34.98635,-11.93605
670,11.14886,-10.98161,34.90038,-10.47597
671,11.16557,-22.74124,46.0014,-12.42394
672,11.18239,-7.997026,50.91999,-4.411094
673,11.1989,-7.997026,50.91999,-4.411094
674,11.21541,9.728356,61.1703,-20.27687
675,11.23206,7.597364,85.11687,-26.35994
676,11.24892,5.265087,104.4506,-36.78229
677,11.26566,7.100411,99.60613,-46.69113
678,11.28209,7.307118,123.2842,-58.97638
679,11.2988,7.307118,123.2842,-58.97638
680,11.31548,-1.574296,136.9539,-101.1421
681,11.33214,13.32664,98.24828,-110.6358
682,11.34886,17.29692,63.72442,-112.1049
683,11.36545,14.03947,31.6069,-100.9803
684,11.38225,9.051652,-11.14064,-75.15696
685,11.3989,9.051652,-11.14064,-75.15696
686,11.4155,10.74676,-44.7403,-89.38259
687,11.43204,12.79445,-44.54169,-106.4136
688,11.44887,14.48402,-46.05198,-120.466
689,11.46561,19.3327,-15.88072,-139.8309
690,11.48206,20.60198,42.15662,-150.4448
691,11.49895,20.60198,42.15662,-150.4448
692,11.51549,55.62574,154.924,-202.2244
693,11.53203,98.39703,194.1568,-208.6876
694,11.54883,135.3102,203.353,-215.1254
695,11.56555,156.4856,178.5999,-209.3716
696,11.58235,151.8781,169.7642,-209.5046
697,11.59883,151.8781,169.7642,-209.5046
698,11.61534,139.7825,148.2728,-171.2106
699,11.63214,100.7346,122.5643,-147.6452
700,11.64851,48.42498,83.87946,-148.466
701,11.66562,12.68768,48.46076,-147.8553
702,11.68216,2.3124,11.41787,-154.5191
703,11.69887,2.3124,11.41787,-154.5191
704,11.71536,0.252224,32.03888,-92.33781
705,11.73192,1.5667,64.34792,-74.07025
706,11.74895,-11.00472,67.8619,-72.83509
707,11.7655,-20.39294,47.06156,-84.38364
708,11.78207,-32.14162,35.75717,-99.727
709,11.79852,-32.14162,35.75717,-99.727
710,11.81546,-50.28621,-2.690347,-134.5407
711,11.83205,-2.106107,-23.32,-78.27407
712,11.84865,41.62304,-68.98532,15.73298
713,11.86546,34.0416,-120.1766,58.32411
714,11.88205,-1.53431,-124.4047,80.61944
715,11.89874,-1.53431,-124.4047,80.61944
716,11.91527,-46.58496,-96.86282,31.81911
717,11.93192,-64.35761,-106.2621,1.7456
718,11.94861,-79.29891,-118.7937,-66.74523
719,11.96521,-68.2686,-101.1804,-73.81287
720,11.9821,-58.07864,-109.8004,-54.96209
721,11.99886,-58.07864,-109.8004,-54.96209
722,12.01537,-18.86517,-195.5883,5.550167
723,12.03209,13.02577,-239.0212,49.06294
724,12.04892,26.22577,-215.6623,51.03646
725,12.0652,11.88141,-97.97272,39.38794
726,12.08223,6.787769,29.78655,44.52964
727,12.09863,6.787769,29.78655,44.52964
728,12.11545,-2.740413,0.495943,-8.721084
729,12.13202,-2.321408,-27.91907,-31.6043
730,12.14853,-7.772975,-57.64912,-27.06279
731,12.16539,-13.77293,-93.24209,-31.94911
732,12.18188,-20.06908,-118.8636,-27.65133
733,12.19867,-20.06908,-118.8636,-27.65133
734,12.21553,-32.33537,-92.29105,-3.761109
735,12.23193,-40.39841,-76.27583,4.620262
736,12.2487,-47.39449,-67.12988,3.218463
737,12.26521,-35.14157,-37.64336,1.074522
738,12.28181,-30.24108,-13.00862,3.032783
739,12.29854,-30.24108,-13.00862,3.032783
740,12.31526,-3.693722,-64.29267,28.30355
741,12.33212,-1.686024,-104.8431,13.81435
742,12.34856,-19.63202,-120.9958,-2.529874
743,12.36525,-24.58808,-80.89706,-11.23799
744,12.38177,-26.54904,-30.18444,-1.230788
745,12.39883,-26.54904,-30.18444,-1.230788
746,12.41515,-7.095194,55.57071,53.1247
747,12.43182,3.162662,16.24035,74.99456
748,12.44852,-1.23544,-18.69909,86.11602
749,12.46513,4.916232,-53.39174,84.9498
750,12.48189,-7.534721,-93.93292,61.43661
751,12.49867,-7.534721,-93.93292,61.43661
752,12.51535,12.32185,-13.87692,4.643249
753,12.53197,16.51752,16.16812,16.79379
754,12.54872,23.35754,0.6216659,4.304552
755,12.56532,23.77901,-0.07594123,12.60831
756,12.58208,10.34404,-2.743863,42.1157
757,12.59865,10.34404,-2.743863,42.1157
758,12.61504,29.84735,-14.34708,69.40685
759,12.63196,35.60469,-19.02626,62.55165
760,12.6485,11.33403,-39.11211,25.14011
761,12.66508,-19.16393,-40.0694,2.52442
762,12.68192,-33.13771,-48.28137,-11.42579
763,12.69862,-33.13771,-48.28137,-11.42579
764,12.71501,-5.751002,-73.71366,-28.04757
765,12.73189,2.977913,-31.85629,-27.68506
766,12.74866,6.511422,-7.07571,-24.04295
767,12.76524,1.674082,-6.161017,-14.54282
768,12.7821,10.66028,-12.98297,-8.333046
769,12.79865,10.66028,-12.98297,-8.333046
770,12.81531,11.68554,-20.05099,-7.024514
771,12.83206,0.1490145,-17.14153,-0.2214576
772,12.8484,0.02368073,-18.16565,-0.2098751
773,12.8652,-14.80931,-8.677355,-2.076082
774,12.88164,-13.25279,-10.13583,-9.6391
775,12.89867,-13.25279,-10.13583,-9.6391
776,12.91516,-1.363741,-7.48156,-15.47313
777,12.93172,-13.9236,-0.08103894,-10.10979
778,12.94872,-21.39646,-7.565923,-8.448374
779,12.96529,-20.15917,-0.1476378,-4.393614
780,12.98186,-7.322692,-0.5407573,1.72394
781,12.99852,-7.322692,-0.5407573,1.72394
782,13.01529,-0.3704557,14.14748,18.32252
783,13.03175,5.530669,11.77385,14.41101
784,13.04886,-1.760363,3.949955,17.45362
785,13.06525,-5.037531,0.5953734,41.6335
786,13.08182,-9.2531,1.663076,76.42928
787,13.09874,-9.2531,1.663076,76.42928
788,13.11537,-7.518376,1.435599,124.8997
789,13.13199,-14.36635,-7.577691,120.5974
790,13.14845,-9.669681,-36.73977,80.98855
791,13.16515,-13.07457,-31.62595,38.79824
792,13.18169,-9.151805,-23.07313,4.362648
793,13.19855,-9.151805,-23.07313,4.362648
794,13.21513,-23.88663,0.6525669,5.308799
795,13.23181,-25.32257,4.493404,23.61405
796,13.24854,-23.00845,3.44083,31.24987
797,13.26523,-21.22205,4.377868,41.26469
798,13.28165,-20.46439,4.473257,40.20861
799,13.29863,-20.46439,4.473257,40.20861
800,13.31535,-16.52874,0.4839866,7.100938
801,13.33179,-19.56419,2.845948,7.293298
802,13.3485,-22.57766,2.127104,15.97041
803,13.36533,-24.45065,3.922642,30.77308
804,13.38194,-26.07371,-8.225622,47.80914
805,13.39862,-26.07371,-8.225622,47.80914
806,13.41527,-6.77945,0.07390988,47.56015
807,13.43179,7.260334,3.819824,30.18994
808,13.44846,-0.7104266,3.804781,27.05934
809,13.46509,-13.45671,24.08957,14.35226
810,13.48184,-12.90595,41.52542,24.7568
811,13.49835,-12.90595,41.52542,24.7568
812,13.51532,-18.2838,9.784806,16.47299
813,13.53178,-4.944703,8.520934,26.15854
814,13.54861,0.08309783,6.082345,37.29591
815,13.56528,0.5142162,11.19699,68.00829
816,13.58205,15.25792,15.50264,90.86974
817,13.59843,15.25792,15.50264,90.86974
818,13.61522,-10.01493,12.76547,87.16344
819,13.63168,-7.927913,-5.559223,56.74234
820,13.64813,-7.801147,-4.741583,39.0427
821,13.66507,-3.341718,-1.555223,23.62771
822,13.68164,-6.831864,5.044739,25.65561
823,13.69859,-6.831864,5.044739,25.65561
824,13.715,3.682276,9.19279,39.03193
825,13.73166,-0.3354415,10.91296,37.41341
826,13.74835,-1.281492,11.78383,27.38301
827,13.76509,-0.2849753,7.382817,6.933971
828,13.78162,0.8007208,7.901216,0.7768486
829,13.79834,0.8007208,7.901216,0.7768486
830,13.815,-1.67005,8.084816,12.08362
831,13.8317,-3.039017,17.85913,21.98832
832,13.84834,0.2088321,26.56041,32.12106
833,13.8652,9.17971,28.63974,39.66111
834,13.88168,13.32263,16.41992,31.24788
835,13.89853,13.32263,16.41992,31.24788
836,13.91505,-0.9257247,12.59143,0.02578117
837,13.93179,-6.188518,10.89336,-0.8250663
838,13.94859,-0.03730468,0.06566571,-0.004973539
839,13.96503,-3.237395,24.36459,42.39814
840,13.98192,3.499844,14.44468,52.79739
841,13.99858,3.499844,14.44468,52.79739
842,14.01515,-2.631549,13.17379,45.03061
843,14.03146,-2.390866,6.388006,21.39459
844,14.04842,-4.504522,2.693575,8.525058
845,14.06502,-15.16587,20.2303,-1.944427
846,14.08177,-28.22268,38.42165,13.01791
847,14.09825,-28.22268,38.42165,13.01791
848,14.11494,-35.25112,39.77676,58.80295
849,14.13148,-18.5478,16.72835,49.06518
850,14.14853,-4.810662,11.10036,33.72097
851,14.16508,22.22117,9.768695,22.00908
852,14.18184,17.08614,14.60872,2.956879
853,14.19856,17.08614,14.60872,2.956879
854,14.21503,7.880296,1.797765,-56.99093
855,14.23181,16.22219,20.91631,-53.01208
856,14.24872,13.70847,45.31885,-53.3543
857,14.26511,7.786233,74.03466,-57.36366
858,14.28156,10.93838,120.2768,-81.35959
859,14.29819,10.93838,120.2768,-81.35959
860,14.3149,16.50684,126.5381,-122.7813
861,14.33167,19.66167,112.6948,-146.2477
862,14.34825,35.04098,79.63377,-168.717
863,14.36494,32.81763,51.17509,-187.3042
864,14.38159,45.91478,5.991106,-196.1699
865,14.39848,45.91478,5.991106,-196.1699
866,14.41499,64.97628,-40.79993,-134.7192
867,14.43181,57.44012,-26.52708,-97.01339
868,14.44846,31.47507,-30.37127,-96.96724
869,14.46507,17.39391,-21.46244,-94.69977
870,14.48177,18.44382,-13.82378,-75.87236
871,14.49821,18.44382,-13.82378,-75.87236
872,14.51488,8.141809,-4.286908,-73.03072
873,14.53198,-1.157628,-3.920226,-80.06918
874,14.54816,8.054008,-13.19813,-72.51648
875,14.5648,21.9563,-24.18329,-76.35112
876,14.58174,25.93873,-3.458892,-64.93859
877,14.5984,25.93873,-3.458892,-64.93859
878,14.61496,32.15335,37.73283,-51.829
879,14.63164,18.34409,32.68119,-36.27895
880,14.64804,16.96585,16.11492,-17.61205
881,14.66486,8.988794,0.391402,0.7479178
882,14.68159,-0.8548341,-17.84982,12.98435
883,14.6983,-0.8548341,-17.84982,12.98435
884,14.71495,-2.187454,-53.6578,22.56672
885,14.73155,6.751898,-50.4416,6.948846
886,14.74835,29.41552,-34.04538,-2.625223
887,14.76503,30.95797,-1.540283,-1.710198
888,14.7816,37.59462,40.01033,-7.192008
889,14.79819,37.59462,40.01033,-7.192008
890,14.815,50.80494,72.78539,-7.632963
891,14.83147,76.50079,74.38416,-6.130236
892,14.84822,103.4696,62.83905,-4.544389
893,14.86481,155.1163,50.16798,-14.85673
894,14.88161,143.6672,11.96693,-30.63425
895,14.89818,143.6672,11.96693,-30.63425
896,14.91492,97.39075,-7.817069,-45.36032
897,14.93146,54.41041,0.5110251,-35.25473
898,14.94823,21.02755,0.3547587,-18.38413
899,14.96489,-12.22006,0.01373455,-0.3375863
900,14.9816,-32.58127,-0.1505331,8.31749
901,14.99825,-32.58127,-0.1505331,8.31749
902,15.01488,-22.08712,-0.2157889,20.95563
903,15.03171,-9.155403,-1.179687,15.49591
904,15.04831,-0.1932575,-0.8881473,17.70853
905,15.06514,0.9437476,-0.1625535,16.29887
906,15.08151,2.975807,8.431067,20.89508
907,15.09843,2.975807,8.431067,20.89508
908,15.11511,11.77668,-0.03559756,26.50965
909,15.13177,0.7773958,-0.7026402,17.5012
910,15.14839,-4.667911,0.04135312,16.64809
911,15.16505,-25.49104,0.009314979,2.68607
912,15.18173,-47.98523,-0.2692009,0.5511609
913,15.19826,-47.98523,-0.2692009,0.5511609
914,15.21486,-85.62233,-0.07879157,-13.9716
915,15.23164,-93.59225,7.548625,1.577036
916,15.24835,-81.87965,17.30314,35.0037
917,15.26505,-70.82181,4.934606,49.52405
918,15.28165,-61.47124,1.164921,52.89729
919,15.29817,-61.47124,1.164921,52.89729
920,15.31508,-50.61298,-4.525969,73.63942
921,15.3316,-50.50294,1.149292,78.5843
922,15.34824,-47.42526,5.169742,82.59824
923,15.36504,-36.78523,10.26449,91.18661
924,15.38152,-24.73171,17.42181,86.12617
925,15.3983,-24.73171,17.42181,86.12617
926,15.41492,3.074687,8.518395,82.16016
927,15.43153,20.2025,8.231279,89.27616
928,15.44829,19.587,-8.78746,70.75927
929,15.46516,6.615568,-15.13716,77.60379
930,15.48151,4.276482,-17.42056,71.45297
931,15.49817,4.276482,-17.42056,71.45297
932,15.51498,-25.71657,0.4368502,34.11875
933,15.53146,-30.60472,3.938711,24.32839
934,15.54834,-29.40881,4.336907,24.75372
935,15.56491,-30.13792,6.157934,28.86151
936,15.58151,-17.09368,15.71955,32.50224
937,15.59813,-17.09368,15.71955,32.50224
938,15.61505,4.172114,4.979037,28.34949
939,15.63174,18.66304,2.411896,35.33428
940,15.64819,26.55639,-4.320051,40.37133
941,15.66478,21.10243,3.967596,44.73977
942,15.68164,29.96976,8.553669,45.80977
943,15.69826,29.96976,8.553669,45.80977
944,15.7153,49.59824,11.2045,56.10639
945,15.73161,42.49381,12.86672,61.19534
946,15.74805,53.38927,16.21862,73.71695
947,15.76477,63.09508,20.82869,78.6013
948,15.78166,74.49203,24.79413,65.05151
949,15.7982,74.49203,24.79413,65.05151
950,15.8148,63.40007,9.525986,37.61166
951,15.83145,58.26614,7.213744,27.94064
952,15.84831,38.6745,-9.742778,15.58776
953,15.86478,21.51957,-11.80151,2.523052
954,15.88161,11.27696,-2.760339,0.7525252
955,15.89822,11.27696,-2.760339,0.7525252
956,15.91498,0.05414979,-0.001716341,0.0005533692
957,15.93141,-3.265979,-1.034618e-05,-0.01880016
958,15.9483,-6.130198,-8.593312e-08,-0.04033225
959,15.9649,-7.960626,0.0,-0.06219588
960,15.98172,-7.551804,-0.0732355,-0.3405268
961,15.9982,-7.551804,-0.0732355,-0.3405268
962,16.01479,-14.64621,-3.350288,-10.81013
963,16.0314,-22.14353,-6.661093,-24.50329
964,16.0482,-31.74935,-9.258513,-36.339
965,16.0649,-37.81684,-11.84976,-47.73039
966,16.08128,-39.00604,3.868456,-56.19169
967,16.09811,-39.00604,3.868456,-56.19169
968,16.11491,1.105358,33.34354,-60.21293
969,16.13136,10.00901,40.83909,-61.21117
970,16.14827,14.10349,38.13348,-79.25296
971,16.16508,19.70476,45.29321,-95.16873
972,16.18126,7.964984,39.74266,-129.4124
973,16.19824,7.964984,39.74266,-129.4124
974,16.21507,5.073432,25.62309,-192.7307
975,16.23158,4.203032,15.57641,-159.6726
976,16.24808,3.528366,12.31341,-161.1815
977,16.26494,4.764436,18.52246,-178.3871
978,16.28162,-0.2895469,23.36961,-179.7361
979,16.29802,-0.2895469,23.36961,-179.7361
980,16.31451,4.624434,27.17344,-170.3603
981,16.3315,3.680678,33.33378,-181.4407
982,16.34819,0.1080421,18.25809,-174.0412
983,16.36484,4.251264,22.42439,-152.7296
984,16.38135,5.338347,29.50084,-130.911
985,16.39824,5.338347,29.50084,-130.911
986,16.41486,27.51196,45.12017,-66.75024
987,16.43149,31.62033,38.06192,-54.63414
988,16.44791,27.28512,12.88823,-41.10563
989,16.46469,25.29518,2.939501,-33.22808
990,16.48146,13.18961,2.754426,-30.52815
991,16.49825,13.18961,2.754426,-30.52815
992,16.51453,3.970624,1.387389,-14.54769
993,16.53149,7.073667,7.462755,-4.049335
994,16.54817,17.05207,3.243882,-1.316268
995,16.56499,22.42366,0.4215199,-0.286011
996,16.58163,21.23883,-1.744943,0.356153
997,16.59801,21.23883,-1.744943,0.356153
998,16.61497,0.3768265,-15.80678,4.053672
999,16.63123,-1.608464,-30.80831,7.800957
1000,16.64803,-4.430831,-69.5979,17.08173
1001,16.6647,-9.427812,-98.72046,44.90668
1002,16.68127,-10.1995,-111.3545,54.37076
1003,16.69798,-10.1995,-111.3545,54.37076
1004,16.71512,-13.22603,-129.9194,50.55462
1005,16.73154,-27.88411,-131.2373,48.73322
1006,16.74789,-29.04469,-111.6189,53.19761
1007,16.76466,-28.62914,-79.60906,47.29841
1008,16.78127,-37.81353,-62.80526,61.18235
1009,16.79787,-37.81353,-62.80526,61.18235
1010,16.81505,-38.18758,-62.21886,90.14857
1011,16.83119,-40.11983,-67.45306,92.19102
1012,16.84798,-29.26565,-66.91631,93.21098
1013,16.86465,-26.67254,-54.31928,96.12476
1014,16.88118,-24.75891,-41.83958,61.44157
1015,16.89818,-24.75891,-41.83958,61.44157
1016,16.91484,-36.4524,-31.47807,35.40994
1017,16.93123,-32.09232,-27.69868,25.05159
1018,16.94801,-20.04513,-35.15896,15.3813
1019,16.96498,-12.54645,-36.62838,18.38711
1020,16.98135,-4.87396,-39.17549,20.19236
1021,16.99823,-4.87396,-39.17549,20.19236
1022,17.01462,-12.63748,-50.96482,21.44066
1023,17.03133,-27.20105,-66.95755,17.17808
1024,17.048,-63.71201,-54.01665,3.001456
1025,17.0649,-76.81416,-39.17115,-4.067742
1026,17.08148,-88.559,-29.78962,-5.977089
1027,17.09816,-88.559,-29.78962,-5.977089
1028,17.11464,-78.59013,0.163507,2.087548
1029,17.13132,-66.17466,0.5760997,13.49419
1030,17.1481,-71.01448,-9.987688,27.30885
1031,17.16475,-35.6315,-8.994374,38.77222
1032,17.18146,-28.80288,-17.79314,62.95136
1033,17.198,-28.80288,-17.79314,62.95136
1034,17.21486,-3.892256,-24.93781,104.9612
1035,17.23112,-3.999863,-18.16706,104.8399
1036,17.24794,5.862855,6.826071,87.29826
1037,17.26459,-12.45732,23.98616,106.2038
1038,17.2813,-16.41058,15.93271,84.8065
1039,17.29797,-16.41058,15.93271,84.8065
1040,17.31487,-42.17797,3.96475,83.96582
1041,17.33124,-40.94047,2.92654,81.22942
1042,17.34801,-31.07664,0.2049746,75.49911
1043,17.36472,-11.55292,5.442291,74.1407
1044,17.38138,-8.76948,13.66253,74.79109
1045,17.39807,-8.76948,13.66253,74.79109
1046,17.41487,-2.394182,14.47856,72.05634
1047,17.43144,-9.890491,13.57657,75.94405
1048,17.44814,-11.51231,-5.470734,83.821
1049,17.46492,-11.64966,-13.50353,84.80357
1050,17.48129,-12.78988,0.3600052,93.10363
1051,17.49792,-12.78988,0.3600052,93.10363
1052,17.51474,-12.00221,5.959595,87.36979
1053,17.53133,-9.71116,6.028002,70.69216
1054,17.54797,-10.86783,-0.5296625,60.94849
1055,17.56442,-23.09954,1.375799,40.12063
1056,17.58124,-5.877074,3.970992,41.3394
1057,17.59781,-5.877074,3.970992,41.3394
1058,17.6145,-4.690711,9.732743,33.7226
1059,17.63116,12.48841,3.066541,33.44093
1060,17.64793,5.761709,2.581033,29.73454
1061,17.66447,6.938226,1.36667,36.42868
1062,17.68106,17.70031,1.079255,40.27091
1063,17.69786,17.70031,1.079255,40.27091
1064,17.71458,-2.897194,-0.04235686,42.74218
1065,17.73116,-4.878496,7.043511,36.87143
1066,17.74789,-4.129107,9.186713,31.10122
1067,17.7645,-2.893148,7.615715,21.7912
1068,17.78142,-3.322046,7.931348,25.02167
1069,17.79803,-3.322046,7.931348,25.02167
1070,17.81483,14.30866,14.54999,40.7214
1071,17.83112,-4.532457,13.7394,35.48099
1072,17.84766,-4.997922,15.00541,38.12889
1073,17.86432,-5.647429,26.43405,43.07947
1074,17.88116,-6.581775,38.03918,50.36747
1075,17.89787,-6.581775,38.03918,50.36747
1076,17.91438,-4.645767,52.92425,38.92371
1077,17.931,-6.09276,56.46118,46.79466
1078,17.94815,-4.314033,45.67509,33.1195
1079,17.96494,-4.131412,38.47467,29.98955
1080,17.9812,-1.481758,22.81383,9.712918
1081,17.99777,-1.481758,22.81383,9.712918
1082,18.01453,-0.1974459,25.35228,4.836937
1083,18.03127,0.4400577,41.44998,-0.07454375
1084,18.04771,0.2662429,36.04744,-2.029517
1085,18.06448,2.173671,22.77977,-16.6875
1086,18.08125,-10.5309,21.19923,-33.76967
1087,18.09816,-10.5309,21.19923,-33.76967
1088,18.11438,-6.549079,22.88212,-40.19232
1089,18.13129,6.539574,29.70581,-49.34788
1090,18.14774,7.163511,20.6886,-52.95827
1091,18.16452,21.11545,1.562495,-60.05411
1092,18.1812,17.14482,-9.796449,-67.67409
1093,18.1978,17.14482,-9.796449,-67.67409
1094,18.21474,2.317117,-44.49771,-87.00368
1095,18.23111,-3.360185,-50.94502,-86.4603
1096,18.24799,-11.49109,-48.22554,-85.0485
1097,18.26468,0.2515078,-27.31669,-78.57489
1098,18.28113,-10.4277,-25.63151,-82.86221
1099,18.29779,-10.4277,-25.63151,-82.86221
1100,18.31454,16.91476,-15.08749,-120.5678
1101,18.33124,19.52694,-20.99559,-138.7619
1102,18.34775,21.31895,-30.40926,-151.4929
1103,18.36462,34.27977,-46.39975,-184.617
1104,18.3813,49.71413,-68.8009,-214.7728
1105,18.3976,49.71413,-68.8009,-214.7728
1106,18.41438,42.69425,-26.97668,-184.8513
1107,18.43129,30.22713,29.69049,-187.0782
1108,18.44768,26.79855,38.48878,-192.564
1109,18.46483,24.29736,33.09167,-174.7809
1110,18.48122,27.14647,20.95254,-183.8923
1111,18.49771,27.14647,20.95254,-183.8923
1112,18.51459,29.96226,-12.23966,-156.4293
1113,18.5312,19.93461,-25.17709,-151.4783
1114,18.54785,17.08861,-12.80505,-130.3479
1115,18.56425,13.74864,4.938217,-105.5953
1116,18.58113,11.98174,5.73446,-91.11409
1117,18.59795,11.98174,5.73446,-91.11409
1118,18.61435,7.419098,-0.9481229,-56.26466
1119,18.63098,4.641726,-23.29817,-35.1835
1120,18.6479,-4.575922,-46.46016,-32.43849
1121,18.66446,-7.356035,-75.16033,-26.63589
1122,18.68121,-9.424491,-89.99535,-27.52562
1123,18.69765,-9.424491,-89.99535,-27.52562
1124,18.71461,2.806508,-13.45467,-21.49266
1125,18.73126,3.90993,10.88997,-16.18301
1126,18.74776,3.459802,31.30503,-22.14902
1127,18.76433,9.24832,32.56052,-21.43965
1128,18.7809,2.93017,38.55679,-12.38656
1129,18.79791,2.93017,38.55679,-12.38656
1130,18.81432,2.04277,56.00696,-15.42618
1131,18.8311,17.21565,92.66216,-16.35633
1132,18.84776,24.60713,152.6823,-12.65058
1133,18.86476,22.37995,182.7717,-11.68797
1134,18.88101,22.47919,213.2044,-6.404893
1135,18.89774,22.47919,213.2044,-6.404893
1136,18.91438,11.86091,193.1047,-20.11611
1137,18.93105,4.930151,193.3861,-34.71108
1138,18.94791,4.480739,185.5622,-38.51756
1139,18.96443,1.043395,165.1191,-46.88798
1140,18.98114,5.535379,143.6585,-47.5797
1141,18.99773,5.535379,143.6585,-47.5797
1142,19.0145,18.66437,129.768,-36.28513
1143,19.03123,16.22845,114.5258,-34.06427
1144,19.04768,6.874227,117.1151,-37.82596
1145,19.06433,8.443236,88.09795,-76.20072
1146,19.08128,4.738093,71.1273,-69.88028
1147,19.09735,4.738093,71.1273,-69.88028
1148,19.11441,7.604897,31.94154,-68.45857
1149,19.13113,-10.62094,7.525815,-36.00142
1150,19.14763,1.188669,20.26965,-12.31278
1151,19.16455,1.742955,15.70899,-5.662392
1152,19.18123,-4.68643,17.93906,-18.8235
1153,19.19783,-4.68643,17.93906,-18.8235
1154,19.21452,-13.36526,21.65631,-9.859314
1155,19.23112,-23.99739,7.930473,-5.999165
1156,19.2476,-0.3116437,7.079079,-6.1088
1157,19.26424,6.36035,0.03100377,0.7593777
1158,19.28133,19.40549,0.000257235,2.34106
1159,19.2977,19.40549,0.000257235,2.34106
1160,19.31415,17.17852,-12.33413,29.29267
1161,19.3309,11.25642,-10.18954,9.392865
1162,19.34766,11.92558,-13.79656,6.595101
1163,19.36421,-0.677125,-1.175836,7.095455
1164,19.38103,-1.491838,-0.0115477,-0.09070796
1165,19.3979,-1.491838,-0.0115477,-0.09070796
1166,19.41431,16.44562,7.387739,19.3832
1167,19.431,94.9667,27.98619,14.34125
1168,19.44777,125.3553,-0.8338755,60.77235
1169,19.46425,129.7777,-6.981044,61.11897
1170,19.48074,91.18777,-7.430957,9.72038
1171,19.49748,91.18777,-7.430957,9.72038
1172,19.51422,22.04217,9.646268,-38.12945
1173,19.53116,18.97916,16.91649,-47.45998
1174,19.54759,3.113343,10.81466,-61.25406
1175,19.56415,-3.738657,13.79447,-85.92049
1176,19.58084,-21.09377,8.531537,-91.19527
1177,19.59755,-21.09377,8.531537,-91.19527
1178,19.61427,-62.68431,-26.74329,-141.0947
1179,19.63104,-69.24088,-51.10873,-140.2012
1180,19.64772,53.96751,-58.43256,-83.84669
1181,19.6644,109.6976,-64.62859,-113.0331
1182,19.68088,55.66377,-93.49512,-132.8815
1183,19.69778,55.66377,-93.49512,-132.8815
1184,19.71407,39.70736,-43.52879,-115.2979
1185,19.73093,26.45613,-16.92462,-46.97564
1186,19.74753,42.42082,228.0513,-369.5961
1187,19.76431,42.42082,228.0513,-369.5961
1188,19.7811,42.42082,228.0513,-369.5961
1189,19.79755,42.42082,228.0513,-369.5961
1190,19.81438,11.30993,57.24986,-89.42362
1191,19.83116,11.30993,57.24986,-89.42362
1192,19.84764,11.30993,57.24986,-89.42362
1193,19.86429,11.30993,57.24986,-89.42362
1194,19.88107,11.30993,57.24986,-89.42362
1195,19.89745,11.30993,57.24986,-89.42362
1196,19.91415,4.337535,21.95622,-34.29536
1197,19.93117,4.337535,21.95622,-34.29536
1198,19.94762,4.337535,21.95622,-34.29536
1199,19.96432,4.337535,21.95622,-34.29536
1200,19.98128,4.337535,21.95622,-34.29536
1201,19.99756,4.337535,21.95622,-34.29536
1202,20.01439,4.337535,21.95622,-34.29536
1203,20.03116,4.337535,21.95622,-34.29536
1204,20.04742,4.337535,21.95622,-34.29536
1205,20.06415,4.337535,21.95622,-34.29536
1206,20.08124,4.337535,21.95622,-34.29536
1207,20.09795,4.337535,21.95622,-34.29536
1208,20.11427,3.151404,15.95213,-24.91704
1209,20.13086,3.151404,15.95213,-24.91704
1210,20.14751,0.8781086,4.444908,-6.942895
1211,20.16423,0.01002773,0.0507595,-0.07928575
1212,20.18108,4.391779e-05,0.000222308,-0.0003472425
1213,20.19748,4.391779e-05,0.000222308,-0.0003472425
1214,20.21434,1.397459e-07,7.073816e-07,-1.104922e-06
1215,20.23079,1.397459e-07,7.073816e-07,-1.104922e-06
1216,20.24777,1.397459e-07,7.073816e-07,-1.104922e-06
1217,20.26411,5.359476e-08,2.71292e-07,-4.237549e-07
1218,20.28128,0.0,9.160913e-10,-2.35621e-09
1219,20.2973,0.0,9.160913e-10,-2.35621e-09
1220,20.31418,0.0,0.0,0.0
1221,20.33112,0.0,0.0,0.0
1222,20.34755,0.0,0.0,0.0
1223,20.36418,0.0,0.0,0.0
1224,20.38098,0.0,0.0,0.0
1225,20.39767,0.0,0.0,0.0
1226,20.4142,0.0,0.0,0.0
1227,20.43091,0.0,0.0,0.0
1228,20.44757,0.0,0.0,0.0
1229,20.46429,0.0,0.0,0.0
1230,20.48088,0.0,0.0,0.0
1231,20.49736,0.0,0.0,0.0
1232,20.51421,0.0,0.0,0.0
1233,20.53082,0.0,0.0,0.0
1234,20.54747,0.0,0.0,0.0
1235,20.56403,0.0,0.0,0.0
1236,20.58096,0.0,0.0,0.0
1237,20.59761,0.0,0.0,0.0
1238,20.61427,0.0,0.0,0.0
1239,20.6308,0.0,0.0,0.0
1240,20.64772,0.0,0.0,0.0
1241,20.66441,0.0,0.0,0.0
1242,20.68112,0.0,0.0,0.0
1243,20.69766,0.0,0.0,0.0
1244,20.71419,0.0,0.0,0.0
1245,20.73126,0.0,0.0,0.0
1246,20.74744,0.0,0.0,0.0
1247,20.7644,0.0,0.0,0.0
1248,20.78139,0.0,0.0,0.0
1249,20.79761,0.0,0.0,0.0
1250,20.8141,0.0,0.0,0.0
1251,20.83093,0.0,0.0,0.0
1252,20.84761,0.0,0.0,0.0
1253,20.86407,0.0,0.0,0.0
1254,20.88081,0.0,0.0,0.0
1255,20.89732,0.0,0.0,0.0
1256,20.91425,0.0,0.0,0.0
1257,20.93124,0.0,0.0,0.0
1258,20.94777,0.0,0.0,0.0
1259,20.96423,0.0,0.0,0.0
1260,20.98099,0.0,0.0,0.0
1261,20.99742,0.0,0.0,0.0
1262,21.01404,0.0,0.0,0.0
1263,21.03078,0.0,0.0,0.0
1264,21.04723,0.0,0.0,0.0
1265,21.06412,0.0,0.0,0.0
1266,21.08089,0.0,0.0,0.0
1267,21.0976,0.0,0.0,0.0
1268,21.11403,0.0,0.0,0.0
1269,21.13133,0.0,0.0,0.0
1270,21.14754,0.0,0.0,0.0
1271,21.16412,0.0,0.0,0.0
1272,21.18111,0.0,0.0,0.0
1273,21.19742,0.0,0.0,0.0
1274,21.21423,0.0,0.0,0.0
1275,21.23099,0.0,0.0,0.0
1276,21.24751,0.0,0.0,0.0
1277,21.26422,0.0,0.0,0.0
1278,21.2809,0.0,0.0,0.0
1279,21.29745,0.0,0.0,0.0
1280,21.3141,0.0,0.0,0.0
1281,21.3309,0.0,0.0,0.0
1282,21.34734,0.0,0.0,0.0
1283,21.36401,0.0,0.0,0.0
1284,21.381,0.0,0.0,0.0
1285,21.39745,0.0,0.0,0.0
1286,21.41415,0.0,0.0,0.0
1287,21.43091,0.0,0.0,0.0
1288,21.44768,0.0,0.0,0.0
1289,21.46436,0.0,0.0,0.0
1290,21.48096,0.0,0.0,0.0
1291,21.49741,0.0,0.0,0.0
1292,21.51402,0.0,0.0,0.0
1293,21.53075,0.0,0.0,0.0
1294,21.54756,0.0,0.0,0.0
1295,21.56412,0.0,0.0,0.0
1296,21.58107,0.0,0.0,0.0
1297,21.5974,0.0,0.0,0.0
1298,21.61404,0.0,0.0,0.0
1299,21.63074,0.0,0.0,0.0
1300,21.64737,0.0,0.0,0.0
1301,21.66425,0.0,0.0,0.0
1302,21.68066,0.0,0.0,0.0
1303,21.69737,0.0,0.0,0.0
1304,21.71388,0.0,0.0,0.0
1305,21.73145,0.0,0.0,0.0
1306,21.74747,0.0,0.0,0.0
1307,21.76404,0.0,0.0,0.0
1308,21.7813,0.0,0.0,0.0
1309,21.79759,0.0,0.0,0.0
1310,21.8141,0.0,0.0,0.0
1311,21.83093,0.0,0.0,0.0
1312,21.84738,0.0,0.0,0.0
1313,21.86432,0.0,0.0,0.0
1314,21.88089,0.0,0.0,0.0
1315,21.89732,0.0,0.0,0.0
1316,21.91412,0.0,0.0,0.0
1317,21.93088,0.0,0.0,0.0
1318,21.94728,0.0,0.0,0.0
1319,21.96397,0.0,0.0,0.0
1320,21.98064,0.0,0.0,0.0
1321,21.99721,0.0,0.0,0.0
1322,22.01411,0.0,0.0,0.0
1323,22.0309,0.0,0.0,0.0
1324,22.04756,0.0,0.0,0.0
1325,22.06413,0.0,0.0,0.0
1326,22.08099,0.0,0.0,0.0
1327,22.09732,0.0,0.0,0.0
1328,22.11417,0.0,0.0,0.0
1329,22.13092,0.0,0.0,0.0
1330,22.14726,0.0,0.0,0.0
1331,22.16394,0.0,0.0,0.0
1332,22.181,0.0,0.0,0.0
1333,22.1972,0.0,0.0,0.0
1334,22.21397,0.0,0.0,0.0
1335,22.23073,0.0,0.0,0.0
1336,22.24722,0.0,0.0,0.0
1337,22.26401,0.0,0.0,0.0
1338,22.28078,0.0,0.0,0.0
1339,22.2971,0.0,0.0,0.0
1340,22.31389,0.0,0.0,0.0
1341,22.33064,0.0,0.0,0.0
1342,22.3472,0.0,0.0,0.0
1343,22.36409,0.0,0.0,0.0
1344,22.38083,0.0,0.0,0.0
1345,22.39728,0.0,0.0,0.0
1346,22.41397,0.0,0.0,0.0
1347,22.43073,0.0,0.0,0.0
1348,22.44724,0.0,0.0,0.0
1349,22.46382,0.0,0.0,0.0
1350,22.4807,0.0,0.0,0.0
1351,22.49716,0.0,0.0,0.0
1352,22.51401,0.0,0.0,0.0
1353,22.53091,0.0,0.0,0.0
1354,22.54727,0.0,0.0,0.0
1355,22.56401,0.0,0.0,0.0
1356,22.5807,0.0,0.0,0.0
1357,22.5975,0.0,0.0,0.0
1358,22.61385,0.0,0.0,0.0
1359,22.63077,0.0,0.0,0.0
1360,22.64742,0.0,0.0,0.0
1361,22.66388,0.0,0.0,0.0
1362,22.68071,0.0,0.0,0.0
1363,22.69725,0.0,0.0,0.0
1364,22.71387,0.0,0.0,0.0
1365,22.73109,0.0,0.0,0.0
1366,22.74739,0.0,0.0,0.0
1367,22.76384,0.0,0.0,0.0
1368,22.78078,0.0,0.0,0.0
1369,22.79709,0.0,0.0,0.0
1370,22.81381,0.0,0.0,0.0
1371,22.83055,0.0,0.0,0.0
1372,22.84732,0.0,0.0,0.0
1373,22.86385,0.0,0.0,0.0
1374,22.88065,0.0,0.0,0.0
1375,22.89737,0.0,0.0,0.0
1376,22.914,0.0,0.0,0.0
1377,22.93068,0.0,0.0,0.0
1378,22.9471,0.0,0.0,0.0
1379,22.9639,0.0,0.0,0.0
1380,22.98071,0.0,0.0,0.0
1381,22.99733,0.0,0.0,0.0
1382,23.01413,0.0,0.0,0.0
1383,23.0307,0.0,0.0,0.0
1384,23.04704,0.0,0.0,0.0
1385,23.0638,0.0,0.0,0.0
1386,23.08072,0.0,0.0,0.0
1387,23.09727,0.0,0.0,0.0
1388,23.11385,0.0,0.0,0.0
1389,23.13081,0.0,0.0,0.0
1390,23.14708,0.0,0.0,0.0
1391,23.16383,0.0,0.0,0.0
1392,23.18071,0.0,0.0,0.0
1393,23.19728,0.0,0.0,0.0
1394,23.21385,0.0,0.0,0.0
1395,23.23083,0.0,0.0,0.0
1396,23.24719,0.0,0.0,0.0
1397,23.26398,0.0,0.0,0.0
1398,23.2809,0.0,0.0,0.0
1399,23.29709,0.0,0.0,0.0
1400,23.31378,0.0,0.0,0.0
1401,23.33054,0.0,0.0,0.0
1402,23.34709,0.0,0.0,0.0
1403,23.36397,0.0,0.0,0.0
1404,23.38094,0.0,0.0,0.0
1405,23.39716,0.0,0.0,0.0
1406,23.4137,0.0,0.0,0.0
1407,23.43025,0.0,0.0,0.0
1408,23.44711,0.0,0.0,0.0
1409,23.46404,0.0,0.0,0.0
1410,23.48038,0.0,0.0,0.0
1411,23.49716,0.0,0.0,0.0
1412,23.5139,0.0,0.0,0.0
1413,23.53055,0.0,0.0,0.0
1414,23.54736,0.0,0.0,0.0
1415,23.56378,0.0,0.0,0.0
1416,23.58073,0.0,0.0,0.0
1417,23.59711,0.0,0.0,0.0
1418,23.61404,0.0,0.0,0.0
1419,23.63063,0.0,0.0,0.0
1420,23.64709,0.0,0.0,0.0
1421,23.66443,0.0,0.0,0.0
1422,23.68085,0.0,0.0,0.0
1423,23.69724,0.0,0.0,0.0
1424,23.71396,0.0,0.0,0.0
1425,23.73059,0.0,0.0,0.0
1426,23.7471,0.0,0.0,0.0
1427,23.76363,0.0,0.0,0.0
1428,23.78079,0.0,0.0,0.0
1429,23.79738,0.0,0.0,0.0
1430,23.8138,0.0,0.0,0.0
1431,23.83063,0.0,0.0,0.0
1432,23.84709,0.0,0.0,0.0
1433,23.86397,0.0,0.0,0.0
1434,23.88069,0.0,0.0,0.0
1435,23.89709,0.0,0.0,0.0
1436,23.91368,0.0,0.0,0.0
1437,23.93044,0.0,0.0,0.0
1438,23.94691,0.0,0.0,0.0
1439,23.9639,0.0,0.0,0.0
1440,23.98051,0.0,0.0,0.0
1441,23.99715,0.0,0.0,0.0
1442,24.01372,0.0,0.0,0.0
1443,24.0303,0.0,0.0,0.0
1444,24.048,0.0,0.0,0.0
1445,24.06383,0.0,0.0,0.0
1446,24.08044,0.0,0.0,0.0
1447,24.09686,0.0,0.0,0.0
1448,24.11348,0.0,0.0,0.0
1449,24.13014,0.0,0.0,0.0
1450,24.14705,0.0,0.0,0.0
1451,24.16339,0.0,0.0,0.0
1452,24.18048,0.0,0.0,0.0
1453,24.19756,0.0,0.0,0.0
1454,24.21384,0.0,0.0,0.0
1455,24.23053,0.0,0.0,0.0
1456,24.2475,0.0,0.0,0.0
1457,24.26437,0.0,0.0,0.0
1458,24.2807,0.0,0.0,0.0
1459,24.29744,0.0,0.0,0.0
1460,24.31473,0.0,0.0,0.0
1461,24.33055,0.0,0.0,0.0
1462,24.34712,0.0,0.0,0.0
1463,24.36339,0.0,0.0,0.0
1464,24.38036,0.0,0.0,0.0
1465,24.39694,0.0,0.0,0.0
1466,24.41362,0.0,0.0,0.0
1467,24.43016,0.0,0.0,0.0
1468,24.44687,0.0,0.0,0.0
1469,24.46364,0.0,0.0,0.0
1470,24.48056,0.0,0.0,0.0
1471,24.49731,0.0,0.0,0.0
1472,24.51372,0.0,0.0,0.0
1473,24.53058,0.0,0.0,0.0
1474,24.54718,0.0,0.0,0.0
1475,24.56372,0.0,0.0,0.0
1476,24.58018,0.0,0.0,0.0
1477,24.59703,0.0,0.0,0.0
1478,24.61378,0.0,0.0,0.0
1479,24.63031,0.0,0.0,0.0
1480,24.64699,0.0,0.0,0.0
1481,24.6636,0.0,0.0,0.0
1482,24.68027,0.0,0.0,0.0
1483,24.69736,0.0,0.0,0.0
1484,24.71388,0.0,0.0,0.0
1485,24.73016,0.0,0.0,0.0
1486,24.7469,0.0,0.0,0.0
1487,24.76392,0.0,0.0,0.0
1488,24.78085,0.0,0.0,0.0
1489,24.79718,0.0,0.0,0.0
1490,24.81374,0.0,0.0,0.0
1491,24.83015,0.0,0.0,0.0
1492,24.84683,0.0,0.0,0.0
1493,24.8636,0.0,0.0,0.0
1494,24.88022,0.0,0.0,0.0
1495,24.89705,0.0,0.0,0.0
1496,24.91356,0.0,0.0,0.0
1497,24.93034,0.0,0.0,0.0
1498,24.94688,0.0,0.0,0.0
1499,24.96407,0.0,0.0,0.0
1500,24.9803,0.0,0.0,0.0
1501,24.99696,0.0,0.0,0.0
1502,25.01393,0.0,0.0,0.0
1503,25.03021,0.0,0.0,0.0
1504,25.04684,0.0,0.0,0.0
1505,25.06374,0.0,0.0,0.0
1506,25.0804,0.0,0.0,0.0
1507,25.09694,0.0,0.0,0.0
1508,25.11354,0.0,0.0,0.0
1509,25.13045,0.0,0.0,0.0
1510,25.14684,0.0,0.0,0.0
1511,25.16351,0.0,0.0,0.0
1512,25.18011,0.0,0.0,0.0
1513,25.1969,0.0,0.0,0.0
1514,25.21362,0.0,0.0,0.0
1515,25.23029,0.0,0.0,0.0
1516,25.24681,0.0,0.0,0.0
1517,25.26373,0.0,0.0,0.0
1518,25.28035,0.0,0.0,0.0
1519,25.29695,0.0,0.0,0.0
1520,25.31393,0.0,0.0,0.0
1521,25.33044,0.0,0.0,0.0
1522,25.34711,0.0,0.0,0.0
1523,25.36377,0.0,0.0,0.0
1524,25.38025,0.0,0.0,0.0
1525,25.39746,0.0,0.0,0.0
1526,25.41367,0.0,0.0,0.0
1527,25.43042,0.0,0.0,0.0
1528,25.44691,0.0,0.0,0.0
1529,25.46376,0.0,0.0,0.0
1530,25.4803,0.0,0.0,0.0
1531,25.49706,0.0,0.0,0.0
1532,25.51364,0.0,0.0,0.0
1533,25.53033,0.0,0.0,0.0
1534,25.54697,0.0,0.0,0.0
1535,25.56371,0.0,0.0,0.0
1536,25.58044,0.0,0.0,0.0
1537,25.59686,0.0,0.0,0.0
1538,25.61368,0.0,0.0,0.0
1539,25.63019,0.0,0.0,0.0
1540,25.64713,0.0,0.0,0.0
1541,25.66368,0.0,0.0,0.0
1542,25.68022,0.0,0.0,0.0
1543,25.69707,0.0,0.0,0.0
1544,25.71365,0.0,0.0,0.0
1545,25.7303,0.0,0.0,0.0
1546,25.7471,0.0,0.0,0.0
1547,25.7636,0.0,0.0,0.0
1548,25.78047,0.0,0.0,0.0
1549,25.79684,0.0,0.0,0.0
1550,25.81363,0.0,0.0,0.0
1551,25.83031,0.0,0.0,0.0
1552,25.84747,0.0,0.0,0.0
1553,25.86353,0.0,0.0,0.0
1554,25.88007,0.0,0.0,0.0
1555,25.89725,0.0,0.0,0.0
1556,25.91379,0.0,0.0,0.0
1557,25.9303,0.0,0.0,0.0
1558,25.94678,0.0,0.0,0.0
1559,25.96371,0.0,0.0,0.0
1560,25.98047,0.0,0.0,0.0
1561,25.9969,0.0,0.0,0.0
1562,26.01372,0.0,0.0,0.0
1563,26.03003,0.0,0.0,0.0
1564,26.04694,0.0,0.0,0.0
1565,26.06351,0.0,0.0,0.0
1566,26.08044,0.0,0.0,0.0
1567,26.0968,0.0,0.0,0.0
1568,26.11385,0.0,0.0,0.0
1569,26.13045,0.0,0.0,0.0
1570,26.14709,0.0,0.0,0.0
1571,26.16357,0.0,0.0,0.0
1572,26.18011,0.0,0.0,0.0
1573,26.19691,0.0,0.0,0.0
1574,26.21402,0.0,0.0,0.0
1575,26.23039,0.0,0.0,0.0
1576,26.24699,0.0,0.0,0.0
1577,26.26344,0.0,0.0,0.0
1578,26.28012,0.0,0.0,0.0
1579,26.29686,0.0,0.0,0.0
1580,26.31355,0.0,0.0,0.0
1581,26.33044,0.0,0.0,0.0
1582,26.34682,0.0,0.0,0.0
1583,26.36395,0.0,0.0,0.0
1584,26.38045,0.0,0.0,0.0
1585,26.3969,0.0,0.0,0.0
1586,26.41396,0.0,0.0,0.0
1587,26.43056,0.0,0.0,0.0
1588,26.44691,0.0,0.0,0.0
1589,26.46361,0.0,0.0,0.0
1590,26.48026,0.0,0.0,0.0
1591,26.4969,0.0,0.0,0.0
1592,26.51395,0.0,0.0,0.0
1593,26.53043,0.0,0.0,0.0
1594,26.54713,0.0,0.0,0.0
1595,26.56349,0.0,0.0,0.0
1596,26.5802,0.0,0.0,0.0
1597,26.59686,0.0,0.0,0.0
1598,26.6136,0.0,0.0,0.0
1599,26.63029,0.0,0.0,0.0
1600,26.64682,0.0,0.0,0.0
1601,26.66359,0.0,0.0,0.0
1602,26.68025,0.0,0.0,0.0
1603,26.69667,0.0,0.0,0.0
1604,26.71344,0.0,0.0,0.0
1605,26.73021,0.0,0.0,0.0
1606,26.74707,0.0,0.0,0.0
1607,26.76334,0.0,0.0,0.0
1608,26.78009,0.0,0.0,0.0
1609,26.79683,0.0,0.0,0.0
1610,26.81349,0.0,0.0,0.0
1611,26.83008,0.0,0.0,0.0
1612,26.84694,0.0,0.0,0.0
1613,26.86348,0.0,0.0,0.0
1614,26.88016,0.0,0.0,0.0
1615,26.89691,0.0,0.0,0.0
1616,26.91331,0.0,0.0,0.0
1617,26.93001,0.0,0.0,0.0
1618,26.94695,0.0,0.0,0.0
1619,26.96346,0.0,0.0,0.0
1620,26.9801,0.0,0.0,0.0
1621,26.99672,0.0,0.0,0.0
1622,27.01331,0.0,0.0,0.0
1623,27.03001,0.0,0.0,0.0
1624,27.04674,0.0,0.0,0.0
1625,27.06343,0.0,0.0,0.0
1626,27.07997,0.0,0.0,0.0
1627,27.09703,0.0,0.0,0.0
1628,27.11356,0.0,0.0,0.0
1629,27.13008,0.0,0.0,0.0
1630,27.14688,0.0,0.0,0.0
1631,27.1635,0.0,0.0,0.0
1632,27.1799,0.0,0.0,0.0
1633,27.1969,0.0,0.0,0.0
1634,27.21373,0.0,0.0,0.0
1635,27.22998,0.0,0.0,0.0
1636,27.24655,0.0,0.0,0.0
1637,27.26349,0.0,0.0,0.0
1638,27.28035,0.0,0.0,0.0
1639,27.29655,0.0,0.0,0.0
1640,27.31329,0.0,0.0,0.0
1641,27.33054,0.0,0.0,0.0
1642,27.34685,0.0,0.0,0.0
1643,27.36345,0.0,0.0,0.0
1644,27.38013,0.0,0.0,0.0
1645,27.39717,0.0,0.0,0.0
1646,27.41354,0.0,0.0,0.0
1647,27.43039,0.0,0.0,0.0
1648,27.44687,0.0,0.0,0.0
1649,27.46324,0.0,0.0,0.0
1650,27.48003,0.0,0.0,0.0
1651,27.49666,0.0,0.0,0.0
1652,27.51349,0.0,0.0,0.0
1653,27.53026,0.0,0.0,0.0
1654,27.54654,0.0,0.0,0.0
1655,27.56317,0.0,0.0,0.0
1656,27.57994,0.0,0.0,0.0
1657,27.59674,0.0,0.0,0.0
1658,27.61319,0.0,0.0,0.0
1659,27.6304,0.0,0.0,0.0
1660,27.64697,0.0,0.0,0.0
1661,27.66322,0.0,0.0,0.0
1662,27.68015,0.0,0.0,0.0
1663,27.6965,0.0,0.0,0.0
1664,27.71326,0.0,0.0,0.0
1665,27.73015,0.0,0.0,0.0
1666,27.74658,0.0,0.0,0.0
1667,27.76321,0.0,0.0,0.0
1668,27.78009,0.0,0.0,0.0
1669,27.79651,0.0,0.0,0.0
1670,27.81323,0.0,0.0,0.0
1671,27.83009,0.0,0.0,0.0
1672,27.84679,0.0,0.0,0.0
1673,27.86313,0.0,0.0,0.0
1674,27.87991,0.0,0.0,0.0
1675,27.89658,0.0,0.0,0.0
1676,27.91382,0.0,0.0,0.0
1677,27.93013,0.0,0.0,0.0
1678,27.94675,0.0,0.0,0.0
1679,27.96341,0.0,0.0,0.0
1680,27.98032,0.0,0.0,0.0
1681,27.99667,0.0,0.0,0.0
1682,28.01324,0.0,0.0,0.0
1683,28.03008,0.0,0.0,0.0
1684,28.04654,0.0,0.0,0.0
1685,28.06335,0.0,0.0,0.0
1686,28.08015,0.0,0.0,0.0
1687,28.09676,0.0,0.0,0.0
1688,28.11366,0.0,0.0,0.0
1689,28.12975,0.0,0.0,0.0
1690,28.14679,0.0,0.0,0.0
1691,28.16321,0.0,0.0,0.0
1692,28.17989,0.0,0.0,0.0
1693,28.19656,0.0,0.0,0.0
1694,28.2131,0.0,0.0,0.0
1695,28.22997,0.0,0.0,0.0
1696,28.24655,0.0,0.0,0.0
1697,28.26331,0.0,0.0,0.0
1698,28.27972,0.0,0.0,0.0
1699,28.29637,0.0,0.0,0.0
1700,28.31314,0.0,0.0,0.0
1701,28.3298,0.0,0.0,0.0
1702,28.34673,0.0,0.0,0.0
1703,28.36308,0.0,0.0,0.0
1704,28.37979,0.0,0.0,0.0
1705,28.39655,0.0,0.0,0.0
1706,28.41354,0.0,0.0,0.0
1707,28.4299,0.0,0.0,0.0
1708,28.44672,0.0,0.0,0.0
1709,28.46361,0.0,0.0,0.0
1710,28.48,0.0,0.0,0.0
1711,28.49706,0.0,0.0,0.0
1712,28.51349,0.0,0.0,0.0
1713,28.52986,0.0,0.0,0.0
1714,28.54674,0.0,0.0,0.0
1715,28.56343,0.0,0.0,0.0
1716,28.58003,0.0,0.0,0.0
1717,28.59651,0.0,0.0,0.0
1718,28.61325,0.0,0.0,0.0
1719,28.62999,0.0,0.0,0.0
1720,28.64645,0.0,0.0,0.0
1721,28.66319,0.0,0.0,0.0
1722,28.68004,0.0,0.0,0.0
1723,28.69676,0.0,0.0,0.0
1724,28.71313,0.0,0.0,0.0
1725,28.73032,0.0,0.0,0.0
1726,28.74643,0.0,0.0,0.0
1727,28.76323,0.0,0.0,0.0
1728,28.7802,0.0,0.0,0.0
1729,28.79665,0.0,0.0,0.0
1730,28.8134,0.0,0.0,0.0
1731,28.82961,0.0,0.0,0.0
1732,28.84633,0.0,0.0,0.0
1733,28.8633,0.0,0.0,0.0
1734,28.8797,0.0,0.0,0.0
1735,28.89653,0.0,0.0,0.0
1736,28.91347,0.0,0.0,0.0
1737,28.92976,0.0,0.0,0.0
1738,28.94644,0.0,0.0,0.0
1739,28.96309,0.0,0.0,0.0
1740,28.98004,0.0,0.0,0.0
1741,28.99673,0.0,0.0,0.0
1742,29.01334,0.0,0.0,0.0
1743,29.02988,0.0,0.0,0.0
1744,29.04671,0.0,0.0,0.0
1745,29.06313,0.0,0.0,0.0
1746,29.0798,0.0,0.0,0.0
1747,29.09677,0.0,0.0,0.0
1748,29.11302,0.0,0.0,0.0
1749,29.1297,0.0,0.0,0.0
1750,29.14633,0.0,0.0,0.0
1751,29.16298,0.0,0.0,0.0
1752,29.17989,0.0,0.0,0.0
1753,29.19667,0.0,0.0,0.0
1754,29.21333,0.0,0.0,0.0
1755,29.22971,0.0,0.0,0.0
1756,29.24658,0.0,0.0,0.0
1757,29.26334,0.0,0.0,0.0
1758,29.27968,0.0,0.0,0.0
1759,29.29659,0.0,0.0,0.0
1760,29.31316,0.0,0.0,0.0
1761,29.33011,0.0,0.0,0.0
1762,29.34644,0.0,0.0,0.0
1763,29.3633,0.0,0.0,0.0
1764,29.37973,0.0,0.0,0.0
1765,29.39627,0.0,0.0,0.0
1766,29.41325,0.0,0.0,0.0
1767,29.43004,0.0,0.0,0.0
1768,29.44629,0.0,0.0,0.0
1769,29.4633,0.0,0.0,0.0
1770,29.47971,0.0,0.0,0.0
1771,29.49651,0.0,0.0,0.0
1772,29.51328,0.0,0.0,0.0
1773,29.5296,0.0,0.0,0.0
1774,29.54631,0.0,0.0,0.0
1775,29.56288,0.0,0.0,0.0
1776,29.57956,0.0,0.0,0.0
1777,29.59639,0.0,0.0,0.0
1778,29.61288,0.0,0.0,0.0
1779,29.62962,0.0,0.0,0.0
1780,29.64613,0.0,0.0,0.0
1781,29.66296,0.0,0.0,0.0
1782,29.67966,0.0,0.0,0.0
1783,29.69633,0.0,0.0,0.0
1784,29.71329,0.0,0.0,0.0
1785,29.72993,0.0,0.0,0.0
1786,29.74637,0.0,0.0,0.0
1787,29.76286,0.0,0.0,0.0
1788,29.77992,0.0,0.0,0.0
1789,29.79631,0.0,0.0,0.0
1790,29.81313,0.0,0.0,0.0
1791,29.82973,0.0,0.0,0.0
1792,29.84615,0.0,0.0,0.0
1793,29.86324,0.0,0.0,0.0
1794,29.87978,0.0,0.0,0.0
1795,29.89629,0.0,0.0,0.0
1796,29.91286,0.0,0.0,0.0
1797,29.9297,0.0,0.0,0.0
1798,29.94623,0.0,0.0,0.0
1799,29.96307,0.0,0.0,0.0
1800,29.9796,0.0,0.0,0.0
1801,29.99646,0.0,0.0,0.0
1802,30.01308,0.0,0.0,0.0
1803,30.03014,0.0,0.0,0.0
1804,30.04614,0.0,0.0,0.0
1805,30.063,0.0,0.0,0.0
1806,30.07965,0.0,0.0,0.0
1807,30.09637,0.0,0.0,0.0
1808,30.11304,0.0,0.0,0.0
1809,30.12962,0.0,0.0,0.0
1810,30.14639,0.0,0.0,0.0
1811,30.16277,0.0,0.0,0.0
1812,30.17981,0.0,0.0,0.0
1813,30.19662,0.0,0.0,0.0
1814,30.21309,0.0,0.0,0.0
1815,30.22975,0.0,0.0,0.0
1816,30.24654,0.0,0.0,0.0
1817,30.26308,0.0,0.0,0.0
1818,30.27959,0.0,0.0,0.0
1819,30.29625,0.0,0.0,0.0
1820,30.31288,0.0,0.0,0.0
1821,30.32973,0.0,0.0,0.0
1822,30.34625,0.0,0.0,0.0
1823,30.3629,0.0,0.0,0.0
1824,30.37952,0.0,0.0,0.0
1825,30.39638,0.0,0.0,0.0
1826,30.41304,0.0,0.0,0.0
1827,30.42986,0.0,0.0,0.0
1828,30.44652,0.0,0.0,0.0
1829,30.46289,0.0,0.0,0.0
1830,30.47966,0.0,0.0,0.0
1831,30.4962,0.0,0.0,0.0
1832,30.51294,0.0,0.0,0.0
1833,30.52954,0.0,0.0,0.0
1834,30.54642,0.0,0.0,0.0
1835,30.56316,0.0,0.0,0.0
1836,30.57944,0.0,0.0,0.0
1837,30.59641,0.0,0.0,0.0
1838,30.61346,0.0,0.0,0.0
1839,30.62964,0.0,0.0,0.0
1840,30.64626,0.0,0.0,0.0
1841,30.66296,0.0,0.0,0.0
1842,30.67981,0.0,0.0,0.0
1843,30.6962,0.0,0.0,0.0
1844,30.71284,0.0,0.0,0.0
1845,30.72974,0.0,0.0,0.0
1846,30.74623,0.0,0.0,0.0
1847,30.76344,0.0,0.0,0.0
1848,30.77954,0.0,0.0,0.0
1849,30.79611,0.0,0.0,0.0
1850,30.81276,0.0,0.0,0.0
1851,30.8295,0.0,0.0,0.0
1852,30.84612,0.0,0.0,0.0
1853,30.86285,0.0,0.0,0.0
1854,30.87971,0.0,0.0,0.0
1855,30.89619,0.0,0.0,0.0
1856,30.91289,0.0,0.0,0.0
1857,30.9297,0.0,0.0,0.0
1858,30.94646,0.0,0.0,0.0
1859,30.96289,0.0,0.0,0.0
1860,30.97975,0.0,0.0,0.0
1861,30.99631,0.0,0.0,0.0
1862,31.0128,0.0,0.0,0.0
1863,31.02945,0.0,0.0,0.0
1864,31.04649,0.0,0.0,0.0
1865,31.06311,0.0,0.0,0.0
1866,31.07947,0.0,0.0,0.0
1867,31.09616,0.0,0.0,0.0
1868,31.1131,0.0,0.0,0.0
1869,31.12944,0.0,0.0,0.0
1870,31.14615,0.0,0.0,0.0
1871,31.16313,0.0,0.0,0.0
1872,31.1794,0.0,0.0,0.0
1873,31.19637,0.0,0.0,0.0
1874,31.21262,0.0,0.0,0.0
1875,31.22963,0.0,0.0,0.0
1876,31.24612,0.0,0.0,0.0
1877,31.26305,0.0,0.0,0.0
1878,31.27966,0.0,0.0,0.0
1879,31.29617,0.0,0.0,0.0
1880,31.3129,0.0,0.0,0.0
1881,31.32948,0.0,0.0,0.0
1882,31.34641,0.0,0.0,0.0
1883,31.36316,0.0,0.0,0.0
1884,31.3801,0.0,0.0,0.0
1885,31.39648,0.0,0.0,0.0
1886,31.41341,0.0,0.0,0.0
1887,31.42938,0.0,0.0,0.0
1888,31.4462,0.0,0.0,0.0
1889,31.46341,0.0,0.0,0.0
1890,31.4794,0.0,0.0,0.0
1891,31.4962,0.0,0.0,0.0
1892,31.5128,0.0,0.0,0.0
1893,31.52954,0.0,0.0,0.0
1894,31.5463,0.0,0.0,0.0
1895,31.5629,0.0,0.0,0.0
1896,31.57967,0.0,0.0,0.0
1897,31.59608,0.0,0.0,0.0
1898,31.61285,0.0,0.0,0.0
1899,31.62982,0.0,0.0,0.0
1900,31.64633,0.0,0.0,0.0
1901,31.66333,0.0,0.0,0.0
1902,31.67972,0.0,0.0,0.0
1903,31.69666,0.0,0.0,0.0
1904,31.71315,0.0,0.0,0.0
1905,31.72951,0.0,0.0,0.0
1906,31.74612,0.0,0.0,0.0
1907,31.76292,0.0,0.0,0.0
1908,31.77945,0.0,0.0,0.0
1909,31.79613,0.0,0.0,0.0
1910,31.81277,0.0,0.0,0.0
1911,31.82961,0.0,0.0,0.0
1912,31.84616,0.0,0.0,0.0
1913,31.8627,0.0,0.0,0.0
1914,31.8795,0.0,0.0,0.0
1915,31.89609,0.0,0.0,0.0
1916,31.9127,0.0,0.0,0.0
1917,31.92964,0.0,0.0,0.0
1918,31.94611,0.0,0.0,0.0
1919,31.96274,0.0,0.0,0.0
1920,31.97949,0.0,0.0,0.0
1921,31.99612,0.0,0.0,0.0
1922,32.01273,0.0,0.0,0.0
1923,32.02937,0.0,0.0,0.0
1924,32.04607,0.0,0.0,0.0
1925,32.0629,0.0,0.0,0.0
1926,32.07983,0.0,0.0,0.0
1927,32.09612,0.0,0.0,0.0
1928,32.11282,0.0,0.0,0.0
1929,32.12939,0.0,0.0,0.0
1930,32.14604,0.0,0.0,0.0
1931,32.16298,0.0,0.0,0.0
1932,32.17979,0.0,0.0,0.0
1933,32.19598,0.0,0.0,0.0
1934,32.21292,0.0,0.0,0.0
1935,32.22929,0.0,0.0,0.0
1936,32.24602,0.0,0.0,0.0
1937,32.26289,0.0,0.0,0.0
1938,32.27939,0.0,0.0,0.0
1939,32.29602,0.0,0.0,0.0
1940,32.31279,0.0,0.0,0.0
1941,32.32965,0.0,0.0,0.0
1942,32.34608,0.0,0.0,0.0
1943,32.36308,0.0,0.0,0.0
1944,32.3795,0.0,0.0,0.0
1945,32.3961,0.0,0.0,0.0
1946,32.41264,0.0,0.0,0.0
1947,32.42944,0.0,0.0,0.0
1948,32.4462,0.0,0.0,0.0
1949,32.46304,0.0,0.0,0.0
1950,32.47951,0.0,0.0,0.0
1951,32.49628,0.0,0.0,0.0
1952,32.513,0.0,0.0,0.0
1953,32.5296,0.0,0.0,0.0
1954,32.5459,0.0,0.0,0.0
1955,32.56265,0.0,0.0,0.0
1956,32.5797,0.0,0.0,0.0
1957,32.59616,0.0,0.0,0.0
1958,32.61259,0.0,0.0,0.0
1959,32.62935,0.0,0.0,0.0
1960,32.64606,0.0,0.0,0.0
1961,32.66273,0.0,0.0,0.0
1962,32.67953,0.0,0.0,0.0
1963,32.69592,0.0,0.0,0.0
1964,32.71257,0.0,0.0,0.0
1965,32.72972,0.0,0.0,0.0
1966,32.74605,0.0,0.0,0.0
1967,32.76254,0.0,0.0,0.0
1968,32.77959,0.0,0.0,0.0
1969,32.79593,0.0,0.0,0.0
1970,32.8125,0.0,0.0,0.0
1971,32.82954,0.0,0.0,0.0
1972,32.84596,0.0,0.0,0.0
1973,32.86256,0.0,0.0,0.0
1974,32.87932,0.0,0.0,0.0
1975,32.89592,0.0,0.0,0.0
1976,32.9127,0.0,0.0,0.0
1977,32.92946,0.0,0.0,0.0
1978,32.94608,0.0,0.0,0.0
1979,32.96271,0.0,0.0,0.0
1980,32.97917,0.0,0.0,0.0
1981,32.99597,0.0,0.0,0.0
1982,33.0127,0.0,0.0,0.0
1983,33.02924,0.0,0.0,0.0
1984,33.04588,0.0,0.0,0.0
1985,33.0627,0.0,0.0,0.0
1986,33.07921,0.0,0.0,0.0
1987,33.09607,0.0,0.0,0.0
1988,33.11255,0.0,0.0,0.0
1989,33.12923,0.0,0.0,0.0
1990,33.14589,0.0,0.0,0.0
1991,33.16272,0.0,0.0,0.0
1992,33.17934,0.0,0.0,0.0
1993,33.1963,0.0,0.0,0.0
1994,33.21266,0.0,0.0,0.0
1995,33.22937,0.0,0.0,0.0
1996,33.24609,0.0,0.0,0.0
1997,33.26253,0.0,0.0,0.0
1998,33.27925,0.0,0.0,0.0
1999,33.29596,0.0,0.0,0.0
2000,33.31267,0.0,0.0,0.0
2001,33.32922,0.0,0.0,0.0
2002,33.34615,0.0,0.0,0.0
2003,33.3629,0.0,0.0,0.0
2004,33.37901,0.0,0.0,0.0
2005,33.39578,0.0,0.0,0.0
2006,33.41257,0.0,0.0,0.0
2007,33.42915,0.0,0.0,0.0
2008,33.44586,0.0,0.0,0.0
2009,33.46245,0.0,0.0,0.0
2010,33.4791,0.0,0.0,0.0
2011,33.49585,0.0,0.0,0.0
2012,33.51245,0.0,0.0,0.0
2013,33.52914,0.0,0.0,0.0
2014,33.54588,0.0,0.0,0.0
2015,33.56248,0.0,0.0,0.0
2016,33.57918,0.0,0.0,0.0
2017,33.59615,0.0,0.0,0.0
2018,33.61249,0.0,0.0,0.0
2019,33.62915,0.0,0.0,0.0
2020,33.64577,0.0,0.0,0.0
2021,33.6626,0.0,0.0,0.0
2022,33.67928,0.0,0.0,0.0
2023,33.69586,0.0,0.0,0.0
2024,33.71265,0.0,0.0,0.0
2025,33.7291,0.0,0.0,0.0
2026,33.74596,0.0,0.0,0.0
2027,33.7625,0.0,0.0,0.0
2028,33.77945,0.0,0.0,0.0
2029,33.79579,0.0,0.0,0.0
2030,33.81245,0.0,0.0,0.0
2031,33.82939,0.0,0.0,0.0
2032,33.84581,0.0,0.0,0.0
2033,33.86246,0.0,0.0,0.0
2034,33.87914,0.0,0.0,0.0
2035,33.89592,0.0,0.0,0.0
2036,33.91254,0.0,0.0,0.0
2037,33.92932,0.0,0.0,0.0
2038,33.94585,0.0,0.0,0.0
2039,33.96257,0.0,0.0,0.0
2040,33.97929,0.0,0.0,0.0
2041,33.99568,0.0,0.0,0.0
2042,34.01259,0.0,0.0,0.0
2043,34.02917,0.0,0.0,0.0
2044,34.04593,0.0,0.0,0.0
2045,34.06274,0.0,0.0,0.0
2046,34.07904,0.0,0.0,0.0
2047,34.09567,0.0,0.0,0.0
2048,34.11267,0.0,0.0,0.0
2049,34.12904,0.0,0.0,0.0
2050,34.14586,0.0,0.0,0.0
2051,34.16252,0.0,0.0,0.0
2052,34.17923,0.0,0.0,0.0
2053,34.19566,0.0,0.0,0.0
2054,34.21249,0.0,0.0,0.0
2055,34.22911,0.0,0.0,0.0
2056,34.24573,0.0,0.0,0.0
2057,34.26237,0.0,0.0,0.0
2058,34.27902,0.0,0.0,0.0
2059,34.29585,0.0,0.0,0.0
2060,34.31242,0.0,0.0,0.0
2061,34.32921,0.0,0.0,0.0
2062,34.34575,0.0,0.0,0.0
2063,34.36244,0.0,0.0,0.0
2064,34.37906,0.0,0.0,0.0
2065,34.39586,0.0,0.0,0.0
2066,34.4126,0.0,0.0,0.0
2067,34.42903,0.0,0.0,0.0
2068,34.44589,0.0,0.0,0.0
2069,34.46234,0.0,0.0,0.0
2070,34.47908,0.0,0.0,0.0
2071,34.49573,0.0,0.0,0.0
2072,34.51268,0.0,0.0,0.0
2073,34.52919,0.0,0.0,0.0
2074,34.54576,0.0,0.0,0.0
2075,34.56242,0.0,0.0,0.0
2076,34.57927,0.0,0.0,0.0
2077,34.59586,0.0,0.0,0.0
2078,34.61249,0.0,0.0,0.0
2079,34.62894,0.0,0.0,0.0
2080,34.64569,0.0,0.0,0.0
2081,34.66246,0.0,0.0,0.0
2082,34.67892,0.0,0.0,0.0
2083,34.69566,0.0,0.0,0.0
2084,34.7124,0.0,0.0,0.0
2085,34.7289,0.0,0.0,0.0
2086,34.74559,0.0,0.0,0.0
2087,34.76259,0.0,0.0,0.0
2088,34.77892,0.0,0.0,0.0
2089,34.79581,0.0,0.0,0.0
2090,34.81244,0.0,0.0,0.0
2091,34.82915,0.0,0.0,0.0
2092,34.8457,0.0,0.0,0.0
2093,34.86235,0.0,0.0,0.0
2094,34.87904,0.0,0.0,0.0
2095,34.89554,0.0,0.0,0.0
2096,34.91222,0.0,0.0,0.0
2097,34.92902,0.0,0.0,0.0
2098,34.94568,0.0,0.0,0.0
2099,34.96214,0.0,0.0,0.0
2100,34.97888,0.0,0.0,0.0
2101,34.9955,0.0,0.0,0.0
2102,35.01224,0.0,0.0,0.0
2103,35.02884,0.0,0.0,0.0
2104,35.04556,0.0,0.0,0.0
2105,35.06226,0.0,0.0,0.0
2106,35.07906,0.0,0.0,0.0
2107,35.09558,0.0,0.0,0.0
2108,35.11214,0.0,0.0,0.0
2109,35.12883,0.0,0.0,0.0
2110,35.14571,0.0,0.0,0.0
2111,35.16225,0.0,0.0,0.0
2112,35.179,0.0,0.0,0.0
2113,35.19572,0.0,0.0,0.0
2114,35.21213,0.0,0.0,0.0
2115,35.22873,0.0,0.0,0.0
2116,35.24562,0.0,0.0,0.0
2117,35.26216,0.0,0.0,0.0
2118,35.27881,0.0,0.0,0.0
2119,35.29526,0.0,0.0,0.0
2120,35.3123,0.0,0.0,0.0
2121,35.32881,0.0,0.0,0.0
2122,35.34544,0.0,0.0,0.0
2123,35.36226,0.0,0.0,0.0
2124,35.37909,0.0,0.0,0.0
2125,35.39555,0.0,0.0,0.0
2126,35.41251,0.0,0.0,0.0
2127,35.42892,0.0,0.0,0.0
2128,35.44554,0.0,0.0,0.0
2129,35.4623,0.0,0.0,0.0
2130,35.47887,0.0,0.0,0.0
2131,35.49561,0.0,0.0,0.0
2132,35.51216,0.0,0.0,0.0
2133,35.52884,0.0,0.0,0.0
2134,35.5455,0.0,0.0,0.0
2135,35.56219,0.0,0.0,0.0
2136,35.57907,0.0,0.0,0.0
2137,35.59543,0.0,0.0,0.0
2138,35.61229,0.0,0.0,0.0
2139,35.62894,0.0,0.0,0.0
2140,35.64554,0.0,0.0,0.0
2141,35.66212,0.0,0.0,0.0
2142,35.67903,0.0,0.0,0.0
2143,35.69559,0.0,0.0,0.0
2144,35.7122,0.0,0.0,0.0
2145,35.72891,0.0,0.0,0.0
2146,35.74565,0.0,0.0,0.0
2147,35.76239,0.0,0.0,0.0
2148,35.77888,0.0,0.0,0.0
2149,35.79552,0.0,0.0,0.0
2150,35.81215,0.0,0.0,0.0
2151,35.82886,0.0,0.0,0.0
2152,35.84549,0.0,0.0,0.0
2153,35.86215,0.0,0.0,0.0
2154,35.87886,0.0,0.0,0.0
2155,35.89589,0.0,0.0,0.0
2156,35.9124,0.0,0.0,0.0
2157,35.92892,0.0,0.0,0.0
2158,35.94551,0.0,0.0,0.0
2159,35.96246,0.0,0.0,0.0
2160,35.97873,0.0,0.0,0.0
2161,35.99553,0.0,0.0,0.0
2162,36.01208,0.0,0.0,0.0
2163,36.02875,0.0,0.0,0.0
2164,36.04536,0.0,0.0,0.0
2165,36.06209,0.0,0.0,0.0
2166,36.07886,0.0,0.0,0.0
2167,36.09549,0.0,0.0,0.0
2168,36.11212,0.0,0.0,0.0
2169,36.12874,0.0,0.0,0.0
2170,36.14545,0.0,0.0,0.0
2171,36.16206,0.0,0.0,0.0
2172,36.17892,0.0,0.0,0.0
2173,36.19548,0.0,0.0,0.0
2174,36.21205,0.0,0.0,0.0
2175,36.22893,0.0,0.0,0.0
2176,36.24588,0.0,0.0,0.0
2177,36.26213,0.0,0.0,0.0
2178,36.27876,0.0,0.0,0.0
2179,36.29552,0.0,0.0,0.0
2180,36.31229,0.0,0.0,0.0
2181,36.32889,0.0,0.0,0.0
2182,36.34537,0.0,0.0,0.0
2183,36.36212,0.0,0.0,0.0
2184,36.37891,0.0,0.0,0.0
2185,36.39532,0.0,0.0,0.0
2186,36.41206,0.0,0.0,0.0
2187,36.429,0.0,0.0,0.0
2188,36.4456,0.0,0.0,0.0
2189,36.46217,0.0,0.0,0.0
2190,36.479,0.0,0.0,0.0
2191,36.49547,0.0,0.0,0.0
2192,36.51205,0.0,0.0,0.0
2193,36.5287,0.0,0.0,0.0
2194,36.54552,0.0,0.0,0.0
2195,36.56216,0.0,0.0,0.0
2196,36.57872,0.0,0.0,0.0
2197,36.59555,0.0,0.0,0.0
2198,36.61205,0.0,0.0,0.0
2199,36.62859,0.0,0.0,0.0
2200,36.64543,0.0,0.0,0.0
2201,36.662,0.0,0.0,0.0
2202,36.67868,0.0,0.0,0.0
2203,36.69545,0.0,0.0,0.0
2204,36.71207,0.0,0.0,0.0
2205,36.72887,0.0,0.0,0.0
2206,36.74535,0.0,0.0,0.0
2207,36.76196,0.0,0.0,0.0
2208,36.77858,0.0,0.0,0.0
2209,36.79547,0.0,0.0,0.0
2210,36.81209,0.0,0.0,0.0
2211,36.8287,0.0,0.0,0.0
2212,36.84541,0.0,0.0,0.0
2213,36.86212,0.0,0.0,0.0
2214,36.87874,0.0,0.0,0.0
2215,36.89525,0.0,0.0,0.0
2216,36.9119,0.0,0.0,0.0
2217,36.92874,0.0,0.0,0.0
2218,36.9454,0.0,0.0,0.0
2219,36.96193,0.0,0.0,0.0
2220,36.97884,0.0,0.0,0.0
2221,36.99545,0.0,0.0,0.0
2222,37.01192,0.0,0.0,0.0
2223,37.02864,0.0,0.0,0.0
2224,37.04535,0.0,0.0,0.0
2225,37.06204,0.0,0.0,0.0
2226,37.07854,0.0,0.0,0.0
2227,37.09544,0.0,0.0,0.0
2228,37.11218,0.0,0.0,0.0
2229,37.12851,0.0,0.0,0.0
2230,37.14543,0.0,0.0,0.0
2231,37.16199,0.0,0.0,0.0
2232,37.17873,0.0,0.0,0.0
2233,37.19553,0.0,0.0,0.0
2234,37.21201,0.0,0.0,0.0
2235,37.22896,0.0,0.0,0.0
2236,37.24532,0.0,0.0,0.0
2237,37.26201,0.0,0.0,0.0
2238,37.27858,0.0,0.0,0.0
2239,37.29524,0.0,0.0,0.0
2240,37.31204,0.0,0.0,0.0
2241,37.3288,0.0,0.0,0.0
2242,37.34546,0.0,0.0,0.0
2243,37.36198,0.0,0.0,0.0
2244,37.37897,0.0,0.0,0.0
2245,37.39514,0.0,0.0,0.0
2246,37.41183,0.0,0.0,0.0
2247,37.42856,0.0,0.0,0.0
2248,37.44571,0.0,0.0,0.0
2249,37.46196,0.0,0.0,0.0
2250,37.47862,0.0,0.0,0.0
2251,37.49529,0.0,0.0,0.0
2252,37.51199,0.0,0.0,0.0
2253,37.52852,0.0,0.0,0.0
2254,37.54521,0.0,0.0,0.0
2255,37.56184,0.0,0.0,0.0
2256,37.57857,0.0,0.0,0.0
2257,37.59532,0.0,0.0,0.0
2258,37.61186,0.0,0.0,0.0
2259,37.62856,0.0,0.0,0.0
2260,37.64517,0.0,0.0,0.0
2261,37.66188,0.0,0.0,0.0
2262,37.67867,0.0,0.0,0.0
2263,37.69537,0.0,0.0,0.0
2264,37.7119,0.0,0.0,0.0
2265,37.72856,0.0,0.0,0.0
2266,37.74536,0.0,0.0,0.0
2267,37.76207,0.0,0.0,0.0
2268,37.77859,0.0,0.0,0.0
2269,37.79523,0.0,0.0,0.0
2270,37.81189,0.0,0.0,0.0
2271,37.82851,0.0,0.0,0.0
2272,37.84515,0.0,0.0,0.0
2273,37.8618,0.0,0.0,0.0
2274,37.87846,0.0,0.0,0.0
2275,37.89517,0.0,0.0,0.0
2276,37.91187,0.0,0.0,0.0
2277,37.92854,0.0,0.0,0.0
2278,37.94513,0.0,0.0,0.0
2279,37.96201,0.0,0.0,0.0
2280,37.97871,0.0,0.0,0.0
2281,37.99522,0.0,0.0,0.0
2282,38.01183,0.0,0.0,0.0
2283,38.02838,0.0,0.0,0.0
2284,38.04524,0.0,0.0,0.0
2285,38.06184,0.0,0.0,0.0
2286,38.07845,0.0,0.0,0.0
2287,38.09534,0.0,0.0,0.0
2288,38.11183,0.0,0.0,0.0
2289,38.12863,0.0,0.0,0.0
2290,38.14519,0.0,0.0,0.0
2291,38.16183,0.0,0.0,0.0
2292,38.1787,0.0,0.0,0.0
2293,38.19505,0.0,0.0,0.0
2294,38.21164,0.0,0.0,0.0
2295,38.22859,0.0,0.0,0.0
2296,38.24512,0.0,0.0,0.0
2297,38.26195,0.0,0.0,0.0
2298,38.27846,0.0,0.0,0.0
2299,38.2951,0.0,0.0,0.0
2300,38.3118,0.0,0.0,0.0
2301,38.32845,0.0,0.0,0.0
2302,38.34509,0.0,0.0,0.0
2303,38.36182,0.0,0.0,0.0
2304,38.37831,0.0,0.0,0.0
2305,38.395,0.0,0.0,0.0
2306,38.41176,0.0,0.0,0.0
2307,38.42839,0.0,0.0,0.0
2308,38.44522,0.0,0.0,0.0
2309,38.46191,0.0,0.0,0.0
2310,38.47852,0.0,0.0,0.0
2311,38.49518,0.0,0.0,0.0
2312,38.5118,0.0,0.0,0.0
2313,38.52861,0.0,0.0,0.0
2314,38.54536,0.0,0.0,0.0
2315,38.5618,0.0,0.0,0.0
2316,38.57867,0.0,0.0,0.0
2317,38.59514,0.0,0.0,0.0
2318,38.6118,0.0,0.0,0.0
2319,38.62852,0.0,0.0,0.0
2320,38.64517,0.0,0.0,0.0
2321,38.66211,0.0,0.0,0.0
2322,38.67848,0.0,0.0,0.0
2323,38.69514,0.0,0.0,0.0
2324,38.71184,0.0,0.0,0.0
2325,38.72867,0.0,0.0,0.0
2326,38.74513,0.0,0.0,0.0
2327,38.7617,0.0,0.0,0.0
2328,38.77847,0.0,0.0,0.0
2329,38.79515,0.0,0.0,0.0
2330,38.81174,0.0,0.0,0.0
2331,38.82809,0.0,0.0,0.0
2332,38.84514,0.0,0.0,0.0
2333,38.86172,0.0,0.0,0.0
2334,38.87828,0.0,0.0,0.0
2335,38.89499,0.0,0.0,0.0
2336,38.91177,0.0,0.0,0.0
2337,38.92842,0.0,0.0,0.0
2338,38.94528,0.0,0.0,0.0
2339,38.96173,0.0,0.0,0.0
2340,38.97852,0.0,0.0,0.0
2341,38.99515,0.0,0.0,0.0
2342,39.01186,0.0,0.0,0.0
2343,39.02859,0.0,0.0,0.0
2344,39.04514,0.0,0.0,0.0
2345,39.0618,0.0,0.0,0.0
2346,39.07835,0.0,0.0,0.0
2347,39.09492,0.0,0.0,0.0
2348,39.11159,0.0,0.0,0.0
2349,39.12833,0.0,0.0,0.0
2350,39.14517,0.0,0.0,0.0
2351,39.16171,0.0,0.0,0.0
2352,39.17848,0.0,0.0,0.0
2353,39.19514,0.0,0.0,0.0
2354,39.21147,0.0,0.0,0.0
2355,39.22849,0.0,0.0,0.0
2356,39.24492,0.0,0.0,0.0
2357,39.26155,0.0,0.0,0.0
2358,39.27827,0.0,0.0,0.0
2359,39.29501,0.0,0.0,0.0
2360,39.31168,0.0,0.0,0.0
2361,39.32823,0.0,0.0,0.0
2362,39.34497,0.0,0.0,0.0
2363,39.36177,0.0,0.0,0.0
2364,39.37831,0.0,0.0,0.0
2365,39.39503,0.0,0.0,0.0
2366,39.41173,0.0,0.0,0.0
2367,39.42831,0.0,0.0,0.0
2368,39.44495,0.0,0.0,0.0
2369,39.46162,0.0,0.0,0.0
2370,39.4783,0.0,0.0,0.0
2371,39.49512,0.0,0.0,0.0
2372,39.5118,0.0,0.0,0.0
2373,39.52823,0.0,0.0,0.0
2374,39.54491,0.0,0.0,0.0
2375,39.56189,0.0,0.0,0.0
2376,39.57823,0.0,0.0,0.0
2377,39.59486,0.0,0.0,0.0
2378,39.61153,0.0,0.0,0.0
2379,39.6283,0.0,0.0,0.0
2380,39.64488,0.0,0.0,0.0
2381,39.6618,0.0,0.0,0.0
2382,39.67818,0.0,0.0,0.0
2383,39.69516,0.0,0.0,0.0
2384,39.71158,0.0,0.0,0.0
2385,39.72827,0.0,0.0,0.0
2386,39.74467,0.0,0.0,0.0
2387,39.7617,0.0,0.0,0.0
2388,39.77843,0.0,0.0,0.0
2389,39.79488,0.0,0.0,0.0
2390,39.81146,0.0,0.0,0.0
2391,39.82809,0.0,0.0,0.0
2392,39.84494,0.0,0.0,0.0
2393,39.86154,0.0,0.0,0.0
2394,39.87825,0.0,0.0,0.0
2395,39.89485,0.0,0.0,0.0
2396,39.91179,0.0,0.0,0.0
2397,39.92819,0.0,0.0,0.0
2398,39.94489,0.0,0.0,0.0
2399,39.9617,0.0,0.0,0.0
2400,39.97821,0.0,0.0,0.0
2401,39.99492,0.0,0.0,0.0
2402,40.0116,0.0,0.0,0.0
2403,40.02814,0.0,0.0,0.0
2404,40.04503,0.0,0.0,0.0
2405,40.06154,0.0,0.0,0.0
2406,40.07819,0.0,0.0,0.0
2407,40.09485,0.0,0.0,0.0
2408,40.11148,0.0,0.0,0.0
2409,40.12833,0.0,0.0,0.0
2410,40.14485,0.0,0.0,0.0
2411,40.16168,0.0,0.0,0.0
2412,40.17813,0.0,0.0,0.0
2413,40.19487,0.0,0.0,0.0
2414,40.21149,0.0,0.0,0.0
2415,40.22806,0.0,0.0,0.0
2416,40.24493,0.0,0.0,0.0
2417,40.26154,0.0,0.0,0.0
2418,40.27837,0.0,0.0,0.0
2419,40.29492,0.0,0.0,0.0
2420,40.31137,0.0,0.0,0.0
2421,40.32816,0.0,0.0,0.0
2422,40.34506,0.0,0.0,0.0
2423,40.3616,0.0,0.0,0.0
2424,40.37827,0.0,0.0,0.0
2425,40.39479,0.0,0.0,0.0
2426,40.41147,0.0,0.0,0.0
2427,40.42818,0.0,0.0,0.0
2428,40.4449,0.0,0.0,0.0
2429,40.46153,0.0,0.0,0.0
2430,40.47807,0.0,0.0,0.0
2431,40.49496,0.0,0.0,0.0
2432,40.51146,0.0,0.0,0.0
2433,40.52797,0.0,0.0,0.0
2434,40.54498,0.0,0.0,0.0
2435,40.56151,0.0,0.0,0.0
2436,40.57823,0.0,0.0,0.0
2437,40.59525,0.0,0.0,0.0
2438,40.61153,0.0,0.0,0.0
2439,40.62822,0.0,0.0,0.0
2440,40.64493,0.0,0.0,0.0
2441,40.66153,0.0,0.0,0.0
2442,40.67822,0.0,0.0,0.0
2443,40.69516,0.0,0.0,0.0
2444,40.71138,0.0,0.0,0.0
2445,40.72816,0.0,0.0,0.0
2446,40.74507,0.0,0.0,0.0
2447,40.76199,0.0,0.0,0.0
2448,40.77809,0.0,0.0,0.0
2449,40.79477,0.0,0.0,0.0
2450,40.8118,0.0,0.0,0.0
2451,40.82846,0.0,0.0,0.0
2452,40.84492,0.0,0.0,0.0
2453,40.86157,0.0,0.0,0.0
2454,40.87817,0.0,0.0,0.0
2455,40.89487,0.0,0.0,0.0
2456,40.91161,0.0,0.0,0.0
2457,40.92812,0.0,0.0,0.0
2458,40.94501,0.0,0.0,0.0
2459,40.96146,0.0,0.0,0.0
2460,40.97806,0.0,0.0,0.0
2461,40.99483,0.0,0.0,0.0
2462,41.01164,0.0,0.0,0.0
2463,41.02824,0.0,0.0,0.0
2464,41.04482,0.0,0.0,0.0
2465,41.06186,0.0,0.0,0.0
2466,41.07848,0.0,0.0,0.0
2467,41.0947,0.0,0.0,0.0
2468,41.1115,0.0,0.0,0.0
2469,41.1281,0.0,0.0,0.0
2470,41.14479,0.0,0.0,0.0
2471,41.16148,0.0,0.0,0.0
2472,41.17805,0.0,0.0,0.0
2473,41.19496,0.0,0.0,0.0
2474,41.21152,0.0,0.0,0.0
2475,41.22815,0.0,0.0,0.0
2476,41.24486,0.0,0.0,0.0
2477,41.26144,0.0,0.0,0.0
2478,41.27811,0.0,0.0,0.0
2479,41.29495,0.0,0.0,0.0
2480,41.31163,0.0,0.0,0.0
2481,41.32808,0.0,0.0,0.0
2482,41.34464,0.0,0.0,0.0
2483,41.36142,0.0,0.0,0.0
2484,41.3781,0.0,0.0,0.0
2485,41.39493,0.0,0.0,0.0
2486,41.41145,0.0,0.0,0.0
2487,41.42796,0.0,0.0,0.0
2488,41.44464,0.0,0.0,0.0
2489,41.46136,0.0,0.0,0.0
2490,41.47801,0.0,0.0,0.0
2491,41.49492,0.0,0.0,0.0
2492,41.51126,0.0,0.0,0.0
2493,41.52805,0.0,0.0,0.0
2494,41.54485,0.0,0.0,0.0
2495,41.56131,0.0,0.0,0.0
2496,41.57805,0.0,0.0,0.0
2497,41.59489,0.0,0.0,0.0
2498,41.61176,0.0,0.0,0.0
2499,41.62794,0.0,0.0,0.0
2500,41.64478,0.0,0.0,0.0
2501,41.66136,0.0,0.0,0.0
2502,41.67809,0.0,0.0,0.0
2503,41.69479,0.0,0.0,0.0
2504,41.71136,0.0,0.0,0.0
2505,41.72855,0.0,0.0,0.0
2506,41.74471,0.0,0.0,0.0
2507,41.76141,0.0,0.0,0.0
2508,41.77805,0.0,0.0,0.0
2509,41.79478,0.0,0.0,0.0
2510,41.81155,0.0,0.0,0.0
2511,41.82805,0.0,0.0,0.0
2512,41.84494,0.0,0.0,0.0
2513,41.86137,0.0,0.0,0.0
2514,41.87831,0.0,0.0,0.0
2515,41.89473,0.0,0.0,0.0
2516,41.91136,0.0,0.0,0.0
2517,41.92793,0.0,0.0,0.0
2518,41.94473,0.0,0.0,0.0
2519,41.96136,0.0,0.0,0.0
2520,41.97826,0.0,0.0,0.0
2521,41.99477,0.0,0.0,0.0
2522,42.0117,0.0,0.0,0.0
2523,42.02797,0.0,0.0,0.0
2524,42.04468,0.0,0.0,0.0
2525,42.06142,0.0,0.0,0.0
2526,42.07788,0.0,0.0,0.0
2527,42.09462,0.0,0.0,0.0
2528,42.11142,0.0,0.0,0.0
2529,42.12837,0.0,0.0,0.0
2530,42.14479,0.0,0.0,0.0
2531,42.16142,0.0,0.0,0.0
2532,42.17795,0.0,0.0,0.0
2533,42.1949,0.0,0.0,0.0
2534,42.21136,0.0,0.0,0.0
2535,42.22827,0.0,0.0,0.0
2536,42.24467,0.0,0.0,0.0
2537,42.26132,0.0,0.0,0.0
2538,42.27818,0.0,0.0,0.0
2539,42.29474,0.0,0.0,0.0
2540,42.31142,0.0,0.0,0.0
2541,42.32788,0.0,0.0,0.0
2542,42.34465,0.0,0.0,0.0
2543,42.36133,0.0,0.0,0.0
2544,42.3779,0.0,0.0,0.0
2545,42.39484,0.0,0.0,0.0
2546,42.41141,0.0,0.0,0.0
2547,42.42798,0.0,0.0,0.0
2548,42.44479,0.0,0.0,0.0
2549,42.46155,0.0,0.0,0.0
2550,42.47787,0.0,0.0,0.0
2551,42.49461,0.0,0.0,0.0
2552,42.51137,0.0,0.0,0.0
2553,42.52805,0.0,0.0,0.0
2554,42.54451,0.0,0.0,0.0
2555,42.56133,0.0,0.0,0.0
2556,42.57828,0.0,0.0,0.0
2557,42.59453,0.0,0.0,0.0
2558,42.61122,0.0,0.0,0.0
2559,42.62799,0.0,0.0,0.0
2560,42.64481,0.0,0.0,0.0
2561,42.66121,0.0,0.0,0.0
2562,42.6779,0.0,0.0,0.0
2563,42.6946,0.0,0.0,0.0
2564,42.71133,0.0,0.0,0.0
2565,42.72809,0.0,0.0,0.0
2566,42.7446,0.0,0.0,0.0
2567,42.76125,0.0,0.0,0.0
2568,42.77803,0.0,0.0,0.0
2569,42.79494,0.0,0.0,0.0
2570,42.81126,0.0,0.0,0.0
2571,42.82784,0.0,0.0,0.0
2572,42.84453,0.0,0.0,0.0
2573,42.8614,0.0,0.0,0.0
2574,42.87793,0.0,0.0,0.0
2575,42.89493,0.0,0.0,0.0
2576,42.91135,0.0,0.0,0.0
2577,42.92815,0.0,0.0,0.0
2578,42.94458,0.0,0.0,0.0
2579,42.9614,0.0,0.0,0.0
2580,42.97804,0.0,0.0,0.0
2581,42.99464,0.0,0.0,0.0
2582,43.01123,0.0,0.0,0.0
2583,43.02792,0.0,0.0,0.0
2584,43.04459,0.0,0.0,0.0
2585,43.0612,0.0,0.0,0.0
2586,43.07788,0.0,0.0,0.0
2587,43.09473,0.0,0.0,0.0
2588,43.11131,0.0,0.0,0.0
2589,43.12807,0.0,0.0,0.0
2590,43.14447,0.0,0.0,0.0
2591,43.16132,0.0,0.0,0.0
2592,43.17781,0.0,0.0,0.0
2593,43.19464,0.0,0.0,0.0
2594,43.2114,0.0,0.0,0.0
2595,43.22783,0.0,0.0,0.0
2596,43.24457,0.0,0.0,0.0
2597,43.26118,0.0,0.0,0.0
2598,43.278,0.0,0.0,0.0
2599,43.29446,0.0,0.0,0.0
2600,43.31145,0.0,0.0,0.0
2601,43.32811,0.0,0.0,0.0
2602,43.3446,0.0,0.0,0.0
2603,43.36148,0.0,0.0,0.0
2604,43.37793,0.0,0.0,0.0
2605,43.39484,0.0,0.0,0.0
2606,43.41133,0.0,0.0,0.0
2607,43.4279,0.0,0.0,0.0
2608,43.44463,0.0,0.0,0.0
2609,43.46112,0.0,0.0,0.0
2610,43.47813,0.0,0.0,0.0
2611,43.49492,0.0,0.0,0.0
2612,43.51117,0.0,0.0,0.0
2613,43.52782,0.0,0.0,0.0
2614,43.54457,0.0,0.0,0.0
2615,43.56107,0.0,0.0,0.0
2616,43.5779,0.0,0.0,0.0
2617,43.59468,0.0,0.0,0.0
2618,43.61133,0.0,0.0,0.0
2619,43.62782,0.0,0.0,0.0
2620,43.64468,0.0,0.0,0.0
2621,43.66101,0.0,0.0,0.0
2622,43.67798,0.0,0.0,0.0
2623,43.6946,0.0,0.0,0.0
2624,43.71135,0.0,0.0,0.0
2625,43.72772,0.0,0.0,0.0
2626,43.74451,0.0,0.0,0.0
2627,43.76122,0.0,0.0,0.0
2628,43.77788,0.0,0.0,0.0
2629,43.79443,0.0,0.0,0.0
2630,43.81123,0.0,0.0,0.0
2631,43.82768,0.0,0.0,0.0
2632,43.84454,0.0,0.0,0.0
2633,43.86134,0.0,0.0,0.0
2634,43.8779,0.0,0.0,0.0
2635,43.89468,0.0,0.0,0.0
2636,43.91124,0.0,0.0,0.0
2637,43.92783,0.0,0.0,0.0
2638,43.94446,0.0,0.0,0.0
2639,43.96114,0.0,0.0,0.0
2640,43.97809,0.0,0.0,0.0
2641,43.99446,0.0,0.0,0.0
2642,44.0112,0.0,0.0,0.0
2643,44.02776,0.0,0.0,0.0
2644,44.04454,0.0,0.0,0.0
2645,44.06119,0.0,0.0,0.0
2646,44.07782,0.0,0.0,0.0
2647,44.09459,0.0,0.0,0.0
2648,44.11131,0.0,0.0,0.0
2649,44.12787,0.0,0.0,0.0
2650,44.14442,0.0,0.0,0.0
2651,44.16107,0.0,0.0,0.0
2652,44.17776,0.0,0.0,0.0
2653,44.19441,0.0,0.0,0.0
2654,44.21089,0.0,0.0,0.0
2655,44.22772,0.0,0.0,0.0
2656,44.24449,0.0,0.0,0.0
2657,44.26103,0.0,0.0,0.0
2658,44.27777,0.0,0.0,0.0
2659,44.29445,0.0,0.0,0.0
2660,44.31122,0.0,0.0,0.0
2661,44.32808,0.0,0.0,0.0
2662,44.34444,0.0,0.0,0.0
2663,44.36108,0.0,0.0,0.0
2664,44.37778,0.0,0.0,0.0
2665,44.39461,0.0,0.0,0.0
2666,44.41107,0.0,0.0,0.0
2667,44.42772,0.0,0.0,0.0
2668,44.44444,0.0,0.0,0.0
2669,44.46101,0.0,0.0,0.0
2670,44.47775,0.0,0.0,0.0
2671,44.49446,0.0,0.0,0.0
2672,44.51079,0.0,0.0,0.0
2673,44.52768,0.0,0.0,0.0
2674,44.54442,0.0,0.0,0.0
2675,44.56105,0.0,0.0,0.0
2676,44.57782,0.0,0.0,0.0
2677,44.5946,0.0,0.0,0.0
2678,44.61098,0.0,0.0,0.0
2679,44.62778,0.0,0.0,0.0
2680,44.64424,0.0,0.0,0.0
2681,44.66103,0.0,0.0,0.0
2682,44.67758,0.0,0.0,0.0
2683,44.69429,0.0,0.0,0.0
2684,44.71101,0.0,0.0,0.0
2685,44.72774,0.0,0.0,0.0
2686,44.74434,0.0,0.0,0.0
2687,44.76094,0.0,0.0,0.0
2688,44.7778,0.0,0.0,0.0
2689,44.79445,0.0,0.0,0.0
2690,44.81094,0.0,0.0,0.0
2691,44.8277,0.0,0.0,0.0
2692,44.84433,0.0,0.0,0.0
2693,44.86096,0.0,0.0,0.0
2694,44.87769,0.0,0.0,0.0
2695,44.89436,0.0,0.0,0.0
2696,44.911,0.0,0.0,0.0
2697,44.92773,0.0,0.0,0.0
2698,44.9444,0.0,0.0,0.0
2699,44.96114,0.0,0.0,0.0
2700,44.97754,0.0,0.0,0.0
2701,44.99425,0.0,0.0,0.0
2702,45.01108,0.0,0.0,0.0
2703,45.02776,0.0,0.0,0.0
2704,45.0443,0.0,0.0,0.0
2705,45.06088,0.0,0.0,0.0
2706,45.0778,0.0,0.0,0.0
2707,45.0943,0.0,0.0,0.0
2708,45.11116,0.0,0.0,0.0
2709,45.12735,0.0,0.0,0.0
2710,45.14433,0.0,0.0,0.0
2711,45.16081,0.0,0.0,0.0
2712,45.17758,0.0,0.0,0.0
2713,45.19438,0.0,0.0,0.0
2714,45.21104,0.0,0.0,0.0
2715,45.22758,0.0,0.0,0.0
2716,45.24426,0.0,0.0,0.0
2717,45.26082,0.0,0.0,0.0
2718,45.27757,0.0,0.0,0.0
2719,45.29425,0.0,0.0,0.0
2720,45.3109,0.0,0.0,0.0
2721,45.32793,0.0,0.0,0.0
2722,45.34427,0.0,0.0,0.0
2723,45.36136,0.0,0.0,0.0
2724,45.37761,0.0,0.0,0.0
2725,45.39436,0.0,0.0,0.0
2726,45.4109,0.0,0.0,0.0
2727,45.42738,0.0,0.0,0.0
2728,45.44411,0.0,0.0,0.0
2729,45.46083,0.0,0.0,0.0
2730,45.47777,0.0,0.0,0.0
2731,45.49435,0.0,0.0,0.0
2732,45.51073,0.0,0.0,0.0
2733,45.52737,0.0,0.0,0.0
2734,45.54402,0.0,0.0,0.0
2735,45.56093,0.0,0.0,0.0
2736,45.57765,0.0,0.0,0.0
2737,45.59442,0.0,0.0,0.0
2738,45.61096,0.0,0.0,0.0
2739,45.62761,0.0,0.0,0.0
2740,45.6442,0.0,0.0,0.0
2741,45.66087,0.0,0.0,0.0
2742,45.67757,0.0,0.0,0.0
2743,45.6942,0.0,0.0,0.0
2744,45.71092,0.0,0.0,0.0
2745,45.728,0.0,0.0,0.0
2746,45.7444,0.0,0.0,0.0
2747,45.76125,0.0,0.0,0.0
2748,45.77774,0.0,0.0,0.0
2749,45.79439,0.0,0.0,0.0
2750,45.81105,0.0,0.0,0.0
2751,45.82768,0.0,0.0,0.0
2752,45.84424,0.0,0.0,0.0
2753,45.86089,0.0,0.0,0.0
2754,45.87784,0.0,0.0,0.0
2755,45.89427,0.0,0.0,0.0
2756,45.91084,0.0,0.0,0.0
2757,45.92761,0.0,0.0,0.0
2758,45.94437,0.0,0.0,0.0
2759,45.96097,0.0,0.0,0.0
2760,45.9776,0.0,0.0,0.0
2761,45.99458,0.0,0.0,0.0
2762,46.01079,0.0,0.0,0.0
2763,46.02754,0.0,0.0,0.0
2764,46.04428,0.0,0.0,0.0
2765,46.06094,0.0,0.0,0.0
2766,46.07776,0.0,0.0,0.0
2767,46.09428,0.0,0.0,0.0
2768,46.11101,0.0,0.0,0.0
2769,46.1275,0.0,0.0,0.0
2770,46.14421,0.0,0.0,0.0
2771,46.161,0.0,0.0,0.0
2772,46.17752,0.0,0.0,0.0
2773,46.19435,0.0,0.0,0.0
2774,46.21085,0.0,0.0,0.0
2775,46.22769,0.0,0.0,0.0
2776,46.24422,0.0,0.0,0.0
2777,46.26102,0.0,0.0,0.0
2778,46.27757,0.0,0.0,0.0
2779,46.29433,0.0,0.0,0.0
2780,46.31104,0.0,0.0,0.0
2781,46.32747,0.0,0.0,0.0
2782,46.34431,0.0,0.0,0.0
2783,46.36081,0.0,0.0,0.0
2784,46.37733,0.0,0.0,0.0
2785,46.39429,0.0,0.0,0.0
2786,46.4111,0.0,0.0,0.0
2787,46.42747,0.0,0.0,0.0
2788,46.44444,0.0,0.0,0.0
2789,46.46075,0.0,0.0,0.0
2790,46.47754,0.0,0.0,0.0
2791,46.4942,0.0,0.0,0.0
2792,46.511,0.0,0.0,0.0
2793,46.52744,0.0,0.0,0.0
2794,46.54446,0.0,0.0,0.0
2795,46.56099,0.0,0.0,0.0
2796,46.57765,0.0,0.0,0.0
2797,46.59415,0.0,0.0,0.0
2798,46.61096,0.0,0.0,0.0
2799,46.62743,0.0,0.0,0.0
2800,46.64406,0.0,0.0,0.0
2801,46.66087,0.0,0.0,0.0
2802,46.67735,0.0,0.0,0.0
2803,46.69421,0.0,0.0,0.0
2804,46.71078,0.0,0.0,0.0
2805,46.72762,0.0,0.0,0.0
2806,46.74454,0.0,0.0,0.0
2807,46.76074,0.0,0.0,0.0
2808,46.7776,0.0,0.0,0.0
2809,46.79404,0.0,0.0,0.0
2810,46.8107,0.0,0.0,0.0
2811,46.82739,0.0,0.0,0.0
2812,46.84412,0.0,0.0,0.0
2813,46.86086,0.0,0.0,0.0
2814,46.87737,0.0,0.0,0.0
2815,46.8941,0.0,0.0,0.0
2816,46.91078,0.0,0.0,0.0
2817,46.92776,0.0,0.0,0.0
2818,46.94441,0.0,0.0,0.0
2819,46.96078,0.0,0.0,0.0
2820,46.97743,0.0,0.0,0.0
2821,46.99413,0.0,0.0,0.0
2822,47.01082,0.0,0.0,0.0
2823,47.02722,0.0,0.0,0.0
2824,47.0444,0.0,0.0,0.0
2825,47.06081,0.0,0.0,0.0
2826,47.07753,0.0,0.0,0.0
2827,47.09413,0.0,0.0,0.0
2828,47.11092,0.0,0.0,0.0
2829,47.12724,0.0,0.0,0.0
2830,47.14409,0.0,0.0,0.0
2831,47.16078,0.0,0.0,0.0
2832,47.17757,0.0,0.0,0.0
2833,47.19434,0.0,0.0,0.0
2834,47.21097,0.0,0.0,0.0
2835,47.22758,0.0,0.0,0.0
2836,47.2442,0.0,0.0,0.0
2837,47.26076,0.0,0.0,0.0
2838,47.2774,0.0,0.0,0.0
2839,47.29424,0.0,0.0,0.0
2840,47.31096,0.0,0.0,0.0
2841,47.32739,0.0,0.0,0.0
2842,47.34413,0.0,0.0,0.0
2843,47.36066,0.0,0.0,0.0
2844,47.37735,0.0,0.0,0.0
2845,47.39424,0.0,0.0,0.0
2846,47.41064,0.0,0.0,0.0
2847,47.42726,0.0,0.0,0.0
2848,47.44411,0.0,0.0,0.0
2849,47.46086,0.0,0.0,0.0
2850,47.47728,0.0,0.0,0.0
2851,47.49417,0.0,0.0,0.0
2852,47.51068,0.0,0.0,0.0
2853,47.52768,0.0,0.0,0.0
2854,47.54414,0.0,0.0,0.0
2855,47.56061,0.0,0.0,0.0
2856,47.57748,0.0,0.0,0.0
2857,47.59407,0.0,0.0,0.0
2858,47.61067,0.0,0.0,0.0
2859,47.62746,0.0,0.0,0.0
2860,47.644,0.0,0.0,0.0
2861,47.66084,0.0,0.0,0.0
2862,47.67726,0.0,0.0,0.0
2863,47.69391,0.0,0.0,0.0
2864,47.71088,0.0,0.0,0.0
2865,47.72757,0.0,0.0,0.0
2866,47.74411,0.0,0.0,0.0
2867,47.7607,0.0,0.0,0.0
2868,47.77765,0.0,0.0,0.0
2869,47.79385,0.0,0.0,0.0
2870,47.81085,0.0,0.0,0.0
2871,47.82733,0.0,0.0,0.0
2872,47.84445,0.0,0.0,0.0
2873,47.86069,0.0,0.0,0.0
2874,47.87732,0.0,0.0,0.0
2875,47.89413,0.0,0.0,0.0
2876,47.91066,0.0,0.0,0.0
2877,47.92725,0.0,0.0,0.0
2878,47.94408,0.0,0.0,0.0
2879,47.96077,0.0,0.0,0.0
2880,47.97752,0.0,0.0,0.0
2881,47.99402,0.0,0.0,0.0
2882,48.01064,0.0,0.0,0.0
2883,48.02782,0.0,0.0,0.0
2884,48.04408,0.0,0.0,0.0
2885,48.06075,0.0,0.0,0.0
2886,48.07742,0.0,0.0,0.0
2887,48.09404,0.0,0.0,0.0
2888,48.11075,0.0,0.0,0.0
2889,48.12759,0.0,0.0,0.0
2890,48.14397,0.0,0.0,0.0
2891,48.16054,0.0,0.0,0.0
2892,48.1774,0.0,0.0,0.0
2893,48.19389,0.0,0.0,0.0
2894,48.21088,0.0,0.0,0.0
2895,48.22716,0.0,0.0,0.0
2896,48.24394,0.0,0.0,0.0
2897,48.26077,0.0,0.0,0.0
2898,48.2773,0.0,0.0,0.0
2899,48.29414,0.0,0.0,0.0
2900,48.31061,0.0,0.0,0.0
2901,48.32741,0.0,0.0,0.0
2902,48.3441,0.0,0.0,0.0
2903,48.36063,0.0,0.0,0.0
2904,48.37743,0.0,0.0,0.0
2905,48.39397,0.0,0.0,0.0
2906,48.41061,0.0,0.0,0.0
2907,48.4274,0.0,0.0,0.0
2908,48.44395,0.0,0.0,0.0
2909,48.4606,0.0,0.0,0.0
2910,48.47722,0.0,0.0,0.0
2911,48.494,0.0,0.0,0.0
2912,48.5108,0.0,0.0,0.0
2913,48.52722,0.0,0.0,0.0
2914,48.54398,0.0,0.0,0.0
2915,48.56076,0.0,0.0,0.0
2916,48.57747,0.0,0.0,0.0
2917,48.5941,0.0,0.0,0.0
2918,48.61069,0.0,0.0,0.0
2919,48.62723,0.0,0.0,0.0
2920,48.64391,0.0,0.0,0.0
2921,48.66055,0.0,0.0,0.0
2922,48.67728,0.0,0.0,0.0
2923,48.69434,0.0,0.0,0.0
2924,48.71068,0.0,0.0,0.0
2925,48.72713,0.0,0.0,0.0
2926,48.74411,0.0,0.0,0.0
2927,48.76053,0.0,0.0,0.0
2928,48.77722,0.0,0.0,0.0
2929,48.79385,0.0,0.0,0.0
2930,48.81078,0.0,0.0,0.0
2931,48.82732,0.0,0.0,0.0
2932,48.84396,0.0,0.0,0.0
2933,48.86046,0.0,0.0,0.0
2934,48.87732,0.0,0.0,0.0
2935,48.89392,0.0,0.0,0.0
2936,48.91055,0.0,0.0,0.0
2937,48.92751,0.0,0.0,0.0
2938,48.94398,0.0,0.0,0.0
2939,48.96059,0.0,0.0,0.0
2940,48.97714,0.0,0.0,0.0
2941,48.99391,0.0,0.0,0.0
2942,49.01064,0.0,0.0,0.0
2943,49.02724,0.0,0.0,0.0
2944,49.0439,0.0,0.0,0.0
2945,49.06041,0.0,0.0,0.0
2946,49.07716,0.0,0.0,0.0
2947,49.0939,0.0,0.0,0.0
2948,49.11073,0.0,0.0,0.0
2949,49.1274,0.0,0.0,0.0
2950,49.144,0.0,0.0,0.0
2951,49.16066,0.0,0.0,0.0
2952,49.17711,0.0,0.0,0.0
2953,49.19392,0.0,0.0,0.0
2954,49.21056,0.0,0.0,0.0
2955,49.2272,0.0,0.0,0.0
2956,49.24384,0.0,0.0,0.0
2957,49.26045,0.0,0.0,0.0
2958,49.27711,0.0,0.0,0.0
2959,49.29387,0.0,0.0,0.0
2960,49.31076,0.0,0.0,0.0
2961,49.3271,0.0,0.0,0.0
2962,49.34409,0.0,0.0,0.0
2963,49.36047,0.0,0.0,0.0
2964,49.37697,0.0,0.0,0.0
2965,49.39384,0.0,0.0,0.0
2966,49.41048,0.0,0.0,0.0
2967,49.42717,0.0,0.0,0.0
2968,49.44403,0.0,0.0,0.0
2969,49.46033,0.0,0.0,0.0
2970,49.47711,0.0,0.0,0.0
2971,49.49403,0.0,0.0,0.0
2972,49.51042,0.0,0.0,0.0
2973,49.52705,0.0,0.0,0.0
2974,49.54369,0.0,0.0,0.0
2975,49.56059,0.0,0.0,0.0
2976,49.57721,0.0,0.0,0.0
2977,49.59396,0.0,0.0,0.0
2978,49.61035,0.0,0.0,0.0
2979,49.62715,0.0,0.0,0.0
2980,49.64374,0.0,0.0,0.0
2981,49.66046,0.0,0.0,0.0
2982,49.677,0.0,0.0,0.0
2983,49.69379,0.0,0.0,0.0
2984,49.71059,0.0,0.0,0.0
2985,49.72699,0.0,0.0,0.0
2986,49.74396,0.0,0.0,0.0
2987,49.76045,0.0,0.0,0.0
2988,49.77737,0.0,0.0,0.0
2989,49.7939,0.0,0.0,0.0
2990,49.81047,0.0,0.0,0.0
2991,49.82689,0.0,0.0,0.0
2992,49.8438,0.0,0.0,0.0
2993,49.86043,0.0,0.0,0.0
2994,49.87686,0.0,0.0,0.0
2995,49.89372,0.0,0.0,0.0
2996,49.91046,0.0,0.0,0.0
2997,49.92705,0.0,0.0,0.0
2998,49.94391,0.0,0.0,0.0
2999,49.96034,0.0,0.0,0.0
3000,49.97687,0.0,0.0,0.0
3001,49.99359,0.0,0.0,0.0
3002,50.01021,0.0,0.0,0.0
3003,50.02679,0.0,0.0,0.0
3004,50.04372,0.0,0.0,0.0
3005,50.06026,0.0,0.0,0.0
3006,50.07698,0.0,0.0,0.0
3007,50.09393,0.0,0.0,0.0
3008,50.11038,0.0,0.0,0.0
3009,50.12718,0.0,0.0,0.0
3010,50.14374,0.0,0.0,0.0
3011,50.16057,0.0,0.0,0.0
3012,50.17699,0.0,0.0,0.0
3013,50.19403,0.0,0.0,0.0
3014,50.2104,0.0,0.0,0.0
3015,50.22687,0.0,0.0,0.0
3016,50.24367,0.0,0.0,0.0
3017,50.26039,0.0,0.0,0.0
3018,50.27678,0.0,0.0,0.0
3019,50.29355,0.0,0.0,0.0
3020,50.31029,0.0,0.0,0.0
3021,50.32703,0.0,0.0,0.0
3022,50.34363,0.0,0.0,0.0
3023,50.36034,0.0,0.0,0.0
3024,50.37704,0.0,0.0,0.0
3025,50.39368,0.0,0.0,0.0
3026,50.41029,0.0,0.0,0.0
3027,50.42723,0.0,0.0,0.0
3028,50.44368,0.0,0.0,0.0
3029,50.46034,0.0,0.0,0.0
3030,50.47699,0.0,0.0,0.0
3031,50.49362,0.0,0.0,0.0
3032,50.51045,0.0,0.0,0.0
3033,50.52696,0.0,0.0,0.0
3034,50.54355,0.0,0.0,0.0
3035,50.56023,0.0,0.0,0.0
3036,50.5768,0.0,0.0,0.0
3037,50.59357,0.0,0.0,0.0
3038,50.61031,0.0,0.0,0.0
3039,50.62712,0.0,0.0,0.0
3040,50.64369,0.0,0.0,0.0
3041,50.66028,0.0,0.0,0.0
3042,50.6768,0.0,0.0,0.0
3043,50.69366,0.0,0.0,0.0
3044,50.71019,0.0,0.0,0.0
3045,50.7269,0.0,0.0,0.0
3046,50.74374,0.0,0.0,0.0
3047,50.76033,0.0,0.0,0.0
3048,50.7769,0.0,0.0,0.0
3049,50.79384,0.0,0.0,0.0
3050,50.81018,0.0,0.0,0.0
3051,50.82695,0.0,0.0,0.0
3052,50.84378,0.0,0.0,0.0
3053,50.86037,0.0,0.0,0.0
3054,50.87701,0.0,0.0,0.0
3055,50.89383,0.0,0.0,0.0
3056,50.91026,0.0,0.0,0.0
3057,50.927,0.0,0.0,0.0
3058,50.94386,0.0,0.0,0.0
3059,50.96027,0.0,0.0,0.0
3060,50.97713,0.0,0.0,0.0
3061,50.9938,0.0,0.0,0.0
3062,51.01044,0.0,0.0,0.0
3063,51.02707,0.0,0.0,0.0
3064,51.04382,0.0,0.0,0.0
3065,51.06059,0.0,0.0,0.0
3066,51.07709,0.0,0.0,0.0
3067,51.09357,0.0,0.0,0.0
3068,51.11041,0.0,0.0,0.0
3069,51.12712,0.0,0.0,0.0
3070,51.14368,0.0,0.0,0.0
3071,51.16035,0.0,0.0,0.0
3072,51.17688,0.0,0.0,0.0
3073,51.19362,0.0,0.0,0.0
3074,51.21036,0.0,0.0,0.0
3075,51.22678,0.0,0.0,0.0
3076,51.24367,0.0,0.0,0.0
3077,51.26057,0.0,0.0,0.0
3078,51.2771,0.0,0.0,0.0
3079,51.29384,0.0,0.0,0.0
3080,51.31018,0.0,0.0,0.0
3081,51.32675,0.0,0.0,0.0
3082,51.34369,0.0,0.0,0.0
3083,51.36044,0.0,0.0,0.0
3084,51.37689,0.0,0.0,0.0
3085,51.39349,0.0,0.0,0.0
3086,51.41064,0.0,0.0,0.0
3087,51.42705,0.0,0.0,0.0
3088,51.44348,0.0,0.0,0.0
3089,51.46014,0.0,0.0,0.0
3090,51.47687,0.0,0.0,0.0
3091,51.49376,0.0,0.0,0.0
3092,51.51004,0.0,0.0,0.0
3093,51.52684,0.0,0.0,0.0
3094,51.54372,0.0,0.0,0.0
3095,51.56006,0.0,0.0,0.0
3096,51.57686,0.0,0.0,0.0
3097,51.59355,0.0,0.0,0.0
3098,51.61009,0.0,0.0,0.0
3099,51.62688,0.0,0.0,0.0
3100,51.64366,0.0,0.0,0.0
3101,51.66039,0.0,0.0,0.0
3102,51.67725,0.0,0.0,0.0
3103,51.69337,0.0,0.0,0.0
3104,51.71048,0.0,0.0,0.0
3105,51.72693,0.0,0.0,0.0
3106,51.74361,0.0,0.0,0.0
3107,51.76025,0.0,0.0,0.0
3108,51.77705,0.0,0.0,0.0
3109,51.79361,0.0,0.0,0.0
3110,51.81035,0.0,0.0,0.0
3111,51.8268,0.0,0.0,0.0
3112,51.8434,0.0,0.0,0.0
3113,51.86049,0.0,0.0,0.0
3114,51.87677,0.0,0.0,0.0
3115,51.89348,0.0,0.0,0.0
3116,51.91054,0.0,0.0,0.0
3117,51.92694,0.0,0.0,0.0
3118,51.9436,0.0,0.0,0.0
3119,51.96048,0.0,0.0,0.0
3120,51.97697,0.0,0.0,0.0
3121,51.99377,0.0,0.0,0.0
3122,52.01031,0.0,0.0,0.0
3123,52.0269,0.0,0.0,0.0
3124,52.04373,0.0,0.0,0.0
3125,52.06036,0.0,0.0,0.0
3126,52.07677,0.0,0.0,0.0
3127,52.09352,0.0,0.0,0.0
3128,52.11012,0.0,0.0,0.0
3129,52.12706,0.0,0.0,0.0
3130,52.14392,0.0,0.0,0.0
3131,52.16011,0.0,0.0,0.0
3132,52.17694,0.0,0.0,0.0
3133,52.19383,0.0,0.0,0.0
3134,52.21004,0.0,0.0,0.0
3135,52.22682,0.0,0.0,0.0
3136,52.24353,0.0,0.0,0.0
3137,52.26028,0.0,0.0,0.0
3138,52.27687,0.0,0.0,0.0
3139,52.29343,0.0,0.0,0.0
3140,52.31029,0.0,0.0,0.0
3141,52.32692,0.0,0.0,0.0
3142,52.34343,0.0,0.0,0.0
3143,52.36023,0.0,0.0,0.0
3144,52.37677,0.0,0.0,0.0
3145,52.39372,0.0,0.0,0.0
3146,52.4101,0.0,0.0,0.0
3147,52.42683,0.0,0.0,0.0
3148,52.44344,0.0,0.0,0.0
3149,52.45999,0.0,0.0,0.0
3150,52.47673,0.0,0.0,0.0
3151,52.4933,0.0,0.0,0.0
3152,52.51016,0.0,0.0,0.0
3153,52.52675,0.0,0.0,0.0
3154,52.54355,0.0,0.0,0.0
3155,52.56044,0.0,0.0,0.0
3156,52.57655,0.0,0.0,0.0
3157,52.59351,0.0,0.0,0.0
3158,52.61035,0.0,0.0,0.0
3159,52.62679,0.0,0.0,0.0
3160,52.64357,0.0,0.0,0.0
3161,52.65979,0.0,0.0,0.0
3162,52.67668,0.0,0.0,0.0
3163,52.69344,0.0,0.0,0.0
3164,52.71033,0.0,0.0,0.0
3165,52.72655,0.0,0.0,0.0
3166,52.74359,0.0,0.0,0.0
3167,52.76019,0.0,0.0,0.0
3168,52.77679,0.0,0.0,0.0
3169,52.79366,0.0,0.0,0.0
3170,52.81004,0.0,0.0,0.0
3171,52.827,0.0,0.0,0.0
3172,52.84366,0.0,0.0,0.0
3173,52.86026,0.0,0.0,0.0
3174,52.87669,0.0,0.0,0.0
3175,52.89365,0.0,0.0,0.0
3176,52.91014,0.0,0.0,0.0
3177,52.92664,0.0,0.0,0.0
3178,52.94373,0.0,0.0,0.0
3179,52.95985,0.0,0.0,0.0
3180,52.97664,0.0,0.0,0.0
3181,52.99336,0.0,0.0,0.0
3182,53.00998,0.0,0.0,0.0
3183,53.02672,0.0,0.0,0.0
3184,53.04326,0.0,0.0,0.0
3185,53.06001,0.0,0.0,0.0
3186,53.07668,0.0,0.0,0.0
3187,53.09343,0.0,0.0,0.0
3188,53.10994,0.0,0.0,0.0
3189,53.12659,0.0,0.0,0.0
3190,53.14352,0.0,0.0,0.0
3191,53.16043,0.0,0.0,0.0
3192,53.17702,0.0,0.0,0.0
3193,53.1933,0.0,0.0,0.0
3194,53.21022,0.0,0.0,0.0
3195,53.22688,0.0,0.0,0.0
3196,53.24332,0.0,0.0,0.0
3197,53.25996,0.0,0.0,0.0
3198,53.27669,0.0,0.0,0.0
3199,53.29353,0.0,0.0,0.0
3200,53.31007,0.0,0.0,0.0
3201,53.32677,0.0,0.0,0.0
3202,53.34341,0.0,0.0,0.0
3203,53.36006,0.0,0.0,0.0
3204,53.37663,0.0,0.0,0.0
3205,53.39343,0.0,0.0,0.0
3206,53.4099,0.0,0.0,0.0
3207,53.42659,0.0,0.0,0.0
3208,53.44339,0.0,0.0,0.0
3209,53.4601,0.0,0.0,0.0
3210,53.47667,0.0,0.0,0.0
3211,53.49338,0.0,0.0,0.0
3212,53.51015,0.0,0.0,0.0
3213,53.5269,0.0,0.0,0.0
3214,53.5435,0.0,0.0,0.0
3215,53.55992,0.0,0.0,0.0
3216,53.57663,0.0,0.0,0.0
3217,53.59323,0.0,0.0,0.0
3218,53.60985,0.0,0.0,0.0
3219,53.62663,0.0,0.0,0.0
3220,53.64328,0.0,0.0,0.0
3221,53.65996,0.0,0.0,0.0
3222,53.67659,0.0,0.0,0.0
3223,53.69322,0.0,0.0,0.0
3224,53.70978,0.0,0.0,0.0
3225,53.72681,0.0,0.0,0.0
3226,53.74339,0.0,0.0,0.0
3227,53.76024,0.0,0.0,0.0
3228,53.77676,0.0,0.0,0.0
3229,53.79333,0.0,0.0,0.0
3230,53.81032,0.0,0.0,0.0
3231,53.82651,0.0,0.0,0.0
3232,53.84344,0.0,0.0,0.0
3233,53.85994,0.0,0.0,0.0
3234,53.87642,0.0,0.0,0.0
3235,53.8932,0.0,0.0,0.0
3236,53.9099,0.0,0.0,0.0
3237,53.92641,0.0,0.0,0.0
3238,53.94321,0.0,0.0,0.0
3239,53.95998,0.0,0.0,0.0
3240,53.97659,0.0,0.0,0.0
3241,53.9931,0.0,0.0,0.0
3242,54.00995,0.0,0.0,0.0
3243,54.02657,0.0,0.0,0.0
3244,54.04317,0.0,0.0,0.0
3245,54.06003,0.0,0.0,0.0
3246,54.0766,0.0,0.0,0.0
3247,54.09322,0.0,0.0,0.0
3248,54.10997,0.0,0.0,0.0
3249,54.12656,0.0,0.0,0.0
3250,54.14337,0.0,0.0,0.0
3251,54.16005,0.0,0.0,0.0
3252,54.17638,0.0,0.0,0.0
3253,54.19347,0.0,0.0,0.0
3254,54.20975,0.0,0.0,0.0
3255,54.22685,0.0,0.0,0.0
3256,54.24341,0.0,0.0,0.0
3257,54.26003,0.0,0.0,0.0
3258,54.27652,0.0,0.0,0.0
3259,54.29323,0.0,0.0,0.0
3260,54.30978,0.0,0.0,0.0
3261,54.32635,0.0,0.0,0.0
3262,54.34315,0.0,0.0,0.0
3263,54.35988,0.0,0.0,0.0
3264,54.37669,0.0,0.0,0.0
3265,54.39316,0.0,0.0,0.0
3266,54.40982,0.0,0.0,0.0
3267,54.42664,0.0,0.0,0.0
3268,54.4431,0.0,0.0,0.0
3269,54.45978,0.0,0.0,0.0
3270,54.47676,0.0,0.0,0.0
3271,54.49318,0.0,0.0,0.0
3272,54.5098,0.0,0.0,0.0
3273,54.52673,0.0,0.0,0.0
3274,54.54335,0.0,0.0,0.0
3275,54.55977,0.0,0.0,0.0
3276,54.57677,0.0,0.0,0.0
3277,54.59319,0.0,0.0,0.0
3278,54.60997,0.0,0.0,0.0
3279,54.62662,0.0,0.0,0.0
3280,54.64304,0.0,0.0,0.0
3281,54.65977,0.0,0.0,0.0
3282,54.67656,0.0,0.0,0.0
3283,54.69304,0.0,0.0,0.0
3284,54.70982,0.0,0.0,0.0
3285,54.72623,0.0,0.0,0.0
3286,54.74313,0.0,0.0,0.0
3287,54.75966,0.0,0.0,0.0
3288,54.77637,0.0,0.0,0.0
3289,54.79303,0.0,0.0,0.0
3290,54.80972,0.0,0.0,0.0
3291,54.82625,0.0,0.0,0.0
3292,54.84311,0.0,0.0,0.0
3293,54.85994,0.0,0.0,0.0
3294,54.87642,0.0,0.0,0.0
3295,54.89314,0.0,0.0,0.0
3296,54.9097,0.0,0.0,0.0
3297,54.92639,0.0,0.0,0.0
3298,54.94324,0.0,0.0,0.0
3299,54.96004,0.0,0.0,0.0
3300,54.97635,0.0,0.0,0.0
3301,54.99303,0.0,0.0,0.0
3302,55.00993,0.0,0.0,0.0
3303,55.0266,0.0,0.0,0.0
3304,55.04298,0.0,0.0,0.0
3305,55.05972,0.0,0.0,0.0
3306,55.07637,0.0,0.0,0.0
3307,55.09306,0.0,0.0,0.0
3308,55.10974,0.0,0.0,0.0
3309,55.12621,0.0,0.0,0.0
3310,55.14316,0.0,0.0,0.0
3311,55.15979,0.0,0.0,0.0
3312,55.17657,0.0,0.0,0.0
3313,55.19319,0.0,0.0,0.0
3314,55.20966,0.0,0.0,0.0
3315,55.22627,0.0,0.0,0.0
3316,55.24298,0.0,0.0,0.0
3317,55.25993,0.0,0.0,0.0
3318,55.27617,0.0,0.0,0.0
3319,55.29294,0.0,0.0,0.0
3320,55.31001,0.0,0.0,0.0
3321,55.32652,0.0,0.0,0.0
3322,55.34317,0.0,0.0,0.0
3323,55.35957,0.0,0.0,0.0
3324,55.37624,0.0,0.0,0.0
3325,55.39316,0.0,0.0,0.0
3326,55.40968,0.0,0.0,0.0
3327,55.42618,0.0,0.0,0.0
3328,55.44319,0.0,0.0,0.0
3329,55.45944,0.0,0.0,0.0
3330,55.47633,0.0,0.0,0.0
3331,55.49326,0.0,0.0,0.0
3332,55.50992,0.0,0.0,0.0
3333,55.5264,0.0,0.0,0.0
3334,55.54306,0.0,0.0,0.0
3335,55.5598,0.0,0.0,0.0
3336,55.57637,0.0,0.0,0.0
3337,55.59319,0.0,0.0,0.0
3338,55.60962,0.0,0.0,0.0
3339,55.62631,0.0,0.0,0.0
3340,55.64301,0.0,0.0,0.0
3341,55.65981,0.0,0.0,0.0
3342,55.67659,0.0,0.0,0.0
3343,55.69313,0.0,0.0,0.0
3344,55.70964,0.0,0.0,0.0
3345,55.72629,0.0,0.0,0.0
3346,55.74297,0.0,0.0,0.0
3347,55.7596,0.0,0.0,0.0
3348,55.77623,0.0,0.0,0.0
3349,55.79282,0.0,0.0,0.0
3350,55.80949,0.0,0.0,0.0
3351,55.82629,0.0,0.0,0.0
3352,55.84283,0.0,0.0,0.0
3353,55.85966,0.0,0.0,0.0
3354,55.87619,0.0,0.0,0.0
3355,55.89288,0.0,0.0,0.0
3356,55.90916,0.0,0.0,0.0
3357,55.92592,0.0,0.0,0.0
3358,55.94254,0.0,0.0,0.0
3359,55.9592,0.0,0.0,0.0
3360,55.97591,0.0,0.0,0.0
3361,55.99246,0.0,0.0,0.0
3362,56.00914,0.0,0.0,0.0
3363,56.02577,0.0,0.0,0.0
3364,56.0425,0.0,0.0,0.0
3365,56.0593,0.0,0.0,0.0
3366,56.07578,0.0,0.0,0.0
3367,56.09244,0.0,0.0,0.0
3368,56.10916,0.0,0.0,0.0
3369,56.12589,0.0,0.0,0.0
3370,56.14252,0.0,0.0,0.0
3371,56.15915,0.0,0.0,0.0
3372,56.17574,0.0,0.0,0.0
3373,56.19241,0.0,0.0,0.0
3374,56.20914,0.0,0.0,0.0
3375,56.22595,0.0,0.0,0.0
3376,56.24252,0.0,0.0,0.0
3377,56.25931,0.0,0.0,0.0
3378,56.27623,0.0,0.0,0.0
3379,56.29271,0.0,0.0,0.0
3380,56.30917,0.0,0.0,0.0
3381,56.32599,0.0,0.0,0.0
3382,56.34268,0.0,0.0,0.0
3383,56.35928,0.0,0.0,0.0
3384,56.37581,0.0,0.0,0.0
3385,56.39304,0.0,0.0,0.0
3386,56.40976,0.0,0.0,0.0
3387,56.42628,0.0,0.0,0.0
3388,56.44286,0.0,0.0,0.0
3389,56.45969,0.0,0.0,0.0
3390,56.47636,0.0,0.0,0.0
3391,56.49286,0.0,0.0,0.0
3392,56.5097,0.0,0.0,0.0
3393,56.52621,0.0,0.0,0.0
3394,56.54294,0.0,0.0,0.0
3395,56.5598,0.0,0.0,0.0
3396,56.57635,0.0,0.0,0.0
3397,56.59311,0.0,0.0,0.0
3398,56.60989,0.0,0.0,0.0
3399,56.62633,0.0,0.0,0.0
3400,56.64296,0.0,0.0,0.0
3401,56.65958,0.0,0.0,0.0
3402,56.67625,0.0,0.0,0.0
3403,56.69276,0.0,0.0,0.0
3404,56.70953,0.0,0.0,0.0
3405,56.7263,0.0,0.0,0.0
3406,56.74303,0.0,0.0,0.0
3407,56.75952,0.0,0.0,0.0
3408,56.77612,0.0,0.0,0.0
3409,56.79277,0.0,0.0,0.0
3410,56.80954,0.0,0.0,0.0
3411,56.82625,0.0,0.0,0.0
3412,56.84283,0.0,0.0,0.0
3413,56.85944,0.0,0.0,0.0
3414,56.87619,0.0,0.0,0.0
3415,56.89268,0.0,0.0,0.0
3416,56.90962,0.0,0.0,0.0
3417,56.9263,0.0,0.0,0.0
3418,56.94281,0.0,0.0,0.0
3419,56.95978,0.0,0.0,0.0
3420,56.9762,0.0,0.0,0.0
3421,56.99281,0.0,0.0,0.0
3422,57.00948,0.0,0.0,0.0
3423,57.02618,0.0,0.0,0.0
3424,57.0428,0.0,0.0,0.0
3425,57.05949,0.0,0.0,0.0
3426,57.07616,0.0,0.0,0.0
3427,57.0927,0.0,0.0,0.0
3428,57.10966,0.0,0.0,0.0
3429,57.12617,0.0,0.0,0.0
3430,57.14287,0.0,0.0,0.0
3431,57.1595,0.0,0.0,0.0
3432,57.17625,0.0,0.0,0.0
3433,57.19298,0.0,0.0,0.0
3434,57.20958,0.0,0.0,0.0
3435,57.22618,0.0,0.0,0.0
3436,57.24272,0.0,0.0,0.0
3437,57.25941,0.0,0.0,0.0
3438,57.27599,0.0,0.0,0.0
3439,57.29286,0.0,0.0,0.0
3440,57.30968,0.0,0.0,0.0
3441,57.32625,0.0,0.0,0.0
3442,57.34288,0.0,0.0,0.0
3443,57.35951,0.0,0.0,0.0
3444,57.37608,0.0,0.0,0.0
3445,57.39275,0.0,0.0,0.0
3446,57.40968,0.0,0.0,0.0
3447,57.42625,0.0,0.0,0.0
3448,57.44264,0.0,0.0,0.0
3449,57.45967,0.0,0.0,0.0
3450,57.47603,0.0,0.0,0.0
3451,57.49269,0.0,0.0,0.0
3452,57.50951,0.0,0.0,0.0
3453,57.5262,0.0,0.0,0.0
3454,57.54298,0.0,0.0,0.0
3455,57.55946,0.0,0.0,0.0
3456,57.57628,0.0,0.0,0.0
3457,57.59306,0.0,0.0,0.0
3458,57.60933,0.0,0.0,0.0
3459,57.62605,0.0,0.0,0.0
3460,57.64265,0.0,0.0,0.0
3461,57.65959,0.0,0.0,0.0
3462,57.67619,0.0,0.0,0.0
3463,57.69279,0.0,0.0,0.0
3464,57.70952,0.0,0.0,0.0
3465,57.72609,0.0,0.0,0.0
3466,57.74266,0.0,0.0,0.0
3467,57.75954,0.0,0.0,0.0
3468,57.77626,0.0,0.0,0.0
3469,57.79305,0.0,0.0,0.0
3470,57.80937,0.0,0.0,0.0
3471,57.82616,0.0,0.0,0.0
3472,57.84285,0.0,0.0,0.0
3473,57.85966,0.0,0.0,0.0
3474,57.87621,0.0,0.0,0.0
3475,57.89265,0.0,0.0,0.0
3476,57.90959,0.0,0.0,0.0
3477,57.92601,0.0,0.0,0.0
3478,57.94295,0.0,0.0,0.0
3479,57.95973,0.0,0.0,0.0
3480,57.97621,0.0,0.0,0.0
3481,57.99309,0.0,0.0,0.0
3482,58.00938,0.0,0.0,0.0
3483,58.02614,0.0,0.0,0.0
3484,58.04271,0.0,0.0,0.0
3485,58.05928,0.0,0.0,0.0
3486,58.07607,0.0,0.0,0.0
3487,58.09267,0.0,0.0,0.0
3488,58.10933,0.0,0.0,0.0
3489,58.12602,0.0,0.0,0.0
3490,58.14265,0.0,0.0,0.0
3491,58.15938,0.0,0.0,0.0
3492,58.17607,0.0,0.0,0.0
3493,58.19292,0.0,0.0,0.0
3494,58.20946,0.0,0.0,0.0
3495,58.22588,0.0,0.0,0.0
3496,58.24272,0.0,0.0,0.0
3497,58.2592,0.0,0.0,0.0
3498,58.27583,0.0,0.0,0.0
3499,58.29265,0.0,0.0,0.0
3500,58.30937,0.0,0.0,0.0
3501,58.32603,0.0,0.0,0.0
3502,58.3427,0.0,0.0,0.0
3503,58.35933,0.0,0.0,0.0
3504,58.37596,0.0,0.0,0.0
3505,58.39287,0.0,0.0,0.0
3506,58.40916,0.0,0.0,0.0
3507,58.4258,0.0,0.0,0.0
3508,58.44276,0.0,0.0,0.0
3509,58.45924,0.0,0.0,0.0
3510,58.47603,0.0,0.0,0.0
3511,58.49266,0.0,0.0,0.0
3512,58.50923,0.0,0.0,0.0
3513,58.52602,0.0,0.0,0.0
3514,58.54286,0.0,0.0,0.0
3515,58.5594,0.0,0.0,0.0
3516,58.57594,0.0,0.0,0.0
3517,58.59267,0.0,0.0,0.0
3518,58.60945,0.0,0.0,0.0
3519,58.62614,0.0,0.0,0.0
3520,58.64281,0.0,0.0,0.0
3521,58.65935,0.0,0.0,0.0
3522,58.67577,0.0,0.0,0.0
3523,58.69261,0.0,0.0,0.0
3524,58.70921,0.0,0.0,0.0
3525,58.72597,0.0,0.0,0.0
3526,58.74239,0.0,0.0,0.0
3527,58.75923,0.0,0.0,0.0
3528,58.77617,0.0,0.0,0.0
3529,58.79247,0.0,0.0,0.0
3530,58.80937,0.0,0.0,0.0
3531,58.82597,0.0,0.0,0.0
3532,58.84276,0.0,0.0,0.0
3533,58.85927,0.0,0.0,0.0
3534,58.87605,0.0,0.0,0.0
3535,58.89247,0.0,0.0,0.0
3536,58.90913,0.0,0.0,0.0
3537,58.92586,0.0,0.0,0.0
3538,58.94273,0.0,0.0,0.0
3539,58.9594,0.0,0.0,0.0
3540,58.97627,0.0,0.0,0.0
3541,58.99278,0.0,0.0,0.0
3542,59.00908,0.0,0.0,0.0
3543,59.02589,0.0,0.0,0.0
3544,59.04268,0.0,0.0,0.0
3545,59.05943,0.0,0.0,0.0
3546,59.07619,0.0,0.0,0.0
3547,59.09276,0.0,0.0,0.0
3548,59.10912,0.0,0.0,0.0
3549,59.12605,0.0,0.0,0.0
3550,59.14265,0.0,0.0,0.0
3551,59.15916,0.0,0.0,0.0
3552,59.17595,0.0,0.0,0.0
3553,59.19258,0.0,0.0,0.0
3554,59.20921,0.0,0.0,0.0
3555,59.22609,0.0,0.0,0.0
3556,59.24239,0.0,0.0,0.0
3557,59.25938,0.0,0.0,0.0
3558,59.27592,0.0,0.0,0.0
3559,59.29243,0.0,0.0,0.0
3560,59.30937,0.0,0.0,0.0
3561,59.32588,0.0,0.0,0.0
3562,59.34236,0.0,0.0,0.0
3563,59.35915,0.0,0.0,0.0
3564,59.37593,0.0,0.0,0.0
3565,59.39265,0.0,0.0,0.0
3566,59.40929,0.0,0.0,0.0
3567,59.42574,0.0,0.0,0.0
3568,59.44252,0.0,0.0,0.0
3569,59.45921,0.0,0.0,0.0
3570,59.47575,0.0,0.0,0.0
3571,59.49251,0.0,0.0,0.0
3572,59.50911,0.0,0.0,0.0
3573,59.52568,0.0,0.0,0.0
3574,59.5425,0.0,0.0,0.0
3575,59.55937,0.0,0.0,0.0
3576,59.57603,0.0,0.0,0.0
3577,59.5927,0.0,0.0,0.0
3578,59.60924,0.0,0.0,0.0
3579,59.62578,0.0,0.0,0.0
3580,59.64241,0.0,0.0,0.0
3581,59.65913,0.0,0.0,0.0
3582,59.67577,0.0,0.0,0.0
3583,59.69258,0.0,0.0,0.0
3584,59.70934,0.0,0.0,0.0
3585,59.72581,0.0,0.0,0.0
3586,59.74251,0.0,0.0,0.0
3587,59.75911,0.0,0.0,0.0
3588,59.77583,0.0,0.0,0.0
3589,59.79265,0.0,0.0,0.0
3590,59.80928,0.0,0.0,0.0
3591,59.82576,0.0,0.0,0.0
3592,59.84245,0.0,0.0,0.0
3593,59.85912,0.0,0.0,0.0
3594,59.87566,0.0,0.0,0.0
3595,59.8922,0.0,0.0,0.0
3596,59.90923,0.0,0.0,0.0
3597,59.92567,0.0,0.0,0.0
3598,59.94264,0.0,0.0,0.0
3599,59.95903,0.0,0.0,0.0
3600,59.97588,0.0,0.0,0.0
3601,59.99254,0.0,0.0,0.0
