sample,t,vx,vy,vz
0,0.0,0.0,0.0,0.0
1,0.01687622,0.0,0.0,0.0
2,0.03359985,0.0,0.0,0.0
3,0.05007935,0.0,0.0,0.0
4,0.06671143,0.0,0.0,0.0
5,0.08337402,0.0,0.0,0.0
6,0.1001282,0.0,0.0,0.0
7,0.1168518,0.0,0.0,0.0
8,0.1334534,0.0,0.0,0.0
9,0.1500549,0.0,0.0,0.0
10,0.166687,0.0,0.0,0.0
11,0.1834106,0.0,0.0,0.0
12,0.1999817,0.0,0.0,0.0
13,0.2167053,0.0,0.0,0.0
14,0.2333374,0.0,0.0,0.0
15,0.25,0.0,0.0,0.0
16,0.2666016,0.0,0.0,0.0
17,0.2833252,0.0,0.0,0.0
18,0.3000183,0.0,0.0,0.0
19,0.3166504,0.0,0.0,0.0
20,0.3334045,0.0,0.0,0.0
21,0.3500061,0.0,0.0,0.0
22,0.3666687,0.0,0.0,0.0
23,0.3833923,0.0,0.0,0.0
24,0.3999634,0.0,0.0,0.0
25,0.4166565,0.0,0.0,0.0
26,0.4333496,0.0,0.0,0.0
27,0.4500732,0.0,0.0,0.0
28,0.4666138,0.0,0.0,0.0
29,0.4833679,0.0,0.0,0.0
30,0.5002441,0.0,0.0,0.0
31,0.5166321,0.0,0.0,0.0
32,0.5332947,0.0,0.0,0.0
33,0.5501404,0.0,0.0,0.0
34,0.5666504,0.0,0.0,0.0
35,0.583374,0.0,0.0,0.0
36,0.6000061,0.0,0.0,0.0
37,0.6166382,0.0,0.0,0.0
38,0.6333313,0.0,0.0,0.0
39,0.6499939,0.0,0.0,0.0
40,0.666626,0.0,0.0,0.0
41,0.6835022,0.0,0.0,0.0
42,0.7001648,0.0,0.0,0.0
43,0.7165527,0.0,0.0,0.0
44,0.7333679,0.0,0.0,0.0
45,0.75,0.0,0.0,0.0
46,0.7666626,0.0,0.0,0.0
47,0.7833557,0.0,0.0,0.0
48,0.8001099,0.0,0.0,0.0
49,0.8166199,0.0,0.0,0.0
50,0.833313,0.0,0.0,0.0
51,0.8500366,0.0,0.0,0.0
52,0.8666077,0.0,0.0,0.0
53,0.8835754,0.0,0.0,0.0
54,0.8999329,0.0,0.0,0.0
55,0.9167175,0.0,0.0,0.0
56,0.9338989,0.0,0.0,0.0
57,0.9499207,0.0,0.0,0.0
58,0.9665833,0.0,0.0,0.0
59,0.9832153,0.0,0.0,0.0
60,0.9998779,0.0,0.0,0.0
61,1.016663,0.0,0.0,0.0
62,1.033295,0.0,0.0,0.0
63,1.049866,0.0,0.0,0.0
64,1.066589,0.0,0.0,0.0
65,1.083344,0.0,0.0,0.0
66,1.099915,0.0,0.0,0.0
67,1.116699,0.0,0.0,0.0
68,1.133301,0.0,0.0,0.0
69,1.150116,0.0,0.0,0.0
70,1.166534,0.0,0.0,0.0
71,1.183258,0.0,0.0,0.0
72,1.19986,0.0,0.0,0.0
73,1.216644,0.0,0.0,0.0
74,1.233337,0.0,0.0,0.0
75,1.249908,0.0,0.0,0.0
76,1.266632,0.0,0.0,0.0
77,1.283295,0.0,0.0,0.0
78,1.299835,0.0,0.0,0.0
79,1.31662,0.0,0.0,0.0
80,1.333221,0.0,0.0,0.0
81,1.350037,0.0,0.0,0.0
82,1.366608,0.0,0.0,0.0
83,1.383118,0.0,0.0,0.0
84,1.399933,0.0,0.0,0.0
85,1.417023,0.0,0.0,0.0
86,1.433258,0.0,0.0,0.0
87,1.449829,0.0,0.0,0.0
88,1.466522,0.0,0.0,0.0
89,1.483063,0.0,0.0,0.0
90,1.499908,0.0,0.0,0.0
91,1.51651,0.0,0.0,0.0
92,1.533112,0.0,0.0,0.0
93,1.549774,0.0,0.0,0.0
94,1.566559,0.0,0.0,0.0
95,1.583099,0.0,0.0,0.0
96,1.599823,0.0,0.0,0.0
97,1.616577,0.0,0.0,0.0
98,1.633209,0.0,0.0,0.0
99,1.64978,0.0,0.0,0.0
100,1.666534,0.0,0.0,0.0
101,1.683136,0.0,0.0,0.0
102,1.69986,0.0,0.0,0.0
103,1.716583,0.0,0.0,0.0
104,1.733154,0.0,0.0,0.0
105,1.75,0.0,0.0,0.0
106,1.76651,0.0,0.0,0.0
107,1.783203,0.0,0.0,0.0
108,1.799805,0.0,0.0,0.0
109,1.816467,0.0,0.0,0.0
110,1.833099,0.0,0.0,0.0
111,1.849823,0.0,0.0,0.0
112,1.866486,0.0,0.0,0.0
113,1.88327,0.0,0.0,0.0
114,1.899811,0.0,0.0,0.0
115,1.916443,0.0,0.0,0.0
116,1.933167,0.0,0.0,0.0
117,1.950073,0.0,0.0,0.0
118,1.966522,0.0,0.0,0.0
119,1.983154,0.0,0.0,0.0
120,1.999817,0.0,0.0,0.0
121,2.016479,0.0,0.0,0.0
122,2.033081,0.0,0.0,0.0
123,2.049835,0.0,0.0,0.0
124,2.066437,0.0,0.0,0.0
125,2.083099,0.0,0.0,0.0
126,2.099792,0.0,0.0,0.0
127,2.116394,0.0,0.0,0.0
128,2.133087,0.0,0.0,0.0
129,2.149811,34.9493,230.624,244.2711
130,2.166595,18.30772,272.2022,193.5761
131,2.183197,11.66689,274.8324,190.5731
132,2.200012,21.318,255.1025,148.3027
133,2.216522,39.09014,195.9217,122.8026
134,2.233124,39.09014,195.9217,122.8026
135,2.249786,71.0146,85.28691,95.87273
136,2.266388,92.67246,-10.33202,62.42232
137,2.283112,90.64261,-49.55867,58.58402
138,2.299744,80.21124,-49.69608,56.20404
139,2.316376,39.19064,-51.21244,29.84616
140,2.33313,39.19064,-51.21244,29.84616
141,2.349823,1.55848,-26.88294,16.34849
142,2.366364,1.020296,-18.20519,10.99266
143,2.383179,19.49719,-5.703324,1.603902
144,2.399689,20.76716,-20.52771,10.34633
145,2.416473,21.77218,-42.97472,32.53742
146,2.433136,21.77218,-42.97472,32.53742
147,2.44986,34.32287,-46.39142,25.07328
148,2.4664,35.31227,-41.04171,19.38849
149,2.483398,29.25665,-31.9264,11.02872
150,2.499756,39.00583,-24.69424,8.570891
151,2.516418,53.48483,-16.38645,2.108206
152,2.533203,53.48483,-16.38645,2.108206
153,2.549713,84.51035,-32.87598,26.91063
154,2.566437,93.0518,-36.11543,36.79186
155,2.58313,97.99859,-45.98371,40.0332
156,2.599731,95.43005,-47.74326,42.26793
157,2.616394,70.75678,-48.91271,26.78533
158,2.633209,70.75678,-48.91271,26.78533
159,2.649719,33.61305,-61.70335,23.88704
160,2.666382,22.29462,-73.16545,29.23518
161,2.683044,19.23459,-89.31401,18.25288
162,2.699768,3.812348,-88.01269,12.81092
163,2.71637,2.32606,-78.90086,10.42373
164,2.733063,2.32606,-78.90086,10.42373
165,2.749695,1.675002,-78.01418,7.519749
166,2.766418,-0.7600237,-87.14374,-3.412049
167,2.783051,-1.752593,-91.35707,-7.868085
168,2.799652,9.878789,-85.75953,-1.90115
169,2.816437,15.40265,-75.42558,1.653065
170,2.833099,15.40265,-75.42558,1.653065
171,2.849792,56.25166,-59.58232,2.535383
172,2.866394,50.50464,-56.38668,-2.820524
173,2.883057,54.03732,-50.87098,-8.730907
174,2.899719,49.22217,-53.88336,-8.479299
175,2.916412,44.72056,-39.67333,-22.19878
176,2.933075,44.72056,-39.67333,-22.19878
177,2.949707,26.96762,-2.552184,-35.3544
178,2.966339,36.3582,-9.894026,-28.96337
179,2.983154,64.20293,-18.8847,-25.39369
180,2.999786,85.02846,-23.07594,-19.40498
181,3.016327,88.83985,-25.02857,-20.93517
182,3.033112,88.83985,-25.02857,-20.93517
183,3.035156,73.61382,-14.56775,-23.23634
184,3.049652,64.42274,-1.426344,-23.90067
185,3.066284,58.07781,0.4165971,-26.86712
186,3.083038,45.95528,1.345249,-33.96984
187,3.09964,38.65348,-5.221417,-28.20698
188,3.116394,38.65348,-5.221417,-28.20698
189,3.133057,14.61244,-7.848412,-10.49237
190,3.149719,-1.702338,-0.9422804,-5.383337
191,3.166504,-3.161807,0.6834456,-7.950619
192,3.183105,-0.04257299,0.009967094,-0.1070173
193,3.199707,-6.360306,0.1730321,0.5090029
194,3.216278,-6.360306,0.1730321,0.5090029
195,3.233154,-0.1361195,0.001447052,0.03712793
196,3.249634,-0.5967158,6.337554e-06,0.2359532
197,3.266327,0.535885,-5.149937,1.365328
198,3.28302,1.78623,-17.21145,4.515941
199,3.299622,-8.145752,-23.89863,10.37927
200,3.316559,-8.145752,-23.89863,10.37927
201,3.332947,-20.0407,-9.082454,14.16072
202,3.349609,-31.10998,-2.106947,12.54161
203,3.366302,-36.13404,-9.274528,16.33201
204,3.382996,-48.82356,-0.3208484,10.11627
205,3.399628,-40.15856,-10.99477,-0.5126887
206,3.416321,-40.15856,-10.99477,-0.5126887
207,3.432983,-12.94449,-1.969697,-10.57148
208,3.449615,6.039175,-0.00862655,-2.219975
209,3.46637,14.10905,-5.200125e-05,-5.057642
210,3.482971,17.02112,-4.314489e-07,-6.15639
211,3.499695,20.35445,-1.889588e-09,-7.428347
212,3.516357,20.35445,-1.889588e-09,-7.428347
213,3.53299,7.058415,0.4900239,-8.557351
214,3.54953,-2.014807,0.7793847,-7.419458
215,3.566467,8.23327,0.7211716,-10.53917
216,3.582886,10.16837,0.04353911,-4.228135
217,3.59964,11.54316,0.2840923,-7.235022
218,3.616241,11.54316,0.2840923,-7.235022
219,3.632935,6.316848,1.478012,-17.18909
220,3.649689,-2.061146,1.69307,-15.79469
221,3.666321,2.373886,2.982041,-29.35989
222,3.682953,-4.468148,3.543615,-31.03761
223,3.699707,-2.47996,3.619665,-31.35447
224,3.716309,-2.47996,3.619665,-31.35447
225,3.73291,0.2062661,0.778909,-34.08716
226,3.749573,-12.33673,-0.45278,-44.68195
227,3.766266,-22.34669,-0.5713018,-58.0452
228,3.782898,-27.05502,6.018667,-69.57276
229,3.79953,-24.67311,2.21455,-62.37988
230,3.816376,-24.67311,2.21455,-62.37988
231,3.832825,5.481192,4.13984,-28.9627
232,3.84967,1.898475,4.065659,-23.54396
233,3.866272,15.10417,1.843831,-11.83062
234,3.882904,11.99062,1.929314,-8.910549
235,3.899597,4.012883,10.20802,-5.990642
236,3.916168,4.012883,10.20802,-5.990642
237,3.9328,1.327365,0.420487,-0.6972917
238,3.949677,-6.60386,0.001841579,2.67127
239,3.966278,-13.04412,2.103027e-05,5.240309
240,3.982849,-19.39638,1.74486e-07,7.718258
241,3.999664,-21.55908,-0.6084663,12.26083
242,4.016174,-21.55908,-0.6084663,12.26083
243,4.032867,-25.28198,11.16264,13.76536
244,4.049591,-32.35419,16.73608,21.28555
245,4.066254,-27.40503,3.561612,16.94213
246,4.082916,-21.77784,-1.610867,18.7528
247,4.099609,-27.70155,-1.42056,18.93255
248,4.11618,-27.70155,-1.42056,18.93255
249,4.132904,-40.20964,-1.217365,21.66516
250,4.149597,-31.68403,-2.344732,25.82518
251,4.166168,-14.80473,-0.31693,6.992735
252,4.182831,-19.58686,-0.1141121,7.2094
253,4.199463,-16.99486,5.368035,11.24156
254,4.216187,-16.99486,5.368035,11.24156
255,4.232819,-28.77783,32.80762,16.0055
256,4.249451,-35.42161,22.58441,14.6514
257,4.266357,-32.07686,3.461705,28.43403
258,4.282837,-17.82915,-14.24475,44.94049
259,4.299561,-21.43184,-6.69662,41.73352
260,4.316101,-21.43184,-6.69662,41.73352
261,4.332886,-57.84788,29.93372,7.901939
262,4.34964,-48.0802,25.56964,5.114797
263,4.36618,-24.16821,3.847527,5.220036
264,4.382935,-15.80217,3.194279,-9.830001
265,4.399536,-5.148962,1.249836,-7.641809
266,4.416199,-5.148962,1.249836,-7.641809
267,4.432861,-14.02207,7.09273,-45.03949
268,4.449493,-14.18564,8.477437,-51.83288
269,4.46637,-23.13276,8.519456,-47.50185
270,4.482727,-9.218119,-1.425508,0.2720645
271,4.499481,-12.36433,5.040153,-13.30257
272,4.516052,-12.36433,5.040153,-13.30257
273,4.532898,-24.02646,13.4181,-2.483842
274,4.549469,-43.26875,3.246086,-8.339282
275,4.566162,-40.22158,4.621696,-17.60554
276,4.582794,-50.02325,2.326833,-1.947605
277,4.599487,-53.16885,3.844631,-10.05139
278,4.61615,-53.16885,3.844631,-10.05139
279,4.632751,-44.975,2.580296,8.121116
280,4.649384,-31.99496,-0.02064521,6.540927
281,4.666016,-18.6696,-0.1285589,4.346473
282,4.682861,-15.60011,-7.420308,5.538863
283,4.699463,-1.311569,-0.1058805,0.2837206
284,4.716125,-1.311569,-0.1058805,0.2837206
285,4.732758,-5.441607,-7.196723,3.246067
286,4.749512,-17.37444,-6.332809,12.23457
287,4.766083,-39.797,-13.47325,11.46301
288,4.782745,-52.00763,-20.86038,22.53465
289,4.799469,-54.39801,-21.5419,15.43417
290,4.816162,-54.39801,-21.5419,15.43417
291,4.832764,-42.97855,-12.88411,10.09094
292,4.849457,-24.27682,-10.96585,6.640485
293,4.86615,-0.03584897,-13.40479,3.884781
294,4.882813,7.567254,-15.21248,3.288988
295,4.899536,12.54675,-18.57609,2.778632
296,4.916229,12.54675,-18.57609,2.778632
297,4.93277,0.9264666,-11.54301,4.36957
298,4.949463,-1.5533,-3.103418,8.999228
299,4.966125,-4.210735,-3.657361,17.6244
300,4.982727,-14.55809,-1.324761,9.650879
301,4.999359,-10.63897,-0.1786895,2.523675
302,5.016144,-10.63897,-0.1786895,2.523675
303,5.032806,6.371541,-9.195651,2.71814
304,5.049316,7.451987,-14.80911,4.085684
305,5.066223,6.486589,-14.83949,6.944504
306,5.075165,4.246447,-5.305362,10.88021
307,5.082764,1.105674,-1.124224,6.389536
308,5.099457,1.105674,-1.124224,6.389536
309,5.116119,-4.805528,-1.239235,8.186199
310,5.132813,-4.258998,-2.963738,18.76097
311,5.149353,-4.389627,-10.3333,20.1463
312,5.165985,-4.908294,-19.56693,24.42699
313,5.182739,-3.004025,-9.247872,27.52628
314,5.199402,-3.004025,-9.247872,27.52628
315,5.215973,4.218039,-4.589665,30.3379
316,5.232758,4.073152,-3.981358,26.87002
317,5.249329,3.513938,-3.290018,22.71047
318,5.265961,2.140762,-2.172464,15.29291
319,5.282715,0.9343896,-0.9404549,6.679533
320,5.299408,0.9343896,-0.9404549,6.679533
321,5.316071,-4.289378,-1.298453,10.13311
322,5.332672,-10.41876,-0.007827135,1.471298
323,5.349304,-1.188312,12.36266,-3.199954
324,5.36618,0.9038261,-1.001087,7.662174
325,5.38266,1.315569,0.4211248,9.760892
326,5.399445,1.315569,0.4211248,9.760892
327,5.415985,-10.99035,-0.941328,8.53966
328,5.432739,-20.06104,-0.1323171,3.603211
329,5.449463,-14.5372,-0.0005795003,1.855405
330,5.466095,-2.847605,-0.4868268,4.055336
331,5.482666,1.767493,-1.86804,14.08933
332,5.49939,1.767493,-1.86804,14.08933
333,5.516052,1.067582,8.272154,8.439713
334,5.532684,1.610117,0.1712952,12.72869
335,5.549316,0.00705172,0.0007502101,0.05574697
336,5.56604,6.215382,8.567172e-06,-0.7881656
337,5.582977,13.98267,-0.9411717,5.612555
338,5.599396,13.98267,-0.9411717,5.612555
339,5.616211,30.76597,-10.98736,14.23953
340,5.632721,40.71107,-2.912529,18.14115
341,5.649353,33.9605,-4.011526,27.97434
342,5.665985,19.01501,-2.07469,15.4454
343,5.682678,6.026805,-2.57398,22.39424
344,5.699341,6.026805,-2.57398,22.39424
345,5.716034,2.164553,-1.549556,14.35251
346,5.732697,2.283217,-1.596751,15.14027
347,5.749329,2.863317,-1.954994,18.98698
348,5.765991,3.442652,-2.284033,22.82862
349,5.782715,2.7876,-1.803296,18.48489
350,5.799286,2.7876,-1.803296,18.48489
351,5.81601,15.22813,-5.26681,18.91562
352,5.832855,19.21581,-16.56238,24.59459
353,5.849365,18.34623,-12.37541,24.72378
354,5.865997,15.54507,-9.933625,26.84033
355,5.882599,24.0863,-4.037576,24.02268
356,5.899261,24.0863,-4.037576,24.02268
357,5.915894,18.89596,-1.94484,18.63453
358,5.932556,17.42566,-2.135223,20.86353
359,5.949341,19.28564,-1.115294,13.44466
360,5.965881,22.22772,-0.9612679,11.06765
361,5.982697,25.12719,-0.8144185,8.526815
362,5.999298,25.12719,-0.8144185,8.526815
363,6.01593,24.23727,-0.7995675,9.092005
364,6.032654,28.12735,-1.146199,14.85502
365,6.049286,22.88692,-0.7881368,9.890788
366,6.065918,20.94607,-1.130798,14.62763
367,6.075165,9.194197,-0.2562845,3.128427
368,6.08255,9.194197,-0.2562845,3.128427
369,6.099213,11.86158,-0.02372857,-1.845851
370,6.115906,0.08081019,-0.00777377,0.1395866
371,6.132507,0.0009230965,-8.80645e-05,0.001594021
372,6.149292,10.54923,-0.356328,5.22914
373,6.165985,5.442336,-0.3805004,6.852595
374,6.182617,5.442336,-0.3805004,6.852595
375,6.199341,16.51167,-7.921806,15.10153
376,6.216003,11.4012,-0.4321778,5.915837
377,6.232605,3.852271,-7.170053,16.22667
378,6.249359,0.4235893,-2.590399,2.07485
379,6.265961,1.356402,-0.6528972,6.682574
380,6.282593,1.356402,-0.6528972,6.682574
381,6.299225,1.944874,-0.3906595,9.581872
382,6.315887,0.3949296,-0.07851578,1.945712
383,6.33252,13.04372,-0.1964255,2.517158
384,6.349274,3.03728,-0.7533217,14.63136
385,6.366058,3.207719,-4.007667,15.73554
386,6.382507,3.207719,-4.007667,15.73554
387,6.399323,4.484697,-3.236376,22.00206
388,6.415833,9.470162,-13.59641,22.99231
389,6.432526,8.805498,-9.279696,17.68157
390,6.449249,12.25841,-9.282818,20.27584
391,6.465942,6.695024,-1.37008,13.9115
392,6.482544,6.695024,-1.37008,13.9115
393,6.499207,1.148692,-0.1136597,5.541804
394,6.516174,2.192724,-0.2025505,10.57961
395,6.532532,12.15283,-0.1353799,5.182464
396,6.549194,21.05824,-0.07422931,0.003867063
397,6.565826,33.22942,-0.137811,1.543935
398,6.58252,33.22942,-0.137811,1.543935
399,6.599243,33.64644,-7.503368,0.5147694
400,6.615875,30.45903,-0.1480886,-3.854562
401,6.632507,25.09879,-0.1249236,3.968806
402,6.649231,17.26677,-0.0005471193,-4.004908
403,6.665802,15.72653,-3.298061e-06,-3.713805
404,6.682556,15.72653,-3.298061e-06,-3.713805
405,6.699188,3.483573,-6.302511e-11,-0.8302652
406,6.715881,3.891472,0.0,-0.9308654
407,6.732483,12.61771,0.0,-3.040187
408,6.749207,13.18854,0.0,-3.200688
409,6.765869,12.9701,0.0,-3.170273
410,6.782471,12.9701,0.0,-3.170273
411,6.799286,0.9736497,-0.01283246,0.7685893
412,6.815887,1.308859,-0.06226895,5.297596
413,6.83255,0.5219646,-0.02313468,2.12023
414,6.849304,1.829129,-0.0521015,5.274458
415,6.865784,16.24652,-0.1348457,13.9265
416,6.882477,16.24652,-0.1348457,13.9265
417,6.899384,18.62938,-7.36343,17.25331
418,6.915863,14.20307,-7.748545,17.4716
419,6.932465,24.97059,-5.632936,17.94135
420,6.949188,23.23605,-5.429567,12.40522
421,6.96582,23.47671,-8.99941,18.1865
422,6.982452,23.47671,-8.99941,18.1865
423,6.999176,33.15854,-12.05056,15.85692
424,7.015869,35.54859,-12.14952,24.08667
425,7.03244,34.62212,-3.02417,22.1873
426,7.04953,31.0688,-0.4709723,18.55927
427,7.065796,32.54903,-1.353622,13.04087
428,7.082489,32.54903,-1.353622,13.04087
429,7.099182,39.71846,0.6706387,13.4072
430,7.115845,42.74575,0.5751463,6.367311
431,7.132385,36.45687,0.5661418,6.435159
432,7.1492,34.24474,0.4564034,2.96517
433,7.165863,31.36346,0.4092939,1.955143
434,7.182434,31.36346,0.4092939,1.955143
435,7.199066,14.93292,0.2703666,2.644699
436,7.21579,17.13342,0.04068265,-4.313883
437,7.232483,14.86884,0.2091421,0.7750127
438,7.249176,4.657168,0.07739995,0.5307859
439,7.265747,1.912622,0.02297615,-0.01863783
440,7.282379,1.912622,0.02297615,-0.01863783
441,7.299164,1.254473,3.685479,3.8674
442,7.315826,0.01040823,0.03057803,0.03208741
443,7.332397,-3.675359,0.0001339205,1.172655
444,7.34906,-0.7137392,8.072794e-07,0.2273721
445,7.365662,3.936795,0.5508026,12.37846
446,7.382416,3.936795,0.5508026,12.37846
447,7.399078,-3.717374,0.1577738,4.977384
448,7.415802,-3.802778,0.4817157,12.47656
449,7.432831,-9.459664,0.04596835,4.057294
450,7.449066,-20.6412,0.0002013245,6.477498
451,7.465698,-10.85189,2.299065e-06,3.383485
452,7.482361,-10.85189,2.299065e-06,3.383485
453,7.499207,5.807992,1.909885,37.73133
454,7.515717,11.3949,11.4144,38.56739
455,7.532379,12.02014,2.555184,39.01103
456,7.549194,11.12422,2.850228,41.1306
457,7.565765,10.56925,-2.473831,34.36813
458,7.582825,10.56925,-2.473831,34.36813
459,7.595154,4.073218,-10.06173,23.58665
460,7.59906,-6.400649,1.193393,17.89291
461,7.615692,-3.577776,1.902226,24.60001
462,7.632385,3.043935,1.520261,14.09774
463,7.648987,1.711823,2.051983,7.643734
464,7.66568,1.711823,2.051983,7.643734
465,7.682434,0.06358283,-0.9669728,0.2269069
466,7.699249,0.0007260967,-0.01104254,0.002591208
467,7.715729,2.679468,-4.836225e-05,-0.8100799
468,7.732391,7.996136,7.132238,-4.245271
469,7.749115,16.68159,9.202921,-7.445716
470,7.765747,16.68159,9.202921,-7.445716
471,7.782379,-0.5845147,8.569544,-2.028992
472,7.799011,-9.723015,10.62374,0.2190535
473,7.815704,-13.05707,-0.5147597,-9.509993
474,7.832306,-2.35469,0.4887227,-2.257314
475,7.848999,-3.534652,-1.005334,-11.2141
476,7.865692,-3.534652,-1.005334,-11.2141
477,7.882355,-1.898605,7.184022,-11.10389
478,7.899078,2.275136,5.944167,-20.84222
479,7.915802,0.7773164,6.206389,-22.14796
480,7.932343,-5.160291,5.878362,-17.04119
481,7.949097,-2.324778,0.1250446,-7.610958
482,7.965912,-2.324778,0.1250446,-7.610958
483,7.982513,-0.2196566,0.6769228,-0.7190599
484,7.999084,-0.4019854,-0.1007089,-1.315925
485,8.015656,-2.619529,-0.000441068,0.7927292
486,8.032318,-21.94458,0.1900372,9.259154
487,8.04892,-41.65561,12.86065,8.996502
488,8.065613,-41.65561,12.86065,8.996502
489,8.082336,-53.99211,14.04766,11.56628
490,8.098969,-51.10615,0.06152357,14.11362
491,8.115875,-38.47258,0.0002694507,10.41597
492,8.132324,-30.02142,1.624261e-06,7.995632
493,8.149048,-24.23232,1.18227,22.19723
494,8.165649,-24.23232,1.18227,22.19723
495,8.182465,-20.2061,1.480728,24.28294
496,8.199005,-19.82082,1.238604,20.27915
497,8.215668,-21.93077,0.4143113,10.51164
498,8.232452,-16.82399,0.8780974,14.65865
499,8.248932,-12.65973,-1.738493,4.667449
500,8.265656,-12.65973,-1.738493,4.667449
501,8.282318,-6.906514,0.6848345,9.692286
502,8.29895,2.209911,1.148592,12.73284
503,8.315643,0.7534903,0.2900211,3.137258
504,8.332397,12.63974,-8.385874,9.888108
505,8.348907,2.317167,-3.305054,9.23023
506,8.365662,2.317167,-3.305054,9.23023
507,8.382355,2.919184,-1.830095,12.07189
508,8.398987,1.863842,-0.6831487,7.707675
509,8.415619,-7.186378,-1.471217,5.914585
510,8.432251,-4.110833,0.4638413,6.053914
511,8.449066,-7.161817,0.003848443,1.758284
512,8.465698,-7.161817,0.003848443,1.758284
513,8.48233,-5.157038,0.007631094,1.311999
514,8.498901,-8.349525,-12.43276,5.201957
515,8.515656,-4.121465,-4.869946,2.233799
516,8.532471,-1.760779,-4.831422,5.42902
517,8.548981,1.131769,-2.274709,5.553031
518,8.565521,1.131769,-2.274709,5.553031
519,8.582306,-5.128963,0.1342711,2.702282
520,8.598938,-20.58121,0.1028205,5.834743
521,8.615631,-24.87769,0.000450316,5.70733
522,8.632721,-27.60814,5.142472e-06,6.24508
523,8.649231,-14.38225,2.253683e-08,3.222232
524,8.665558,-14.38225,2.253683e-08,3.222232
525,8.682281,2.885611,-6.065866,13.58375
526,8.698914,6.985134,-3.02632,18.3647
527,8.715637,18.41979,-2.671453,18.52006
528,8.732269,-11.26477,1.122231,13.44225
529,8.735168,-8.132339,1.435689,15.16813
530,8.749054,-8.132339,1.435689,15.16813
531,8.765594,-12.49463,-1.382763,9.026999
532,8.782227,-18.00484,-2.066974,10.07737
533,8.798889,-13.32798,1.110946,12.95512
534,8.815704,-17.34015,1.147774,13.91501
535,8.832245,-18.47025,0.2208295,5.83063
536,8.849121,-18.47025,0.2208295,5.83063
537,8.865662,-8.751545,1.25486,12.67431
538,8.882172,-17.0155,1.193367,13.69911
539,8.898895,-10.57728,0.1321759,14.94245
540,8.915894,-1.972428,-4.37828,21.4356
541,8.932251,-0.2012096,1.759659,14.80043
542,8.948883,-0.2012096,1.759659,14.80043
543,8.965637,-15.71003,2.167701,20.50786
544,8.982239,-18.87063,0.7269697,9.488201
545,8.998932,-14.06852,1.282093,12.87372
546,9.015533,-5.790443,0.3393712,3.793713
547,9.032562,2.198028,1.929551,14.6559
548,9.048889,2.198028,1.929551,14.6559
549,9.065643,1.545208,-8.633427,8.035866
550,9.082275,-2.911272,-7.973112,6.124139
551,9.098877,-3.46384,-5.453801,3.214302
552,9.115448,-2.230455,-14.73745,12.14817
553,9.132202,0.2930653,-20.03877,4.866607
554,9.135162,0.2930653,-20.03877,4.866607
555,9.148865,5.354958,-11.92145,6.351423
556,9.165588,-12.52854,-1.746529,11.23129
557,9.18219,-10.73862,0.8196805,8.15051
558,9.198853,-25.53268,0.5378025,8.680438
559,9.215485,-30.33486,0.002355378,5.591955
560,9.232208,-30.33486,0.002355378,5.591955
561,9.248871,-18.46066,-7.824204,4.368196
562,9.265503,-0.3219554,-4.847647,1.192781
563,9.282227,2.928168,-0.02922185,-0.5163648
564,9.298889,12.79634,1.756163,10.34877
565,9.315521,3.978801,1.456103,9.677502
566,9.332153,3.978801,1.456103,9.677502
567,9.34903,-19.14053,0.001936859,3.425717
568,9.365509,-19.29757,8.482731e-06,3.407252
569,9.382202,-3.07093,-0.5324249,-1.306469
570,9.398895,-0.5598494,-0.002331826,0.09005084
571,9.415558,0.1106697,-1.021254e-05,-0.01948149
572,9.432465,0.1106697,-1.021254e-05,-0.01948149
573,9.448853,-0.2354557,6.809539,-1.344085
574,9.465546,-0.4985124,12.38833,-2.83032
575,9.482178,-0.9822084,0.05250038,-0.8876684
576,9.498779,-1.362974,-1.109376,-7.728507
577,9.515533,8.295861,-0.2027921,-2.924205
578,9.532196,8.295861,-0.2027921,-2.924205
579,9.548828,28.33224,-1.921464e-05,-5.134751
580,9.565826,24.21943,-8.415306e-08,-4.461294
581,9.582153,19.43196,-5.072786e-10,-3.612484
582,9.598816,9.914844,1.726639,-9.295952
583,9.61554,8.651465,-1.211846,-10.54926
584,9.632141,8.651465,-1.211846,-10.54926
585,9.648834,12.7958,-1.696195,-15.105
586,9.665497,22.18588,-0.1426533,-5.317581
587,9.682159,29.31986,-0.9672636,-5.484416
588,9.698792,34.10014,-12.16224,1.3527
589,9.715546,38.81189,-5.075435,5.380242
590,9.732086,38.81189,-5.075435,5.380242
591,9.748779,22.95129,-11.15095,2.471606
592,9.765564,21.62811,-10.90166,1.80633
593,9.782043,19.69584,-2.645085,-2.101883
594,9.798798,22.51792,-11.24202,8.555393
595,9.815613,20.66568,0.7460376,1.263096
596,9.832153,20.66568,0.7460376,1.263096
597,9.848724,13.74649,2.595849,15.16352
598,9.865417,12.93955,-1.071401,8.601831
599,9.88205,21.81798,-5.576371,12.19472
600,9.898743,21.9361,-4.378628,7.465797
601,9.915527,11.20434,-6.942726,4.723027
602,9.932312,11.20434,-6.942726,4.723027
603,9.948853,5.929144,1.085065,9.309968
604,9.965515,5.020449,1.858293,11.52003
605,9.982086,3.285094,2.008001,13.01779
606,9.99881,2.711791,1.933442,11.66623
607,10.01559,2.901644,2.093084,12.49292
608,10.0321,2.901644,2.093084,12.49292
609,10.04874,13.68986,2.272981,10.92866
610,10.06549,15.94401,1.580072,6.031279
611,10.08212,11.59628,0.8260487,2.349414
612,10.09888,5.299539,2.57415,14.3927
613,10.11545,3.610684,2.496936,14.13694
614,10.13211,3.610684,2.496936,14.13694
615,10.14877,2.705629,-8.428551,21.3015
616,10.16553,4.102526,-9.851743,18.89541
617,10.18201,5.493393,-16.63054,23.31262
618,10.1987,14.99901,-6.943605,6.556395
619,10.21555,18.6683,-3.995252,3.209728
620,10.23206,18.6683,-3.995252,3.209728
621,10.24875,31.69369,1.479838,0.4932732
622,10.26535,29.66045,1.650933,1.818336
623,10.28201,17.64051,0.01567385,-4.324804
624,10.29877,11.08429,0.03319479,-2.063303
625,10.31543,14.94798,0.3339962,-1.937952
626,10.33203,14.94798,0.3339962,-1.937952
627,10.34879,18.51678,0.8930591,0.1445228
628,10.35516,0.11162,0.005383402,0.00087119
629,10.36536,0.0004888548,2.357732e-05,3.815492e-06
630,10.38205,10.56849,1.0326e-07,-2.721835
631,10.39877,2.342005,1.72105,8.829795
632,10.41541,2.342005,1.72105,8.829795
633,10.43207,21.45134,2.204453,6.348693
634,10.44873,16.66327,2.168418,7.303844
635,10.46548,14.40168,0.7591761,0.2752719
636,10.48224,22.50358,2.86716,9.300643
637,10.49878,17.40041,3.208529,12.30555
638,10.51535,17.40041,3.208529,12.30555
639,10.53207,10.72032,4.099792,18.31808
640,10.54868,6.872556,3.410727,15.56612
641,10.56537,1.311586,1.01873,4.816893
642,10.58203,-14.40938,0.2418002,5.104214
643,10.59863,-16.0794,13.0282,3.387614
644,10.6153,-16.0794,13.0282,3.387614
645,10.63199,-3.116011,0.0002498962,0.8326173
646,10.64868,-4.094697,1.506386e-06,1.092348
647,10.66544,3.221901,2.586278,12.14942
648,10.68198,1.476578,2.08251,10.03751
649,10.69864,-8.353698,3.884986,3.478262
650,10.7153,-8.353698,3.884986,3.478262
651,10.73196,-16.7598,0.3781662,6.284889
652,10.74869,-3.117766,0.002279604,0.8293459
653,10.76526,-0.8623561,1.374156e-05,0.225947
654,10.78198,2.309461,1.901743,8.832438
655,10.79877,2.323727,1.914284,8.871582
656,10.81525,2.323727,1.914284,8.871582
657,10.832,1.527672,15.46452,5.832322
658,10.84863,0.2756896,4.760399,13.37644
659,10.86548,10.71068,2.933758,8.764828
660,10.88196,16.45875,3.724377,13.6303
661,10.89862,15.14793,4.135595,15.76943
662,10.91531,15.14793,4.135595,15.76943
663,10.93198,6.60499,5.729678,24.90414
664,10.94867,-0.5404763,17.38952,21.31305
665,10.96548,-6.208906,3.310159,16.42472
666,10.98196,-0.6077012,0.9787771,4.581239
667,10.99863,2.508281,1.52753,9.585661
668,11.01526,2.508281,1.52753,9.585661
669,11.03192,14.01615,5.228287,19.4643
670,11.04865,21.85677,8.286136,30.04058
671,11.06537,10.03626,-0.1696123,37.07406
672,11.08197,-1.505547,-6.096501,53.07253
673,11.09879,-14.89046,-22.39954,43.84191
674,11.11533,-14.89046,-22.39954,43.84191
675,11.13193,-24.96547,-31.05143,34.75568
676,11.14859,-15.09867,-26.05958,19.73947
677,11.16528,-0.4919221,-19.65427,14.93404
678,11.18192,2.820033,-1.733534,11.81218
679,11.19864,3.261237,-0.3991165,12.9977
680,11.21533,3.261237,-0.3991165,12.9977
681,11.2319,-14.64561,-2.891878,7.911626
682,11.24905,-8.098154,-8.112728,3.627442
683,11.25516,-0.2916614,-1.930576,0.4433613
684,11.26535,-1.747602,-2.17041,-6.992733
685,11.28195,1.979173,-1.731426,-5.518611
686,11.29865,1.979173,-1.731426,-5.518611
687,11.31537,7.868544,14.77027,-23.46881
688,11.33197,13.80472,25.57972,-27.70277
689,11.34854,0.9973553,21.35815,-36.5455
690,11.36526,-3.787972,34.29062,-55.30083
691,11.38193,-11.87544,35.53605,-47.04026
692,11.39923,-11.87544,35.53605,-47.04026
693,11.41528,-3.64588,12.11095,-23.92586
694,11.43195,8.611054,17.06663,-12.79328
695,11.44879,14.7408,10.58009,-8.211596
696,11.46524,2.816846,7.297413,-2.405131
697,11.48196,-0.2356435,6.753646,-2.237532
698,11.49857,-0.2356435,6.753646,-2.237532
699,11.5152,-16.88736,3.141574,2.237537
700,11.53204,-1.481811,2.644876,-0.235053
701,11.54865,-8.408273,0.01158359,2.184901
702,11.56531,0.1575764,-3.493954,0.7567751
703,11.582,2.962032,-6.990838,11.38602
704,11.59872,2.962032,-6.990838,11.38602
705,11.61523,-10.97967,-1.16096,6.575731
706,11.63193,-14.58093,-1.051981,6.233511
707,11.64859,-17.01485,-1.416382,4.688188
708,11.66531,-10.46659,-0.01617465,2.667327
709,11.68195,-12.55718,-3.124196,-10.01275
710,11.69858,-12.55718,-3.124196,-10.01275
711,11.71524,-2.729239,-2.403851,-10.77636
712,11.7319,-5.425735,-4.875829,-21.46883
713,11.74857,-6.233535,-6.164776,-25.36686
714,11.76523,-9.362795,-5.171964,-36.98781
715,11.78207,-12.92087,-11.82702,-51.03788
716,11.79855,-12.92087,-11.82702,-51.03788
717,11.81528,-22.86583,-5.051323,-67.55481
718,11.83194,-15.622,-6.136121,-56.89082
719,11.84857,-14.18502,2.284272,-56.7822
720,11.86517,-5.148795,0.1387471,-57.06478
721,11.88187,-5.148795,0.1387471,-57.06478
722,11.89853,-14.38524,-10.01029,-57.49374
723,11.91516,-14.26118,-9.453809,-56.92266
724,11.93259,-32.77758,-12.7863,-52.93393
725,11.94858,-41.0304,-10.69236,-50.35267
726,11.96524,-29.97393,-7.673173,-49.41836
727,11.98178,-35.85704,-6.595323,-42.46659
728,11.99847,-35.85704,-6.595323,-42.46659
729,12.01511,-22.55636,-1.290607,-36.74469
730,12.03183,-13.45856,-4.383889,-35.44645
731,12.04858,-14.81038,-16.91963,-34.62349
732,12.06534,-12.43209,-12.84929,-30.28875
733,12.08212,-12.8021,-20.25452,-35.74515
734,12.09857,-12.8021,-20.25452,-35.74515
735,12.1152,-7.081021,-2.672173,-27.28406
736,12.13193,-20.38602,-2.177058,-19.95504
737,12.14853,-11.846,-1.586699,-24.32817
738,12.16507,-9.096539,-2.253489,-25.43712
739,12.18182,-12.37753,-2.427235,-27.97977
740,12.19849,-12.37753,-2.427235,-27.97977
741,12.21518,-21.36714,-2.308212,-27.6164
742,12.23187,-20.92613,-2.269442,-21.04025
743,12.24841,-24.12613,-1.701929,-20.87891
744,12.26523,-14.43985,-1.244933,-16.76328
745,12.2818,-14.43985,-1.244933,-16.76328
746,12.29849,-21.72124,-0.9463199,-15.48237
747,12.31522,-27.795,-1.377496,-19.23688
748,12.33185,-38.27572,-1.319323,-17.59209
749,12.34848,-49.68184,-1.560041,-22.07759
750,12.36508,-49.59733,-1.234284,-17.68308
751,12.38174,-49.59733,-1.234284,-17.68308
752,12.39847,-46.78412,-0.857373,-13.53626
753,12.41513,-40.47998,-0.8388466,-16.08487
754,12.43179,-31.96454,-0.2117539,-17.26517
755,12.44839,-31.7171,0.4962647,-22.85017
756,12.46542,-22.36466,0.1321143,-17.39947
757,12.48184,-22.9833,1.888974,-23.35874
758,12.4985,-22.9833,1.888974,-23.35874
759,12.51511,-14.71823,-0.3965508,-18.61906
760,12.5318,-15.77018,-0.4449319,-25.13744
761,12.54846,-26.79601,-12.87711,-18.82096
762,12.56519,-32.24357,-0.3944828,-30.18377
763,12.58176,-32.24357,-0.3944828,-30.18377
764,12.59842,-31.80703,-0.07422233,-21.694
765,12.6152,-29.98298,12.50764,-20.11069
766,12.63181,-25.78682,0.1366584,-21.81361
767,12.64844,-20.11489,0.1248151,-17.81596
768,12.66516,-9.343735,0.1414195,-15.41229
769,12.68179,-5.451313,0.1559518,-14.11739
770,12.69846,-5.451313,0.1559518,-14.11739
771,12.71509,-12.23667,6.886778,-19.95929
772,12.73175,-14.83955,0.2919404,-14.32627
773,12.74844,-18.76141,0.3768778,-18.26735
774,12.76514,-22.10343,0.4043236,-17.17134
775,12.78168,-22.10343,0.4043236,-17.17134
776,12.79843,-3.181499,0.08416612,-3.316957
777,12.81519,-10.97159,0.1348875,-4.287784
778,12.83167,-7.35569,0.4111754,-15.22603
779,12.84845,-10.47807,0.3450571,-11.44808
780,12.86508,-5.477917,0.3646498,-12.02752
781,12.88177,-5.477917,0.3646498,-12.02752
782,12.89841,-0.1301352,0.03264454,-1.059869
783,12.91513,-0.01473821,0.5165807,-0.1216447
784,12.93173,-0.1378936,5.083445,-1.13898
785,12.94846,-7.349968,1.32094,0.5859276
786,12.96512,-16.38457,0.2644548,1.895966
787,12.98175,-16.38457,0.2644548,1.895966
788,12.99832,-7.320842,0.2185494,-6.252032
789,13.01511,-6.39301,0.0009571663,0.7002457
790,13.03171,-12.26909,2.610894,-1.116375
791,13.04846,-15.93821,8.068229,-0.09508511
792,13.06497,-14.31084,1.45783,1.236717
793,13.07516,-14.31084,1.45783,1.236717
794,13.0817,0.14492,-0.0369282,1.36668
795,13.09839,0.421152,6.711319,3.849799
796,13.11502,1.43067,7.838673,13.0773
797,13.13165,2.317279,16.93778,21.1815
798,13.14859,1.518729,14.06304,13.88222
799,13.16507,1.518729,14.06304,13.88222
800,13.1817,-4.206374,9.210712,13.595
801,13.19836,-7.375897,11.47045,15.41616
802,13.21509,-3.366242,13.66609,11.51937
803,13.23181,-6.750025,12.68248,5.603349
804,13.24838,0.4945605,7.485138,8.927683
805,13.26508,0.4945605,7.485138,8.927683
806,13.28171,0.1943036,-0.0188123,1.876106
807,13.29837,0.0008509784,-8.239095e-05,0.008216656
808,13.31497,-4.733487,-6.835891e-07,0.4864244
809,13.33173,-5.345243,-3.426164e-09,0.5447704
810,13.34836,-6.842856,6.467118,-0.7957246
811,13.36505,-6.842856,6.467118,-0.7957246
812,13.38168,0.2210234,2.026466,2.189839
813,13.39844,0.9366557,-0.07831703,9.265949
814,13.4151,0.1913326,-0.01698064,1.892771
815,13.43161,0.5517123,-0.0234688,2.838474
816,13.44894,0.5609506,-0.0384241,5.518259
817,13.46518,0.5609506,-0.0384241,5.518259
818,13.48169,0.7400517,-0.03699192,7.528742
819,13.49835,1.450321,-0.0528891,14.34832
820,13.51495,0.903982,-0.02197569,8.942714
821,13.53168,8.864594,-0.007428912,17.42204
822,13.54837,4.352117,1.429931,21.25122
823,13.56512,4.352117,1.429931,21.25122
824,13.5816,11.34013,0.2711141,18.67334
825,13.5993,1.102538,0.08395373,10.16512
826,13.61502,1.90602,0.1869647,18.25271
827,13.63162,1.232296,0.1450715,11.80243
828,13.64825,2.081524,0.2940626,19.93601
829,13.66492,2.081524,0.2940626,19.93601
830,13.68164,1.304903,0.2304432,12.49784
831,13.69839,0.8757945,0.164977,8.388012
832,13.71506,-3.985646,0.1811682,9.177869
833,13.73157,-3.539451,0.2906141,13.89285
834,13.74823,0.05519249,0.2733844,0.7434242
835,13.76489,0.05519249,0.2733844,0.7434242
836,13.78162,1.519239,0.3485913,14.66746
837,13.79843,0.64539,6.786988,6.230897
838,13.81488,1.116734,11.59771,10.78148
839,13.83185,1.075896,13.77453,10.38721
840,13.83514,-13.13663,14.31639,0.2342754
841,13.8483,-13.13663,14.31639,0.2342754
842,13.86496,0.0009416014,0.005310673,0.01557496
843,13.88165,-0.02526922,0.9778993,-0.2459062
844,13.89832,-6.712238,2.537984,0.03789419
845,13.91504,-10.07502,10.45099,-1.655949
846,13.9317,-2.312991,14.53753,-3.506177
847,13.94827,-2.312991,14.53753,-3.506177
848,13.96494,-1.400145,0.3429296,-12.97494
849,13.98178,-2.622541,0.005390122,0.05461794
850,13.99832,-6.982969,6.557828,-1.268795
851,14.01498,-16.08421,9.953926,-4.634165
852,14.03162,-16.08677,10.14422,-1.113249
853,14.04825,-16.08677,10.14422,-1.113249
854,14.06494,-6.634311,0.01564963,0.6169811
855,14.08157,-16.46692,-0.09859315,-2.1756
856,14.09842,-18.99299,-0.3952451,-13.75502
857,14.1149,-28.53675,-0.3089808,-10.44983
858,14.13168,-31.54577,-0.3990109,-15.26084
859,14.14828,-31.54577,-0.3990109,-15.26084
860,14.16495,-28.03087,-1.506616,-6.877641
861,14.18161,-19.91343,-0.2002413,-9.560813
862,14.19873,-21.60715,-0.2025476,-10.95611
863,14.21487,-21.68128,-0.06465757,-2.738133
864,14.23151,-15.40695,-0.2020326,-12.804
865,14.24823,-15.40695,-0.2020326,-12.804
866,14.26492,-15.43803,-0.06661087,-4.040515
867,14.28149,-21.18664,-0.06151479,-3.827752
868,14.29825,-18.80368,-6.749594,-15.41577
869,14.31491,-17.45193,-8.659019,-15.66051
870,14.3316,-15.39309,-13.44153,-13.71322
871,14.34827,-15.39309,-13.44153,-13.71322
872,14.36487,-16.50162,-0.02295312,-8.519451
873,14.38159,-4.742637,-0.01100778,-13.30079
874,14.39825,-2.946724,4.76716,-17.67401
875,14.41489,-5.545961,0.05519384,-13.83234
876,14.43158,-1.97472,0.108307,-22.05808
877,14.44824,-1.97472,0.108307,-22.05808
878,14.46487,-0.745158,0.1242303,-17.08418
879,14.48166,-0.3830644,0.08227026,-8.782911
880,14.49826,-1.077209,9.214553,-19.01143
881,14.51483,-2.670144,0.3014491,-19.99805
882,14.53159,-0.6897985,0.2396814,-15.86521
883,14.54825,-0.6897985,0.2396814,-15.86521
884,14.56485,-0.4856304,0.2026546,-11.34895
885,14.58151,-0.4200186,0.1921536,-9.815636
886,14.59818,-0.8068362,0.3999576,-18.85538
887,14.61487,-0.6763991,0.3610995,-15.80712
888,14.63162,-0.3195371,0.1827762,-7.46743
889,14.64819,-0.3195371,0.1827762,-7.46743
890,14.66489,-0.3747951,5.140887,-14.54357
891,14.68158,-0.03941037,3.366046,-0.9475899
892,14.69818,-4.813004,12.9614,-3.154139
893,14.71487,-10.48768,0.09423124,-0.952009
894,14.73157,-16.38626,0.02819753,-0.3519754
895,14.74835,-16.38626,0.02819753,-0.3519754
896,14.76483,-15.58571,-0.05823259,-9.809383
897,14.78162,-21.86015,-0.9562638,-14.44339
898,14.79816,-18.58453,0.1587359,-12.78004
899,14.81494,-30.38418,0.5285816,-14.88375
900,14.83154,-34.89226,0.4631905,-12.27453
901,14.84821,-34.89226,0.4631905,-12.27453
902,14.86484,-35.307,0.7242966,-17.8519
903,14.88147,-30.85121,0.7060918,-16.6874
904,14.89517,-28.48368,0.6186215,-14.1611
905,14.89819,-14.65189,0.09505039,-8.130053
906,14.91483,-4.010837,0.2409721,-5.35307
907,14.93149,-4.010837,0.2409721,-5.35307
908,14.94821,-7.282645,0.5364351,-11.22899
909,14.96494,-2.879664,0.353782,-7.232733
910,14.98151,-7.03178,0.5485469,-10.9527
911,14.99817,-14.02854,0.363648,-7.185126
912,15.0148,-7.549287,0.275149,-5.349375
913,15.03149,-7.549287,0.275149,-5.349375
914,15.04816,-6.990941,0.4676414,-6.09244
915,15.06485,-5.162173,0.8376034,-15.12832
916,15.08151,-2.410699,-1.081387,-3.227295
917,15.09818,-17.11821,0.3326542,-6.091885
918,15.11484,-12.62998,0.3771159,-6.571123
919,15.1315,-12.62998,0.3771159,-6.571123
920,15.14813,-11.38697,5.675383,-12.91945
921,15.16476,-6.826901,1.123078,-17.64692
922,15.18146,-4.592789,1.124712,-17.52414
923,15.19806,-0.1629696,1.239642,-18.75732
924,15.21481,-2.179825,1.345046,-19.89795
925,15.23141,-2.179825,1.345046,-19.89795
926,15.24814,-9.484484,13.41841,-18.01871
927,15.2648,-9.422529,0.7364784,-9.627179
928,15.28137,-11.43844,0.9198788,-12.60428
929,15.29813,-15.1691,0.5507352,-7.673182
930,15.3147,-15.22336,1.052405,-14.02263
931,15.33139,-15.22336,1.052405,-14.02263
932,15.34802,-27.51358,0.5127032,-7.394576
933,15.36469,-27.77281,0.624015,-8.781369
934,15.38144,-25.99053,0.5042925,-7.252113
935,15.3981,-24.74893,1.12365,-14.54068
936,15.41476,-23.98251,0.9630102,-12.50872
937,15.43143,-23.98251,0.9630102,-12.50872
938,15.44806,-16.98769,0.4194692,-11.50042
939,15.46475,-25.08157,0.971137,-12.4056
940,15.48135,-27.50671,0.5534684,-7.881121
941,15.49835,-30.46659,0.8417303,-11.23122
942,15.51489,-23.41802,0.953936,-11.87293
943,15.5314,-23.41802,0.953936,-11.87293
944,15.5481,-19.56303,1.93556,-21.32915
945,15.56464,-21.12469,1.529925,-17.04819
946,15.58148,-18.64539,1.047756,-11.89495
947,15.59808,-16.53777,2.035125,-21.10493
948,15.61475,-19.87716,0.7848651,-9.254616
949,15.63147,-19.87716,0.7848651,-9.254616
950,15.6481,-14.71794,0.9205573,-9.880837
951,15.66467,-6.805134,0.6182734,-6.291646
952,15.6817,-0.4822195,0.5507012,-5.016979
953,15.69803,0.805747,0.9586715,-8.481047
954,15.71475,1.479053,1.759041,-15.3907
955,15.73129,1.479053,1.759041,-15.3907
956,15.74792,-3.483893,1.959936,-17.16387
957,15.76471,-12.80173,1.222832,-11.6291
958,15.78137,-5.27459,2.149333,-18.41769
959,15.79797,-9.197611,2.385375,-20.46286
960,15.81473,-6.31878,2.684179,-22.18758
961,15.83136,-6.31878,2.684179,-22.18758
962,15.83514,2.219908,1.740629,-22.47475
963,15.84802,1.712532,2.325383,-17.46697
964,15.86475,2.048126,2.656184,-19.46638
965,15.88132,1.085695,1.429195,-10.31624
966,15.89792,2.013528,2.69852,-19.13242
967,15.91495,2.013528,2.69852,-19.13242
968,15.93155,2.66161,3.672799,-25.29045
969,15.94803,0.8224779,2.654043,-18.18122
970,15.96463,0.114071,-3.247671,-1.165829
971,15.98129,0.07206112,-2.459436,-0.6825453
972,15.99805,-1.488647,-0.7338145,0.02545075
973,16.01474,-1.488647,-0.7338145,0.02545075
974,16.03149,-17.18383,-7.74334,1.610291
975,16.048,-23.49448,-14.36336,7.912924
976,16.06467,-22.80445,-10.32867,6.671784
977,16.0813,-20.64568,-11.79036,1.819804
978,16.09818,-17.53312,-4.539133,4.020019
979,16.11469,-17.53312,-4.539133,4.020019
980,16.13129,-2.917527,-7.36608,2.199221
981,16.14804,-0.1946785,-0.1801558,0.7463285
982,16.16467,-0.9589086,-3.499672,0.9426323
983,16.1813,-3.578349,-0.70287,4.442945
984,16.19797,-2.179535,-0.01104762,-0.2040959
985,16.21466,-2.179535,-0.01104762,-0.2040959
986,16.23132,-18.04712,-0.5454375,1.533892
987,16.24844,-21.65965,-1.128013,5.233274
988,16.26468,-16.73766,-0.695567,2.744204
989,16.28128,-19.97792,-0.05660877,-2.390621
990,16.29794,-6.614209,-6.814073,0.9490547
991,16.31458,-6.614209,-6.814073,0.9490547
992,16.3313,-13.228,-0.1458147,-1.882311
993,16.34799,-12.84896,-0.9242178,4.907056
994,16.36465,-14.46706,-0.007668138,-2.100959
995,16.38129,-9.510742,-4.62239e-05,-1.43392
996,16.39789,-6.6843,-2.023044e-07,-1.013642
997,16.41513,-6.6843,-2.023044e-07,-1.013642
998,16.43137,-1.580368,0.0,-0.2403204
999,16.44794,-3.004236,0.0,-0.4581066
1000,16.4646,-6.652197,0.0,-1.019971
1001,16.48123,-5.945162,0.2578257,-2.807373
1002,16.49796,-0.307476,-6.581545,1.570806
1003,16.51453,-0.307476,-6.581545,1.570806
1004,16.53122,-0.001472611,-0.03970826,0.00956667
1005,16.54788,-0.8255596,-0.8403962,5.369515
1006,16.5654,-6.061951,-10.8517,12.29191
1007,16.58121,-11.96384,-14.94325,9.840127
1008,16.59781,-7.857545,-11.59633,3.829067
1009,16.61447,-7.857545,-11.59633,3.829067
1010,16.63126,-15.32036,-7.45097,3.145175
1011,16.64801,-27.61056,-2.924194,10.59995
1012,16.66455,-17.84235,-1.399906,7.945012
1013,16.68121,-13.25513,-0.311748,0.223427
1014,16.69791,-8.395032,-0.9359072,6.025345
1015,16.71457,-8.395032,-0.9359072,6.025345
1016,16.73117,-1.14403,-12.97499,6.660405
1017,16.74789,-0.468188,-0.4008294,2.743679
1018,16.76468,-0.8527264,-1.580839,4.997505
1019,16.78116,-2.272248,-1.647146,13.31678
1020,16.79794,-14.06113,-1.152639,7.33712
1021,16.81461,-14.06113,-1.152639,7.33712
1022,16.8313,-22.19408,-1.196729,6.552767
1023,16.8479,-21.65726,-2.235657,16.028
1024,16.86459,-14.44001,-1.869741,14.27891
1025,16.88116,-12.36088,-1.322782,9.875354
1026,16.89795,-5.480878,-0.4880037,3.522107
1027,16.91455,-5.480878,-0.4880037,3.522107
1028,16.93137,-3.148242,-1.664826,15.21616
1029,16.94803,-1.074741,-0.6314454,5.839647
1030,16.96457,-1.445046,-0.8403044,7.862948
1031,16.98126,-13.99405,-1.572915,12.87624
1032,16.99792,-11.6109,-0.4862247,2.67937
1033,17.01453,-11.6109,-0.4862247,2.67937
1034,17.03119,-20.51375,-1.551528,12.04779
1035,17.04779,-21.41403,-1.501196,11.50568
1036,17.06448,-9.983009,-4.134259,5.866756
1037,17.0813,-9.75637,-1.516149,14.15808
1038,17.09824,-6.509505,-0.9975775,9.578253
1039,17.11447,-6.509505,-0.9975775,9.578253
1040,17.1312,-2.177281,-0.2481765,2.32012
1041,17.14789,-1.547356,-0.7215826,7.766353
1042,17.16443,-0.6896285,-0.3216316,3.478016
1043,17.18118,-0.6890379,-0.2347355,2.513451
1044,17.19791,-0.1883342,-0.08635838,0.9420933
1045,17.21451,-0.1883342,-0.08635838,0.9420933
1046,17.23117,-12.46852,-0.0005417784,-2.492572
1047,17.24796,-4.352728,-0.2293994,1.763373
1048,17.2644,-3.772212,-0.001004685,-0.7524849
1049,17.28125,-3.239339,-4.400151e-06,-0.6588391
1050,17.29825,-3.180245,-5.024839e-08,-0.6482312
1051,17.31448,-3.180245,-5.024839e-08,-0.6482312
1052,17.33127,-0.4506356,0.6799513,-0.2567251
1053,17.34799,-1.20277,-0.1555414,1.599378
1054,17.36447,-2.325831,-0.0006812143,-0.4689815
1055,17.38123,-3.128103,-2.983468e-06,-0.642929
1056,17.39786,-8.197487,-3.496811e-08,-1.691975
1057,17.41449,-8.197487,-3.496811e-08,-1.691975
1058,17.43115,-14.18724,9.168164,13.91911
1059,17.44785,-21.94983,3.973409,11.69441
1060,17.46451,-20.69171,-0.941616,7.634403
1061,17.48145,-9.880084,-0.3540013,2.339847
1062,17.4978,-9.272669,-0.3082792,1.92067
1063,17.5145,-9.272669,-0.3082792,1.92067
1064,17.53113,-0.3818834,4.563385,1.681257
1065,17.54782,6.242932,16.84711,2.836547
1066,17.56445,-1.705248,11.40168,8.150075
1067,17.58115,6.443361,11.16489,10.52337
1068,17.59778,-1.647344,13.26643,7.829011
1069,17.61447,-1.647344,13.26643,7.829011
1070,17.6312,-8.172627,-0.4902997,5.25307
1071,17.64786,-4.619454,-0.05592765,-0.1991519
1072,17.66443,-7.113923,-0.2774729,2.491719
1073,17.68109,-1.191701,-0.3785208,5.323792
1074,17.69775,-0.2095048,-0.06766075,0.9583224
1075,17.71442,-0.2095048,-0.06766075,0.9583224
1076,17.73117,7.702368,-0.2471931,5.410011
1077,17.74783,-0.7132382,-0.2420986,3.524272
1078,17.76447,0.8133304,-0.4703866,7.412954
1079,17.78122,-0.7934301,-0.2487984,3.702869
1080,17.79779,-2.155383,-0.6548882,9.926404
1081,17.81442,-2.155383,-0.6548882,9.926404
1082,17.83121,-0.08714018,-0.02565016,0.3934324
1083,17.84778,-0.0009951473,-0.0002910419,0.004492993
1084,17.86441,4.858199,-0.4288632,8.082206
1085,17.88123,1.403045,-1.019753,17.34944
1086,17.8978,-2.461514,-0.7080985,11.5477
1087,17.9144,-2.461514,-0.7080985,11.5477
1088,17.93112,-3.219102,-0.852617,14.91351
1089,17.93515,-5.231356,-2.499782,12.83203
1090,17.94772,-4.084241,-1.013806,18.83404
1091,17.96432,-2.016892,-0.4825288,9.324995
1092,17.98123,-2.671807,-0.6185196,12.35336
1093,17.99777,-2.671807,-0.6185196,12.35336
1094,18.01468,-0.2943571,-0.06803978,1.432941
1095,18.0311,-2.718626,-0.6042565,12.59531
1096,18.04776,-0.01190659,-0.002646422,0.05516285
1097,18.06439,-12.0039,-1.159049e-05,-2.595972
1098,18.08124,-1.270464,-6.986802e-08,-0.2753237
1099,18.09772,-1.270464,-6.986802e-08,-0.2753237
1100,18.11441,0.7612909,0.1711846,-3.506168
1101,18.1312,0.2995558,0.06793094,-1.379535
1102,18.14774,0.1716788,0.09529148,-1.972187
1103,18.16489,-3.53717,0.01382563,-1.06182
1104,18.18109,-8.7825,0.6608207,-15.53328
1105,18.19772,-8.7825,0.6608207,-15.53328
1106,18.21442,-21.5198,0.03740763,-5.607477
1107,18.23099,-12.47244,0.06835707,-4.212597
1108,18.24771,-11.62761,0.01884528,-3.051769
1109,18.26434,-22.76429,0.1862272,-8.969847
1110,18.2811,-24.6445,0.5839654,-17.07365
1111,18.2977,-24.6445,0.5839654,-17.07365
1112,18.31445,-11.48984,-6.613223,-11.44334
1113,18.33102,-10.57925,-4.034677,-15.76467
1114,18.34775,-11.78086,-9.209335,-5.92167
1115,18.36441,-16.442,-8.412924,-15.29788
1116,18.38107,-14.77641,0.008777943,-4.549308
1117,18.39764,-14.77641,0.008777943,-4.549308
1118,18.41434,-7.950875,0.0003810415,-2.036718
1119,18.43109,-2.148757,0.481029,-8.506819
1120,18.44791,1.544954,1.040359,-16.3717
1121,18.46439,1.183304,0.4311683,-6.514802
1122,18.4809,0.749264,1.03777,-15.82165
1123,18.49765,0.749264,1.03777,-15.82165
1124,18.5144,2.628082,0.9645987,-13.76555
1125,18.53094,1.767763,1.983583,-9.493322
1126,18.5477,2.908939,1.348977,-18.56327
1127,18.56436,-6.917353,0.8390718,-13.61145
1128,18.58102,-13.87582,0.9791144,-17.05805
1129,18.59769,-13.87582,0.9791144,-17.05805
1130,18.61426,-23.77119,1.089008,-20.67779
1131,18.63101,-22.49109,1.210221,-21.63378
1132,18.64761,-16.99278,1.739357,-26.31108
1133,18.66431,-12.46627,2.504842,-33.43014
1134,18.68124,-13.43746,2.981154,-38.0112
1135,18.69775,-13.43746,2.981154,-38.0112
1136,18.71436,-21.91545,2.989998,-38.08468
1137,18.73096,-35.8098,2.761342,-38.9876
1138,18.74771,-43.3826,2.218447,-35.5869
1139,18.76437,-46.91946,1.115155,-25.90691
1140,18.78101,-51.96034,5.560455,-25.87744
1141,18.79761,-51.96034,5.560455,-25.87744
1142,18.81433,-45.78596,0.04276893,-16.15234
1143,18.83102,-44.87425,0.0002578132,-15.77557
1144,18.84769,-37.32409,0.5294621,-18.58487
1145,18.86432,-26.4043,1.019544,-19.58235
1146,18.88092,-15.71975,0.7449157,-13.05555
1147,18.89761,-15.71975,0.7449157,-13.05555
1148,18.91431,-8.709419,0.0006760987,-3.246089
1149,18.93091,-13.79101,2.961064e-06,-5.149035
1150,18.9476,-8.518136,1.296837e-08,-3.196302
1151,18.96432,-16.916,0.0,-6.395131
1152,18.98096,-13.05333,-9.055736,-2.574386
1153,18.99515,-13.05333,-9.055736,-2.574386
1154,18.99762,-11.34508,0.2974194,-7.235066
1155,19.01431,-2.991701,0.2988003,-4.020453
1156,19.03091,4.649317,1.752589,-14.83924
1157,19.04773,-7.093462,0.8961163,-11.19589
1158,19.06433,4.85329,1.571058,-12.76966
1159,19.08084,4.85329,1.571058,-12.76966
1160,19.09753,2.512697,0.811302,-6.484703
1161,19.11441,11.06034,1.094785,-5.750481
1162,19.13095,5.514673,0.006599418,2.068585
1163,19.14764,10.81628,5.475468e-05,4.165044
1164,19.16431,9.685309,4.542938e-07,3.716272
1165,19.181,9.685309,4.542938e-07,3.716272
1166,19.19769,19.2592,1.844155,6.793561
1167,19.21423,21.97762,0.9523852,7.974307
1168,19.23087,15.43293,1.846192,5.251665
1169,19.24765,2.542496,0.01531766,0.9392607
1170,19.26425,0.2155889,8.746475,0.4348587
1171,19.28098,0.2155889,8.746475,0.4348587
1172,19.29764,9.782244,-0.2619927,6.015061
1173,19.3143,12.03543,-0.4295315,8.388655
1174,19.33096,0.9178939,-1.14392,11.03644
1175,19.3475,-3.061057,-1.022675,8.521782
1176,19.36426,0.2897989,-0.4109825,3.991421
1177,19.38101,0.2897989,-0.4109825,3.991421
1178,19.39764,2.396751,-0.5856592,6.466758
1179,19.41422,3.804549,-0.8257118,9.321725
1180,19.43094,6.467652,-1.097853,12.96422
1181,19.44763,3.301148,-1.12754,12.18734
1182,19.46417,10.88663,-0.8094918,11.83384
1183,19.48083,10.88663,-0.8094918,11.83384
1184,19.49753,13.60588,8.254236,11.38797
1185,19.51419,19.58365,-0.1132118,8.385114
1186,19.53113,22.83803,-0.000682446,7.920763
1187,19.54758,30.3516,-5.662183e-06,10.37491
1188,19.56418,34.77148,-4.697854e-08,11.69434
1189,19.58081,34.77148,-4.697854e-08,11.69434
1190,19.59766,40.90987,0.0,13.2365
1191,19.61417,40.34647,0.0,12.79811
1192,19.63089,34.652,0.1364278,10.76825
1193,19.64755,40.67057,0.0005975039,12.42379
1194,19.66418,29.19128,4.957427e-06,8.773118
1195,19.68091,29.19128,4.957427e-06,8.773118
1196,19.69748,20.0068,-0.3726596,9.545737
1197,19.71414,20.40718,-0.1092109,11.98898
1198,19.73087,10.57267,5.120718,16.42633
1199,19.74765,9.65924,-0.9542282,12.77462
1200,19.76413,12.08892,-0.145914,4.904117
1201,19.78079,12.08892,-0.145914,4.904117
1202,19.79749,9.321055,-0.7581436,10.43992
1203,19.81418,7.560265,-0.9287276,11.7363
1204,19.83084,17.92241,-0.005598414,4.942126
1205,19.84744,9.876114,-0.4861877,7.739098
1206,19.86417,-0.3731863,-0.7396482,7.673957
1207,19.8808,-0.3731863,-0.7396482,7.673957
1208,19.89758,-5.317508,-1.936089,19.80619
1209,19.91418,-3.743286,-1.332988,13.93973
1210,19.93079,-3.704981,-1.289996,13.79707
1211,19.94754,8.322243,-1.231029,15.38081
1212,19.95517,14.331,-1.077787,16.59111
1213,19.96408,14.331,-1.077787,16.59111
1214,19.98077,23.35721,-0.0912796,7.109219
1215,19.99747,23.80732,-0.00930436,6.14009
1216,20.01413,25.4317,-5.608712e-05,6.338977
1217,20.03082,19.20242,-1.606329,15.95324
1218,20.04755,2.186276,-1.495631,17.53587
1219,20.06403,2.186276,-1.495631,17.53587
1220,20.08081,4.22573,-1.876502,26.43624
1221,20.09753,0.9791039,-1.381036,13.99093
1222,20.11414,14.25169,-3.006762,21.07639
1223,20.13074,16.4656,-0.8302795,5.579109
1224,20.14752,21.3477,-0.2341718,5.450043
1225,20.16425,21.3477,-0.2341718,5.450043
1226,20.18079,25.30683,-0.01540067,5.761207
1227,20.19751,34.91555,-9.283599e-05,7.777359
1228,20.21451,27.26417,-5.595685e-07,5.967195
1229,20.23074,20.38744,-2.450705e-09,4.383112
1230,20.24747,22.18167,-0.3554101,9.817545
1231,20.26413,22.18167,-0.3554101,9.817545
1232,20.28085,20.97552,-0.00546046,4.408346
1233,20.29739,16.25186,-0.1823841,5.971197
1234,20.31415,15.46585,-0.8905179,16.12792
1235,20.33081,17.95027,-0.0982314,5.002312
1236,20.3475,23.19975,-0.9283316,18.30361
1237,20.36411,23.19975,-0.9283316,18.30361
1238,20.38074,33.49787,-0.1813573,8.92346
1239,20.39749,37.66404,-0.3368455,11.90676
1240,20.41418,35.95922,-0.2633157,10.3567
1241,20.43079,28.80771,-0.3248761,10.01478
1242,20.44742,33.2154,-0.7896401,18.23688
1243,20.46423,33.2154,-0.7896401,18.23688
1244,20.48077,25.5519,-0.9163235,19.51655
1245,20.4975,22.18574,-0.7265592,16.05255
1246,20.5141,3.113039,-0.7675331,14.17412
1247,20.53073,-2.129366,-0.908377,16.48699
1248,20.54736,-2.908834,-1.021213,19.03893
1249,20.56403,-2.908834,-1.021213,19.03893
1250,20.58072,-1.966755,-0.6420822,12.86237
1251,20.59738,-0.9846505,-0.3134742,6.439511
1252,20.61395,-1.955925,-0.6015508,12.79154
1253,20.63077,-2.664327,-5.563323,17.42442
1254,20.64758,-2.839418,-0.8330263,18.5695
1255,20.664,-2.839418,-0.8330263,18.5695
1256,20.68066,-7.675961,-1.006758,25.79464
1257,20.69745,-17.97127,-1.981623,18.30307
1258,20.71408,-8.370844,-2.319073,14.09289
1259,20.73068,-2.995347,-10.01821,18.24558
1260,20.74741,-0.4743701,-4.481966,3.014249
1261,20.76398,-0.4743701,-4.481966,3.014249
1262,20.7807,18.40429,-0.5398056,3.531825
1263,20.79733,16.621,-0.2440802,11.3406
1264,20.81393,12.25462,-0.2648288,11.939
1265,20.83066,15.82602,-0.09733716,6.158278
1266,20.84747,27.29554,-0.3557553,18.61859
1267,20.86395,27.29554,-0.3557553,18.61859
1268,20.88092,39.91491,-0.3230643,19.87337
1269,20.8974,49.52739,-0.3556325,23.20135
1270,20.91397,51.87959,-0.2238727,17.48474
1271,20.93073,48.88685,-0.1678563,14.52176
1272,20.94739,47.95451,-0.05380209,8.144125
1273,20.96393,47.95451,-0.05380209,8.144125
1274,20.98068,30.05211,-0.1220581,12.28851
1275,20.99768,26.21504,-0.0007357719,2.521397
1276,21.01404,13.07735,-3.222411e-06,1.197355
1277,21.03067,2.785459,-1.411298e-08,0.2526738
1278,21.04739,0.9136006,-0.01636346,1.116265
1279,21.06396,0.9136006,-0.01636346,1.116265
1280,21.08072,-1.059077,-0.1631736,11.72915
1281,21.09732,-1.708194,-0.1078395,8.148701
1282,21.11398,-2.920243,-0.04875479,3.738468
1283,21.13071,-4.868723,-0.01180071,0.5570549
1284,21.13516,-0.05430772,-0.003191165,0.2758764
1285,21.14737,-0.05430772,-0.003191165,0.2758764
1286,21.16403,-7.794553,-0.138861,12.96854
1287,21.18091,-0.222445,-0.01945823,1.977519
1288,21.19727,-1.135474,-0.08079462,9.376658
1289,21.21405,-0.8694264,-0.04184836,5.347482
1290,21.23071,-5.68983,-0.05398031,7.780854
1291,21.24728,-5.68983,-0.05398031,7.780854
1292,21.26401,-16.31666,-0.04002423,6.641849
1293,21.28064,-8.370523,-0.001054493,-0.6016583
1294,21.29733,-0.7069725,1.805214,6.404383
1295,21.31403,-0.4658299,0.6945591,4.761226
1296,21.3306,0.08938228,6.938085,-0.9142892
1297,21.34729,0.08938228,6.938085,-0.9142892
1298,21.36392,-1.597318,-0.01298376,16.44023
1299,21.38065,-1.583761,0.006668434,16.26945
1300,21.39734,-13.64147,0.0255565,11.26959
1301,21.414,-1.325271,0.0460608,12.48985
1302,21.43112,-0.898154,0.04507805,9.174788
1303,21.44727,-0.898154,0.04507805,9.174788
1304,21.46399,2.134071,0.108449,14.47424
1305,21.48071,-0.2358099,0.1590309,2.641789
1306,21.49722,0.3408521,0.003632765,0.339203
1307,21.51398,-0.4696428,0.04404498,4.889054
1308,21.53067,8.540155,0.4697316,7.533516
1309,21.54733,8.540155,0.4697316,7.533516
1310,21.564,-1.327871,0.1464922,13.76116
1311,21.58102,1.764343,0.09596996,8.619233
1312,21.59729,-1.711419,0.2435865,18.03237
1313,21.61398,2.501612,0.1885251,12.4691
1314,21.6308,-0.8819296,0.1678479,9.537687
1315,21.64731,-0.8819296,0.1678479,9.537687
1316,21.66397,-1.999907,0.2897582,13.28424
1317,21.6806,-5.171047,6.987562,14.31912
1318,21.69724,-2.832088,0.266442,9.316506
1319,21.71396,-0.2538659,0.742363,0.4161955
1320,21.73062,-0.07549271,0.02399494,0.7590449
1321,21.74728,-0.07549271,0.02399494,0.7590449
1322,21.76395,-2.731864e-06,8.719126e-07,2.758281e-05
1323,21.78058,0.05814069,2.431432,-0.5972415
1324,21.79727,-0.472225,0.1418843,4.850861
1325,21.81393,-1.742671,0.5059013,17.90133
1326,21.83063,-1.574675,0.4902146,16.17561
1327,21.84726,-1.574675,0.4902146,16.17561
1328,21.86398,-2.284875,0.4323936,23.47104
1329,21.88058,-2.227753,0.8777734,22.88426
1330,21.89716,-1.776298,4.266194,18.24676
1331,21.91394,-1.141737,7.672291,11.72832
1332,21.91516,0.05970544,2.81621,-0.6133151
1333,21.93066,0.05970544,2.81621,-0.6133151
1334,21.9473,1.460664,-0.5336776,-13.97485
1335,21.9639,1.571326,-0.6062975,-16.27094
1336,21.98065,3.311568,-0.70504,-19.885
1337,21.99734,9.07191,-0.2676158,-22.53332
1338,22.01392,14.9929,-0.1517068,-20.94632
1339,22.03061,14.9929,-0.1517068,-20.94632
1340,22.04721,2.220207,8.48786,-23.2999
1341,22.06393,2.325986,3.071173,-24.41372
1342,22.08063,1.736885,0.6426381,-18.23049
1343,22.09723,2.027646,3.43964,-21.28234
1344,22.11386,4.965142,1.762826,-14.77484
1345,22.13058,4.965142,1.762826,-14.77484
1346,22.14725,21.4717,-0.008255992,0.6726315
1347,22.16397,29.53738,-0.004123395,2.19843
1348,22.18057,26.26509,0.03717392,5.587975
1349,22.1972,35.82,-0.1287168,3.636816
1350,22.21387,44.47243,0.003376236,19.42399
1351,22.23059,44.47243,0.003376236,19.42399
1352,22.24728,27.14095,0.5213941,31.02341
1353,22.26398,17.01584,9.603919,24.60445
1354,22.28076,8.414587,0.5788747,22.19922
1355,22.29712,2.12915,1.185412,22.92693
1356,22.3139,5.427323,-12.31185,24.91016
1357,22.33057,5.427323,-12.31185,24.91016
1358,22.34714,-1.149852,0.6496764,20.70402
1359,22.36383,-0.7010887,0.468438,12.61661
1360,22.38052,16.76504,0.4732426,13.14059
1361,22.39719,18.27988,1.829386,12.82795
1362,22.41388,10.62432,0.5253198,12.91234
1363,22.43045,10.62432,0.5253198,12.91234
1364,22.44717,-1.009117,1.044743,22.45136
1365,22.46384,-1.078072,-6.378505,22.39762
1366,22.48059,-3.89922,-0.6355518,24.9963
1367,22.49716,-1.259643,-4.73497,25.30694
1368,22.51382,-1.01566,-9.452618,20.91296
1369,22.53049,-1.01566,-9.452618,20.91296
1370,22.54715,-0.2370699,0.08307248,4.882042
1371,22.56384,-0.6864154,0.4987516,8.195699
1372,22.58047,-0.09929128,0.1220803,1.992419
1373,22.59711,10.69008,0.0005346668,0.5234468
1374,22.61386,23.74839,0.5730324,10.40559
1375,22.63046,23.74839,0.5730324,10.40559
1376,22.64713,23.20341,-4.174933,15.04255
1377,22.66385,22.37265,-7.475335,9.578226
1378,22.68069,18.36405,-0.1045599,0.7095329
1379,22.69717,4.196117,0.0336245,0.6827742
1380,22.71384,7.252779,0.7803985,12.27648
1381,22.73053,7.252779,0.7803985,12.27648
1382,22.74722,6.643368,2.879102,22.04415
1383,22.76379,8.288545,1.352339,15.42216
1384,22.78052,13.07377,1.401518,19.54777
1385,22.79745,14.00603,0.8916512,12.31956
1386,22.81384,22.29075,1.174342,15.93622
1387,22.83041,22.29075,1.174342,15.93622
1388,22.84708,19.48599,0.01297538,0.5439281
1389,22.86371,15.76536,0.007964424,0.3679548
1390,22.88058,10.28608,0.3848191,5.069904
1391,22.89722,0.8802444,4.805408,-1.152857
1392,22.91379,-0.1018786,0.5716124,6.944207
1393,22.93045,-0.1018786,0.5716124,6.944207
1394,22.94733,-0.04260378,-7.043242,2.800028
1395,22.95517,-0.1758104,-1.709675,11.55467
1396,22.96375,-0.2823863,1.522919,18.55908
1397,22.98041,-0.181565,1.008975,11.93287
1398,22.9971,-1.336262,3.380325,17.46728
1399,23.01373,-1.336262,3.380325,17.46728
1400,23.0304,-0.6068059,0.04668836,0.5208327
1401,23.04712,-0.2093797,0.0002044779,-0.001290539
1402,23.06378,-0.2990786,1.696532e-06,-0.005269427
1403,23.08041,-0.001309854,7.422508e-09,-2.307815e-05
1404,23.09732,-9.954797,0.0,-0.1801293
1405,23.11368,-9.954797,0.0,-0.1801293
1406,23.13034,-16.95093,1.871906,20.02213
1407,23.14716,-5.104783,-10.09851,28.56774
1408,23.16373,-0.5384728,2.324569,24.37422
1409,23.18042,-0.5698962,2.776461,27.16046
1410,23.1972,7.081301,-1.814288,30.83919
1411,23.21378,7.081301,-1.814288,30.83919
1412,23.23041,14.86455,-2.414318,12.02831
1413,23.2471,0.3870873,1.76123,15.86271
1414,23.26376,1.450917,0.4957089,4.414351
1415,23.2804,7.825964,0.237427,2.209487
1416,23.29709,13.55963,0.08316343,0.918004
1417,23.31369,13.55963,0.08316343,0.918004
1418,23.33035,26.30198,-8.355819,13.95182
1419,23.34708,21.04852,-1.871401,18.36532
1420,23.36374,20.82314,-3.088305,6.969855
1421,23.38034,2.296929,-6.803581,12.32993
1422,23.39703,0.008015744,-2.625885,0.6756109
1423,23.41364,0.008015744,-2.625885,0.6756109
1424,23.43036,-1.98785,-0.0150441,-0.0006525106
1425,23.44702,-0.008706051,-6.588762e-05,-2.857756e-06
1426,23.46365,1.059259,-0.1145396,-0.9480201
1427,23.48038,18.93858,-0.0009503228,0.02325562
1428,23.4971,5.319869,-4.16205e-06,0.002152949
1429,23.51367,5.319869,-4.16205e-06,0.002152949
1430,23.53049,0.000830575,4.788744,-1.146657
1431,23.54703,-10.25713,0.03973171,-0.02216687
1432,23.56372,-2.242334,0.0003296498,-0.003767119
1433,23.58032,-0.1682346,1.443745e-06,-0.0003462356
1434,23.59705,-0.0007368057,6.323074e-09,-1.516385e-06
1435,23.61368,-0.0007368057,6.323074e-09,-1.516385e-06
1436,23.61514,0.1623494,0.0,0.0002670317
1437,23.63062,0.0005426147,0.01238752,0.1025544
1438,23.64709,3.270907e-06,7.467256e-05,0.0006182029
1439,23.66373,14.19334,3.270384e-07,0.01751157
1440,23.68039,12.42013,2.713403e-09,0.005107168
1441,23.69705,12.42013,2.713403e-09,0.005107168
1442,23.71362,32.99417,-8.978575,1.942563
1443,23.73035,39.66332,-8.990376,11.28651
1444,23.74707,43.47635,-2.717683,20.82624
1445,23.76367,46.02598,1.503142,23.6181
1446,23.78049,41.30381,1.138261,12.12965
1447,23.79706,41.30381,1.138261,12.12965
1448,23.8136,31.73501,-2.621941,12.57236
1449,23.83035,37.07147,-10.29416,11.05234
1450,23.84711,34.20912,-2.090531,6.78042
1451,23.86368,45.75635,-3.946021,11.48732
1452,23.88031,47.00932,-5.853662,14.01409
1453,23.897,47.00932,-5.853662,14.01409
1454,23.91364,34.6086,-12.81939,31.54954
1455,23.93036,16.29995,2.306513,24.48681
1456,23.94699,5.706221,2.762071,18.16409
1457,23.96356,0.7368022,1.797373,11.84067
1458,23.98038,4.541853,1.247642,7.905904
1459,23.99704,4.541853,1.247642,7.905904
1460,24.01361,0.7591205,-0.6857833,12.45707
1461,24.0304,-10.51751,-2.011646,10.93521
1462,24.047,-29.39112,2.446536,20.66787
1463,24.06363,-31.26798,-5.107042,17.75529
1464,24.08032,-23.85421,2.03766,14.36629
1465,24.09692,-23.85421,2.03766,14.36629
1466,24.11362,-0.4591965,-6.379231,3.846274
1467,24.13046,0.1490948,-2.055029,3.177371
1468,24.14703,9.165731,-1.300626,-0.1478839
1469,24.16357,21.37988,1.123295,5.643019
1470,24.1803,23.96995,2.549117,13.79832
1471,24.19699,23.96995,2.549117,13.79832
1472,24.21359,22.87243,2.444,21.19344
1473,24.23026,13.82599,2.236623,17.75644
1474,24.24704,19.81182,-2.343283,18.71041
1475,24.25516,19.12643,-3.445467,14.40836
1476,24.26361,24.81808,-6.406109,9.362623
1477,24.28049,24.81808,-6.406109,9.362623
1478,24.29688,34.88459,-7.174972,0.6149192
1479,24.31381,34.98884,-14.48009,15.1897
1480,24.33032,26.85977,-11.39173,7.067985
1481,24.34692,18.29824,-0.7990906,10.97857
1482,24.36365,7.237343,-11.16823,17.24003
1483,24.38034,7.237343,-11.16823,17.24003
1484,24.39682,0.2825303,-12.78925,2.704847
1485,24.4136,0.08591892,0.1290282,0.9947683
1486,24.43024,0.7160657,1.02743,6.872885
1487,24.44696,0.5069181,1.106638,5.847348
1488,24.46371,0.8764782,1.936134,10.12481
1489,24.48026,0.8764782,1.936134,10.12481
1490,24.49692,-0.4090226,-2.558344,5.480637
1491,24.51364,0.5097946,-1.394567,5.962177
1492,24.53024,0.4410767,0.9860399,5.120077
1493,24.54697,0.3064087,0.5572634,3.556576
1494,24.56366,-0.1328067,7.603373,-1.541525
1495,24.58044,-0.1328067,7.603373,-1.541525
1496,24.59708,-0.04469975,2.52228,-0.5188428
1497,24.61353,-0.1719462,9.6428,-1.995829
1498,24.63028,-2.32493,4.10391,-0.9566132
1499,24.64685,-10.99824,4.986741,-5.295861
1500,24.66354,-16.73324,1.582126,-16.13671
1501,24.68045,-16.73324,1.582126,-16.13671
1502,24.69684,-13.43168,7.462437,-11.50069
1503,24.71359,-0.8739944,6.703226,-6.57637
1504,24.73026,-0.2422262,13.84169,-3.009173
1505,24.74692,-0.2612063,15.23049,-3.284021
1506,24.76355,0.3767767,13.13879,4.737638
1507,24.78015,0.3767767,13.13879,4.737638
1508,24.79681,0.4463331,20.90677,5.612246
1509,24.81357,0.3599361,17.2276,7.714218
1510,24.8302,0.51389,17.22174,6.531668
1511,24.84686,3.763465,10.69443,8.889191
1512,24.86346,7.448578,15.5612,20.01341
1513,24.88022,7.448578,15.5612,20.01341
1514,24.89694,2.174863,27.06936,26.99589
1515,24.91357,1.976599,15.96241,24.5977
1516,24.93021,1.527356,6.055665,18.90995
1517,24.94684,2.379531,3.158697,14.62761
1518,24.96368,6.62257,-4.619403,1.355679
1519,24.98016,6.62257,-4.619403,1.355679
1520,24.99689,6.968601,3.481452,16.51513
1521,25.01346,12.47399,3.696242,15.97562
1522,25.03015,2.339104,4.196555,18.96012
1523,25.04684,1.700985,2.803098,12.04856
1524,25.06357,0.2956515,0.7533742,3.366111
1525,25.08017,0.2956515,0.7533742,3.366111
1526,25.09683,2.628039,1.76503,20.09649
1527,25.11343,2.060451,5.367352,23.42173
1528,25.13013,1.293789,5.126327,22.08636
1529,25.14679,-2.684016,5.431157,23.44829
1530,25.16348,-1.781152,4.307901,18.36569
1531,25.18015,-1.781152,4.307901,18.36569
1532,25.19684,1.204542,-5.23083,18.11845
1533,25.21356,0.856279,2.383119,10.11719
1534,25.23004,2.105808,2.550363,10.33654
1535,25.24686,0.4416749,2.280808,5.113568
1536,25.26346,-9.053514,0.731171,3.727018
1537,25.28015,-9.053514,0.731171,3.727018
1538,25.29688,-4.958628,0.01906232,0.4926291
1539,25.31351,-6.583619,-1.353061,0.8622053
1540,25.33008,-0.003949786,-1.302155,0.3041909
1541,25.33514,-0.7527941,-2.245069,-9.085819
1542,25.34689,4.31137,1.798512,-0.8377278
1543,25.36346,4.31137,1.798512,-0.8377278
1544,25.38022,-0.3923678,-0.006719946,-8.737365
1545,25.39685,-0.4909326,0.2302269,-7.87182
1546,25.41345,-0.9401899,10.63359,-11.13945
1547,25.43015,-1.186053,-3.316136,-14.03684
1548,25.44684,7.980093,-2.847082,-12.69335
1549,25.46338,7.980093,-2.847082,-12.69335
1550,25.48029,16.10296,-1.679734,-8.567224
1551,25.49689,5.299892,-0.01012552,-0.5042756
1552,25.51343,6.728948,-4.434604e-05,-0.593847
1553,25.5303,5.083051,-1.942194e-07,-0.4547699
1554,25.54675,13.00253,-12.62714,1.413105
1555,25.56335,13.00253,-12.62714,1.413105
1556,25.58014,3.768074,-0.03399301,-0.3638268
1557,25.59686,16.71589,-0.5864717,-4.093433
1558,25.6134,16.14811,-0.002568531,-1.542834
1559,25.63013,0.9744531,-1.124922e-05,-0.09288808
1560,25.64676,0.005874049,-6.779057e-08,-0.0005599337
1561,25.66342,0.005874049,-6.779057e-08,-0.0005599337
1562,25.68015,0.1356512,-4.89592,1.423805
1563,25.69687,0.1731438,-7.7994,1.817331
1564,25.71341,0.6302952,1.404867,6.615629
1565,25.73007,1.555803,2.417972,16.32983
1566,25.74677,2.692012,3.745318,15.53226
1567,25.7634,2.692012,3.745318,15.53226
1568,25.78006,-0.3029737,3.210233,21.38847
1569,25.79675,-0.8146517,3.333502,16.01327
1570,25.81339,0.4261332,-0.9433853,11.75162
1571,25.83011,1.281707,-11.94587,13.60284
1572,25.84674,0.4060241,-4.865623,4.299296
1573,25.86343,0.4060241,-4.865623,4.299296
1574,25.88007,5.084017,-11.52814,7.037513
1575,25.89688,1.100072,2.794976,11.31593
1576,25.91336,4.126207,-3.009085,18.75011
1577,25.93005,6.382491,5.245593,20.19003
1578,25.9469,10.13582,3.880051,14.04732
1579,25.96341,10.13582,3.880051,14.04732
1580,25.98004,5.936683,3.597005,13.14885
1581,25.99661,20.70794,2.376586,6.956041
1582,26.01334,26.92376,1.418664,16.55831
1583,26.03003,31.74026,-7.702384,19.2237
1584,26.04672,26.24283,-5.480316,16.82375
1585,26.06357,26.24283,-5.480316,16.82375
1586,26.07999,12.08031,1.528033,5.071536
1587,26.09662,7.964745,1.18617,4.891115
1588,26.11334,3.057784,2.938287,10.3396
1589,26.13,1.178181,2.434538,8.672062
1590,26.1467,1.827296,4.564498,16.19858
1591,26.16339,1.827296,4.564498,16.19858
1592,26.18008,8.860286,0.6008082,14.68422
1593,26.19675,18.57271,-5.283043,17.58011
1594,26.21341,26.20621,-19.9165,23.78583
1595,26.22998,23.78807,-19.73781,26.59097
1596,26.24667,15.11301,-12.78258,22.00119
1597,26.26346,15.11301,-12.78258,22.00119
1598,26.28003,2.722121,-6.234605,21.66694
1599,26.29666,-9.142443,5.555092,23.17961
1600,26.31332,-13.22132,6.240387,22.61609
1601,26.33002,-8.571563,0.178926,28.04295
1602,26.34668,1.672238,-4.237855,27.91977
1603,26.36331,1.672238,-4.237855,27.91977
1604,26.37994,5.743093,-4.985869,27.48738
1605,26.3967,10.04828,-5.859475,21.92145
1606,26.41327,12.95656,-4.643847,22.50594
1607,26.43011,16.45299,-2.346554,19.87196
1608,26.44659,17.14257,3.843256,9.994672
1609,26.46338,17.14257,3.843256,9.994672
1610,26.48001,23.5255,1.313583,0.9869428
1611,26.49664,27.41746,1.199241,0.07596146
1612,26.51334,22.84367,0.4397706,-1.691424
1613,26.53006,32.46648,1.141543,-0.9380733
1614,26.54669,20.10783,-12.91242,-0.1956731
1615,26.56329,20.10783,-12.91242,-0.1956731
1616,26.58002,34.62728,2.205907,2.134265
1617,26.59708,28.24319,4.218675,8.547623
1618,26.61331,6.577894,0.6244105,0.9048977
1619,26.63,13.2455,0.003763976,-1.952781
1620,26.64664,4.543511,3.122946e-05,-0.6774458
1621,26.66336,4.543511,3.122946e-05,-0.6774458
1622,26.68005,5.419352,-4.906076,18.16933
1623,26.69662,8.099231,-4.347333,30.60934
1624,26.71332,4.477142,-11.75096,29.58697
1625,26.72995,-0.9708665,-10.59472,25.54667
1626,26.74673,-3.85039,-22.79912,11.41364
1627,26.76334,-3.85039,-22.79912,11.41364
1628,26.77997,-13.64831,-14.34012,5.993961
1629,26.79663,-18.15177,-3.091176,3.217007
1630,26.81326,-6.231432,1.046412,10.15449
1631,26.8299,-9.05125,4.43068,13.87722
1632,26.84665,0.288722,8.091716,2.762324
1633,26.86328,0.288722,8.091716,2.762324
1634,26.87997,-0.005086035,0.002333308,0.006579812
1635,26.89661,0.6922036,1.021903e-05,-0.09999904
1636,26.91324,0.005743141,8.478625e-08,-0.0008296816
1637,26.9299,-0.03850606,0.948289,-0.2666523
1638,26.93515,-0.04650161,1.82208,-0.3218076
1639,26.94659,-0.04650161,1.82208,-0.3218076
1640,26.96326,-0.5372479,0.1074125,0.05776254
1641,26.97992,0.1811708,0.4632902,1.277724
1642,26.99649,0.2696651,0.002029041,-0.0331436
1643,27.01331,0.268645,1.223115e-05,-0.03878525
1644,27.03,1.810217,7.365511e-08,-0.2623393
1645,27.0466,1.810217,7.365511e-08,-0.2623393
1646,27.06329,2.513791,0.0,-0.3674693
1647,27.0799,9.926055,0.0,-1.463512
1648,27.09665,13.85875,0.0,-2.060825
1649,27.11328,14.33137,0.0,-2.143154
1650,27.1301,19.95573,-0.5213495,-2.915275
1651,27.14667,19.95573,-0.5213495,-2.915275
1652,27.16321,4.431047,-9.949034,-8.765875
1653,27.17996,21.15563,-1.385528,-7.121884
1654,27.19659,8.958974,-4.957836,-15.55105
1655,27.21323,7.2348,-2.641824,-8.700422
1656,27.22983,19.03094,-1.331717,-6.85416
1657,27.24661,19.03094,-1.331717,-6.85416
1658,27.26318,23.38988,-0.1841546,-4.363386
1659,27.28052,35.27869,-1.722259,-10.89303
1660,27.29651,37.77533,-0.9909918,-6.322103
1661,27.31317,26.82287,-11.39351,-2.649885
1662,27.3298,36.53275,-12.10838,4.208584
1663,27.34644,36.53275,-12.10838,4.208584
1664,27.36316,14.60582,-16.22475,19.04906
1665,27.37991,5.633121,-13.08641,19.04531
1666,27.39655,1.991216,-5.956307,10.76268
1667,27.41327,1.70668,-0.006004943,9.307585
1668,27.43015,0.0152982,-0.2675779,0.08343326
1669,27.44653,0.0152982,-0.2675779,0.08343326
1670,27.46326,16.57482,4.336173,9.135656
1671,27.47986,11.55358,3.328336,7.184469
1672,27.49652,3.868703,-0.3012223,20.56905
1673,27.51321,4.612667,-0.3520935,20.87821
1674,27.52991,-7.99283,-8.183614,25.96418
1675,27.54654,-7.99283,-8.183614,25.96418
1676,27.5632,3.663883,-6.108421,19.71028
1677,27.57986,1.68827,-4.306923,9.081404
1678,27.59644,1.648609,3.405194,8.868054
1679,27.6131,0.3499136,6.730711,-1.002211
1680,27.62979,-0.1109802,3.980135,-0.6082249
1681,27.64655,-0.1109802,3.980135,-0.6082249
1682,27.66324,15.58378,2.039016,-3.271335
1683,27.67984,34.6414,1.37561,-6.868385
1684,27.69641,39.30031,0.008292243,-7.692651
1685,27.71313,41.98286,-0.2558102,-8.354483
1686,27.7298,49.76288,4.082905,0.7068443
1687,27.7464,49.76288,4.082905,0.7068443
1688,27.76315,29.84916,1.192701,-3.193897
1689,27.77994,15.59746,4.42752,1.091113
1690,27.79642,9.679356,7.245773,-3.24704
1691,27.81311,10.27651,0.7704281,-2.366021
1692,27.82974,15.77207,0.003374192,-3.466113
1693,27.84647,15.77207,0.003374192,-3.466113
1694,27.86322,36.97024,9.631452,16.80317
1695,27.87976,36.09602,9.358439,23.67413
1696,27.89645,24.93714,3.764052,19.64154
1697,27.91315,22.56935,7.326623,14.0094
1698,27.92972,1.538397,2.498625,5.976709
1699,27.94653,1.538397,2.498625,5.976709
1700,27.96368,-1.846008,0.004877592,0.4370789
1701,27.97977,-16.70204,2.136246e-05,3.835893
1702,27.99646,-0.1907323,2.439528e-07,0.04380474
1703,28.01328,-11.84564,2.727724,9.584194
1704,28.02972,-5.93539,2.582609,7.854585
1705,28.04642,-5.93539,2.582609,7.854585
1706,28.06314,-2.912178,1.875099,5.359982
1707,28.07977,-0.953898,0.008212243,0.2351362
1708,28.09659,1.204425,2.259007,5.382237
1709,28.1131,4.814638,9.049911,21.40745
1710,28.12976,-15.60671,15.84576,18.34693
1711,28.13516,-15.60671,15.84576,18.34693
1712,28.14642,-16.53943,-0.7457491,11.0206
1713,28.1633,-8.842828,-2.849759,2.419287
1714,28.17981,-10.27084,-1.919175,2.536252
1715,28.19647,-0.4122969,-0.008405281,0.09068991
1716,28.21362,-1.406199,12.58602,-1.855485
1717,28.22983,-1.406199,12.58602,-1.855485
1718,28.24652,15.54137,3.557891,-3.965532
1719,28.26315,19.69583,0.01558226,-4.338712
1720,28.27985,26.41497,-6.538356,-4.536448
1721,28.29642,19.00246,-0.8362429,-2.765548
1722,28.3132,9.768719,-6.78852,5.671969
1723,28.32977,9.768719,-6.78852,5.671969
1724,28.34668,2.791578,5.310359,12.25645
1725,28.36307,3.490581,6.73435,15.4603
1726,28.3797,4.94602,2.161345,21.90732
1727,28.39642,5.290258,-3.263024,23.43205
1728,28.41306,5.391522,-14.17163,23.88057
1729,28.42972,5.391522,-14.17163,23.88057
1730,28.44641,17.68526,-3.853753,11.04077
1731,28.46313,15.29319,-3.359612,10.85719
1732,28.47974,16.00189,-7.914007,19.81651
1733,28.49658,26.3344,-11.68111,17.31241
1734,28.51303,13.13496,-16.64828,20.68232
1735,28.52972,13.13496,-16.64828,20.68232
1736,28.54645,7.907807,-22.90649,33.68605
1737,28.56302,8.062296,-23.74121,28.03167
1738,28.57974,-7.110225,-5.368968,15.79169
1739,28.59637,-8.307883,2.267497,7.377131
1740,28.61307,-12.92572,2.274499,8.000653
1741,28.6297,-12.92572,2.274499,8.000653
1742,28.64658,-2.874392,0.003456764,0.6726953
1743,28.66299,-17.37154,2.205262,8.825983
1744,28.67972,-12.30739,4.339458,12.27201
1745,28.69638,0.03041963,5.761314,12.47821
1746,28.71301,1.126773,-0.5203193,13.90488
1747,28.72964,1.126773,-0.5203193,13.90488
1748,28.74643,-6.252751,12.11321,6.239398
1749,28.763,-5.961387,16.92031,-0.4110004
1750,28.77966,-11.25802,14.303,0.6849893
1751,28.79642,-10.73987,18.2284,0.01409384
1752,28.81305,-0.3078034,9.342108,-1.16839
1753,28.82962,-0.3078034,9.342108,-1.16839
1754,28.84641,13.40958,6.902581,-3.728627
1755,28.86301,10.36692,4.146521,6.391659
1756,28.8797,0.1852763,15.0118,-2.019503
1757,28.89639,0.2957889,26.06708,1.29769
1758,28.91302,-0.2562005,15.78156,-1.134839
1759,28.92966,-0.2562005,15.78156,-1.134839
1760,28.94638,-1.314262,1.738416,-4.803796
1761,28.96304,-0.2192839,3.323796,-0.9687363
1762,28.97974,-0.317951,8.529324,-1.413678
1763,28.99634,-7.165763,13.1783,-0.3299602
1764,29.01303,-2.178754,15.04179,7.530464
1765,29.02997,-2.178754,15.04179,7.530464
1766,29.04639,5.254045,11.7682,23.51947
1767,29.06299,11.74452,15.45221,29.49024
1768,29.07962,9.85355,22.38857,43.71805
1769,29.09637,-9.289025,40.67179,47.27131
1770,29.11292,-28.84489,37.88256,41.22951
1771,29.12976,-28.84489,37.88256,41.22951
1772,29.14639,-38.82208,36.75378,45.62009
1773,29.16302,-20.78034,13.67067,29.00216
1774,29.17978,-9.10828,4.775457,21.1563
1775,29.19635,-5.35287,-4.255584,10.45627
1776,29.21298,1.447146,-18.43856,7.171798
1777,29.22955,1.447146,-18.43856,7.171798
1778,29.24634,2.893591,6.872324,13.86313
1779,29.26297,2.596066,12.3312,19.90177
1780,29.27966,1.426669,10.81824,17.04606
1781,29.29517,3.087598,11.24556,20.1488
1782,29.2963,-7.205661,7.142484,14.64984
1783,29.31299,-7.205661,7.142484,14.64984
1784,29.32977,1.02753,-7.389954,6.102352
1785,29.34625,0.8709667,-4.864392,4.226544
1786,29.36295,1.31825,0.1437993,6.386844
1787,29.37964,1.474212,3.959321,7.142441
1788,29.39633,1.349256,3.745107,6.537037
1789,29.41299,1.349256,3.745107,6.537037
1790,29.4296,2.900878,-0.1835472,14.05452
1791,29.44632,2.702438,-10.8574,13.09309
1792,29.46295,3.207913,-34.73077,15.54208
1793,29.47964,3.717032,-36.34236,18.00872
1794,29.49634,5.511481,-27.71,26.70268
1795,29.51294,5.511481,-27.71,26.70268
1796,29.52963,7.028802,-38.05566,34.05398
1797,29.54626,-3.894535,-27.91323,37.1162
1798,29.56293,-10.82644,-18.24094,27.66702
1799,29.57968,-22.45202,-8.175048,25.05817
1800,29.59641,-32.35675,-4.916373,31.50174
1801,29.61295,-32.35675,-4.916373,31.50174
1802,29.62961,-27.97136,-10.79435,30.90869
1803,29.64624,-30.89817,-9.90542,37.21629
1804,29.66293,-22.42923,-4.510282,35.5888
1805,29.67966,-33.93836,-7.582757,36.5143
1806,29.69626,-42.72054,0.8552456,36.87741
1807,29.71313,-42.72054,0.8552456,36.87741
1808,29.72952,-48.86648,-14.86812,29.51985
1809,29.74646,-57.95678,-16.13737,23.82075
1810,29.76282,-51.23839,-19.0042,25.18533
1811,29.77966,-45.39013,-28.82738,25.68528
1812,29.79617,-44.93816,-29.64401,19.52176
1813,29.81287,-44.93816,-29.64401,19.52176
1814,29.8295,-42.49293,-32.21221,14.43693
1815,29.84622,-33.19627,-31.42027,18.79463
1816,29.86298,-23.40882,-28.80595,7.717102
1817,29.87958,-24.20098,-15.57728,6.234348
1818,29.89627,-17.33128,-2.306169,2.917671
1819,29.91284,-17.33128,-2.306169,2.917671
1820,29.9296,-0.3139409,-2.604196,0.1391619
1821,29.94617,1.214774,-18.88962,0.5038793
1822,29.96283,9.456245,-26.62365,-9.429334
1823,29.97961,19.39861,-25.63151,-14.73097
1824,29.99622,-2.115587,-27.19865,-16.28998
1825,30.01285,-2.115587,-27.19865,-16.28998
1826,30.02957,-17.17846,-13.14478,-18.03025
1827,30.04617,-18.41068,-17.06787,-24.15401
1828,30.06284,-20.4168,-26.35525,-19.64497
1829,30.07971,-37.71983,-45.67983,-16.50327
1830,30.09619,-27.21491,-50.42242,-20.60161
1831,30.11285,-27.21491,-50.42242,-20.60161
1832,30.12961,-34.42464,-39.55052,-17.27593
1833,30.14621,-14.77484,-11.84475,-15.1732
1834,30.1629,-21.54902,-11.05349,-15.49186
1835,30.17957,-14.7172,-6.774699,-9.387693
1836,30.19623,-4.54187,-4.698981,-7.224145
1837,30.21286,-4.54187,-4.698981,-7.224145
1838,30.22958,-0.9731302,-4.141161,-6.766169
1839,30.24622,-0.9338095,-4.772614,-7.842142
1840,30.26288,-0.01890536,4.851914,-0.1588553
1841,30.27948,-0.020759,13.85453,-0.1744716
1842,30.29633,-17.69679,13.42409,1.901448
1843,30.31284,-17.69679,13.42409,1.901448
1844,30.32968,-37.03881,-5.525735,-5.060839
1845,30.3461,-28.31384,-7.37675,-9.239095
1846,30.36285,-28.74583,-7.015296,-8.676167
1847,30.37949,-16.42814,5.63604,-3.018256
1848,30.39612,-11.35136,1.418536,-8.683174
1849,30.41278,-11.35136,1.418536,-8.683174
1850,30.42941,-32.22839,-4.645508,-4.856183
1851,30.44623,-31.76287,-2.549459,-1.2148
1852,30.46283,-34.3789,-1.94064,-0.02173153
1853,30.47955,-29.31174,-6.639257,-8.562927
1854,30.49615,-37.03839,-6.967607,-20.22219
1855,30.51279,-37.03839,-6.967607,-20.22219
1856,30.52951,-38.04015,-18.22632,-35.40371
1857,30.54617,-26.24189,-2.263728,-27.21521
1858,30.56287,-26.3289,8.747643,-27.9739
1859,30.57944,-2.8469,10.30738,-34.51115
1860,30.59613,12.40865,9.036931,-31.01151
1861,30.61285,12.40865,9.036931,-31.01151
1862,30.62955,-3.157853,-4.218424,-40.55433
1863,30.64615,-14.24637,-2.550026,-43.63865
1864,30.66275,-5.406237,-9.913233,-31.52835
1865,30.67957,-1.682755,-9.378023,-20.93993
1866,30.69617,-1.549709,4.487777,-19.48527
1867,30.71271,-1.549709,4.487777,-19.48527
1868,30.72943,3.573867,23.05345,-26.20752
1869,30.74615,0.1746649,20.79116,-33.793
1870,30.76279,-3.219829,9.197068,-41.16689
1871,30.77942,-6.746604,1.418703,-37.01668
1872,30.79617,-2.266666,-0.1062906,-27.57906
1873,30.81281,-2.266666,-0.1062906,-27.57906
1874,30.82938,-1.976627,-8.346704,-24.48162
1875,30.84607,-13.2671,-6.907628,-17.89737
1876,30.86279,-9.0245,0.9352076,-19.34783
1877,30.87939,-7.069105,-2.511096,-19.88866
1878,30.89603,-11.95858,-11.40294,-23.88029
1879,30.91275,-11.95858,-11.40294,-23.88029
1880,30.92947,-13.49625,-13.23158,-28.28183
1881,30.94638,-15.32474,-7.958691,-25.54783
1882,30.96307,-7.017702,0.02201561,-24.74758
1883,30.9798,-8.012429,7.289364,-18.10635
1884,30.9964,-13.00905,3.849002,-14.98729
1885,31.013,-13.00905,3.849002,-14.98729
1886,31.0296,-24.11185,-1.673294,-3.521109
1887,31.04645,-22.99046,-4.754962,-9.457137
1888,31.06314,-27.51997,-5.663869,-11.39937
1889,31.07968,-28.23874,-3.39333,-7.939959
1890,31.09634,-35.76287,0.09934526,-12.43344
1891,31.11316,-35.76287,0.09934526,-12.43344
1892,31.12949,-2.345738,13.34804,-17.95448
1893,31.14648,8.110915,25.56371,-18.55304
1894,31.1633,3.697486,23.26139,-24.3312
1895,31.17947,11.65418,29.39713,-28.87793
1896,31.19653,11.28491,25.3509,-29.91372
1897,31.21271,11.28491,25.3509,-29.91372
1898,31.23001,-1.59144,17.15289,-28.22611
1899,31.24625,-1.438834,21.10942,-25.51402
1900,31.26309,-1.244782,36.06937,-22.07299
1901,31.27994,-0.8642755,50.43088,-15.32569
1902,31.29611,-1.164137,53.07457,-20.64296
1903,31.31314,-1.164137,53.07457,-20.64296
1904,31.32947,1.222517,32.94565,-23.73665
1905,31.34644,12.44907,13.61707,-31.29655
1906,31.36295,12.21336,11.29319,-33.22109
1907,31.37949,6.60609,12.33856,-25.72096
1908,31.39676,15.86466,17.96979,-19.6939
1909,31.41321,15.86466,17.96979,-19.6939
1910,31.42975,18.32899,23.31372,-15.96082
1911,31.44672,1.454684,21.12838,-18.36284
1912,31.46277,-0.6272063,21.60819,-14.19609
1913,31.47955,-0.3858291,15.6325,-10.04878
1914,31.49637,-0.1030174,13.64045,-5.43109
1915,31.51291,-0.1030174,13.64045,-5.43109
1916,31.52957,4.759656,2.255966,-6.863206
1917,31.54636,10.92057,-0.1834477,-2.448339
1918,31.56299,19.00236,-0.002087348,-1.349892
1919,31.57932,26.36774,0.2705248,-1.946588
1920,31.59634,22.50446,9.341933,10.05925
1921,31.6127,22.50446,9.341933,10.05925
1922,31.62952,17.69905,10.50754,-1.637904
1923,31.64642,12.90019,10.47852,4.387989
1924,31.6629,0.532187,4.938143,5.924297
1925,31.67929,0.6008546,3.404488,7.79433
1926,31.69608,1.151979,5.428677,14.95179
1927,31.71265,1.151979,5.428677,14.95179
1928,31.72928,2.39924,0.3608463,28.34649
1929,31.74597,2.890902,4.685263,37.11226
1930,31.76263,-14.65841,5.4366,35.10808
1931,31.7793,1.729902,8.883664,23.31799
1932,31.79596,1.621193,8.074749,20.93381
1933,31.81268,1.621193,8.074749,20.93381
1934,31.82932,1.709224,4.926426,15.25206
1935,31.84628,3.621938,4.171234,10.46235
1936,31.86261,1.605692,1.133843,2.784362
1937,31.87515,0.08819672,0.4079783,1.03806
1938,31.87927,-7.087399,0.1434386,0.9218062
1939,31.89597,-7.087399,0.1434386,0.9218062
1940,31.91263,-35.27825,-2.569319,-3.999577
1941,31.92926,-40.99399,-7.970646,-17.72175
1942,31.94601,-51.54112,-3.403747,-23.60164
1943,31.96265,-37.56907,-8.911059,-21.26001
1944,31.97931,-15.36815,-2.731107,-16.82092
1945,31.99622,-15.36815,-2.731107,-16.82092
1946,32.01257,8.936612,12.52601,-3.360735
1947,32.02927,19.18179,0.2560704,-1.224435
1948,32.04599,14.10836,0.001543604,-0.8890659
1949,32.06253,6.230735,-8.531186,3.080951
1950,32.07925,1.087833,2.44145,16.26379
1951,32.09601,1.087833,2.44145,16.26379
1952,32.11261,1.935034,-1.529683,29.93179
1953,32.12927,2.445579,-0.3475218,37.82912
1954,32.14597,2.213535,-3.98363,34.23977
1955,32.16254,2.015026,-13.6303,31.16916
1956,32.17926,14.49896,-13.58031,24.85016
1957,32.19592,14.49896,-13.58031,24.85016
1958,32.21259,27.67373,-10.95963,21.28425
1959,32.22919,31.64952,-11.36366,16.34635
1960,32.24597,43.68393,-10.68771,19.78579
1961,32.2626,38.32866,-8.932666,29.48135
1962,32.27924,20.15728,-4.229245,33.88835
1963,32.29593,20.15728,-4.229245,33.88835
1964,32.31256,-17.45611,-6.728089,31.34381
1965,32.32925,-3.925557,-6.336799,24.15215
1966,32.34579,-1.625328,-14.79906,8.455101
1967,32.36258,-0.117893,-16.3821,2.246015
1968,32.37921,-0.3121362,-5.997818,-3.964457
1969,32.39597,-0.3121362,-5.997818,-3.964457
1970,32.41251,-0.3381639,21.59666,-4.319532
1971,32.4292,-0.3805759,35.07072,-4.861283
1972,32.44592,-0.4091597,36.35355,-5.226397
1973,32.46262,6.182713,41.20572,-6.670992
1974,32.47916,-0.3699909,33.99097,-5.214778
1975,32.49588,-0.3699909,33.99097,-5.214778
1976,32.51257,4.401538,15.43374,-2.424825
1977,32.5293,1.654402,5.723844,-0.04421373
1978,32.54581,1.073199,22.75227,10.52641
1979,32.56253,-17.45484,29.76566,4.978232
1980,32.57916,-28.9496,29.4641,1.279678
1981,32.59592,-28.9496,29.4641,1.279678
1982,32.61246,-5.582688,16.71757,5.625629
1983,32.62921,19.15213,7.263474,14.62106
1984,32.64587,21.56542,12.30423,25.75248
1985,32.66254,29.90833,17.73519,44.90423
1986,32.67938,24.32566,17.91097,45.90769
1987,32.69592,24.32566,17.91097,45.90769
1988,32.71252,3.989384,16.49569,42.79112
1989,32.72925,3.754457,15.85783,32.48751
1990,32.74594,2.149862,12.69458,25.76764
1991,32.76245,4.552101,15.36654,30.70696
1992,32.77924,1.753188,11.19907,20.75713
1993,32.79584,1.753188,11.19907,20.75713
1994,32.81244,2.067294,-5.42807,25.37656
1995,32.82919,1.958644,-1.959695,23.53244
1996,32.84579,12.03634,-3.989892,14.35871
1997,32.86258,5.118343,6.651664,14.11013
1998,32.87933,11.0638,0.3356231,0.4597886
1999,32.8959,11.0638,0.3356231,0.4597886
2000,32.91251,0.753917,4.542516,8.727291
2001,32.92929,1.114971,6.81387,13.0662
2002,32.93515,-4.623057,-8.491072,7.31115
2003,32.9458,-21.39852,-5.096403,6.472126
2004,32.96255,-22.28603,-4.154882,3.244731
2005,32.97919,-22.28603,-4.154882,3.244731
2006,32.99579,-16.17633,-0.002381128,1.280197
2007,33.01248,-10.87845,-1.435355e-05,0.8516452
2008,33.02917,-5.241615,2.418689,4.75391
2009,33.0459,-14.82946,6.576765,13.69764
2010,33.06262,-10.24671,4.582274,17.16899
2011,33.0791,-10.24671,4.582274,17.16899
2012,33.09576,-26.79704,-3.63713,25.15714
2013,33.11246,-20.87695,4.863057,18.66589
2014,33.12912,-20.95588,-0.787953,14.97719
2015,33.14572,-9.26348,-0.06531972,0.7091494
2016,33.16245,-4.564906,-4.440243,-7.939531
2017,33.17917,-4.564906,-4.440243,-7.939531
2018,33.1958,-1.029585,-5.171422,-27.24335
2019,33.21307,2.897499,-13.17163,-35.43959
2020,33.22913,-1.978386,-15.67597,-29.9997
2021,33.24582,-4.145826,-23.58167,-31.11879
2022,33.26242,-17.74186,-24.24099,-27.49196
2023,33.27917,-17.74186,-24.24099,-27.49196
2024,33.29572,-21.22544,-7.262515,-13.10588
2025,33.31253,-8.705152,4.464279,-10.28854
2026,33.32904,-23.71148,8.003482,-16.91389
2027,33.34583,-9.461653,5.812158,-24.95419
2028,33.36246,-21.27103,-11.37893,-31.86873
2029,33.37903,-21.27103,-11.37893,-31.86873
2030,33.39569,0.01023944,-11.7445,-24.42577
2031,33.41248,-0.5110331,-11.05153,-21.54809
2032,33.42917,-0.9978076,-7.990386,-16.77201
2033,33.44574,-10.54393,-7.038166,-14.28471
2034,33.46234,-15.60261,-10.19664,-20.82503
2035,33.47916,-15.60261,-10.19664,-20.82503
2036,33.49579,-19.46591,-13.12061,-26.7403
2037,33.51245,-25.96658,-11.46234,-23.6847
2038,33.52911,-19.12922,-10.2122,-21.54569
2039,33.54572,-9.316944,0.3395349,-18.48636
2040,33.56235,-3.100076,5.51571,-19.34165
2041,33.57901,-3.100076,5.51571,-19.34165
2042,33.59576,-0.9314802,-1.428148,-18.63917
2043,33.61234,9.744738,-6.099296,-21.82221
2044,33.62903,-0.9740597,-0.162949,-23.45979
2045,33.64566,-0.9253389,7.737429,-18.29832
2046,33.66238,-0.6138929,7.495713,-12.12754
2047,33.67914,-0.6138929,7.495713,-12.12754
2048,33.69577,-4.183489,-0.862095,-9.361291
2049,33.71234,-19.8541,9.124409,-1.176686
2050,33.72906,-6.714612,-4.007331,-9.190257
2051,33.746,-2.890518,-2.627856,-6.056032
2052,33.76239,-11.28061,-2.562972,-5.541452
2053,33.77911,-11.28061,-2.562972,-5.541452
2054,33.79575,0.2340621,-4.621683,-11.545
2055,33.81238,0.4620685,5.096488,-10.97843
2056,33.82898,-0.134322,13.42242,-2.963388
2057,33.84573,-17.64567,2.496226,0.2485686
2058,33.86234,-6.951103,4.795882,-0.7129168
2059,33.87903,-6.951103,4.795882,-0.7129168
2060,33.89575,-19.3371,1.147564,-1.246395
2061,33.91232,-21.22688,-2.460875,-5.091479
2062,33.92896,-28.31885,-5.304649,-11.79101
2063,33.94568,-18.49487,-7.527538,-17.71359
2064,33.96234,-23.26764,-4.806498,-14.57172
2065,33.979,-23.26764,-4.806498,-14.57172
2066,33.99561,-9.108592,13.06808,-4.659362
2067,34.01236,-21.75292,21.69417,-10.61688
2068,34.02899,-24.07653,22.27325,-14.2547
2069,34.04565,-15.71941,18.39494,-16.32024
2070,34.06235,-22.95527,1.723196,-21.82375
2071,34.0791,-22.95527,1.723196,-21.82375
2072,34.09564,-14.16392,8.033557,-25.98732
2073,34.11243,-15.60829,15.95472,-18.81856
2074,34.129,-7.544458,17.28845,-14.65771
2075,34.14563,-7.40373,19.35475,-8.821653
2076,34.16226,-22.83306,24.28268,-9.733806
2077,34.17892,-22.83306,24.28268,-9.733806
2078,34.19568,-13.39589,18.48184,-9.426157
2079,34.21243,-11.26704,9.855145,-8.074788
2080,34.22919,-5.479611,1.088982,-8.277222
2081,34.2457,-0.08448808,0.1571682,-3.587192
2082,34.26236,-0.105567,-3.581451,-9.490521
2083,34.27914,-0.105567,-3.581451,-9.490521
2084,34.29565,-0.03105425,12.92942,-2.796968
2085,34.31238,-9.693021,2.009646,-8.104286
2086,34.32895,-7.634004,-0.01036069,-0.03685129
2087,34.34567,-22.023,-4.497288,-11.78391
2088,34.36227,-10.6528,-10.16615,-7.670098
2089,34.37894,-10.6528,-10.16615,-7.670098
2090,34.39563,-0.001883768,-0.02298398,0.003178925
2091,34.41223,-8.250213e-06,-0.0001006614,1.392253e-05
2092,34.42911,-0.3567411,3.678232,-0.575915
2093,34.44559,-9.515893,0.842559,0.2175505
2094,34.46228,-19.62902,0.003690099,0.06533596
2095,34.47891,-19.62902,0.003690099,0.06533596
2096,34.49567,-5.975837,-2.046955,0.4483193
2097,34.51233,-2.109924,-3.916611,0.841225
2098,34.52896,-3.77264,2.771245,9.485444
2099,34.53516,-3.998827,6.402716,16.92796
2100,34.54562,-8.169888,3.731238,9.789215
2101,34.56229,-8.169888,3.731238,9.789215
2102,34.57932,-16.26295,-1.910568,2.538252
2103,34.59564,-12.97955,-5.939596,1.187205
2104,34.61227,-5.67491,-8.16722,-0.8733064
2105,34.62891,-6.876628,-0.0869875,-0.194205
2106,34.64563,-0.02799941,-0.09829225,-0.2573032
2107,34.6622,-0.02799941,-0.09829225,-0.2573032
2108,34.67896,-0.05549816,2.579483,6.748001
2109,34.69559,-0.7383505,0.02684646,0.06386016
2110,34.71219,-8.819672,2.322683,5.989454
2111,34.7294,-17.86335,-0.1329127,-0.1195609
2112,34.74561,-1.299041,-4.637353,-12.15892
2113,34.76218,-1.299041,-4.637353,-12.15892
2114,34.7789,0.04243468,-2.927793,-7.715948
2115,34.79559,1.361968,-0.6099501,-1.597516
2116,34.81219,0.06488415,8.310795,-5.523051
2117,34.82889,0.09569463,7.306914,-9.305062
2118,34.84567,-9.021955,0.03298814,-2.164067
2119,34.86218,-9.021955,0.03298814,-2.164067
2120,34.87885,-18.36501,-3.784274,-10.32947
2121,34.8956,-1.818009,-2.935823,-7.895257
2122,34.91223,0.01799229,-1.162982,-3.126269
2123,34.92889,-1.16881,-4.724964,-12.74954
2124,34.94556,-0.005118958,-0.02069361,-0.05583828
2125,34.96219,-0.005118958,-0.02069361,-0.05583828
2126,34.97888,-18.39152,0.7029256,-0.4225126
2127,34.99554,-11.8304,0.003078556,-0.1903955
2128,35.01221,-23.65568,1.85577e-05,-0.4183167
2129,35.02881,-7.826709,-4.718555,-12.89797
2130,35.04562,-8.039926,-0.9161837,-2.640778
2131,35.06213,-8.039926,-0.9161837,-2.640778
2132,35.07883,-2.49347,-1.775225,-4.880548
2133,35.09555,-0.004788613,-0.1865957,-0.5081355
2134,35.11221,0.03906016,-0.6733726,-1.834827
2135,35.12885,0.0006315462,0.09762748,-0.02956797
2136,35.14554,0.02709367,-0.4638906,-1.266912
2137,35.16223,0.02709367,-0.4638906,-1.266912
2138,35.17883,-12.75584,-0.5690833,-1.262251
2139,35.19556,-1.817343,-1.263752,-3.506112
2140,35.21219,-0.0150783,-0.01048522,-0.02908984
2141,35.22891,0.004308399,-0.06801346,-0.1867283
2142,35.24551,0.0006833853,0.1305876,-0.02916913
2143,35.26239,0.0006833853,0.1305876,-0.02916913
2144,35.27887,-12.55825,0.01118441,-0.3071326
2145,35.29553,-6.546682,-1.221664,-3.521957
2146,35.31216,-12.81644,-1.681182,-4.956903
2147,35.32889,-2.56361,-0.3509083,-1.03409
2148,35.34579,0.1494375,-2.308351,-6.369728
2149,35.36218,0.1494375,-2.308351,-6.369728
2150,35.37888,12.45587,-0.02641703,0.2394661
2151,35.39557,0.07508455,-0.0001592431,0.001443513
2152,35.41248,0.01231681,-0.1727313,-0.4778265
2153,35.42877,-0.3194764,-3.242238,-9.00598
2154,35.4455,-0.0942267,-2.443766,-6.801798
2155,35.46216,-0.0942267,-2.443766,-6.801798
2156,35.47879,0.228342,-3.184464,-8.899872
2157,35.49554,0.03998245,2.16801,-1.519914
2158,35.51215,0.03323889,-0.3920289,-1.262763
2159,35.52893,-10.10115,0.1296117,-1.06827
2160,35.54544,-14.32739,-4.294197,-12.47369
2161,35.5621,-14.32739,-4.294197,-12.47369
2162,35.5788,-12.46297,-1.288573,-4.021332
2163,35.59552,-8.202383,-0.2609615,-1.000687
2164,35.61215,-7.636247,-0.03803911,-0.3620836
2165,35.62875,-18.18596,0.8420162,-8.914934
2166,35.64539,-1.544026,6.362471,-10.96941
2167,35.66214,-1.544026,6.362471,-10.96941
2168,35.67886,-6.146785,-3.667849,-10.72651
2169,35.69547,-2.084192,-4.171295,-12.08418
2170,35.7121,-8.665934,-7.091728,-20.87485
2171,35.72873,-9.429221,-6.244395,-18.57656
2172,35.74536,-7.316216,-6.515652,-19.42389
2173,35.76208,-7.316216,-6.515652,-19.42389
2174,35.77875,-2.812783,-3.391235,-16.32039
2175,35.79544,-3.784668,-6.086526,-18.41204
2176,35.8121,0.3941725,-3.284586,-9.867496
2177,35.8287,-2.662142,-4.672782,-14.27051
2178,35.84561,-1.672321,0.5336347,-21.04115
2179,35.86209,-1.672321,0.5336347,-21.04115
2180,35.87875,0.3581069,-2.934514,-11.50556
2181,35.89539,0.5805166,-1.697585,-17.31871
2182,35.91214,-3.896152,-2.961524,-16.29172
2183,35.92883,-8.371229,-2.399379,-8.672544
2184,35.94577,-6.577046,-4.052067,-16.47537
2185,35.9621,-6.577046,-4.052067,-16.47537
2186,35.97879,-31.31371,-5.259941,-18.4567
2187,35.99542,-26.78806,-6.067538,-21.03108
2188,36.01202,-18.87853,-4.77886,-16.6309
2189,36.02881,-9.034665,-3.888458,-13.26942
2190,36.04538,0.4154237,-2.838298,-9.345068
2191,36.0621,0.4154237,-2.838298,-9.345068
2192,36.0788,0.4836934,-2.580068,-8.577121
2193,36.0954,0.2987437,-1.378514,-5.297446
2194,36.11206,0.4980646,-2.479536,-8.831885
2195,36.12878,-18.13429,-3.531954,-12.96808
2196,36.14536,-10.775,-4.483005,-15.83404
2197,36.16211,-10.775,-4.483005,-15.83404
2198,36.1788,-21.06014,-0.8163992,-4.035897
2199,36.1954,-10.72275,5.374364,-8.862525
2200,36.2121,-20.18124,9.119369,-3.391492
2201,36.22876,-7.616881,12.56611,-3.31601
2202,36.24539,-6.52407,-0.964218,-4.025677
2203,36.26205,-6.52407,-0.964218,-4.025677
2204,36.27881,-0.2446572,-1.891776,-6.358194
2205,36.29547,0.5922517,-3.053627,-8.670737
2206,36.31207,0.3719376,-1.564814,-5.408453
2207,36.3288,0.6903088,-3.921596,-15.1243
2208,36.34534,0.1314974,-2.989063,-11.20501
2209,36.36206,0.1314974,-2.989063,-11.20501
2210,36.37872,-2.100029,-9.170772,-14.65187
2211,36.39539,-18.05813,-8.368966,-17.81371
2212,36.41202,-10.44853,-6.179915,-13.2376
2213,36.42874,-14.13743,-5.772881,-22.15439
2214,36.44528,-14.54414,-4.145909,-16.41925
2215,36.46204,-14.54414,-4.145909,-16.41925
2216,36.47894,-1.246973,-2.137754,-8.093377
2217,36.49539,-0.2022177,-1.59312,-6.00404
2218,36.51205,-5.945689,-0.5296522,-2.467814
2219,36.52866,-1.635116,0.1890658,-2.187236
2220,36.54532,-15.24615,-2.23127,-9.770325
2221,36.56201,-15.24615,-2.23127,-9.770325
2222,36.57877,-3.799409,-4.345414,-14.10005
2223,36.59534,-15.17983,-0.5630445,-3.381575
2224,36.61209,-20.54548,-3.108749,-13.72844
2225,36.62869,-10.97722,-2.117735,-9.142808
2226,36.63516,-16.90522,-3.273414,-14.22807
2227,36.64532,-16.90522,-3.273414,-14.22807
2228,36.66199,-12.8283,-8.283512,-19.35861
2229,36.67865,-22.41895,-13.61223,-15.3799
2230,36.69534,-16.28601,-12.27547,-10.37272
2231,36.71222,-17.6077,-1.272874,-6.612656
2232,36.72867,-7.93207,-2.765997,-12.03461
2233,36.74527,-7.93207,-2.765997,-12.03461
2234,36.76199,-9.802359,1.290135,-10.49461
2235,36.77866,-11.47565,-2.629926,-12.15767
2236,36.79538,-15.13064,-3.172447,-16.00461
2237,36.81201,-29.55182,-3.590091,-18.32291
2238,36.82861,-25.95397,-5.233445,-25.17805
2239,36.84528,-25.95397,-5.233445,-25.17805
2240,36.8623,-16.66373,-5.498947,-26.05427
2241,36.87866,-16.56706,-3.497898,-17.50336
2242,36.89536,-10.06229,-5.645874,-26.70463
2243,36.91193,-16.78717,-3.779284,-19.2858
2244,36.92871,-9.9451,-4.998865,-24.42156
2245,36.94528,-9.9451,-4.998865,-24.42156
2246,36.96201,-6.253994,-5.572693,-27.594
2247,36.97864,-5.057436,-6.822025,-27.05558
2248,36.99533,2.05675,-4.979187,-21.70086
2249,37.01193,-4.022025,-3.107847,-15.98402
2250,37.02869,-3.780333,-3.209256,-16.62748
2251,37.04535,-3.780333,-3.209256,-16.62748
2252,37.06204,0.6341139,-1.008524,-12.40335
2253,37.07858,-0.5728761,-4.000771,-20.84558
2254,37.09528,1.066581,-2.976658,-15.44303
2255,37.11197,2.603899,-4.355057,-22.8154
2256,37.12857,2.487125,-3.668031,-19.39772
2257,37.14523,2.487125,-3.668031,-19.39772
2258,37.16202,2.417526,-2.813218,-15.23105
2259,37.17868,2.963958,-1.384552,-10.34666
2260,37.19531,1.538211,-1.756673,-12.00262
2261,37.21198,-6.646061,-1.593059,-17.87654
2262,37.22861,0.1080305,0.1258043,-14.60217
2263,37.2453,0.1080305,0.1258043,-14.60217
2264,37.26202,2.359337,-3.134152,-19.50402
2265,37.27866,1.92179,-2.510866,-14.80719
2266,37.29529,1.539042,-1.990732,-11.85351
2267,37.31198,-12.57129,-2.535292,-17.10545
2268,37.32858,-7.935958,7.040442,-5.986573
2269,37.34528,-7.935958,7.040442,-5.986573
2270,37.36197,-20.19073,1.840283,-9.856491
2271,37.37857,-11.74225,-0.7322704,-7.240611
2272,37.39569,-17.2696,-1.113078,-18.28717
2273,37.41193,-20.82812,-0.9341028,-8.959523
2274,37.42859,-20.82812,-0.9341028,-8.959523
2275,37.44522,-22.31271,-0.790802,-8.43014
2276,37.46201,-20.89362,-1.153893,-10.68715
2277,37.47861,-25.04057,-1.714864,-15.1463
2278,37.49527,-24.23038,-1.628866,-14.57917
2279,37.51193,-15.44122,-0.7612013,-8.420903
2280,37.5285,-15.44122,-0.7612013,-8.420903
2281,37.54526,-13.80768,-0.662811,-19.34926
2282,37.56195,-11.21841,-2.631639,-20.02619
2283,37.57861,-15.18686,-1.787154,-14.96421
2284,37.59521,-7.563653,-1.856558,-14.33992
2285,37.61188,-12.76466,2.388674,-21.59064
2286,37.62866,-12.76466,2.388674,-21.59064
2287,37.64517,-18.53791,8.017466,-23.20231
2288,37.66202,-5.621302,1.391641,-23.03136
2289,37.67859,-11.14958,6.934082,-29.14636
2290,37.69519,4.294743,10.21224,-24.72743
2291,37.71191,4.706371,-3.303966,-26.65917
2292,37.72849,4.706371,-3.303966,-26.65917
2293,37.74527,2.770221,7.206631,-15.68991
2294,37.76187,1.862335,6.263165,-10.54785
2295,37.77856,0.4647561,7.897936,-2.632275
2296,37.7952,-0.4420542,7.558541,-2.060736
2297,37.81174,-3.870586,6.29044,-9.27328
2298,37.8284,2.429091,-1.611757,-13.82812
2299,37.84521,2.429091,-1.611757,-13.82812
2300,37.86188,-18.41512,-0.1162769,-4.330239
2301,37.87848,-18.64896,-0.00050925,-3.400021
2302,37.89511,-11.18375,-5.815559e-06,-2.055378
2303,37.91177,-16.12096,-3.505646e-08,-2.996955
2304,37.91516,-16.12096,-3.505646e-08,-2.996955
2305,37.92859,-17.68824,1.076417,5.995657
2306,37.94519,-15.39765,1.093596,6.523905
2307,37.96191,-11.93588,1.162783,7.70017
2308,37.97855,-20.35172,0.4481835,-0.149692
2309,37.99515,-28.21793,0.9914839,2.790665
2310,38.01187,-28.21793,0.9914839,2.790665
2311,38.02841,-38.32069,2.376298,11.6931
2312,38.04517,-43.80581,2.37199,10.09305
2313,38.06174,-34.75312,0.2459578,-5.492404
2314,38.07892,-30.27658,0.04766241,-6.241066
2315,38.09512,-28.49132,-12.51921,-3.15613
2316,38.11185,-28.49132,-12.51921,-3.15613
2317,38.12851,-10.75275,-0.4520598,-6.098523
2318,38.14529,-8.158606,-1.046097,-10.40012
2319,38.16183,0.3878247,-1.208264,-9.867435
2320,38.17859,3.268328,-1.912118,-15.27217
2321,38.1951,2.221337,-10.5264,-9.658634
2322,38.21185,2.221337,-10.5264,-9.658634
2323,38.22876,4.113795,-2.627491,-17.87862
2324,38.24515,5.218291,-2.63057,-22.67877
2325,38.26181,0.1955857,-2.681643,-24.86692
2326,38.27844,5.345828,-2.585188,-23.33387
2327,38.2952,4.128644,-1.94702,-17.91008
2328,38.31174,4.128644,-1.94702,-17.91008
2329,38.3284,-9.123034,-0.5082442,-7.388202
2330,38.34506,-5.460608,-1.013072,-11.53282
2331,38.36176,0.8733,-1.350874,-13.70328
2332,38.37848,3.940609,-1.858435,-18.53216
2333,38.39511,3.357522,-1.482027,-14.99294
2334,38.41177,3.357522,-1.482027,-14.99294
2335,38.42844,1.219646,6.877375,-5.193047
2336,38.44516,-14.80252,2.585014,-6.118734
2337,38.46176,-20.30406,0.5073673,-10.28046
2338,38.47855,-22.41501,-0.5513847,-17.50695
2339,38.49515,-16.24768,-0.731904,-12.25082
2340,38.51178,-16.24768,-0.731904,-12.25082
2341,38.52844,-15.34969,-0.2075741,-6.187336
2342,38.54517,-15.45476,-0.8766752,-14.16915
2343,38.56174,-12.80106,-1.45333,-20.55915
2344,38.57843,-7.009441,-1.324417,-17.80128
2345,38.59512,-6.625548,-1.354394,-18.49228
2346,38.61176,-6.625548,-1.354394,-18.49228
2347,38.62836,-16.28536,-1.011407,-17.33716
2348,38.64508,-12.17502,0.09971587,-14.37517
2349,38.66168,-12.41365,-0.7915924,-13.94868
2350,38.67844,-21.71048,-0.6335033,-14.40788
2351,38.69513,-17.03484,-0.556853,-12.24248
2352,38.71173,-17.03484,-0.556853,-12.24248
2353,38.72839,-18.50219,-0.3939011,-10.62999
2354,38.74509,-25.72801,-0.1478547,-9.317765
2355,38.76199,-22.50711,0.9799231,-11.85016
2356,38.77838,-22.21517,8.992011,-9.259877
2357,38.79507,-13.51906,1.181401,-8.365212
2358,38.81177,-6.92758,8.151824,-19.83427
2359,38.82834,-6.92758,8.151824,-19.83427
2360,38.84515,1.091061,8.247793,-4.334872
2361,38.86172,1.130977,10.07557,-3.87628
2362,38.87836,-12.57042,7.233148,-5.542505
2363,38.89499,-3.479991,2.836402,-1.749252
2364,38.9118,-3.479991,2.836402,-1.749252
2365,38.92844,-0.04441831,4.974165,0.1510428
2366,38.94507,5.445923,0.3621364,6.707452
2367,38.96179,-0.6829774,0.177081,2.442355
2368,38.97833,-1.387627,0.3486336,4.738276
2369,38.99509,-1.668074,0.4262808,5.694393
2370,39.0119,-1.668074,0.4262808,5.694393
2371,39.02838,-4.281835,1.131671,14.61711
2372,39.04504,-1.542475,13.16506,5.265624
2373,39.06171,-0.02694549,0.08407519,0.09198514
2374,39.07843,0.275566,0.0006975631,0.08142795
2375,39.09506,-0.866611,-12.46037,2.967391
2376,39.09515,-0.866611,-12.46037,2.967391
2377,39.11176,-9.427448,-0.000452777,-2.761494
2378,39.12842,-0.04128876,-1.982997e-06,-0.01209433
2379,39.14502,-0.7217399,0.5049669,-0.3425311
2380,39.16171,-0.003160956,0.00221157,-0.001500161
2381,39.17844,-0.6086298,-8.714171,2.074493
2382,39.19498,-0.6086298,-8.714171,2.074493
2383,39.21167,-9.72369,-0.4384567,-1.630996
2384,39.2283,-14.98608,0.3939314,0.9708695
2385,39.24496,-19.01774,0.1468136,-3.662526
2386,39.2616,-17.75059,0.00122453,-5.302353
2387,39.27835,-27.70408,7.382468e-06,-8.413077
2388,39.29529,-27.70408,7.382468e-06,-8.413077
2389,39.31165,-46.57858,3.692273e-10,-14.6065
2390,39.32831,-52.28659,-9.342025,-14.31123
2391,39.34497,-54.86556,-6.084283,-16.35514
2392,39.36163,-55.53522,-6.30092,-24.49048
2393,39.37836,-54.11149,-8.782497,-21.7595
2394,39.39514,-54.11149,-8.782497,-21.7595
2395,39.41165,-37.12064,-9.636448,-10.74454
2396,39.42831,-28.53468,-7.158062,-8.459111
2397,39.44525,-32.50718,-3.894461,-10.85937
2398,39.46164,-37.78339,-9.230822,-0.08401074
2399,39.47839,-40.27155,-10.37674,1.464826
2400,39.495,-40.27155,-10.37674,1.464826
2401,39.51166,-21.64363,-9.53721,10.14301
2402,39.52832,-14.99237,-9.466081,18.10519
2403,39.54495,6.538476,-2.814203,19.64997
2404,39.56168,5.666953,-3.551934,28.37004
2405,39.57846,0.387527,-4.292576,30.61844
2406,39.59488,0.387527,-4.292576,30.61844
2407,39.61166,-13.41567,3.980453,36.80935
2408,39.62836,-14.23677,4.466674,38.66926
2409,39.64493,-3.299015,4.008853,38.49319
2410,39.66159,-6.832427,-1.616526,44.09296
2411,39.67834,-2.750687,5.940085,50.15175
2412,39.69498,-2.750687,5.940085,50.15175
2413,39.71167,13.4563,5.694625,49.78446
2414,39.72836,20.6305,6.973233,60.06765
2415,39.74493,20.69918,6.665881,54.08778
2416,39.76166,18.7904,5.668796,46.22197
2417,39.77832,6.10677,5.848287,41.63152
2418,39.79492,6.10677,5.848287,41.63152
2419,39.81168,-6.548443,5.172143,31.03746
2420,39.82861,-6.046951,-4.3093,30.10121
2421,39.84494,-9.57881,5.013057,27.72727
2422,39.86157,-9.461901,5.092674,27.31398
2423,39.87833,-6.647611,3.637953,19.18944
2424,39.89496,-6.647611,3.637953,19.18944
2425,39.91159,10.49881,2.235834,16.5293
2426,39.92834,1.032108,1.694682,10.04491
2427,39.94492,-2.268561,1.806998,11.60443
2428,39.96164,-5.35839,-4.041259,15.59224
2429,39.97873,-5.869571,-12.9239,17.03421
2430,39.9949,-5.869571,-12.9239,17.03421
2431,40.01163,-5.586284,-15.96873,9.38765
2432,40.02832,-0.8411033,-9.075247,2.416043
2433,40.04492,-1.385391,-19.54596,4.015037
2434,40.06155,-3.797191,-14.83589,2.062662
2435,40.07825,-1.22841,-17.49879,3.516346
2436,40.09491,-1.22841,-17.49879,3.516346
2437,40.11154,-1.324126,-10.41427,1.859365
2438,40.1283,-0.5113491,-7.413846,1.466194
2439,40.14484,-0.4816672,-7.062413,1.392211
2440,40.16162,-0.3324185,-4.884194,0.9608582
2441,40.17822,-0.002003834,-0.02944215,0.005792099
2442,40.19492,-0.002003834,-0.02944215,0.005792099
2443,40.21152,-1.121129,0.1643173,3.443966
2444,40.22818,14.42409,-5.031563,6.092338
2445,40.24496,12.10059,-0.7480864,4.321606
2446,40.26163,16.10066,0.1138768,7.00256
2447,40.27829,13.01435,-0.1975379,4.488593
2448,40.29486,13.01435,-0.1975379,4.488593
2449,40.31149,16.83454,-7.471156,7.282784
2450,40.32822,19.5128,-7.374632,8.11181
2451,40.34488,17.65272,-1.974319,6.292258
2452,40.36169,22.49352,-2.098541,7.854883
2453,40.37823,20.84488,-0.3825456,6.891459
2454,40.39487,20.84488,-0.3825456,6.891459
2455,40.41156,25.22642,0.5614268,14.04159
2456,40.42825,16.81587,1.119192,16.85339
2457,40.44485,0.5290779,-5.467238,19.79348
2458,40.46158,-3.912614,-6.918964,12.42878
2459,40.47821,-2.260167,-7.516495,9.915179
2460,40.49487,-2.260167,-7.516495,9.915179
2461,40.51147,20.13916,1.741722,15.32499
2462,40.52832,27.95536,0.2896473,10.1385
2463,40.54489,25.20787,1.527348,15.5429
2464,40.56155,10.1966,1.582936,11.67352
2465,40.57819,7.597079,-6.084772,19.75933
2466,40.59479,7.597079,-6.084772,19.75933
2467,40.6116,-2.63862,2.305778,11.13769
2468,40.6282,-1.8472,1.352042,6.169623
2469,40.64481,-8.261867,1.960599,7.186788
2470,40.66156,-3.84854,2.819189,12.63678
2471,40.67816,-3.048471,2.273751,10.14233
2472,40.69482,-3.048471,2.273751,10.14233
2473,40.71146,-4.180416,2.421611,13.90973
2474,40.72818,-12.96983,2.712789,9.001448
2475,40.7449,-17.83656,2.676958,7.225448
2476,40.76147,-5.42786,0.08094803,5.330579
2477,40.77817,-0.6425601,0.4699202,2.040251
2478,40.79477,-0.6425601,0.4699202,2.040251
2479,40.81146,-2.857637,-4.039445,13.6274
2480,40.82816,-9.814137,-5.784042,24.5554
2481,40.84482,-10.93579,-6.966153,24.92327
2482,40.86154,-7.398139,-8.812504,17.52673
2483,40.87823,-3.692506,-17.02332,10.37778
2484,40.89484,-3.692506,-17.02332,10.37778
2485,40.9115,20.43212,-20.42402,10.53363
2486,40.92804,37.57849,-14.88304,14.02857
2487,40.94476,42.96825,-3.759679,13.32814
2488,40.96155,37.31499,-0.2471538,9.774435
2489,40.97815,22.5028,-0.002822421,6.419882
2490,40.99478,22.5028,-0.002822421,6.419882
2491,41.01144,9.528736,-5.413737e-08,2.693697
2492,41.02808,12.55937,0.3131985,4.893552
2493,41.04477,12.47921,0.4519822,5.455237
2494,41.0614,2.816104,1.801081,8.589973
2495,41.07819,2.40787,0.8500021,4.345035
2496,41.09473,2.40787,0.8500021,4.345035
2497,41.11148,-1.16994,1.647234,6.759894
2498,41.12817,12.77285,2.26068,13.2114
2499,41.14478,-0.2934453,0.3284386,1.32364
2500,41.16141,10.12106,0.8545566,6.437171
2501,41.17834,6.135186,0.005151308,1.710131
2502,41.19479,6.135186,0.005151308,1.710131
2503,41.21146,-3.177938,2.916212,11.55038
2504,41.22812,-11.96274,0.01277194,-3.247798
2505,41.24469,-15.24618,1.225134,0.9754704
2506,41.26141,-15.39229,2.443403,6.056621
2507,41.27826,-10.59719,0.8005058,0.4114273
2508,41.2948,-10.59719,0.8005058,0.4114273
2509,41.31143,2.837316,0.0907464,1.178838
2510,41.32806,0.6405243,0.0003974359,0.1813217
2511,41.34473,0.1299988,-11.11507,9.183046
2512,41.36139,11.77323,-8.10951,9.991371
2513,41.37802,10.92726,3.054972,15.97017
2514,41.39471,10.92726,3.054972,15.97017
2515,41.41147,3.245183,2.341053,10.61517
2516,41.42816,-0.7707486,2.420875,9.812587
2517,41.44473,9.563562,4.383462,12.61262
2518,41.4614,6.035774,2.490386,11.8263
2519,41.47809,21.19673,3.510965,20.04187
2520,41.49475,21.19673,3.510965,20.04187
2521,41.51141,14.9906,2.318729,13.33646
2522,41.52805,12.21729,3.289272,16.40026
2523,41.54465,18.71168,3.075465,17.12568
2524,41.56125,15.5846,3.711665,18.68806
2525,41.57806,19.15451,5.223382,25.35741
2526,41.59467,19.15451,5.223382,25.35741
2527,41.61166,7.317014,12.20399,13.74377
2528,41.62811,-1.178811,2.447657,8.60553
2529,41.64478,-2.824168,3.373205,11.70403
2530,41.66144,-3.643751,4.054603,14.39624
2531,41.6781,-1.086312,-5.79564,4.290995
2532,41.69476,-1.086312,-5.79564,4.290995
2533,41.71136,-1.9927,2.164402,7.572908
2534,41.72806,-0.3203201,0.3605284,1.261844
2535,41.74475,0.3331489,0.001578982,0.09022238
2536,41.76147,2.812768,1.805143,7.421542
2537,41.77795,6.023198,0.007905864,1.546337
2538,41.79462,6.023198,0.007905864,1.546337
2539,41.81137,-4.055784,3.892989,16.10571
2540,41.82791,-2.792873,2.214758,11.08943
2541,41.84476,-3.505917,3.511816,13.92064
2542,41.86133,3.996513,2.148695,9.804985
2543,41.87802,2.276464,0.5984836,3.157265
2544,41.89474,2.276464,0.5984836,3.157265
2545,41.91129,9.670949,0.001276699,2.410689
2546,41.92801,0.06298744,0.04092142,0.1634822
2547,41.94458,11.41201,0.0001792209,2.834875
2548,41.96167,12.91137,2.046648e-06,3.195338
2549,41.978,18.00825,4.849047,3.523942
2550,41.99469,18.00825,4.849047,3.523942
2551,42.01132,29.41811,-0.0411631,6.887265
2552,42.02795,9.669182,-0.0001802793,2.295468
2553,42.04468,1.062318,-7.89557e-07,0.2513411
2554,42.06128,-2.051755,2.546278,8.700432
2555,42.07797,-3.815458,0.2817171,0.1088923
2556,42.09473,-3.815458,0.2817171,0.1088923
2557,42.11169,-7.413224,0.1444472,-1.259834
2558,42.12799,-0.0324672,0.0006326259,-0.005517612
2559,42.14468,1.321167,-0.5297927,-1.593015
2560,42.16132,11.74398,-0.003193616,2.792621
2561,42.17804,-0.4522966,-1.511723,7.937535
2562,42.19464,-0.4522966,-1.511723,7.937535
2563,42.2113,-4.053786,-6.948151,17.1042
2564,42.22794,-4.404566,-3.206112,18.51443
2565,42.24466,-1.777054,-7.674827,7.46967
2566,42.26123,-0.8945049,-8.616108,6.705513
2567,42.27795,11.58467,-9.243921,4.404518
2568,42.29474,11.58467,-9.243921,4.404518
2569,42.31131,0.0005793964,-0.0004623262,0.0002202879
2570,42.32791,-9.202833,7.937298,-3.596574
2571,42.34485,-9.055118,9.334167,-3.822777
2572,42.36142,0.1454863,0.540158,-1.432634
2573,42.3779,0.0006371767,0.002365694,-0.006274412
2574,42.39465,0.0006371767,0.002365694,-0.006274412
2575,42.41129,4.930318,4.246261e-07,1.16437
2576,42.42795,15.4683,1.859706e-09,3.626228
2577,42.44461,0.1699139,1.387265,4.862009
2578,42.46118,-0.5805653,1.100893,3.679385
2579,42.478,-1.963086,12.53352,8.414894
2580,42.49466,-1.963086,12.53352,8.414894
2581,42.51135,-6.15159,0.1602199,-1.440735
2582,42.52795,-0.02694171,0.0007017044,-0.006309889
2583,42.54462,0.1459826,0.5856827,-0.6240979
2584,42.56131,0.4366726,5.076151,-1.862708
2585,42.57797,-9.599832,13.37377,-4.737699
2586,42.59464,-9.599832,13.37377,-4.737699
2587,42.61127,-8.206982,19.98713,-5.707863
2588,42.62793,0.6143044,15.30248,-2.768216
2589,42.64502,2.867841,14.21554,-12.09993
2590,42.66125,1.964469,8.329535,-8.287721
2591,42.67789,0.8912928,19.2315,-3.760191
2592,42.69461,0.8912928,19.2315,-3.760191
2593,42.71124,-10.77825,11.84352,-4.942879
2594,42.72794,-13.77864,10.5181,-3.999308
2595,42.74457,-1.049722,1.519297,-0.5477679
2596,42.7612,-0.07250728,0.09390776,0.2449029
2597,42.77789,6.111115,0.0004112815,1.47094
2598,42.79495,6.111115,0.0004112815,1.47094
2599,42.81125,-2.199684,14.90491,9.18179
2600,42.82788,-14.00427,15.32571,4.194304
2601,42.8446,-3.784494,10.29143,4.772171
2602,42.86124,-8.743649,5.571135,8.906569
2603,42.87793,-0.3914876,0.8477548,1.390417
2604,42.89456,-0.3914876,0.8477548,1.390417
2605,42.91122,17.97226,-6.643981,5.694917
2606,42.92792,30.88996,-1.764669,18.71049
2607,42.94449,24.72341,2.287477,20.10728
2608,42.96112,8.758466,5.456349,21.96628
2609,42.97781,13.6327,5.079344,19.83068
2610,42.99466,13.6327,5.079344,19.83068
2611,43.0112,-0.9632944,-3.752345,4.194001
2612,43.02789,-0.1183244,-2.570442,0.5142726
2613,43.04453,-0.0007132652,-0.01549475,0.00310006
2614,43.0611,-3.124029e-06,-6.786131e-05,1.357708e-05
2615,43.07791,1.008739,3.66549,-4.383997
2616,43.09457,1.008739,3.66549,-4.383997
2617,43.09515,0.04450017,0.9905035,-0.1933984
2618,43.11111,-0.07918863,0.1199568,0.3435086
2619,43.12781,-0.002357948,0.003571875,0.01022843
2620,43.14453,-0.1689376,-0.03661274,0.7328264
2621,43.16113,-0.7361281,1.034542,3.193215
2622,43.17783,-0.7361281,1.034542,3.193215
2623,43.19461,2.824235,3.35539,2.711508
2624,43.21115,-1.640095,2.64479,7.207065
2625,43.22794,-0.04489164,0.06734075,0.1962184
2626,43.24463,-0.0003724613,0.0005587192,0.001628003
2627,43.26111,-1.631244e-06,2.446985e-06,7.130057e-06
2628,43.27789,-1.631244e-06,2.446985e-06,7.130057e-06
2629,43.29449,0.0,0.0,0.0
2630,43.31116,1.737478,0.0,0.3982822
2631,43.32803,13.99074,0.0,3.188938
2632,43.34445,6.943859,0.0,1.576721
2633,43.36111,10.6504,0.0,2.409147
2634,43.37784,10.6504,0.0,2.409147
2635,43.39447,0.9501522,-7.51286,1.752354
2636,43.4111,6.052766,0.3429033,2.732492
2637,43.42783,1.33981,2.646791,9.724317
2638,43.44449,11.46662,0.7873031,5.106611
2639,43.46112,10.6276,3.844627,14.69412
2640,43.47815,10.6276,3.844627,14.69412
2641,43.49451,-0.005772613,0.0171737,0.0536972
2642,43.51117,-3.479759e-05,0.0001035239,0.0003236893
2643,43.52777,-2.097615e-07,6.240468e-07,1.951214e-06
2644,43.54446,9.708848,2.733096e-09,2.154238
2645,43.56113,11.94032,0.0,2.644216
2646,43.57782,11.94032,0.0,2.644216
2647,43.59445,0.07358164,4.859892,15.52421
2648,43.61111,-2.190068,3.307714,10.04333
2649,43.62775,-0.385693,1.074115,4.015916
2650,43.64444,1.376114,0.2635486,2.436525
2651,43.6611,12.17076,0.5513651,5.639892
2652,43.6778,12.17076,0.5513651,5.639892
2653,43.69443,6.555553,-2.922079,17.02289
2654,43.71109,16.93098,-6.082457,14.19726
2655,43.72778,1.151055,-6.198509,14.731
2656,43.74448,14.40226,-6.003145,18.01146
2657,43.76108,21.2789,-8.584554,12.39875
2658,43.77771,21.2789,-8.584554,12.39875
2659,43.7944,25.7095,-3.38361,7.971864
2660,43.81113,19.18666,-6.978659,13.67619
2661,43.82776,6.366529,-7.027251,9.709007
2662,43.84442,14.10528,1.668696,8.024467
2663,43.8613,11.42581,4.797861,17.43667
2664,43.87784,11.42581,4.797861,17.43667
2665,43.89441,-2.20569,3.466864,11.63006
2666,43.91119,-2.366181,-3.157762,13.28311
2667,43.92773,-1.65782,2.850838,8.349505
2668,43.9444,15.67602,-8.32339,7.620986
2669,43.96121,-0.07429277,-4.692277,0.8972801
2670,43.97772,-0.07429277,-4.692277,0.8972801
2671,43.99432,20.67613,-7.04218,5.379014
2672,44.0119,20.87774,-11.31142,6.166331
2673,44.0278,14.43515,-21.45562,14.56987
2674,44.04443,2.293992,-11.86263,14.84519
2675,44.061,-2.986506,-7.839343,15.83225
2676,44.07767,-2.986506,-7.839343,15.83225
2677,44.09433,-9.37758,-2.424862,14.27851
2678,44.11105,-0.2074716,-0.485895,0.87622
2679,44.12772,-0.01967215,0.03327788,0.1020683
2680,44.14426,-8.615677e-05,0.0001457449,0.0004470218
2681,44.1611,-5.193571e-07,8.78557e-07,2.694668e-06
2682,44.17767,-5.193571e-07,8.78557e-07,2.694668e-06
2683,44.19437,0.0,0.0,0.0
2684,44.211,0.9593201,0.0,0.1828346
2685,44.22763,5.670816,2.367435,7.864966
2686,44.24426,8.476176,4.412669,14.21587
2687,44.26108,18.70063,0.4648181,4.827571
2688,44.27765,18.70063,0.4648181,4.827571
2689,44.29434,4.981887,3.327175,10.3602
2690,44.31152,1.828204,1.346282,4.146432
2691,44.32758,-2.522646,5.051277,13.74848
2692,44.34433,-2.964495,5.925112,16.02017
2693,44.36108,-2.382262,4.785438,12.87337
2694,44.37756,-2.382262,4.785438,12.87337
2695,44.39438,-3.50758,2.997896,18.95441
2696,44.41107,-3.216588,-0.9543879,17.38194
2697,44.42767,0.6519852,1.458696,6.298586
2698,44.4444,3.409483,3.664539,10.57749
2699,44.46109,5.669412,4.939045,14.39736
2700,44.4776,5.669412,4.939045,14.39736
2701,44.49438,6.389525,2.448407,7.743339
2702,44.51108,17.31696,0.2726462,3.82774
2703,44.52762,1.312865,-3.65975,3.78222
2704,44.54434,3.71028,-11.87752,8.108147
2705,44.56094,12.92528,2.216232,12.13267
2706,44.57773,12.92528,2.216232,12.13267
2707,44.5943,9.244894,1.467065,5.50461
2708,44.61099,4.426686,1.032919,3.504411
2709,44.62766,-1.070754,5.75375,12.25143
2710,44.64423,-0.2497344,2.76836,7.249723
2711,44.66101,0.5012901,0.03944734,0.1903947
2712,44.67767,0.5012901,0.03944734,0.1903947
2713,44.6944,14.56254,1.971625e-06,2.478655
2714,44.711,14.98363,8.634994e-09,2.52497
2715,44.72763,16.45038,0.0,2.744322
2716,44.74432,15.57635,0.0,2.578766
2717,44.76111,2.461564,-2.431124,-6.008383
2718,44.77762,2.461564,-2.431124,-6.008383
2719,44.79434,-5.649248,-2.510405,-7.587995
2720,44.81094,-3.400304,-0.6872259,-2.385594
2721,44.8277,0.5243329,-1.706061,-4.432032
2722,44.84424,0.1153727,-0.2702956,-0.6976506
2723,44.86102,1.150226,-2.65889,-6.87748
2724,44.87759,1.150226,-2.65889,-6.87748
2725,44.89429,0.8561195,1.173476,-1.939579
2726,44.91098,9.011138,2.160208,-11.84203
2727,44.92758,2.562937,0.009460917,0.3648347
2728,44.94437,3.425442,5.703085e-05,0.5638584
2729,44.96103,0.7645872,-1.752246,-4.548448
2730,44.97772,0.7645872,-1.752246,-4.548448
2731,44.99423,0.2858764,-0.6674438,-1.735608
2732,45.01099,1.374837,-0.002923158,0.2180641
2733,45.02771,-1.025294,2.416838,6.278399
2734,45.03516,-0.05624415,2.422171,6.443496
2735,45.04428,-1.157479,2.739814,7.100307
2736,45.06094,-1.157479,2.739814,7.100307
2737,45.07767,9.92659,-0.1762957,1.723178
2738,45.09424,11.84766,-0.0007721104,1.911916
2739,45.11099,21.80866,3.324067,12.29876
2740,45.12762,14.75293,0.02003763,2.389748
2741,45.1442,-0.4054287,4.726537,12.43853
2742,45.16092,-0.4054287,4.726537,12.43853
2743,45.17761,0.5227452,3.163523,8.402886
2744,45.19427,-2.047125,5.137368,13.13504
2745,45.21091,-1.46471,3.665411,9.347705
2746,45.22769,3.34754,0.7082967,2.371467
2747,45.24423,3.522493,0.005876663,0.5628468
2748,45.26093,3.522493,0.005876663,0.5628468
2749,45.27747,16.43552,2.939159e-07,2.499287
2750,45.29422,15.695,-0.130587,2.599386
2751,45.31082,10.12138,2.805946,8.813301
2752,45.32751,9.748225,-7.297741,2.915942
2753,45.34427,2.828705,-12.14151,4.399297
2754,45.3609,2.828705,-12.14151,4.399297
2755,45.37766,-0.1054238,0.2893845,0.7341271
2756,45.39426,-0.00087454,0.0024035,0.006090007
2757,45.41092,0.9581746,0.05441168,0.2817183
2758,45.42746,1.20968,1.619132,4.735824
2759,45.44427,2.844914,1.108943,13.16932
2760,45.46091,2.844914,1.108943,13.16932
2761,45.47751,-0.1977076,-11.19388,11.25363
2762,45.49426,-1.459555,2.889365,10.10194
2763,45.51093,-1.811274,1.207152,12.46246
2764,45.52756,-1.228906,3.379516,8.455306
2765,45.54422,-1.109686,2.864423,7.63503
2766,45.56085,-1.109686,2.864423,7.63503
2767,45.57751,12.73915,2.465415,12.94808
2768,45.59421,5.286286,-4.956027,12.80816
2769,45.61084,-1.514364,-0.8139349,19.55493
2770,45.6275,-3.124194,3.084105,22.30185
2771,45.64426,-2.617356,-7.417057,18.59943
2772,45.66086,-2.617356,-7.417057,18.59943
2773,45.67752,-2.822274,8.232083,20.05515
2774,45.69415,11.78582,6.109196,16.32056
2775,45.71082,16.12558,6.423471,17.55962
2776,45.72745,30.21181,6.58479,19.69027
2777,45.74417,29.5763,6.817976,19.96832
2778,45.76105,29.5763,6.817976,19.96832
2779,45.77759,20.41175,-1.267587,24.80611
2780,45.79422,13.73947,-6.806044,20.23436
2781,45.81082,4.696639,-5.711698,24.30105
2782,45.82755,2.142179,0.02616544,18.00288
2783,45.84421,4.744951,0.5179292,5.010504
2784,45.86087,4.744951,0.5179292,5.010504
2785,45.87744,16.73887,0.6144792,3.500809
2786,45.8942,14.90459,4.095889,10.99379
2787,45.91098,7.900673,-1.251948,6.364851
2788,45.92752,2.859375,-3.533334,11.64017
2789,45.94418,18.20473,-0.5156512,4.501159
2790,45.96085,18.20473,-0.5156512,4.501159
2791,45.97745,18.37877,-14.01777,4.299465
2792,45.99417,16.08614,-7.186453,2.933154
2793,46.01083,18.72815,4.532339,14.00375
2794,46.0275,24.57375,-0.242103,2.82041
2795,46.04419,26.56327,-2.320691,3.942432
2796,46.06094,26.56327,-2.320691,3.942432
2797,46.07748,8.741076,1.095243,3.403368
2798,46.0943,2.045355,-4.834946,0.9394671
2799,46.11081,1.387913,0.1264431,0.4915118
2800,46.12744,0.006078548,0.0005537743,0.002152641
2801,46.14413,19.63225,-1.912832,2.291107
2802,46.16071,19.63225,-1.912832,2.291107
2803,46.17752,19.47523,-9.08982,3.258108
2804,46.19412,21.3795,-5.657377,2.918746
2805,46.21078,15.75728,-11.53682,3.179565
2806,46.22745,18.07872,-10.94849,10.71239
2807,46.24411,13.11948,-18.10708,3.827699
2808,46.26077,13.11948,-18.10708,3.827699
2809,46.27744,21.72043,-10.14405,3.337437
2810,46.29422,11.93383,-13.06606,2.801215
2811,46.31079,3.848345,-15.89212,2.422935
2812,46.32739,-0.8819812,-1.899315,10.15117
2813,46.34409,-0.9059319,-6.732299,10.22137
2814,46.36072,-0.9059319,-6.732299,10.22137
2815,46.37732,-0.4622,-5.573048,5.093679
2816,46.39407,-0.2161651,-7.954582,2.426945
2817,46.41074,3.530975,-11.01275,3.485565
2818,46.4274,21.43588,-11.89708,9.831208
2819,46.44437,20.29771,-9.877705,2.943144
2820,46.46078,20.29771,-9.877705,2.943144
2821,46.47745,0.4037103,-0.5410954,4.922485
2822,46.49402,-0.8232275,0.963653,9.920181
2823,46.51071,-3.29466,3.331225,6.915236
2824,46.5274,-1.062747,5.881317,12.49803
2825,46.54401,-0.004654443,0.02575801,0.0547368
2826,46.56076,-0.004654443,0.02575801,0.0547368
2827,46.57742,25.0469,1.288283e-06,2.054142
2828,46.59418,9.00131,-5.037972,1.827878
2829,46.61066,1.967672,-7.352326,11.76765
2830,46.62747,-0.5945428,-3.546042,11.22904
2831,46.64398,-1.300313,-7.387564,16.37294
2832,46.66068,-1.300313,-7.387564,16.37294
2833,46.67743,-0.2098937,1.143089,2.51728
2834,46.69409,-0.0009192575,0.005006311,0.01102476
2835,46.71072,10.74858,5.717055e-05,0.8549443
2836,46.72757,3.687668,2.50386e-07,0.2917491
2837,46.74408,8.966638,1.586422e-09,0.6982629
2838,46.76074,8.966638,1.586422e-09,0.6982629
2839,46.77731,19.89489,-7.01344,2.264308
2840,46.79416,18.84793,4.150407,13.18893
2841,46.8107,18.94621,0.4508606,2.313735
2842,46.82739,26.18069,0.1694672,2.145087
2843,46.84402,33.8232,0.09112242,2.405231
2844,46.86063,33.8232,0.09112242,2.405231
2845,46.87741,23.29363,9.094068,0.4136086
2846,46.89407,1.274131,16.3983,-1.407661
2847,46.91068,0.05261512,6.244783,-0.7064881
2848,46.92737,-0.2638667,3.670954,4.360708
2849,46.94409,-10.32377,4.985118,9.715474
2850,46.96075,-10.32377,4.985118,9.715474
2851,46.97742,-0.6576847,3.730699,10.78941
2852,46.99402,1.114728,0.06433203,4.620399
2853,47.01062,14.19255,6.895271,15.45372
2854,47.02744,1.927225,8.925462,2.051166
2855,47.04401,-0.05226056,14.13309,1.097546
2856,47.06064,-0.05226056,14.13309,1.097546
2857,47.07739,-7.912033,0.3880819,-0.5232165
2858,47.09402,-0.478087,-2.965441,-6.106194
2859,47.11069,0.2818745,-3.512359,-7.187399
2860,47.12732,0.07842243,-0.6304503,-1.289726
2861,47.14395,0.07530033,-0.5994561,-1.227549
2862,47.16071,0.07530033,-0.5994561,-1.227549
2863,47.17731,-14.59622,-0.004950856,-0.9296998
2864,47.19391,-23.23002,-0.1729826,-1.848547
2865,47.21063,-23.23536,-0.001042747,-1.533055
2866,47.22739,-4.392258,-7.405381,0.555533
2867,47.24405,-0.8258132,-0.7489138,8.893122
2868,47.26065,-0.8258132,-0.7489138,8.893122
2869,47.27731,1.067595,-5.162704,7.862418
2870,47.29398,18.0186,6.678268,15.15958
2871,47.3107,-0.301585,2.894988,5.878837
2872,47.3273,-12.04329,-6.327808,12.85684
2873,47.3439,-1.355568,-5.638144,17.21905
2874,47.36053,-1.355568,-5.638144,17.21905
2875,47.37732,-2.786074,-7.93998,26.53851
2876,47.39392,-4.487686,-10.05273,25.80662
2877,47.41068,-12.74553,-12.21703,17.45654
2878,47.42731,-16.09175,-8.112595,3.21658
2879,47.44391,-1.146665,-0.6717611,0.0017705
2880,47.46066,-1.146665,-0.6717611,0.0017705
2881,47.47733,0.04513527,1.647842,-0.6492752
2882,47.49396,1.636132,11.33509,-8.196529
2883,47.51117,0.4045303,1.034497,-5.778921
2884,47.52722,0.5945175,-4.061878,-8.591941
2885,47.54395,2.354651,1.300817,-5.02865
2886,47.5607,2.354651,1.300817,-5.02865
2887,47.57733,16.41414,19.96659,-1.020979
2888,47.59399,10.59134,22.97297,7.979411
2889,47.6106,-0.7490202,28.61225,12.18433
2890,47.62729,-0.9801368,24.0195,14.97606
2891,47.64395,-1.414423,32.10123,21.60286
2892,47.66071,-1.414423,32.10123,21.60286
2893,47.67725,19.58319,28.0876,21.74999
2894,47.69391,18.67855,19.29043,20.45895
2895,47.71063,21.58813,13.08242,17.35824
2896,47.72726,23.95127,5.11532,5.324895
2897,47.74396,19.27142,0.6325423,1.7975
2898,47.76056,19.27142,0.6325423,1.7975
2899,47.77722,0.2294656,0.02688714,0.06228381
2900,47.79398,0.2566642,1.690893,3.167674
2901,47.81058,-0.1647839,1.715249,3.187952
2902,47.82724,-0.06180765,-9.272327,1.182687
2903,47.84387,-0.09012561,-13.84746,1.72424
2904,47.86057,-0.09012561,-13.84746,1.72424
2905,47.87723,-13.87501,-3.49018,0.1896061
2906,47.89392,-0.5058224,4.508013,8.382593
2907,47.91046,-0.4692507,4.776059,8.833021
2908,47.92722,-0.2506294,2.557365,4.720413
2909,47.94388,-0.369066,3.776897,6.951121
2910,47.96054,-0.369066,3.776897,6.951121
2911,47.97723,-13.93152,7.413886,-1.38509
2912,47.9939,-0.1150648,0.1445344,-0.02172701
2913,48.01053,-0.0006936161,0.0008712604,-0.0001309715
2914,48.02722,0.02422117,-0.2448398,-0.4492904
2915,48.04407,0.04723082,-0.476898,-0.8759556
2916,48.06052,0.04723082,-0.476898,-0.8759556
2917,48.07721,2.362207e-06,-2.385161e-05,-4.381011e-05
2918,48.09387,1.03456e-08,-1.044613e-07,-1.918722e-07
2919,48.11053,10.51901,0.127936,0.7982783
2920,48.12723,0.1467037,-1.381275,1.151166
2921,48.14386,-0.4700341,4.801603,8.80162
2922,48.16049,-0.4700341,4.801603,8.80162
2923,48.17722,-19.80824,2.689736,13.4074
2924,48.19394,-11.95124,4.701849,8.973545
2925,48.19516,-2.823277,5.693287,10.20122
2926,48.21051,-0.9902125,3.071086,6.832307
2927,48.22726,-0.270314,-4.504582,4.852116
2928,48.2438,-0.270314,-4.504582,4.852116
2929,48.26056,6.686844,-12.72339,14.86126
2930,48.27716,-0.4270784,-26.01887,8.529387
2931,48.29382,-6.29702,-31.12575,17.32667
2932,48.31049,-17.58457,-27.42485,17.14519
2933,48.32712,-8.246424,-26.48011,18.0808
2934,48.34378,-8.246424,-26.48011,18.0808
2935,48.36057,-2.822445,-7.847569,20.71385
2936,48.37723,-2.057462,1.501254,20.80982
2937,48.39377,-1.304075,10.55602,21.76333
2938,48.4104,-6.741596,12.62016,21.21986
2939,48.42719,-23.95635,12.13207,19.16295
2940,48.44388,-23.95635,12.13207,19.16295
2941,48.46051,-28.02575,12.66866,21.87373
2942,48.47714,-10.46896,-0.3098969,21.87446
2943,48.4938,-10.29451,6.358975,13.25542
2944,48.51044,-23.45914,5.448082,7.397698
2945,48.52716,-22.54851,-6.026651,10.64903
2946,48.54373,-22.54851,-6.026651,10.64903
2947,48.56061,-46.48335,-4.403636,21.0746
2948,48.57724,-45.61567,0.4414741,27.90828
2949,48.59393,-44.38193,-6.260951,21.53908
2950,48.61047,-44.63664,-1.028934,18.90812
2951,48.62714,-42.85399,-6.532068,6.650196
2952,48.6438,-42.85399,-6.532068,6.650196
2953,48.6604,-29.21528,0.05543315,-2.710673
2954,48.67715,-4.923323,3.449611,-0.7532635
2955,48.69385,-0.05227391,0.5501978,-0.04915461
2956,48.71039,-0.0002289405,0.002409664,-0.0002152792
2957,48.72751,-0.01443509,-1.878045,0.148271
2958,48.74387,-0.01443509,-1.878045,0.148271
2959,48.76044,-22.92537,-14.09325,-1.21923
2960,48.77713,-20.56395,-13.5628,-1.092954
2961,48.79376,-35.80854,-11.49992,-11.79857
2962,48.81042,-38.66941,-6.1581,-9.023834
2963,48.82709,-52.28774,-9.499273,-12.70505
2964,48.84378,-52.28774,-9.499273,-12.70505
2965,48.86041,-74.39375,-0.05677135,-9.189322
2966,48.87726,-56.74436,-0.0002486376,-7.296433
2967,48.89377,-43.43896,-2.839366e-06,-5.767252
2968,48.9104,-23.15501,-2.344589e-08,-3.13237
2969,48.92703,-18.31813,-11.17299,-12.42554
2970,48.94366,-18.31813,-11.17299,-12.42554
2971,48.96036,-24.6378,-14.9081,-18.21224
2972,48.97711,-11.03718,-13.5893,-10.71342
2973,48.9938,-3.894249,-18.86884,-13.58963
2974,49.01038,-5.299021,-7.302042,-4.138922
2975,49.02713,0.1610552,-0.8405389,-1.304415
2976,49.04373,0.1610552,-0.8405389,-1.304415
2977,49.06046,-14.0712,-7.401582,-14.10629
2978,49.07712,-15.22121,-2.10247,-5.661542
2979,49.09375,-34.95866,-3.39711,-10.76823
2980,49.11044,-34.32835,-4.616704,-12.79919
2981,49.12711,-46.67245,-0.08384946,-7.392454
2982,49.1438,-46.67245,-0.08384946,-7.392454
2983,49.16043,-77.11441,7.601289,5.833966
2984,49.17719,-54.66238,5.202142,9.492545
2985,49.19379,-31.62443,-6.85077,3.075881
2986,49.21039,-13.65244,-5.894147,-1.560004
2987,49.2272,-0.3146788,-12.83578,0.7460744
2988,49.24371,-0.3146788,-12.83578,0.7460744
2989,49.26056,3.742891,-10.49038,-16.45867
2990,49.27707,2.102726,-6.713179,-10.62428
2991,49.29376,-9.006826,-7.716356,-14.24882
2992,49.31033,-2.072988,-3.616672,-6.313979
2993,49.32712,-7.788499,-0.1604844,-1.639432
2994,49.34366,-7.788499,-0.1604844,-1.639432
2995,49.36041,-5.340479,-5.458498,-1.517157
2996,49.37717,-10.71896,-7.271422,-13.90352
2997,49.39377,-22.79679,-1.149912,-5.800155
2998,49.41043,-22.80707,-0.1087257,-4.370625
2999,49.42706,-28.3854,0.3851854,-5.313546
3000,49.44379,-28.3854,0.3851854,-5.313546
3001,49.46036,-6.100648,8.768729,-5.120351
3002,49.47711,-11.84844,1.163856,-12.95676
3003,49.49368,0.4487457,0.4805707,-15.44732
3004,49.51035,-24.08207,-5.313621,-13.66749
3005,49.52704,-19.35934,-6.838671,-15.34579
3006,49.54379,-19.35934,-6.838671,-15.34579
3007,49.5603,-27.13984,9.985966,-11.53323
3008,49.57706,-10.65366,17.28433,-11.46218
3009,49.59363,-7.726153,24.39449,-9.902199
3010,49.61032,-8.913173,15.31375,-14.88608
3011,49.62701,2.203629,4.887165,-15.28816
3012,49.64371,2.203629,4.887165,-15.28816
3013,49.66034,2.573308,-7.118122,-12.73186
3014,49.67712,5.268988,-6.954934,-11.69703
3015,49.69373,2.362688,-3.700038,-6.069695
3016,49.7103,2.2896,-6.654619,-11.35139
3017,49.7269,-11.86843,-7.345037,-15.46333
3018,49.74362,-11.86843,-7.345037,-15.46333
3019,49.76031,-3.279702,-7.70123,-14.44909
3020,49.77692,-17.2154,-9.504221,-20.60692
3021,49.79361,1.514072,-10.34964,-18.37357
3022,49.81033,-3.56981,-4.905068,-9.625218
3023,49.82703,2.45791,-6.919979,-12.09546
3024,49.84366,2.45791,-6.919979,-12.09546
3025,49.86035,1.71492,13.11555,-8.325949
3026,49.87704,3.111209,5.628823,-15.10493
3027,49.89365,1.410542,7.550827,-6.848188
3028,49.91034,0.4992326,11.25887,-2.423776
3029,49.927,-17.06055,2.969945,-11.94742
3030,49.94394,-17.06055,2.969945,-11.94742
3031,49.96033,-8.204023,16.29183,-10.15487
3032,49.97696,-1.26153,9.770024,-12.59208
3033,49.99362,-5.333906,10.11296,-12.52502
3034,50.01044,-1.409675,7.320523,-12.32389
3035,50.02701,-10.41923,-2.238986,-18.03359
3036,50.04364,-10.41923,-2.238986,-18.03359
3037,50.0603,0.3172291,-0.536016,-1.519322
